"โรงพยาบาล","ปีการศึกษา 2561 เทอม1","ปีการศึกษา 2561 เทอม2"
"เด็กนักเรียน ป.1(B)","เคลือบหลุมร่องฟันแท้(A)","%","เด็กนักเรียน ป.1(B)","เคลือบหลุมร่องฟันแท้(A)","%"
"11468  :  ทัณฑสถานโรงพยาบาลราชทัณฑ์","0","0","0.00","0","0","0.00"
"11469  :  โรงพยาบาลเลิดสิน","0","0","0.00","0","0","0.00"
"11470  :  โรงพยาบาลนพรัตนราชธานี","0","0","0.00","0","0","0.00"
"11471  :  โรงพยาบาลสงฆ์","0","0","0.00","0","0","0.00"
"11472  :  โรงพยาบาลราชวิถี","0","0","0.00","0","0","0.00"
"11477  :  โรงพยาบาลทหารผ่านศึก","0","0","0.00","0","0","0.00"
"11478  :  โรงพยาบาลสมเด็จพระปิ่นเกล้า","0","0","0.00","0","0","0.00"
"11481  :  โรงพยาบาลพระมงกุฎเกล้า","0","0","0.00","0","0","0.00"
"11482  :  โรงพยาบาลภูมิพลอดุลยเดช","0","0","0.00","0","0","0.00"
"11532  :  โรงพยาบาลสวนเบญจกิติเฉลิมพระเกียรติ84พรรษา","0","0","0.00","0","0","0.00"
"11534  :  โรงพยาบาลบุรฉัตรไชยากร (รถไฟ)","0","0","0.00","0","0","0.00"
"11535  :  คณะแพทย์ศาสตร์วชิรพยาบาล มหาวิทยาลัยกรุงเทพมหานคร","0","0","0.00","0","0","0.00"
"11536  :  โรงพยาบาลเวชการุณย์รัศมิ์","0","0","0.00","0","0","0.00"
"11537  :  โรงพยาบาลกลาง","0","0","0.00","0","0","0.00"
"11538  :  โรงพยาบาลลาดกระบังกรุงเทพมหานคร","0","0","0.00","0","0","0.00"
"11539  :  โรงพยาบาลตากสิน","0","0","0.00","0","0","0.00"
"11540  :  โรงพยาบาลหลวงพ่อทวีศักดิ์ฯ ชุตินธโร อุทิศ","0","0","0.00","0","0","0.00"
"11541  :  โรงพยาบาลเจริญกรุงประชารักษ์","0","0","0.00","0","0","0.00"
"11546  :  โรงพยาบาลบี เอ็น เอช","0","0","0.00","0","0","0.00"
"11548  :  โรงพยาบาลกรุงเทพคริสเตียน","0","0","0.00","0","0","0.00"
"11552  :  โรงพยาบาลมเหสักข์","0","0","0.00","0","0","0.00"
"11559  :  สถานพยาบาลชินเขตงามวงศ์วาน","0","0","0.00","0","0","0.00"
"11560  :  โรงพยาบาลทั่วไปขนาดใหญ่เปาโล เกษตร","0","0","0.00","0","0","0.00"
"11565  :  โรงพยาบาลรามคำแหง","0","0","0.00","0","0","0.00"
"11581  :  โรงพยาบาลผู้สูงอายุขนาดกลางกล้วยน้ำไท 2","0","0","0.00","0","0","0.00"
"11583  :  โรงพยาบาลกล้วยน้ำไท","0","0","0.00","0","0","0.00"
"11592  :  โรงพยาบาลบางนา1","0","0","0.00","0","0","0.00"
"11595  :  นวมินทร์โรงพยาบาลทั่วไปขนาดใหญ่","0","0","0.00","0","0","0.00"
"11597  :  สถาบันกัลยาณ์ราชนครินทร์","0","0","0.00","0","0","0.00"
"11600  :  โรงพยาบาลเซนต์หลุยส์","0","0","0.00","0","0","0.00"
"11603  :  โรงพยาบาลเทียนฟ้ามูลนิธิโรงพยาบาลทั่วไปขนาดกลาง","0","0","0.00","0","0","0.00"
"11607  :  โรงพยาบาลเปาโลเมโมเรียล","0","0","0.00","0","0","0.00"
"11609  :  โรงพยาบาลพญาไท 2","0","0","0.00","0","0","0.00"
"11616  :  โรงพยาบาลสมิติเวชธนบุรี","0","0","0.00","0","0","0.00"
"11621  :  โรงพยาบาลบางไผ่","0","0","0.00","0","0","0.00"
"11626  :  โรงพยาบาลคลองตัน","0","0","0.00","0","0","0.00"
"11628  :  โรงพยาบาลพระราม 9","0","0","0.00","0","0","0.00"
"11629  :  โรงพยาบาลเพชรเวช","0","0","0.00","0","0","0.00"
"11640  :  โรงพยาบาลธนบุรี 2","0","0","0.00","0","0","0.00"
"11641  :  โรงพยาบาลทั่วไปขนาดกลางโรงพยาบาลวิชัยเวช แยกไฟฉาย","0","0","0.00","0","0","0.00"
"11644  :  โรงพยาบาลเจ้าพระยา","0","0","0.00","0","0","0.00"
"11645  :  โรงพยาบาลทั่วไปขนาดใหญ่ธนบุรี","0","0","0.00","0","0","0.00"
"11656  :  โรงพยาบาลเกษมราษฎร์ บางแค","0","0","0.00","0","0","0.00"
"11661  :  โรงพยาบาลวิชัยเวช อินเตอร์เนชั่นแนล หนองแขม","0","0","0.00","0","0","0.00"
"11667  :  โรงพยาบาลประชาพัฒน์","0","0","0.00","0","0","0.00"
"11668  :  โรงพยาบาลสุขสวัสดิ์","0","0","0.00","0","0","0.00"
"11669  :  โรงพยาบาลราษฏร์บูรณะ","0","0","0.00","0","0","0.00"
"11670  :  โรงพยาบาลบางปะกอก 1","0","0","0.00","0","0","0.00"
"11676  :  โรงพยาบาลยันฮี","0","0","0.00","0","0","0.00"
"11686  :  โรงพยาบาลบางโพ","0","0","0.00","0","0","0.00"
"11687  :  โรงพยาบาลเกษมราษฎร์ประชาชื่น","0","0","0.00","0","0","0.00"
"11691  :  โรงพยาบาลวิภาวดี","0","0","0.00","0","0","0.00"
"11694  :  โรงพยาบาลจักษุรัตนิน","0","0","0.00","0","0","0.00"
"11697  :  โรงพยาบาลคามิลเลียน","0","0","0.00","0","0","0.00"
"11699  :  โรงพยาบาลบำรุงราษฎร์","0","0","0.00","0","0","0.00"
"11703  :  โรงพยาบาลแพทย์ปัญญา","0","0","0.00","0","0","0.00"
"11708  :  โรงพยาบาลบางมดโรงพยาบาลทั่วไปขนาดใหญ่","0","0","0.00","0","0","0.00"
"11715  :  โรงพยาบาลพญาไท 1","0","0","0.00","0","0","0.00"
"11721  :  โรงพยาบาลเปาโลเมโมเรียล โชคชัย 4","0","0","0.00","0","0","0.00"
"11729  :  โรงพยาบาลลาดพร้าว","0","0","0.00","0","0","0.00"
"11730  :  โรงพยาบาลไทยนครินทร์","0","0","0.00","0","0","0.00"
"11750  :  โรงพยาบาลหัวเฉียวโรงพยาบาลทั่วไปขนาดใหญ่","0","0","0.00","0","0","0.00"
"11811  :  โรงพยาบาลสมิติเวช","0","0","0.00","0","0","0.00"
"12243  :  สถาบันพัฒนาสุขภาวะเขตเมือง","0","0","0.00","0","0","0.00"
"12244  :  สถาบันจิตเวชศาสตร์สมเด็จเจ้าพระยา","0","0","0.00","0","0","0.00"
"12246  :  สถาบันราชานุกูล","0","0","0.00","0","0","0.00"
"12249  :  สถาบันโรคผิวหนัง","0","0","0.00","0","0","0.00"
"12250  :  สถาบันมะเร็งแห่งชาติ","0","0","0.00","0","0","0.00"
"12438  :  สถาบันสุขภาพเด็กแห่งชาติมหาราชินี","0","0","0.00","0","0","0.00"
"12439  :  สถาบันประสาทวิทยา","0","0","0.00","0","0","0.00"
"13756  :  โรงพยาบาลจุฬาลงกรณ์สภากาชาดไทย","0","0","0.00","0","0","0.00"
"13757  :  โรงพยาบาลเวชศาสตร์เขตร้อน มหาวิทยาลัยมหิดล","0","0","0.00","0","0","0.00"
"13814  :  โรงพยาบาลศิริราช","0","0","0.00","0","0","0.00"
"14173  :  โรงพยาบาลตำรวจ","0","0","0.00","0","0","0.00"
"14572  :  โรงพยาบาลบี.แคร์.เมดิคอลเซ็นเตอร์","0","0","0.00","0","0","0.00"
"14574  :  โรงพยาบาลพญาไท 3","0","0","0.00","0","0","0.00"
"14577  :  โรงพยาบาลวิภาราม","0","0","0.00","0","0","0.00"
"14641  :  โรงพยาบาลราชพิพัฒน์","0","0","0.00","0","0","0.00"
"14908  :  โรงพยาบาลการุญเวช สุขาภิบาล3","0","0","0.00","0","0","0.00"
"15049  :  โรงพยาบาลสิรินธร","0","0","0.00","0","0","0.00"
"15147  :  โรงพยาบาลบางปะกอก 8 โรงพยาบาลทั่วไปขนาดใหญ่","0","0","0.00","0","0","0.00"
"21673  :  โรงพยาบาลซีจีเอช สายไหม โรงพยาบาลทั่วไปขนาดใหญ่","0","0","0.00","0","0","0.00"
"22155  :  โรงพยาบาลครู","0","0","0.00","0","0","0.00"
"22737  :  โรงพยาบาลจุฬาภรณ์","0","0","0.00","0","0","0.00"
"23762  :  โรงพยาบาลนวุติสมเด็จย่า","0","0","0.00","0","0","0.00"
"23781  :  นวมินทร์ 9โรงพยาบาลทั่วไปขนาดใหญ่","0","0","0.00","0","0","0.00"
"23783  :  โรงพยาบาลเสรีรักษ์","0","0","0.00","0","0","0.00"
"24085  :  สถาบันวิจัยการแพทย์แผนไทย","0","0","0.00","0","0","0.00"
"24748  :  โรงพยาบาลศิริราช ปิยมหาราชการุณย์","0","0","0.00","0","0","0.00"
"25015  :  โรงพยาบาลทั่วไปขนาดใหญ่มิตรประชา","0","0","0.00","0","0","0.00"
"25060  :  โรงพยาบาลผู้สูงอายุบางขุนเทียน","0","0","0.00","0","0","0.00"
"41329  :  โรงพยาบาลเฉพาะประเภทผู้ป่วยสูงอายุ เฌ้อสเซอรี่โฮมขนาดเล็ก","0","0","0.00","0","0","0.00"
"41414  :  โรงพยาบาลทหารอากาศ (สีกัน)","0","0","0.00","0","0","0.00"
"77665  :  โรงพยาบาลการแพทย์แผนไทยและการแพทย์ผสมผสาน","0","0","0.00","0","0","0.00"
"10685  :  โรงพยาบาลสมุทรปราการ","0","0","0.00","0","0","0.00"
"10752  :  โรงพยาบาลบางบ่อ","0","0","0.00","484","96","19.83"
"10753  :  โรงพยาบาลบางพลี","0","0","0.00","0","0","0.00"
"10754  :  โรงพยาบาลบางจาก","0","0","0.00","37","0","0.00"
"10755  :  โรงพยาบาลพระสมุทรเจดีย์สวาทยานนท์","0","0","0.00","278","70","25.18"
"11769  :  โรงพยาบาลเซ็นทรัลปาร์ค","0","0","0.00","433","0","0.00"
"11775  :  โรงพยาบาลเมืองสมุทรปู่เจ้าสมิงพราย","0","0","0.00","0","0","0.00"
"12251  :  โรงพยาบาลยุวประสาทไวทโยปถัมภ์","0","0","0.00","0","0","0.00"
"15138  :  โรงพยาบาลเมืองสมุทรบางปูโรงพยาบาลทั่วไปขนาดเล็ก","0","0","0.00","108","1","0.93"
"28785  :  โรงพยาบาลบางเสาธง","0","0","0.00","23","13","56.52"
"10686  :  โรงพยาบาลพระนั่งเกล้า","0","0","0.00","0","0","0.00"
"10756  :  โรงพยาบาลบางกรวย","30","13","43.33","0","0","0.00"
"10757  :  โรงพยาบาลบางใหญ่","0","0","0.00","221","62","28.05"
"10758  :  โรงพยาบาลบางบัวทอง","0","0","0.00","514","10","1.95"
"10759  :  โรงพยาบาลไทรน้อย","0","0","0.00","281","31","11.03"
"10760  :  โรงพยาบาลปากเกร็ด","157","1","0.64","304","1","0.33"
"11781  :  โรงพยาบาลนนทเวช","0","0","0.00","0","0","0.00"
"11786  :  โรงพยาบาลอนันต์พัฒนา 2","0","0","0.00","0","0","0.00"
"11787  :  โรงพยาบาลเกษมราษฎร์อินเตอร์เนชั่นแนล รัตนาธิเบศร์โรงพยาบาลทั่วไปขนาดใหญ่","0","0","0.00","0","0","0.00"
"12256  :  สถาบันโรคทรวงอก","0","0","0.00","0","0","0.00"
"12257  :  สถาบันบำราศนราดูร","0","0","0.00","0","0","0.00"
"12258  :  สถาบันสิรินธรเพื่อการฟื้นฟูสมรรถภาพทางการแพทย์แห่งชาติ","0","0","0.00","0","0","0.00"
"12260  :  โรงพยาบาลศรีธัญญา","0","0","0.00","0","0","0.00"
"13815  :  ศูนย์การแพทย์ปัญญานันทภิกขุ ชลประทาน มหาวิทยาลัยศรีนครินทรวิโรฒ","0","0","0.00","0","0","0.00"
"22127  :  โรงพยาบาลชลลดา","0","0","0.00","0","0","0.00"
"28875  :  โรงพยาบาลบางบัวทอง ๒","0","0","0.00","87","36","41.38"
"10687  :  โรงพยาบาลปทุมธานี","0","0","0.00","223","93","41.70"
"10761  :  โรงพยาบาลคลองหลวง","0","0","0.00","94","37","39.36"
"10762  :  โรงพยาบาลธัญบุรี","0","0","0.00","392","95","24.23"
"10763  :  โรงพยาบาลประชาธิปัตย์","0","0","0.00","208","43","20.67"
"10764  :  โรงพยาบาลหนองเสือ","0","0","0.00","126","73","57.94"
"10765  :  โรงพยาบาลลาดหลุมแก้ว","0","0","0.00","207","114","55.07"
"10766  :  โรงพยาบาลลำลูกกา","0","0","0.00","0","0","0.00"
"10767  :  โรงพยาบาลสามโคก","0","0","0.00","123","2","1.63"
"12262  :  สถาบันบำบัดรักษาและฟื้นฟูผู้ติดยาเสพติดแห่งชาติบรมราชชนนี","0","0","0.00","0","0","0.00"
"14923  :  โรงพยาบาลมหาวชิราลงกรณ ธัญบุรี","0","0","0.00","0","0","0.00"
"10660  :  โรงพยาบาลพระนครศรีอยุธยา","0","0","0.00","0","0","0.00"
"10688  :  โรงพยาบาลเสนา","86","32","37.21","210","5","2.38"
"10768  :  โรงพยาบาลท่าเรือ","184","10","5.43","286","3","1.05"
"10769  :  โรงพยาบาลสมเด็จพระสังฆราชเจ้า กรมหลวงชินวราลงกรณ (วาสนมหาเถร)","0","0","0.00","13","4","30.77"
"10770  :  โรงพยาบาลบางไทร","0","0","0.00","51","30","58.82"
"10771  :  โรงพยาบาลบางบาล","0","0","0.00","11","6","54.55"
"10772  :  โรงพยาบาลบางปะอิน","0","0","0.00","205","58","28.29"
"10773  :  โรงพยาบาลบางปะหัน","0","0","0.00","5","3","60.00"
"10774  :  โรงพยาบาลผักไห่","0","0","0.00","6","0","0.00"
"10775  :  โรงพยาบาลภาชี","0","0","0.00","130","30","23.08"
"10776  :  โรงพยาบาลลาดบัวหลวง","0","0","0.00","133","2","1.50"
"10777  :  โรงพยาบาลวังน้อย","0","0","0.00","60","4","6.67"
"10778  :  โรงพยาบาลบางซ้าย","0","0","0.00","47","23","48.94"
"10779  :  โรงพยาบาลอุทัย","0","0","0.00","11","0","0.00"
"10780  :  โรงพยาบาลมหาราช","0","0","0.00","31","24","77.42"
"10781  :  โรงพยาบาลบ้านแพรก","0","0","0.00","14","7","50.00"
"10689  :  โรงพยาบาลอ่างทอง","0","0","0.00","387","192","49.61"
"10782  :  โรงพยาบาลไชโย","0","0","0.00","30","16","53.33"
"10784  :  โรงพยาบาลป่าโมก","0","0","0.00","25","12","48.00"
"10785  :  โรงพยาบาลโพธิ์ทอง","0","0","0.00","75","51","68.00"
"10786  :  โรงพยาบาลแสวงหา","0","0","0.00","76","34","44.74"
"10787  :  โรงพยาบาลวิเศษชัยชาญ","0","0","0.00","294","12","4.08"
"10788  :  โรงพยาบาลสามโก้","0","0","0.00","26","19","73.08"
"10690  :  โรงพยาบาลพระนารายณ์มหาราช","0","0","0.00","0","0","0.00"
"10691  :  โรงพยาบาลบ้านหมี่","77","52","67.53","0","0","0.00"
"10789  :  โรงพยาบาลพัฒนานิคม","0","0","0.00","336","135","40.18"
"10790  :  โรงพยาบาลโคกสำโรง","0","0","0.00","91","37","40.66"
"10791  :  โรงพยาบาลชัยบาดาล","0","0","0.00","576","3","0.52"
"10792  :  โรงพยาบาลท่าวุ้ง","0","0","0.00","42","29","69.05"
"10793  :  โรงพยาบาลท่าหลวง","0","0","0.00","146","0","0.00"
"10794  :  โรงพยาบาลสระโบสถ์","0","0","0.00","86","0","0.00"
"10795  :  โรงพยาบาลโคกเจริญ","0","0","0.00","54","30","55.56"
"10796  :  โรงพยาบาลลำสนธิ","0","0","0.00","88","0","0.00"
"10797  :  โรงพยาบาลหนองม่วง","18","9","50.00","231","20","8.66"
"14199  :  โรงพยาบาลมะเร็งลพบุรี","0","0","0.00","0","0","0.00"
"14928  :  โรงพยาบาลกองบิน 2","0","0","0.00","0","0","0.00"
"10692  :  โรงพยาบาลสิงห์บุรี","0","0","0.00","634","263","41.48"
"10693  :  โรงพยาบาลอินทร์บุรี","0","0","0.00","119","75","63.03"
"10798  :  โรงพยาบาลบางระจัน","0","0","0.00","26","11","42.31"
"10799  :  โรงพยาบาลค่ายบางระจัน","0","0","0.00","44","23","52.27"
"10800  :  โรงพยาบาลพรหมบุรี","0","0","0.00","49","19","38.78"
"10801  :  โรงพยาบาลท่าช้าง","0","0","0.00","16","9","56.25"
"10694  :  โรงพยาบาลชัยนาทนเรนทร","0","0","0.00","0","0","0.00"
"10802  :  โรงพยาบาลมโนรมย์","38","20","52.63","32","22","68.75"
"10803  :  โรงพยาบาลวัดสิงห์","0","0","0.00","36","11","30.56"
"10804  :  โรงพยาบาลสรรพยา","0","0","0.00","12","4","33.33"
"10805  :  โรงพยาบาลสรรคบุรี","0","0","0.00","72","52","72.22"
"10806  :  โรงพยาบาลหันคา","0","0","0.00","134","76","56.72"
"27974  :  โรงพยาบาลหนองมะโมง","0","0","0.00","14","2","14.29"
"27975  :  โรงพยาบาลเนินขาม","0","0","0.00","0","0","0.00"
"10661  :  โรงพยาบาลสระบุรี","0","0","0.00","0","0","0.00"
"10695  :  โรงพยาบาลพระพุทธบาท","0","0","0.00","0","0","0.00"
"10807  :  โรงพยาบาลแก่งคอย","184","0","0.00","350","3","0.86"
"10808  :  โรงพยาบาลหนองแค","159","94","59.12","115","0","0.00"
"10809  :  โรงพยาบาลวิหารแดง","0","0","0.00","50","0","0.00"
"10810  :  โรงพยาบาลหนองแซง","0","0","0.00","33","0","0.00"
"10811  :  โรงพยาบาลบ้านหมอ","0","0","0.00","162","2","1.23"
"10812  :  โรงพยาบาลดอนพุด","0","0","0.00","0","0","0.00"
"10813  :  โรงพยาบาลหนองโดน","0","0","0.00","42","0","0.00"
"10814  :  โรงพยาบาลเสาไห้เฉลิมพระเกียรติ80พรรษา","0","0","0.00","175","47","26.86"
"10815  :  โรงพยาบาลมวกเหล็ก","0","0","0.00","261","9","3.45"
"10816  :  โรงพยาบาลวังม่วงสัทธรรม","0","0","0.00","188","9","4.79"
"11485  :  โรงพยาบาลค่ายอดิศร","57","0","0.00","204","3","1.47"
"10662  :  โรงพยาบาลชลบุรี","0","0","0.00","0","0","0.00"
"10817  :  โรงพยาบาลบ้านบึง","90","41","45.56","722","261","36.15"
"10818  :  โรงพยาบาลหนองใหญ่","0","0","0.00","160","37","23.13"
"10819  :  โรงพยาบาลบางละมุง","0","0","0.00","395","9","2.28"
"10820  :  โรงพยาบาลวัดญาณสังวราราม","0","0","0.00","42","1","2.38"
"10821  :  โรงพยาบาลพานทอง","0","0","0.00","281","55","19.57"
"10822  :  โรงพยาบาลพนัสนิคม","0","0","0.00","803","237","29.51"
"10823  :  โรงพยาบาลแหลมฉบัง","466","1","0.21","1,924","115","5.98"
"10824  :  โรงพยาบาลเกาะสีชัง","0","0","0.00","56","36","64.29"
"10825  :  โรงพยาบาลสัตหีบกม10","0","0","0.00","0","0","0.00"
"10826  :  โรงพยาบาลบ่อทอง","0","0","0.00","178","90","50.56"
"11486  :  โรงพยาบาลค่ายนวมินทราชินี","0","0","0.00","0","0","0.00"
"11487  :  โรงพยาบาลอาภากรเกียรติวงศ์","0","0","0.00","0","0","0.00"
"13754  :  โรงพยาบาลสมเด็จพระบรมราชเทวี ณ ศรีราชา","0","0","0.00","500","12","2.40"
"13758  :  โรงพยาบาลสมเด็จพระนางเจ้าสิริกิติ์","0","0","0.00","0","0","0.00"
"13760  :  โรงพยาบาลมะเร็งชลบุรี","0","0","0.00","0","0","0.00"
"13766  :  โรงพยาบาลมหาวิทยาลัยบูรพา","0","0","0.00","0","0","0.00"
"28005  :  โรงพยาบาลเมืองพัทยา","0","0","0.00","0","0","0.00"
"28006  :  โรงพยาบาลเกาะจันทร์","0","0","0.00","140","92","65.71"
"10663  :  โรงพยาบาลระยอง","0","0","0.00","0","0","0.00"
"10827  :  โรงพยาบาลเฉลิมพระเกียรติสมเด็จพระเทพรัตนราชสุดาฯ สยามบรมราชกุมารี ระยอง","0","0","0.00","0","0","0.00"
"10828  :  โรงพยาบาลบ้านฉาง","67","7","10.45","24","10","41.67"
"10829  :  โรงพยาบาลแกลง","21","6","28.57","708","107","15.11"
"10830  :  โรงพยาบาลวังจันทร์","0","0","0.00","138","57","41.30"
"10831  :  โรงพยาบาลบ้านค่าย","0","0","0.00","88","27","30.68"
"10832  :  โรงพยาบาลปลวกแดง","0","0","0.00","456","1","0.22"
"22734  :  โรงพยาบาลเขาชะเมา เฉลิมพระเกียรติ 80 พรรษา","0","0","0.00","13","4","30.77"
"23962  :  โรงพยาบาลนิคมพัฒนา","0","0","0.00","35","1","2.86"
"10664  :  โรงพยาบาลพระปกเกล้า","0","0","0.00","721","10","1.39"
"10834  :  โรงพยาบาลขลุง","157","1","0.64","117","0","0.00"
"10835  :  โรงพยาบาลท่าใหม่","129","0","0.00","332","41","12.35"
"10836  :  โรงพยาบาลเขาสุกิม","0","0","0.00","23","0","0.00"
"10837  :  โรงพยาบาลสองพี่น้อง","0","0","0.00","15","8","53.33"
"10838  :  โรงพยาบาลโป่งน้ำร้อน","0","0","0.00","172","101","58.72"
"10839  :  โรงพยาบาลมะขาม","0","0","0.00","23","12","52.17"
"10840  :  โรงพยาบาลแหลมสิงห์","0","0","0.00","62","37","59.68"
"10841  :  โรงพยาบาลสอยดาว","0","0","0.00","0","0","0.00"
"10842  :  โรงพยาบาลแก่งหางแมว","0","0","0.00","203","121","59.61"
"10843  :  โรงพยาบาลนายายอาม","0","0","0.00","103","65","63.11"
"10844  :  โรงพยาบาลเขาคิชฌกูฏ","0","0","0.00","100","34","34.00"
"10696  :  โรงพยาบาลตราด","91","27","29.67","657","220","33.49"
"10845  :  โรงพยาบาลคลองใหญ่","0","0","0.00","188","81","43.09"
"10846  :  โรงพยาบาลเขาสมิง","0","0","0.00","53","7","13.21"
"10847  :  โรงพยาบาลบ่อไร่","0","0","0.00","141","3","2.13"
"10848  :  โรงพยาบาลแหลมงอบ","0","0","0.00","47","4","8.51"
"10849  :  โรงพยาบาลเกาะกูด","0","0","0.00","21","6","28.57"
"13816  :  โรงพยาบาลเกาะช้าง","0","0","0.00","12","8","66.67"
"10697  :  โรงพยาบาลพุทธโสธร","0","0","0.00","0","0","0.00"
"10833  :  โรงพยาบาลท่าตะเกียบ","0","0","0.00","128","1","0.78"
"10850  :  โรงพยาบาลบางคล้า","162","18","11.11","247","17","6.88"
"10851  :  โรงพยาบาลบางน้ำเปรี้ยว","0","0","0.00","0","0","0.00"
"10852  :  โรงพยาบาลบางปะกง","0","0","0.00","0","0","0.00"
"10853  :  โรงพยาบาลบ้านโพธิ์","0","0","0.00","29","0","0.00"
"10854  :  โรงพยาบาลพนมสารคาม","0","0","0.00","472","7","1.48"
"10855  :  โรงพยาบาลสนามชัยเขต","44","1","2.27","48","1","2.08"
"10856  :  โรงพยาบาลแปลงยาว","0","0","0.00","138","86","62.32"
"13747  :  โรงพยาบาลราชสาส์น","0","0","0.00","81","50","61.73"
"31327  :  โรงพยาบาลคลองเขื่อน","0","0","0.00","0","0","0.00"
"10665  :  โรงพยาบาลเจ้าพระยาอภัยภูเบศร","0","0","0.00","36","0","0.00"
"10857  :  โรงพยาบาลกบินทร์บุรี","0","0","0.00","231","99","42.86"
"10858  :  โรงพยาบาลนาดี","0","0","0.00","0","0","0.00"
"10859  :  โรงพยาบาลบ้านสร้าง","0","0","0.00","79","39","49.37"
"10860  :  โรงพยาบาลประจันตคาม","0","0","0.00","257","129","50.19"
"10861  :  โรงพยาบาลศรีมหาโพธิ","0","0","0.00","483","254","52.59"
"10862  :  โรงพยาบาลศรีมโหสถ","0","0","0.00","396","26","6.57"
"11490  :  โรงพยาบาลค่ายจักรพงษ์","0","0","0.00","69","1","1.45"
"10698  :  โรงพยาบาลนครนายก","149","6","4.03","351","15","4.27"
"10863  :  โรงพยาบาลปากพลี","0","0","0.00","24","18","75.00"
"10864  :  โรงพยาบาลบ้านนา","0","0","0.00","363","144","39.67"
"10865  :  โรงพยาบาลองครักษ์","0","0","0.00","290","73","25.17"
"11491  :  โรงพยาบาลรร.นายร้อยพระจุลจอมเกล้า","0","0","0.00","23","0","0.00"
"14904  :  โรงพยาบาลศูนย์การแพทย์สมเด็จพระเทพรัตนราชสุดาฯ","0","0","0.00","0","0","0.00"
"10699  :  โรงพยาบาลสมเด็จพระยุพราชสระแก้ว","0","0","0.00","0","0","0.00"
"10866  :  โรงพยาบาลคลองหาด","0","0","0.00","152","109","71.71"
"10867  :  โรงพยาบาลตาพระยา","0","0","0.00","114","68","59.65"
"10868  :  โรงพยาบาลวังน้ำเย็น","0","0","0.00","229","93","40.61"
"10869  :  โรงพยาบาลวัฒนานคร","0","0","0.00","215","100","46.51"
"10870  :  โรงพยาบาลอรัญประเทศ","0","0","0.00","0","0","0.00"
"13817  :  โรงพยาบาลเขาฉกรรจ์","0","0","0.00","89","69","77.53"
"14717  :  โรงพยาบาลจิตเวชสระแก้วราชนครินทร์","0","0","0.00","0","0","0.00"
"10666  :  โรงพยาบาลมหาราชนครราชสีมา","0","0","0.00","0","0","0.00"
"10871  :  โรงพยาบาลครบุรี","0","0","0.00","211","99","46.92"
"10872  :  โรงพยาบาลเสิงสาง","0","0","0.00","372","184","49.46"
"10873  :  โรงพยาบาลคง","0","0","0.00","0","0","0.00"
"10874  :  โรงพยาบาลบ้านเหลื่อม","0","0","0.00","0","0","0.00"
"10875  :  โรงพยาบาลจักราช","0","0","0.00","0","0","0.00"
"10876  :  โรงพยาบาลโชคชัย","0","0","0.00","0","0","0.00"
"10877  :  โรงพยาบาลด่านขุนทด","0","0","0.00","0","0","0.00"
"10878  :  โรงพยาบาลโนนไทย","0","0","0.00","164","102","62.20"
"10879  :  โรงพยาบาลโนนสูง","42","35","83.33","262","170","64.89"
"10880  :  โรงพยาบาลขามสะแกแสง","0","0","0.00","184","107","58.15"
"10881  :  โรงพยาบาลบัวใหญ่","0","0","0.00","76","31","40.79"
"10882  :  โรงพยาบาลประทาย","0","0","0.00","276","145","52.54"
"10883  :  โรงพยาบาลปักธงชัย","0","0","0.00","43","22","51.16"
"10884  :  โรงพยาบาลพิมาย","0","0","0.00","0","0","0.00"
"10885  :  โรงพยาบาลห้วยแถลง","0","0","0.00","161","123","76.40"
"10886  :  โรงพยาบาลชุมพวง","0","0","0.00","271","189","69.74"
"10887  :  โรงพยาบาลสูงเนิน","0","0","0.00","0","0","0.00"
"10888  :  โรงพยาบาลขามทะเลสอ","0","0","0.00","120","58","48.33"
"10889  :  โรงพยาบาลสีคิ้ว","0","0","0.00","69","40","57.97"
"10890  :  โรงพยาบาลปากช่องนานา","0","0","0.00","0","0","0.00"
"10891  :  โรงพยาบาลหนองบุญมาก","0","0","0.00","14","5","35.71"
"10892  :  โรงพยาบาลแก้งสนามนาง","0","0","0.00","75","52","69.33"
"10893  :  โรงพยาบาลโนนแดง","35","15","42.86","107","60","56.07"
"10894  :  โรงพยาบาลวังน้ำเขียว","0","0","0.00","46","22","47.83"
"11492  :  โรงพยาบาลค่ายสุรนารี นครราชสีมา","0","0","0.00","0","0","0.00"
"11602  :  โรงพยาบาลเฉลิมพระเกียรติสมเด็จย่า 100 ปี","0","0","0.00","0","0","0.00"
"11608  :  โรงพยาบาลลำทะเมนชัย","0","0","0.00","0","0","0.00"
"11885  :  โรงพยาบาลเดอะโกลเดนเกท","0","0","0.00","0","0","0.00"
"11891  :  โรงพยาบาลราชสีมาฮอสพิทอล","0","0","0.00","0","0","0.00"
"12267  :  ศูนย์อนามัยที่ 9 นครราชสีมา","0","0","0.00","0","0","0.00"
"12268  :  โรงพยาบาลจิตเวชนครราชสีมาราชนครินทร์","0","0","0.00","0","0","0.00"
"14161  :  โรงพยาบาลกองบิน กองบิน1","0","0","0.00","0","0","0.00"
"22456  :  โรงพยาบาลพระทองคำ เฉลิมพระเกียรติ 80 พรรษา","0","0","0.00","0","0","0.00"
"23839  :  โรงพยาบาลเทพรัตน์นครราชสีมา","0","0","0.00","84","31","36.90"
"24060  :  โรงพยาบาลมหาวิทยาลัยเทคโนโลยีสุรนารี","0","0","0.00","0","0","0.00"
"24692  :  โรงพยาบาลเฉลิมพระเกียรติ","0","0","0.00","62","7","11.29"
"27839  :  โรงพยาบาลบัวลาย","0","0","0.00","23","1","4.35"
"27840  :  โรงพยาบาลสีดา","0","0","0.00","0","0","0.00"
"27841  :  โรงพยาบาลเทพารักษ์","0","0","0.00","62","29","46.77"
"10667  :  โรงพยาบาลบุรีรัมย์","0","0","0.00","0","0","0.00"
"10895  :  โรงพยาบาลคูเมือง","0","0","0.00","191","101","52.88"
"10896  :  โรงพยาบาลกระสัง","0","0","0.00","169","106","62.72"
"10897  :  โรงพยาบาลนางรอง","0","0","0.00","0","0","0.00"
"10898  :  โรงพยาบาลหนองกี่","0","0","0.00","404","213","52.72"
"10899  :  โรงพยาบาลละหานทราย","0","0","0.00","304","180","59.21"
"10900  :  โรงพยาบาลประโคนชัย","0","0","0.00","509","306","60.12"
"10901  :  โรงพยาบาลบ้านกรวด","0","0","0.00","337","212","62.91"
"10902  :  โรงพยาบาลพุทไธสง","0","0","0.00","318","166","52.20"
"10904  :  โรงพยาบาลลำปลายมาศ","0","0","0.00","0","0","0.00"
"10905  :  โรงพยาบาลสตึก","0","0","0.00","439","8","1.82"
"10906  :  โรงพยาบาลปะคำ","0","0","0.00","64","47","73.44"
"10907  :  โรงพยาบาลนาโพธิ์","0","0","0.00","56","29","51.79"
"10908  :  โรงพยาบาลหนองหงส์","0","0","0.00","130","51","39.23"
"10909  :  โรงพยาบาลพลับพลาชัย","0","0","0.00","103","42","40.78"
"10910  :  โรงพยาบาลห้วยราช","0","0","0.00","24","16","66.67"
"10911  :  โรงพยาบาลโนนสุวรรณ","0","0","0.00","141","79","56.03"
"10912  :  โรงพยาบาลชำนิ","0","0","0.00","38","30","78.95"
"10913  :  โรงพยาบาลบ้านใหม่ไชยพจน์","0","0","0.00","41","32","78.05"
"10914  :  โรงพยาบาลโนนดินแดง","0","0","0.00","81","42","51.85"
"11493  :  โรงพยาบาลค่ายสมเด็จเจ้าพระยามหากษัตริย์ศึก","0","0","0.00","0","0","0.00"
"11619  :  โรงพยาบาลเฉลิมพระเกียรติ","0","0","0.00","95","31","32.63"
"23578  :  โรงพยาบาลแคนดง","0","0","0.00","126","0","0.00"
"28020  :  โรงพยาบาลบ้านด่าน","0","0","0.00","123","7","5.69"
"10668  :  โรงพยาบาลสุรินทร์","0","0","0.00","0","0","0.00"
"10915  :  โรงพยาบาลชุมพลบุรี","0","0","0.00","109","28","25.69"
"10916  :  โรงพยาบาลท่าตูม","0","0","0.00","232","21","9.05"
"10917  :  โรงพยาบาลจอมพระ","0","0","0.00","229","166","72.49"
"10918  :  โรงพยาบาลปราสาท","0","0","0.00","0","0","0.00"
"10919  :  โรงพยาบาลกาบเชิง","0","0","0.00","138","85","61.59"
"10920  :  โรงพยาบาลรัตนบุรี","0","0","0.00","194","113","58.25"
"10921  :  โรงพยาบาลสนม","0","0","0.00","0","0","0.00"
"10922  :  โรงพยาบาลศีขรภูมิ","0","0","0.00","312","8","2.56"
"10923  :  โรงพยาบาลสังขะ","0","0","0.00","178","77","43.26"
"10924  :  โรงพยาบาลลำดวน","0","0","0.00","113","0","0.00"
"10925  :  โรงพยาบาลสำโรงทาบ","0","0","0.00","105","73","69.52"
"10926  :  โรงพยาบาลบัวเชด","0","0","0.00","135","3","2.22"
"11494  :  โรงพยาบาลค่ายวีรวัฒน์โยธิน","0","0","0.00","0","0","0.00"
"22302  :  โรงพยาบาลพนมดงรัก เฉลิมพระเกียรติ 80 พรรษา","0","0","0.00","24","3","12.50"
"27842  :  โรงพยาบาลเขวาสินรินทร์","0","0","0.00","17","14","82.35"
"27843  :  โรงพยาบาลศรีณรงค์","0","0","0.00","10","0","0.00"
"27844  :  โรงพยาบาลโนนนารายณ์","0","0","0.00","0","0","0.00"
"10700  :  โรงพยาบาลศรีสะเกษ","0","0","0.00","241","8","3.32"
"10927  :  โรงพยาบาลยางชุมน้อย","0","0","0.00","151","53","35.10"
"10928  :  โรงพยาบาลกันทรารมย์","0","0","0.00","141","91","64.54"
"10929  :  โรงพยาบาลกันทรลักษ์","0","0","0.00","0","0","0.00"
"10930  :  โรงพยาบาลขุขันธ์","0","0","0.00","0","0","0.00"
"10931  :  โรงพยาบาลไพรบึง","0","0","0.00","234","0","0.00"
"10932  :  โรงพยาบาลปรางค์กู่","0","0","0.00","67","1","1.49"
"10933  :  โรงพยาบาลขุนหาญ","0","0","0.00","155","71","45.81"
"10934  :  โรงพยาบาลราษีไศล","2","2","100.00","203","5","2.46"
"10935  :  โรงพยาบาลอุทุมพรพิสัย","0","0","0.00","0","0","0.00"
"10936  :  โรงพยาบาลบึงบูรพ์","0","0","0.00","47","1","2.13"
"10937  :  โรงพยาบาลห้วยทับทัน","0","0","0.00","0","0","0.00"
"10938  :  โรงพยาบาลโนนคูณ","0","0","0.00","0","0","0.00"
"10939  :  โรงพยาบาลศรีรัตนะ","0","0","0.00","43","0","0.00"
"10940  :  โรงพยาบาลวังหิน","0","0","0.00","42","21","50.00"
"10941  :  โรงพยาบาลน้ำเกลี้ยง","0","0","0.00","0","0","0.00"
"10942  :  โรงพยาบาลภูสิงห์","0","0","0.00","107","2","1.87"
"10943  :  โรงพยาบาลเมืองจันทร์","0","0","0.00","0","0","0.00"
"23125  :  โรงพยาบาลเบญจลักษ์เฉลิมพระเกียรติ 80 พรรษา","0","0","0.00","0","0","0.00"
"28014  :  โรงพยาบาลพยุห์","0","0","0.00","17","0","0.00"
"28015  :  โรงพยาบาลโพธิ์ศรีสุวรรณ","0","0","0.00","14","0","0.00"
"28016  :  โรงพยาบาลศิลาลาด","0","0","0.00","0","0","0.00"
"10669  :  โรงพยาบาลสรรพสิทธิประสงค์","0","0","0.00","0","0","0.00"
"10944  :  โรงพยาบาลศรีเมืองใหม่","0","0","0.00","0","0","0.00"
"10945  :  โรงพยาบาลโขงเจียม","0","0","0.00","78","2","2.56"
"10946  :  โรงพยาบาลเขื่องใน","0","0","0.00","239","10","4.18"
"10947  :  โรงพยาบาลเขมราฐ","0","0","0.00","235","5","2.13"
"10948  :  โรงพยาบาลนาจะหลวย","0","0","0.00","266","125","46.99"
"10949  :  โรงพยาบาลน้ำยืน","0","0","0.00","0","0","0.00"
"10950  :  โรงพยาบาลบุณฑริก","9","4","44.44","350","53","15.14"
"10951  :  โรงพยาบาลตระการพืชผล","24","7","29.17","201","41","20.40"
"10952  :  โรงพยาบาลกุดข้าวปุ้น","0","0","0.00","74","7","9.46"
"10953  :  โรงพยาบาลม่วงสามสิบ","0","0","0.00","329","31","9.42"
"10954  :  โรงพยาบาลวารินชำราบ","0","0","0.00","0","0","0.00"
"10956  :  โรงพยาบาลพิบูลมังสาหาร","0","0","0.00","0","0","0.00"
"10957  :  โรงพยาบาลตาลสุม","0","0","0.00","61","0","0.00"
"10958  :  โรงพยาบาลโพธิ์ไทร","0","0","0.00","144","104","72.22"
"10959  :  โรงพยาบาลสำโรง","0","0","0.00","153","0","0.00"
"10960  :  โรงพยาบาลดอนมดแดง","0","0","0.00","39","20","51.28"
"10961  :  โรงพยาบาลสิรินธร","0","0","0.00","132","0","0.00"
"10962  :  โรงพยาบาลทุ่งศรีอุดม","0","0","0.00","74","3","4.05"
"11443  :  โรงพยาบาลสมเด็จพระยุพราชเดชอุดม","0","0","0.00","0","0","0.00"
"11495  :  โรงพยาบาลกองบิน 21","0","0","0.00","0","0","0.00"
"11496  :  โรงพยาบาลค่ายสรรพสิทธิประสงค์","0","0","0.00","140","0","0.00"
"11918  :  โรงพยาบาลเอกชนร่มเกล้า","0","0","0.00","649","3","0.46"
"12269  :  โรงพยาบาลพระศรีมหาโพธิ์","0","0","0.00","0","0","0.00"
"12270  :  โรงพยาบาลส่งเสริมสุขภาพ ศูนย์อนามัยที่ 10","0","0","0.00","0","0","0.00"
"21984  :  โรงพยาบาล 50 พรรษา มหาวชิราลงกรณ","0","0","0.00","0","0","0.00"
"24032  :  โรงพยาบาลนาตาล","0","0","0.00","19","3","15.79"
"24821  :  โรงพยาบาลนาเยีย","0","0","0.00","0","0","0.00"
"27967  :  โรงพยาบาลสว่างวีระวงศ์","0","0","0.00","0","0","0.00"
"27968  :  โรงพยาบาลน้ำขุ่น","0","0","0.00","0","0","0.00"
"27976  :  โรงพยาบาลเหล่าเสือโก้ก","0","0","0.00","51","6","11.76"
"10701  :  โรงพยาบาลยโสธร","0","0","0.00","0","0","0.00"
"10963  :  โรงพยาบาลทรายมูล","0","0","0.00","0","0","0.00"
"10964  :  โรงพยาบาลกุดชุม","0","0","0.00","0","0","0.00"
"10965  :  โรงพยาบาลคำเขื่อนแก้ว","0","0","0.00","258","137","53.10"
"10966  :  โรงพยาบาลป่าติ้ว","0","0","0.00","86","0","0.00"
"10967  :  โรงพยาบาลมหาชนะชัย","0","0","0.00","146","4","2.74"
"10968  :  โรงพยาบาลค้อวัง","0","0","0.00","92","62","67.39"
"10969  :  โรงพยาบาลไทยเจริญ","0","0","0.00","74","28","37.84"
"11444  :  โรงพยาบาลสมเด็จพระยุพราชเลิงนกทา","78","5","6.41","92","15","16.30"
"11921  :  โรงพยาบาลนายแพทย์หาญ","0","0","0.00","0","0","0.00"
"04007  :  โรงพยาบาลซับใหญ่","0","0","0.00","56","24","42.86"
"10702  :  โรงพยาบาลชัยภูมิ","0","0","0.00","0","0","0.00"
"10970  :  โรงพยาบาลบ้านเขว้า","0","0","0.00","117","50","42.74"
"10971  :  โรงพยาบาลคอนสวรรค์","0","0","0.00","161","8","4.97"
"10972  :  โรงพยาบาลเกษตรสมบูรณ์","0","0","0.00","158","55","34.81"
"10973  :  โรงพยาบาลหนองบัวแดง","0","0","0.00","341","127","37.24"
"10974  :  โรงพยาบาลจัตุรัส","0","0","0.00","307","167","54.40"
"10975  :  โรงพยาบาลบำเหน็จณรงค์","0","0","0.00","104","75","72.12"
"10976  :  โรงพยาบาลหนองบัวระเหว","0","0","0.00","67","12","17.91"
"10977  :  โรงพยาบาลเทพสถิต","0","0","0.00","276","51","18.48"
"10978  :  โรงพยาบาลภูเขียวเฉลิมพระเกียรติ","0","0","0.00","329","176","53.50"
"10979  :  โรงพยาบาลบ้านแท่น","0","0","0.00","163","65","39.88"
"10980  :  โรงพยาบาลแก้งคร้อ","0","0","0.00","0","0","0.00"
"10981  :  โรงพยาบาลคอนสาร","0","0","0.00","38","21","55.26"
"10982  :  โรงพยาบาลภักดีชุมพล","0","0","0.00","77","48","62.34"
"10983  :  โรงพยาบาลเนินสง่า","0","0","0.00","40","1","2.50"
"10703  :  โรงพยาบาลอำนาจเจริญ","0","0","0.00","0","0","0.00"
"10985  :  โรงพยาบาลชานุมาน","0","0","0.00","70","46","65.71"
"10986  :  โรงพยาบาลปทุมราชวงศา","0","0","0.00","231","47","20.35"
"10987  :  โรงพยาบาลพนา","0","0","0.00","26","1","3.85"
"10988  :  โรงพยาบาลเสนางคนิคม","0","0","0.00","90","0","0.00"
"10989  :  โรงพยาบาลหัวตะพาน","0","0","0.00","103","0","0.00"
"10990  :  โรงพยาบาลลืออำนาจ","41","24","58.54","65","36","55.38"
"11040  :  โรงพยาบาลบึงกาฬ","0","0","0.00","0","0","0.00"
"11041  :  โรงพยาบาลพรเจริญ","88","0","0.00","284","91","32.04"
"11043  :  โรงพยาบาลโซ่พิสัย","0","0","0.00","0","0","0.00"
"11046  :  โรงพยาบาลเซกา","0","0","0.00","0","0","0.00"
"11047  :  โรงพยาบาลปากคาด","24","0","0.00","168","16","9.52"
"11048  :  โรงพยาบาลบึงโขงหลง","0","0","0.00","0","0","0.00"
"11049  :  โรงพยาบาลศรีวิไล","0","0","0.00","222","28","12.61"
"11050  :  โรงพยาบาลบุ่งคล้า","0","0","0.00","38","26","68.42"
"10704  :  โรงพยาบาลหนองบัวลำภู","0","0","0.00","0","0","0.00"
"10991  :  โรงพยาบาลนากลาง","0","0","0.00","0","0","0.00"
"10992  :  โรงพยาบาลโนนสัง","0","0","0.00","0","0","0.00"
"10993  :  โรงพยาบาลศรีบุญเรือง","0","0","0.00","0","0","0.00"
"10994  :  โรงพยาบาลสุวรรณคูหา","0","0","0.00","0","0","0.00"
"23367  :  โรงพยาบาลนาวัง เฉลิมพระเกียรติ 80 พรรษา","0","0","0.00","0","0","0.00"
"10670  :  โรงพยาบาลขอนแก่น","0","0","0.00","0","0","0.00"
"10995  :  โรงพยาบาลบ้านฝาง","0","0","0.00","0","0","0.00"
"10996  :  โรงพยาบาลพระยืน","0","0","0.00","0","0","0.00"
"10997  :  โรงพยาบาลหนองเรือ","0","0","0.00","0","0","0.00"
"10998  :  โรงพยาบาลชุมแพ","0","0","0.00","0","0","0.00"
"10999  :  โรงพยาบาลสีชมพู","0","0","0.00","131","58","44.27"
"11000  :  โรงพยาบาลน้ำพอง","48","33","68.75","49","39","79.59"
"11001  :  โรงพยาบาลอุบลรัตน์","0","0","0.00","0","0","0.00"
"11002  :  โรงพยาบาลบ้านไผ่","0","0","0.00","0","0","0.00"
"11003  :  โรงพยาบาลเปือยน้อย","0","0","0.00","85","31","36.47"
"11004  :  โรงพยาบาลพล","0","0","0.00","0","0","0.00"
"11005  :  โรงพยาบาลแวงใหญ่","0","0","0.00","0","0","0.00"
"11006  :  โรงพยาบาลแวงน้อย","64","1","1.56","71","2","2.82"
"11007  :  โรงพยาบาลหนองสองห้อง","0","0","0.00","0","0","0.00"
"11008  :  โรงพยาบาลภูเวียง","0","0","0.00","0","0","0.00"
"11009  :  โรงพยาบาลมัญจาคีรี","85","7","8.24","183","50","27.32"
"11010  :  โรงพยาบาลชนบท","0","0","0.00","0","0","0.00"
"11011  :  โรงพยาบาลเขาสวนกวาง","0","0","0.00","0","0","0.00"
"11012  :  โรงพยาบาลภูผาม่าน","0","0","0.00","0","0","0.00"
"11445  :  โรงพยาบาลสมเด็จพระยุพราชกระนวน","0","0","0.00","517","44","8.51"
"11497  :  โรงพยาบาลค่ายศรีพัชรินทร","0","0","0.00","0","0","0.00"
"11936  :  โรงพยาบาลขอนแก่นราม","0","0","0.00","0","0","0.00"
"12272  :  โรงพยาบาลจิตเวชขอนแก่นราชนครินทร์","0","0","0.00","0","0","0.00"
"12273  :  โรงพยาบาลส่งเสริมสุขภาพ ศูนย์อนามัยที่ 7","0","0","0.00","0","0","0.00"
"12275  :  โรงพยาบาลสิรินธร(ภาคตะวันออกเฉียงเหนือ)","0","0","0.00","0","0","0.00"
"13777  :  โรงพยาบาลศรีนครินทร์ มหาวิทยาลัยขอนแก่น","0","0","0.00","0","0","0.00"
"14132  :  โรงพยาบาลซำสูง","0","0","0.00","0","0","0.00"
"14196  :  โรงพยาบาลธัญญรักษ์ขอนแก่น","0","0","0.00","0","0","0.00"
"24746  :  สถาบันสุขภาพจิตเด็กและวัยรุ่นภาคตะวันออกเฉียงเหนือ","0","0","0.00","0","0","0.00"
"77649  :  โรงพยาบาลหนองนาคำ","0","0","0.00","0","0","0.00"
"77650  :  โรงพยาบาลเวียงเก่า","0","0","0.00","0","0","0.00"
"77651  :  โรงพยาบาลโคกโพธิ์ไชย","27","0","0.00","106","5","4.72"
"77652  :  โรงพยาบาลโนนศิลา","0","0","0.00","0","0","0.00"
"10671  :  โรงพยาบาลอุดรธานี","0","0","0.00","0","0","0.00"
"11013  :  โรงพยาบาลกุดจับ","0","0","0.00","299","22","7.36"
"11014  :  โรงพยาบาลหนองวัวซอ","0","0","0.00","210","115","54.76"
"11015  :  โรงพยาบาลกุมภวาปี","0","0","0.00","808","132","16.34"
"11016  :  โรงพยาบาลห้วยเกิ้ง","0","0","0.00","0","0","0.00"
"11017  :  โรงพยาบาลโนนสะอาด","0","0","0.00","151","30","19.87"
"11018  :  โรงพยาบาลหนองหาน","0","0","0.00","107","14","13.08"
"11019  :  โรงพยาบาลทุ่งฝน","0","0","0.00","110","3","2.73"
"11020  :  โรงพยาบาลไชยวาน","0","0","0.00","161","83","51.55"
"11021  :  โรงพยาบาลศรีธาตุ","0","0","0.00","125","5","4.00"
"11022  :  โรงพยาบาลวังสามหมอ","0","0","0.00","237","157","66.24"
"11023  :  โรงพยาบาลบ้านผือ","0","0","0.00","411","104","25.30"
"11024  :  โรงพยาบาลน้ำโสม","0","0","0.00","246","2","0.81"
"11025  :  โรงพยาบาลเพ็ญ","0","0","0.00","0","0","0.00"
"11026  :  โรงพยาบาลสร้างคอม","0","0","0.00","38","0","0.00"
"11027  :  โรงพยาบาลหนองแสง","0","0","0.00","0","0","0.00"
"11028  :  โรงพยาบาลนายูง","0","0","0.00","54","2","3.70"
"11029  :  โรงพยาบาลพิบูลย์รักษ์","0","0","0.00","19","14","73.68"
"11446  :  โรงพยาบาลสมเด็จพระยุพราชบ้านดุง","0","0","0.00","0","0","0.00"
"11501  :  โรงพยาบาลค่ายประจักษ์ศิลปาคม","0","0","0.00","0","0","0.00"
"12276  :  โรงพยาบาลมะเร็งอุดรธานี","0","0","0.00","0","0","0.00"
"23951  :  โรงพยาบาลธัญญารักษ์อุดรธานี","0","0","0.00","0","0","0.00"
"25058  :  โรงพยาบาลกู่แก้ว","0","0","0.00","0","0","0.00"
"25059  :  โรงพยาบาลประจักษ์ศิลปาคม","0","0","0.00","0","0","0.00"
"10705  :  โรงพยาบาลเลย","133","11","8.27","723","48","6.64"
"11030  :  โรงพยาบาลนาด้วง","73","42","57.53","43","23","53.49"
"11031  :  โรงพยาบาลเชียงคาน","65","2","3.08","141","9","6.38"
"11032  :  โรงพยาบาลปากชม","0","0","0.00","79","55","69.62"
"11033  :  โรงพยาบาลนาแห้ว","0","0","0.00","30","9","30.00"
"11034  :  โรงพยาบาลภูเรือ","0","0","0.00","105","29","27.62"
"11035  :  โรงพยาบาลท่าลี่","0","0","0.00","119","16","13.45"
"11036  :  โรงพยาบาลวังสะพุง","0","0","0.00","278","107","38.49"
"11037  :  โรงพยาบาลภูกระดึง","0","0","0.00","149","71","47.65"
"11038  :  โรงพยาบาลภูหลวง","0","0","0.00","93","60","64.52"
"11039  :  โรงพยาบาลผาขาว","0","0","0.00","128","64","50.00"
"11447  :  โรงพยาบาลสมเด็จพระยุพราชด่านซ้าย","0","0","0.00","148","91","61.49"
"14133  :  โรงพยาบาลเอราวัณ","0","0","0.00","210","104","49.52"
"14644  :  โรงพยาบาลจิตเวชเลยราชนครินทร์","0","0","0.00","0","0","0.00"
"28861  :  โรงพยาบาลหนองหิน","0","0","0.00","274","34","12.41"
"10706  :  โรงพยาบาลหนองคาย","0","0","0.00","327","0","0.00"
"11042  :  โรงพยาบาลโพนพิสัย","0","0","0.00","111","51","45.95"
"11044  :  โรงพยาบาลศรีเชียงใหม่","0","0","0.00","141","1","0.71"
"11045  :  โรงพยาบาลสังคม","0","0","0.00","107","1","0.93"
"11448  :  โรงพยาบาลสมเด็จพระยุพราชท่าบ่อ","0","0","0.00","241","0","0.00"
"14558  :  โรงพยาบาลพิสัยเวช","0","0","0.00","0","0","0.00"
"21356  :  โรงพยาบาลสระใคร","0","0","0.00","31","0","0.00"
"28778  :  โรงพยาบาลโพธิ์ตาก","0","0","0.00","0","0","0.00"
"28811  :  โรงพยาบาลเฝ้าไร่","0","0","0.00","57","0","0.00"
"28815  :  โรงพยาบาลรัตนวาปี","0","0","0.00","4","0","0.00"
"10707  :  โรงพยาบาลมหาสารคาม","0","0","0.00","0","0","0.00"
"11051  :  โรงพยาบาลแกดำ","0","0","0.00","23","0","0.00"
"11052  :  โรงพยาบาลโกสุมพิสัย","0","0","0.00","373","179","47.99"
"11053  :  โรงพยาบาลกันทรวิชัย","0","0","0.00","129","83","64.34"
"11054  :  โรงพยาบาลเชียงยืน","0","0","0.00","286","26","9.09"
"11055  :  โรงพยาบาลบรบือ","31","0","0.00","244","18","7.38"
"11056  :  โรงพยาบาลนาเชือก","52","17","32.69","198","27","13.64"
"11057  :  โรงพยาบาลพยัคฆภูมิพิสัย","57","40","70.18","439","330","75.17"
"11058  :  โรงพยาบาลวาปีปทุม","54","7","12.96","379","270","71.24"
"11059  :  โรงพยาบาลนาดูน","0","0","0.00","65","41","63.08"
"11060  :  โรงพยาบาลยางสีสุราช","0","0","0.00","64","23","35.94"
"22953  :  โรงพยาบาลสุทธาเวช คณะแพทยศาสตร์ มหาวิทยาลัยมหาสารคาม","0","0","0.00","187","8","4.28"
"24704  :  โรงพยาบาลกุดรัง","0","0","0.00","0","0","0.00"
"28843  :  โรงพยาบาลชื่นชม","0","0","0.00","0","0","0.00"
"10708  :  โรงพยาบาลร้อยเอ็ด","0","0","0.00","0","0","0.00"
"11061  :  โรงพยาบาลเกษตรวิสัย","0","0","0.00","252","11","4.37"
"11062  :  โรงพยาบาลปทุมรัตต์","0","0","0.00","225","99","44.00"
"11063  :  โรงพยาบาลจตุรพักตรพิมาน","0","0","0.00","189","13","6.88"
"11064  :  โรงพยาบาลธวัชบุรี","0","0","0.00","36","0","0.00"
"11065  :  โรงพยาบาลพนมไพร","0","0","0.00","230","142","61.74"
"11066  :  โรงพยาบาลโพนทอง","0","0","0.00","404","18","4.46"
"11067  :  โรงพยาบาลโพธิ์ชัย","0","0","0.00","124","58","46.77"
"11068  :  โรงพยาบาลหนองพอก","34","0","0.00","251","36","14.34"
"11069  :  โรงพยาบาลเสลภูมิ","0","0","0.00","456","144","31.58"
"11070  :  โรงพยาบาลสุวรรณภูมิ","1","0","0.00","411","13","3.16"
"11071  :  โรงพยาบาลเมืองสรวง","0","0","0.00","96","71","73.96"
"11072  :  โรงพยาบาลโพนทราย","0","0","0.00","68","40","58.82"
"11073  :  โรงพยาบาลอาจสามารถ","0","0","0.00","193","20","10.36"
"11074  :  โรงพยาบาลเมยวดี","0","0","0.00","73","40","54.79"
"11075  :  โรงพยาบาลศรีสมเด็จ","0","0","0.00","121","86","71.07"
"11076  :  โรงพยาบาลจังหาร","0","0","0.00","27","22","81.48"
"11504  :  โรงพยาบาลค่ายสมเด็จพระพุทธยอดฟ้าจุฬาโลกมหาราช","0","0","0.00","0","0","0.00"
"11964  :  โรงพยาบาลทั่วไปขนาดใหญ่จุรีเวช","0","0","0.00","0","0","0.00"
"27988  :  โรงพยาบาลทุ่งเขาหลวง","0","0","0.00","1","1","100.00"
"27989  :  โรงพยาบาลเชียงขวัญ","0","0","0.00","9","5","55.56"
"27990  :  โรงพยาบาลหนองฮี","0","0","0.00","14","10","71.43"
"10709  :  โรงพยาบาลกาฬสินธุ์","0","0","0.00","378","22","5.82"
"11077  :  โรงพยาบาลนามน","0","0","0.00","142","21","14.79"
"11078  :  โรงพยาบาลกมลาไสย","16","3","18.75","206","25","12.14"
"11079  :  โรงพยาบาลร่องคำ","69","3","4.35","61","2","3.28"
"11080  :  โรงพยาบาลเขาวง","0","0","0.00","186","129","69.35"
"11081  :  โรงพยาบาลยางตลาด","0","0","0.00","203","3","1.48"
"11082  :  โรงพยาบาลห้วยเม็ก","0","0","0.00","0","0","0.00"
"11083  :  โรงพยาบาลสหัสขันธ์","0","0","0.00","30","21","70.00"
"11084  :  โรงพยาบาลคำม่วง","0","0","0.00","187","2","1.07"
"11085  :  โรงพยาบาลท่าคันโท","27","0","0.00","132","6","4.55"
"11086  :  โรงพยาบาลหนองกุงศรี","0","0","0.00","188","1","0.53"
"11087  :  โรงพยาบาลสมเด็จ","0","0","0.00","399","29","7.27"
"11088  :  โรงพยาบาลห้วยผึ้ง","0","0","0.00","178","33","18.54"
"11449  :  โรงพยาบาลสมเด็จพระยุพราชกุฉินารายณ์","0","0","0.00","398","62","15.58"
"11965  :  โรงพยาบาลธีรวัฒน์","0","0","0.00","0","0","0.00"
"28017  :  โรงพยาบาลนาคู","0","0","0.00","58","32","55.17"
"28789  :  โรงพยาบาลฆ้องชัย","0","0","0.00","24","21","87.50"
"28790  :  โรงพยาบาลดอนจาน","0","0","0.00","41","31","75.61"
"28791  :  โรงพยาบาลสามชัย","0","0","0.00","61","38","62.30"
"10710  :  โรงพยาบาลสกลนคร","0","0","0.00","0","0","0.00"
"11089  :  โรงพยาบาลกุสุมาลย์","0","0","0.00","182","45","24.73"
"11090  :  โรงพยาบาลกุดบาก","0","0","0.00","119","0","0.00"
"11091  :  โรงพยาบาลพระอาจารย์ฝั้นอาจาโร","0","0","0.00","197","0","0.00"
"11092  :  โรงพยาบาลพังโคน","0","0","0.00","300","2","0.67"
"11093  :  โรงพยาบาลวาริชภูมิ","29","11","37.93","187","10","5.35"
"11094  :  โรงพยาบาลนิคมน้ำอูน","0","0","0.00","50","2","4.00"
"11095  :  โรงพยาบาลวานรนิวาส","0","0","0.00","349","212","60.74"
"11096  :  โรงพยาบาลคำตากล้า","149","62","41.61","74","6","8.11"
"11097  :  โรงพยาบาลบ้านม่วง","0","0","0.00","175","0","0.00"
"11098  :  โรงพยาบาลอากาศอำนวย","0","0","0.00","200","69","34.50"
"11099  :  โรงพยาบาลส่องดาว","0","0","0.00","143","97","67.83"
"11100  :  โรงพยาบาลเต่างอย","0","0","0.00","59","30","50.85"
"11101  :  โรงพยาบาลโคกศรีสุพรรณ","0","0","0.00","134","48","35.82"
"11102  :  โรงพยาบาลเจริญศิลป์","0","0","0.00","0","0","0.00"
"11103  :  โรงพยาบาลโพนนาแก้ว","0","0","0.00","48","2","4.17"
"11450  :  โรงพยาบาลสมเด็จพระยุพราชสว่างแดนดิน","0","0","0.00","713","290","40.67"
"11505  :  โรงพยาบาลค่ายกฤษณ์สีวะรา","0","0","0.00","160","0","0.00"
"21323  :  โรงพยาบาลพระอาจารย์แบน  ธนากโร","0","0","0.00","45","5","11.11"
"24976  :  โรงพยาบาลการแพทย์แผนไทยสกลนคร หลวงปู่แฟ๊ป สุภัทโท","0","0","0.00","0","0","0.00"
"10711  :  โรงพยาบาลนครพนม","68","0","0.00","0","0","0.00"
"11104  :  โรงพยาบาลปลาปาก","0","0","0.00","172","98","56.98"
"11105  :  โรงพยาบาลท่าอุเทน","0","0","0.00","64","12","18.75"
"11106  :  โรงพยาบาลบ้านแพง","0","0","0.00","203","0","0.00"
"11107  :  โรงพยาบาลนาทม","0","0","0.00","60","38","63.33"
"11108  :  โรงพยาบาลเรณูนคร","0","0","0.00","0","0","0.00"
"11109  :  โรงพยาบาลนาแก","0","0","0.00","342","48","14.04"
"11110  :  โรงพยาบาลศรีสงคราม","0","0","0.00","281","6","2.14"
"11111  :  โรงพยาบาลนาหว้า","0","0","0.00","201","17","8.46"
"11112  :  โรงพยาบาลโพนสวรรค์","0","0","0.00","114","52","45.61"
"11451  :  โรงพยาบาลสมเด็จพระยุพราชธาตุพนม","0","0","0.00","11","7","63.64"
"12277  :  โรงพยาบาลจิตเวชนครพนมราชนครินทร์","0","0","0.00","0","0","0.00"
"40840  :  โรงพยาบาลวังยาง","0","0","0.00","31","8","25.81"
"10712  :  โรงพยาบาลมุกดาหาร","106","24","22.64","671","124","18.48"
"11113  :  โรงพยาบาลนิคมคำสร้อย","0","0","0.00","84","10","11.90"
"11114  :  โรงพยาบาลดอนตาล","0","0","0.00","130","54","41.54"
"11115  :  โรงพยาบาลดงหลวง","0","0","0.00","115","2","1.74"
"11116  :  โรงพยาบาลคำชะอี","47","23","48.94","151","86","56.95"
"11117  :  โรงพยาบาลหว้านใหญ่","0","0","0.00","28","5","17.86"
"11118  :  โรงพยาบาลหนองสูง","0","0","0.00","37","16","43.24"
"06009  :  โรงพยาบาลแม่ตื่น","0","0","0.00","0","0","0.00"
"10713  :  โรงพยาบาลนครพิงค์","0","0","0.00","0","0","0.00"
"11119  :  โรงพยาบาลจอมทอง","0","0","0.00","0","0","0.00"
"11120  :  โรงพยาบาลเทพรัตนเวชชานุกูล เฉลิมพระเกียรติ ๖๐ พรรษา","0","0","0.00","0","0","0.00"
"11121  :  โรงพยาบาลเชียงดาว","0","0","0.00","10","1","10.00"
"11122  :  โรงพยาบาลดอยสะเก็ด","0","0","0.00","0","0","0.00"
"11123  :  โรงพยาบาลแม่แตง","0","0","0.00","0","0","0.00"
"11124  :  โรงพยาบาลสะเมิง","0","0","0.00","0","0","0.00"
"11125  :  โรงพยาบาลฝาง","0","0","0.00","0","0","0.00"
"11126  :  โรงพยาบาลแม่อาย","0","0","0.00","0","0","0.00"
"11127  :  โรงพยาบาลพร้าว","0","0","0.00","0","0","0.00"
"11128  :  โรงพยาบาลสันป่าตอง","0","0","0.00","0","0","0.00"
"11129  :  โรงพยาบาลสันกำแพง","0","0","0.00","0","0","0.00"
"11130  :  โรงพยาบาลสันทราย","0","0","0.00","0","0","0.00"
"11131  :  โรงพยาบาลหางดง","0","0","0.00","0","0","0.00"
"11132  :  โรงพยาบาลฮอด","0","0","0.00","0","0","0.00"
"11133  :  โรงพยาบาลดอยเต่า","0","0","0.00","0","0","0.00"
"11134  :  โรงพยาบาลอมก๋อย","0","0","0.00","0","0","0.00"
"11135  :  โรงพยาบาลสารภี","0","0","0.00","0","0","0.00"
"11136  :  โรงพยาบาลเวียงแหง","0","0","0.00","0","0","0.00"
"11137  :  โรงพยาบาลไชยปราการ","0","0","0.00","0","0","0.00"
"11138  :  โรงพยาบาลแม่วาง","0","0","0.00","0","0","0.00"
"11139  :  โรงพยาบาลแม่ออน","0","0","0.00","0","0","0.00"
"11507  :  โรงพยาบาลกองบิน 41","0","0","0.00","0","0","0.00"
"11508  :  โรงพยาบาลค่ายกาวิละ เชียงใหม่","0","0","0.00","0","0","0.00"
"11643  :  โรงพยาบาลดอยหล่อ","0","0","0.00","0","0","0.00"
"11978  :  โรงพยาบาลดารารัศมี","0","0","0.00","0","0","0.00"
"11992  :  โรงพยาบาลเทพปัญญา 2 โรงพยาบาลทั่วไปขนาดกลาง","0","0","0.00","0","0","0.00"
"11995  :  โรงพยาบาลทั่วไปขนาดใหญ่เซ็นทรัลเชียงใหม่ เมโมเรียล","0","0","0.00","0","0","0.00"
"11999  :  โรงพยาบาลทั่วไปขนาดใหญ่เชียงใหม่เมดิคอลเซ็นเตอร์","0","0","0.00","0","0","0.00"
"12279  :  โรงพยาบาลส่งเสริมสุขภาพ ศูนย์อนามัยที่ 1","0","0","0.00","0","0","0.00"
"12280  :  โรงพยาบาลสวนปรุง","0","0","0.00","0","0","0.00"
"12281  :  โรงพยาบาลประสาทเชียงใหม่","0","0","0.00","0","0","0.00"
"13775  :  สถาบันพัฒนาการเด็กราชนครินทร์","0","0","0.00","0","0","0.00"
"13780  :  โรงพยาบาลมหาราชนครเชียงใหม่  มหาวิทยาลัยเชียงใหม่","0","0","0.00","0","0","0.00"
"13785  :  โรงพยาบาลธัญญารักษ์เชียงใหม่","0","0","0.00","0","0","0.00"
"14550  :  โรงพยาบาลทั่วไปขนาดใหญ่ เชียงใหม่ใกล้หมอ","0","0","0.00","0","0","0.00"
"14916  :  โรงพยาบาลทั่วไปขนาดกลางเชียงใหม่ฮอสพิทอล","0","0","0.00","0","0","0.00"
"23736  :  โรงพยาบาลวัดจันทร์ เฉลิมพระเกียรติ 80 พรรษา","0","0","0.00","0","0","0.00"
"10714  :  โรงพยาบาลลำพูน","0","0","0.00","26","1","3.85"
"11140  :  โรงพยาบาลแม่ทา","0","0","0.00","0","0","0.00"
"11141  :  โรงพยาบาลบ้านโฮ่ง","0","0","0.00","0","0","0.00"
"11142  :  โรงพยาบาลลี้","0","0","0.00","0","0","0.00"
"11143  :  โรงพยาบาลทุ่งหัวช้าง","0","0","0.00","0","0","0.00"
"11144  :  โรงพยาบาลป่าซาง","0","0","0.00","0","0","0.00"
"11145  :  โรงพยาบาลบ้านธิ","0","0","0.00","0","0","0.00"
"12000  :  โรงพยาบาลหริภุญชัยเมโมเรียล","0","0","0.00","0","0","0.00"
"14555  :  โรงพยาบาลทั่วไปขนาดกลางศิริเวช ลำพูน","0","0","0.00","0","0","0.00"
"24956  :  โรงพยาบาลเวียงหนองล่อง","0","0","0.00","0","0","0.00"
"10672  :  โรงพยาบาลลำปาง","0","0","0.00","1,076","11","1.02"
"11146  :  โรงพยาบาลแม่เมาะ","0","0","0.00","0","0","0.00"
"11147  :  โรงพยาบาลเกาะคา","0","0","0.00","107","23","21.50"
"11148  :  โรงพยาบาลเสริมงาม","0","0","0.00","0","0","0.00"
"11149  :  โรงพยาบาลงาว","0","0","0.00","0","0","0.00"
"11150  :  โรงพยาบาลแจ้ห่ม","0","0","0.00","0","0","0.00"
"11151  :  โรงพยาบาลวังเหนือ","0","0","0.00","0","0","0.00"
"11152  :  โรงพยาบาลเถิน","0","0","0.00","0","0","0.00"
"11153  :  โรงพยาบาลแม่พริก","0","0","0.00","0","0","0.00"
"11154  :  โรงพยาบาลแม่ทะ","0","0","0.00","0","0","0.00"
"11155  :  โรงพยาบาลสบปราบ","0","0","0.00","0","0","0.00"
"11156  :  โรงพยาบาลห้างฉัตร","0","0","0.00","0","0","0.00"
"11157  :  โรงพยาบาลเมืองปาน","0","0","0.00","0","0","0.00"
"11512  :  โรงพยาบาลค่ายสุรศักดิ์มนตรี","0","0","0.00","0","0","0.00"
"12283  :  โรงพยาบาลมะเร็งลำปาง","0","0","0.00","0","0","0.00"
"10673  :  โรงพยาบาลอุตรดิตถ์","24","9","37.50","577","199","34.49"
"11158  :  โรงพยาบาลตรอน","0","0","0.00","62","11","17.74"
"11159  :  โรงพยาบาลท่าปลา","0","0","0.00","114","76","66.67"
"11160  :  โรงพยาบาลน้ำปาด","0","0","0.00","207","5","2.42"
"11161  :  โรงพยาบาลฟากท่า","0","0","0.00","37","20","54.05"
"11162  :  โรงพยาบาลบ้านโคก","0","0","0.00","32","0","0.00"
"11163  :  โรงพยาบาลพิชัย","0","0","0.00","228","115","50.44"
"11164  :  โรงพยาบาลลับแล","66","35","53.03","13","4","30.77"
"11165  :  โรงพยาบาลทองแสนขัน","0","0","0.00","42","16","38.10"
"11509  :  โรงพยาบาลค่ายพิชัยดาบหัก","0","0","0.00","0","0","0.00"
"10715  :  โรงพยาบาลแพร่","0","0","0.00","0","0","0.00"
"11166  :  โรงพยาบาลร้องกวาง","0","0","0.00","18","9","50.00"
"11167  :  โรงพยาบาลลอง","42","15","35.71","154","37","24.03"
"11169  :  โรงพยาบาลสูงเม่น","0","0","0.00","0","0","0.00"
"11170  :  โรงพยาบาลสอง","0","0","0.00","173","103","59.54"
"11171  :  โรงพยาบาลวังชิ้น","23","0","0.00","62","9","14.52"
"11172  :  โรงพยาบาลหนองม่วงไข่","0","0","0.00","3","0","0.00"
"11452  :  โรงพยาบาลสมเด็จพระยุพราชเด่นชัย","32","16","50.00","88","33","37.50"
"10716  :  โรงพยาบาลน่าน","139","52","37.41","709","126","17.77"
"11173  :  โรงพยาบาลแม่จริม","0","0","0.00","63","35","55.56"
"11174  :  โรงพยาบาลบ้านหลวง","0","0","0.00","29","20","68.97"
"11175  :  โรงพยาบาลนาน้อย","0","0","0.00","101","3","2.97"
"11176  :  โรงพยาบาลท่าวังผา","0","0","0.00","128","16","12.50"
"11177  :  โรงพยาบาลเวียงสา","16","8","50.00","179","98","54.75"
"11178  :  โรงพยาบาลทุ่งช้าง","0","0","0.00","29","19","65.52"
"11179  :  โรงพยาบาลเชียงกลาง","0","0","0.00","73","53","72.60"
"11180  :  โรงพยาบาลนาหมื่น","0","0","0.00","34","5","14.71"
"11181  :  โรงพยาบาลสันติสุข","0","0","0.00","46","26","56.52"
"11182  :  โรงพยาบาลบ่อเกลือ","0","0","0.00","46","21","45.65"
"11183  :  โรงพยาบาลสองแคว","0","0","0.00","39","2","5.13"
"11453  :  โรงพยาบาลสมเด็จพระยุพราชปัว","0","0","0.00","87","38","43.68"
"11510  :  โรงพยาบาลค่ายสุริยพงษ์","0","0","0.00","0","0","0.00"
"11625  :  โรงพยาบาลเฉลิมพระเกียรติ","0","0","0.00","9","5","55.56"
"25017  :  โรงพยาบาลภูเพียง","0","0","0.00","0","0","0.00"
"10717  :  โรงพยาบาลพะเยา","0","0","0.00","0","0","0.00"
"10718  :  โรงพยาบาลเชียงคำ","0","0","0.00","0","0","0.00"
"11184  :  โรงพยาบาลจุน","0","0","0.00","91","52","57.14"
"11185  :  โรงพยาบาลเชียงม่วน","0","0","0.00","0","0","0.00"
"11186  :  โรงพยาบาลดอกคำใต้","0","0","0.00","48","31","64.58"
"11187  :  โรงพยาบาลปง","0","0","0.00","44","17","38.64"
"11188  :  โรงพยาบาลแม่ใจ","0","0","0.00","0","0","0.00"
"15140  :  โรงพยาบาลค่ายขุนเจืองธรรมิกราช","0","0","0.00","0","0","0.00"
"40744  :  โรงพยาบาลภูซาง","0","0","0.00","0","0","0.00"
"40745  :  โรงพยาบาลภูกามยาว","0","0","0.00","0","0","0.00"
"41347  :  โรงพยาบาลมหาวิทยาลัยพะเยา","0","0","0.00","0","0","0.00"
"10674  :  โรงพยาบาลเชียงรายประชานุเคราะห์","239","20","8.37","803","276","34.37"
"11189  :  โรงพยาบาลเทิง","0","0","0.00","367","90","24.52"
"11190  :  โรงพยาบาลพาน","0","0","0.00","0","0","0.00"
"11191  :  โรงพยาบาลป่าแดด","0","0","0.00","46","26","56.52"
"11192  :  โรงพยาบาลแม่จัน","0","0","0.00","0","0","0.00"
"11193  :  โรงพยาบาลเชียงแสน","0","0","0.00","91","11","12.09"
"11194  :  โรงพยาบาลแม่สาย","0","0","0.00","354","16","4.52"
"11195  :  โรงพยาบาลแม่สรวย","0","0","0.00","66","36","54.55"
"11196  :  โรงพยาบาลเวียงป่าเป้า","51","39","76.47","122","37","30.33"
"11197  :  โรงพยาบาลพญาเม็งราย","0","0","0.00","69","16","23.19"
"11198  :  โรงพยาบาลเวียงแก่น","0","0","0.00","68","14","20.59"
"11199  :  โรงพยาบาลขุนตาล","0","0","0.00","21","0","0.00"
"11200  :  โรงพยาบาลแม่ฟ้าหลวง","0","0","0.00","54","28","51.85"
"11201  :  โรงพยาบาลแม่ลาว","0","0","0.00","13","6","46.15"
"11202  :  โรงพยาบาลเวียงเชียงรุ้ง","0","0","0.00","56","40","71.43"
"11454  :  โรงพยาบาลสมเด็จพระยุพราชเชียงของ","0","0","0.00","310","2","0.65"
"15012  :  โรงพยาบาลสมเด็จพระญาณสังวร","0","0","0.00","12","5","41.67"
"23429  :  โรงพยาบาลมหาวิทยาลัยแม่ฟ้าหลวง","0","0","0.00","0","0","0.00"
"28823  :  โรงพยาบาลดอยหลวง","0","0","0.00","0","0","0.00"
"41509  :  โรงพยาบาลศูนย์การแพทย์มหาวิทยาลัยแม่ฟ้าหลวง","0","0","0.00","0","0","0.00"
"10719  :  โรงพยาบาลศรีสังวาลย์","0","0","0.00","153","15","9.80"
"11203  :  โรงพยาบาลขุนยวม","0","0","0.00","110","2","1.82"
"11204  :  โรงพยาบาลปาย","0","0","0.00","140","18","12.86"
"11205  :  โรงพยาบาลแม่สะเรียง","0","0","0.00","318","194","61.01"
"11206  :  โรงพยาบาลแม่ลาน้อย","0","0","0.00","52","36","69.23"
"11207  :  โรงพยาบาลสบเมย","0","0","0.00","32","1","3.13"
"11208  :  โรงพยาบาลปางมะผ้า","0","0","0.00","94","0","0.00"
"14197  :  โรงพยาบาลธัญญรักษ์แม่ฮ่องสอน","0","0","0.00","0","0","0.00"
"10675  :  โรงพยาบาลสวรรค์ประชารักษ์","529","142","26.84","1,194","198","16.58"
"11209  :  โรงพยาบาลโกรกพระ","0","0","0.00","86","55","63.95"
"11210  :  โรงพยาบาลชุมแสง","0","0","0.00","204","57","27.94"
"11211  :  โรงพยาบาลหนองบัว","0","0","0.00","194","120","61.86"
"11212  :  โรงพยาบาลบรรพตพิสัย","0","0","0.00","122","60","49.18"
"11213  :  โรงพยาบาลเก้าเลี้ยว","0","0","0.00","74","38","51.35"
"11214  :  โรงพยาบาลตาคลี","0","0","0.00","128","9","7.03"
"11215  :  โรงพยาบาลท่าตะโก","0","0","0.00","232","94","40.52"
"11216  :  โรงพยาบาลไพศาลี","0","0","0.00","105","31","29.52"
"11217  :  โรงพยาบาลพยุหะคีรี","0","0","0.00","251","44","17.53"
"11218  :  โรงพยาบาลลาดยาว","0","0","0.00","220","115","52.27"
"11219  :  โรงพยาบาลตากฟ้า","0","0","0.00","202","93","46.04"
"11220  :  โรงพยาบาลแม่วงก์","0","0","0.00","41","11","26.83"
"11513  :  โรงพยาบาลค่ายจิรประวัติ","0","0","0.00","0","0","0.00"
"12030  :  โรงพยาบาลพริ้นซ์ ปากน้ำโพ 1 โรงพยาบาลทั่วไปขนาดใหญ่","0","0","0.00","0","0","0.00"
"12033  :  โรงพยาบาลรวมแพทย์นครสวรรค์","0","0","0.00","0","0","0.00"
"12034  :  โรงพยาบาลพริ้นซ์ ปากน้ำโพ 2 โรงพยาบาลทั่วไปขนาดใหญ่","0","0","0.00","0","0","0.00"
"12042  :  โรงพยาบาลร่มฉัตร","0","0","0.00","0","0","0.00"
"12044  :  โรงพยาบาลศรีสวรรค์","0","0","0.00","0","0","0.00"
"12284  :  โรงพยาบาลส่งเสริมสุขภาพ ศูนย์อนามัยที่ 3","0","0","0.00","0","0","0.00"
"14171  :  โรงพยาบาลจิตเวชนครสวรรค์ราชนครินทร์","0","0","0.00","0","0","0.00"
"40749  :  โรงพยาบาลชุมตาบง","0","0","0.00","0","0","0.00"
"10720  :  โรงพยาบาลอุทัยธานี","0","0","0.00","0","0","0.00"
"11221  :  โรงพยาบาลทัพทัน","0","0","0.00","96","51","53.13"
"11222  :  โรงพยาบาลสว่างอารมณ์","0","0","0.00","71","44","61.97"
"11223  :  โรงพยาบาลหนองฉาง","0","0","0.00","99","5","5.05"
"11224  :  โรงพยาบาลหนองขาหย่าง","0","0","0.00","25","9","36.00"
"11225  :  โรงพยาบาลบ้านไร่","0","0","0.00","171","18","10.53"
"11226  :  โรงพยาบาลลานสัก","0","0","0.00","152","31","20.39"
"11227  :  โรงพยาบาลห้วยคต","0","0","0.00","74","40","54.05"
"10721  :  โรงพยาบาลกำแพงเพชร","0","0","0.00","0","0","0.00"
"11228  :  โรงพยาบาลทุ่งโพธิ์ทะเล","0","0","0.00","90","40","44.44"
"11229  :  โรงพยาบาลไทรงาม","0","0","0.00","96","53","55.21"
"11230  :  โรงพยาบาลคลองลาน","0","0","0.00","207","114","55.07"
"11231  :  โรงพยาบาลขาณุวรลักษบุรี","0","0","0.00","37","12","32.43"
"11232  :  โรงพยาบาลคลองขลุง","0","0","0.00","73","21","28.77"
"11233  :  โรงพยาบาลพรานกระต่าย","0","0","0.00","18","10","55.56"
"11234  :  โรงพยาบาลลานกระบือ","43","0","0.00","212","1","0.47"
"11235  :  โรงพยาบาลทรายทองวัฒนา","0","0","0.00","53","31","58.49"
"11236  :  โรงพยาบาลปางศิลาทอง","0","0","0.00","32","23","71.88"
"14135  :  โรงพยาบาลบึงสามัคคี","0","0","0.00","27","16","59.26"
"28010  :  โรงพยาบาลโกสัมพีนคร","0","0","0.00","24","19","79.17"
"10722  :  โรงพยาบาลสมเด็จพระเจ้าตากสินมหาราช","121","15","12.40","237","10","4.22"
"10723  :  โรงพยาบาลแม่สอด","0","0","0.00","83","27","32.53"
"11238  :  โรงพยาบาลบ้านตาก","0","0","0.00","104","34","32.69"
"11239  :  โรงพยาบาลสามเงา","0","0","0.00","97","40","41.24"
"11240  :  โรงพยาบาลแม่ระมาด","0","0","0.00","170","43","25.29"
"11241  :  โรงพยาบาลท่าสองยาง","0","0","0.00","183","25","13.66"
"11242  :  โรงพยาบาลพบพระ","99","19","19.19","231","63","27.27"
"11243  :  โรงพยาบาลอุ้มผาง","0","0","0.00","68","0","0.00"
"27443  :  โรงพยาบาลวังเจ้า","0","0","0.00","1","0","0.00"
"10724  :  โรงพยาบาลสุโขทัย","0","0","0.00","0","0","0.00"
"10725  :  โรงพยาบาลศรีสังวรสุโขทัย","0","0","0.00","0","0","0.00"
"11244  :  โรงพยาบาลบ้านด่านลานหอย","0","0","0.00","160","96","60.00"
"11245  :  โรงพยาบาลคีรีมาศ","33","25","75.76","24","12","50.00"
"11246  :  โรงพยาบาลกงไกรลาศ","0","0","0.00","0","0","0.00"
"11247  :  โรงพยาบาลศรีสัชนาลัย","0","0","0.00","157","0","0.00"
"11248  :  โรงพยาบาลสวรรคโลก","0","0","0.00","0","0","0.00"
"11249  :  โรงพยาบาลศรีนคร","0","0","0.00","156","109","69.87"
"11250  :  โรงพยาบาลทุ่งเสลี่ยม","0","0","0.00","192","107","55.73"
"10676  :  โรงพยาบาลพุทธชินราช","0","0","0.00","0","0","0.00"
"11251  :  โรงพยาบาลชาติตระการ","0","0","0.00","98","35","35.71"
"11252  :  โรงพยาบาลบางระกำ","0","0","0.00","217","0","0.00"
"11253  :  โรงพยาบาลบางกระทุ่ม","0","0","0.00","89","1","1.12"
"11254  :  โรงพยาบาลพรหมพิราม","111","72","64.86","51","38","74.51"
"11255  :  โรงพยาบาลวัดโบสถ์","0","0","0.00","109","6","5.50"
"11256  :  โรงพยาบาลวังทอง","0","0","0.00","0","0","0.00"
"11257  :  โรงพยาบาลเนินมะปราง","0","0","0.00","223","29","13.00"
"11455  :  โรงพยาบาลสมเด็จพระยุพราชนครไทย","0","0","0.00","227","103","45.37"
"11517  :  โรงพยาบาลค่ายสมเด็จพระนเรศวร","0","0","0.00","0","0","0.00"
"14972  :  โรงพยาบาลมหาวิทยาลัยนเรศวร","0","0","0.00","0","0","0.00"
"41429  :  โรงพยาบาลจิตเวชพิษณุโลก","0","0","0.00","0","0","0.00"
"10726  :  โรงพยาบาลพิจิตร","152","16","10.53","693","139","20.06"
"11258  :  โรงพยาบาลวังทรายพูน","0","0","0.00","58","39","67.24"
"11259  :  โรงพยาบาลโพธิ์ประทับช้าง","0","0","0.00","55","27","49.09"
"11260  :  โรงพยาบาลบางมูลนาก","0","0","0.00","0","0","0.00"
"11261  :  โรงพยาบาลโพทะเล","0","0","0.00","138","77","55.80"
"11262  :  โรงพยาบาลสามง่าม","0","0","0.00","54","27","50.00"
"11263  :  โรงพยาบาลทับคล้อ","0","0","0.00","62","20","32.26"
"11456  :  โรงพยาบาลสมเด็จพระยุพราชตะพานหิน","0","0","0.00","0","0","0.00"
"11631  :  โรงพยาบาลวชิรบารมี","0","0","0.00","28","13","46.43"
"27978  :  โรงพยาบาลสากเหล็ก","0","0","0.00","49","40","81.63"
"27979  :  โรงพยาบาลบึงนาราง","0","0","0.00","0","0","0.00"
"27980  :  โรงพยาบาลดงเจริญ","0","0","0.00","0","0","0.00"
"10727  :  โรงพยาบาลเพชรบูรณ์","201","0","0.00","408","2","0.49"
"11264  :  โรงพยาบาลชนแดน","0","0","0.00","349","4","1.15"
"11265  :  โรงพยาบาลหล่มสัก","97","1","1.03","496","36","7.26"
"11266  :  โรงพยาบาลวิเชียรบุรี","0","0","0.00","23","6","26.09"
"11267  :  โรงพยาบาลศรีเทพ","0","0","0.00","170","57","33.53"
"11268  :  โรงพยาบาลหนองไผ่","0","0","0.00","339","14","4.13"
"11269  :  โรงพยาบาลบึงสามพัน","0","0","0.00","467","1","0.21"
"11270  :  โรงพยาบาลน้ำหนาว","0","0","0.00","68","35","51.47"
"11271  :  โรงพยาบาลวังโป่ง","0","0","0.00","94","55","58.51"
"11272  :  โรงพยาบาลเขาค้อ","0","0","0.00","0","0","0.00"
"11457  :  โรงพยาบาลสมเด็จพระยุพราชหล่มเก่า","0","0","0.00","355","107","30.14"
"11946  :  โรงพยาบาลค่ายพ่อขุนผาเมือง","0","0","0.00","0","0","0.00"
"10677  :  โรงพยาบาลราชบุรี","0","0","0.00","0","0","0.00"
"10728  :  โรงพยาบาลดำเนินสะดวก","0","0","0.00","0","0","0.00"
"10729  :  โรงพยาบาลบ้านโป่ง","0","0","0.00","0","0","0.00"
"10730  :  โรงพยาบาลโพธาราม","106","65","61.32","489","262","53.58"
"11273  :  โรงพยาบาลสวนผึ้ง","0","0","0.00","104","59","56.73"
"11274  :  โรงพยาบาลบางแพ","0","0","0.00","70","38","54.29"
"11275  :  โรงพยาบาลเจ็ดเสมียน","0","0","0.00","50","32","64.00"
"11276  :  โรงพยาบาลปากท่อ","0","0","0.00","128","58","45.31"
"11277  :  โรงพยาบาลวัดเพลง","0","0","0.00","127","92","72.44"
"11458  :  โรงพยาบาลสมเด็จพระยุพราชจอมบึง","0","0","0.00","320","224","70.00"
"11519  :  โรงพยาบาลค่ายภาณุรังษี","0","0","0.00","73","1","1.37"
"12093  :  สถานพยาบาลแพทย์ประดิษฐ์","0","0","0.00","0","0","0.00"
"12097  :  มหาชัยพร้อมแพทย์โรงพยาบาลทั่วไปขนาดกลาง","0","0","0.00","0","0","0.00"
"12098  :  โรงพยาบาลกรุงเทพเมืองราชโรงพยาบาลทั่วไปขนาดใหญ่","0","0","0.00","0","0","0.00"
"12103  :  โรงพยาบาลซานคามิลโล","0","0","0.00","0","0","0.00"
"12286  :  โรงพยาบาลส่งเสริมสุขภาพ ศูนย์อนามัยที่ 5","0","0","0.00","0","0","0.00"
"28858  :  โรงพยาบาลบ้านคา","0","0","0.00","11","5","45.45"
"10731  :  โรงพยาบาลพหลพลพยุหเสนา","0","0","0.00","91","7","7.69"
"10732  :  โรงพยาบาลมะการักษ์","0","0","0.00","254","52","20.47"
"11278  :  โรงพยาบาลไทรโยค","0","0","0.00","99","33","33.33"
"11279  :  โรงพยาบาลสมเด็จพระปิยมหาราชรมณียเขต","0","0","0.00","43","21","48.84"
"11280  :  โรงพยาบาลบ่อพลอย","0","0","0.00","187","38","20.32"
"11281  :  โรงพยาบาลท่ากระดาน","0","0","0.00","53","0","0.00"
"11282  :  โรงพยาบาลสมเด็จพระสังฆราชองค์ที่ ๑๙","0","0","0.00","681","149","21.88"
"11283  :  โรงพยาบาลทองผาภูมิ","0","0","0.00","86","36","41.86"
"11284  :  โรงพยาบาลสังขละบุรี","0","0","0.00","235","1","0.43"
"11285  :  โรงพยาบาลเจ้าคุณไพบูลย์พนมทวน","0","0","0.00","58","13","22.41"
"11286  :  โรงพยาบาลเลาขวัญ","0","0","0.00","65","11","16.92"
"11287  :  โรงพยาบาลด่านมะขามเตี้ย","0","0","0.00","109","47","43.12"
"11288  :  โรงพยาบาลสถานพระบารมี","0","0","0.00","129","29","22.48"
"11520  :  โรงพยาบาลค่ายสุรสีห์","0","0","0.00","0","0","0.00"
"14136  :  โรงพยาบาลศุกร์ศิริศรีสวัสดิ์","0","0","0.00","18","5","27.78"
"21948  :  โรงพยาบาลห้วยกระเจา เฉลิมพระเกียรติ 80 พรรษา","0","0","0.00","55","25","45.45"
"41701  :  โรงพยาบาลหนองปรือ","0","0","0.00","0","0","0.00"
"10678  :  โรงพยาบาลเจ้าพระยายมราช","242","14","5.79","915","74","8.09"
"10733  :  โรงพยาบาลสมเด็จพระสังฆราชองค์ที่17","141","64","45.39","59","23","38.98"
"11289  :  โรงพยาบาลเดิมบางนางบวช","0","0","0.00","193","8","4.15"
"11290  :  โรงพยาบาลด่านช้าง","0","0","0.00","459","184","40.09"
"11291  :  โรงพยาบาลบางปลาม้า","0","0","0.00","34","14","41.18"
"11292  :  โรงพยาบาลศรีประจันต์","0","0","0.00","62","17","27.42"
"11293  :  โรงพยาบาลดอนเจดีย์","0","0","0.00","274","132","48.18"
"11294  :  โรงพยาบาลสามชุก","0","0","0.00","198","72","36.36"
"11295  :  โรงพยาบาลอู่ทอง","0","0","0.00","790","278","35.19"
"11296  :  โรงพยาบาลหนองหญ้าไซ","0","0","0.00","155","23","14.84"
"12123  :  โรงพยาบาลวิภาวดี-ปิยราษฎร์","0","0","0.00","0","0","0.00"
"10679  :  โรงพยาบาลนครปฐม","0","0","0.00","0","0","0.00"
"11297  :  โรงพยาบาลกำแพงแสน","0","0","0.00","196","110","56.12"
"11298  :  โรงพยาบาลนครชัยศรี","0","0","0.00","211","107","50.71"
"11299  :  โรงพยาบาลห้วยพลู","63","30","47.62","94","5","5.32"
"11300  :  โรงพยาบาลดอนตูม","0","0","0.00","341","176","51.61"
"11301  :  โรงพยาบาลบางเลน","0","0","0.00","57","19","33.33"
"11302  :  โรงพยาบาลสามพราน","0","0","0.00","38","0","0.00"
"11303  :  โรงพยาบาลพุทธมณฑล","0","0","0.00","0","0","0.00"
"11473  :  โรงพยาบาลเมตตาประชารักษ์(วัดไร่ขิง)","0","0","0.00","0","0","0.00"
"11521  :  โรงพยาบาลจันทรุเบกษา","0","0","0.00","174","1","0.57"
"13819  :  โรงพยาบาลหลวงพ่อเปิ่น","0","0","0.00","0","0","0.00"
"10734  :  โรงพยาบาลสมุทรสาคร","401","5","1.25","300","3","1.00"
"11304  :  โรงพยาบาลกระทุ่มแบน","0","0","0.00","0","0","0.00"
"11305  :  โรงพยาบาลบ้านแพ้ว","0","0","0.00","228","4","1.75"
"12137  :  โรงพยาบาลทั่วไปขนาดเล็กเจษฎา","0","0","0.00","791","195","24.65"
"10735  :  โรงพยาบาลสมเด็จพระพุทธเลิศหล้า","0","0","0.00","0","0","0.00"
"11306  :  โรงพยาบาลนภาลัย","0","0","0.00","0","0","0.00"
"11307  :  โรงพยาบาลอัมพวา","0","0","0.00","7","4","57.14"
"10736  :  โรงพยาบาลพระจอมเกล้า","0","0","0.00","1,196","5","0.42"
"11308  :  โรงพยาบาลเขาย้อย","0","0","0.00","136","78","57.35"
"11309  :  โรงพยาบาลหนองหญ้าปล้อง","0","0","0.00","1","1","100.00"
"11310  :  โรงพยาบาลชะอำ","298","175","58.72","94","58","61.70"
"11311  :  โรงพยาบาลท่ายาง","0","0","0.00","193","118","61.14"
"11312  :  โรงพยาบาลบ้านลาด","0","0","0.00","10","6","60.00"
"11313  :  โรงพยาบาลบ้านแหลม","0","0","0.00","144","77","53.47"
"11314  :  โรงพยาบาลแก่งกระจาน","0","0","0.00","11","3","27.27"
"10737  :  โรงพยาบาลประจวบคีรีขันธ์","0","0","0.00","0","0","0.00"
"11315  :  โรงพยาบาลกุยบุรี","0","0","0.00","183","3","1.64"
"11316  :  โรงพยาบาลทับสะแก","0","0","0.00","143","85","59.44"
"11317  :  โรงพยาบาลบางสะพาน","0","0","0.00","205","0","0.00"
"11318  :  โรงพยาบาลบางสะพานน้อย","0","0","0.00","0","0","0.00"
"11319  :  โรงพยาบาลปราณบุรี","0","0","0.00","0","0","0.00"
"11320  :  โรงพยาบาลหัวหิน","0","0","0.00","0","0","0.00"
"11321  :  โรงพยาบาลสามร้อยยอด","22","11","50.00","122","3","2.46"
"11500  :  โรงพยาบาลกองบิน 5","0","0","0.00","0","0","0.00"
"11522  :  โรงพยาบาลค่ายธนะรัชต์","45","3","6.67","0","0","0.00"
"12471  :  สถานีกาชาดหัวหินเฉลิมพระเกียรติ","88","29","32.95","324","64","19.75"
"10680  :  โรงพยาบาลมหาราชนครศรีธรรมราช","0","0","0.00","0","0","0.00"
"11322  :  โรงพยาบาลพรหมคีรี","0","0","0.00","39","1","2.56"
"11324  :  โรงพยาบาลลานสะกา","0","0","0.00","62","42","67.74"
"11325  :  โรงพยาบาลสมเด็จพระยุพราชฉวาง","0","0","0.00","103","71","68.93"
"11326  :  โรงพยาบาลพิปูน","0","0","0.00","60","26","43.33"
"11327  :  โรงพยาบาลเชียรใหญ่","0","0","0.00","125","8","6.40"
"11328  :  โรงพยาบาลชะอวด","0","0","0.00","317","8","2.52"
"11329  :  โรงพยาบาลท่าศาลา","0","0","0.00","653","14","2.14"
"11330  :  โรงพยาบาลทุ่งสง","0","0","0.00","0","0","0.00"
"11331  :  โรงพยาบาลนาบอน","0","0","0.00","67","6","8.96"
"11332  :  โรงพยาบาลทุ่งใหญ่","0","0","0.00","416","2","0.48"
"11333  :  โรงพยาบาลปากพนัง","285","7","2.46","233","50","21.46"
"11334  :  โรงพยาบาลร่อนพิบูลย์","0","0","0.00","0","0","0.00"
"11335  :  โรงพยาบาลสิชล","0","0","0.00","350","185","52.86"
"11336  :  โรงพยาบาลขนอม","0","0","0.00","320","7","2.19"
"11337  :  โรงพยาบาลหัวไทร","0","0","0.00","52","38","73.08"
"11338  :  โรงพยาบาลบางขัน","0","0","0.00","194","132","68.04"
"11339  :  โรงพยาบาลถ้ำพรรณรา","0","0","0.00","54","2","3.70"
"11523  :  โรงพยาบาลค่ายวชิราวุธ","0","0","0.00","19","0","0.00"
"11660  :  โรงพยาบาลจุฬาภรณ์","0","0","0.00","43","11","25.58"
"12287  :  โรงพยาบาลส่งเสริมสุขภาพ ศูนย์อนามัยที่ 11","0","0","0.00","0","0","0.00"
"12472  :  สถานีกาชาดสิริธร (สถานีกาชาดที่ 12 ทุ่งสง)","0","0","0.00","17","7","41.18"
"14918  :  โรงพยาบาลค่ายเทพสตรีศรีสุนทร","0","0","0.00","0","0","0.00"
"21771  :  โรงพยาบาลเทศบาลนครนครศรีธรรมราช","1,497","22","1.47","1,759","24","1.36"
"40491  :  โรงพยาบาลเฉลิมพระเกียรติ","0","0","0.00","37","6","16.22"
"40492  :  โรงพยาบาลพ่อท่านคล้ายวาจาสิทธิ์","0","0","0.00","83","2","2.41"
"40742  :  โรงพยาบาลนบพิตำ","0","0","0.00","76","44","57.89"
"40743  :  โรงพยาบาลพระพรหม","0","0","0.00","7","0","0.00"
"40970  :  โรงพยาบาลศูนย์การแพทย์มหาวิทยาลัยวลัยลักษณ์","0","0","0.00","0","0","0.00"
"10738  :  โรงพยาบาลกระบี่","0","0","0.00","0","0","0.00"
"11340  :  โรงพยาบาลเขาพนม","0","0","0.00","233","0","0.00"
"11341  :  โรงพยาบาลเกาะลันตา","0","0","0.00","100","0","0.00"
"11342  :  โรงพยาบาลคลองท่อม","0","0","0.00","0","0","0.00"
"11343  :  โรงพยาบาลอ่าวลึก","0","0","0.00","0","0","0.00"
"11344  :  โรงพยาบาลปลายพระยา","0","0","0.00","0","0","0.00"
"11345  :  โรงพยาบาลลำทับ","0","0","0.00","298","0","0.00"
"11346  :  โรงพยาบาลเหนือคลอง","0","0","0.00","0","0","0.00"
"77753  :  โรงพยาบาลเกาะพีพี","0","0","0.00","30","0","0.00"
"10739  :  โรงพยาบาลพังงา","0","0","0.00","0","0","0.00"
"10740  :  โรงพยาบาลตะกั่วป่า","259","73","28.19","167","8","4.79"
"11347  :  โรงพยาบาลเกาะยาวชัยพัฒน์","0","0","0.00","73","0","0.00"
"11348  :  โรงพยาบาลกะปงชัยพัฒน์","0","0","0.00","53","37","69.81"
"11349  :  โรงพยาบาลตะกั่วทุ่ง","0","0","0.00","180","61","33.89"
"11350  :  โรงพยาบาลบางไทร","0","0","0.00","0","0","0.00"
"11352  :  โรงพยาบาลคุระบุรีชัยพัฒน์","0","0","0.00","189","22","11.64"
"11353  :  โรงพยาบาลทับปุด","0","0","0.00","170","52","30.59"
"11354  :  โรงพยาบาลท้ายเหมืองชัยพัฒน์","31","2","6.45","155","26","16.77"
"10741  :  โรงพยาบาลวชิระภูเก็ต","0","0","0.00","608","11","1.81"
"11355  :  โรงพยาบาลป่าตอง","235","154","65.53","81","35","43.21"
"11356  :  โรงพยาบาลถลาง","0","0","0.00","0","0","0.00"
"24678  :  โรงพยาบาลองค์การบริหารส่วนจังหวัดภูเก็ต","223","33","14.80","0","0","0.00"
"41436  :  โรงพยาบาลฉลอง","0","0","0.00","0","0","0.00"
"09192  :  โรงพยาบาลเกาะเต่า","0","0","0.00","46","0","0.00"
"10681  :  โรงพยาบาลสุราษฎร์ธานี","0","0","0.00","0","0","0.00"
"10742  :  โรงพยาบาลเกาะสมุย","0","0","0.00","200","2","1.00"
"11357  :  โรงพยาบาลกาญจนดิษฐ์","0","0","0.00","0","0","0.00"
"11358  :  โรงพยาบาลดอนสัก","0","0","0.00","208","124","59.62"
"11359  :  โรงพยาบาลเกาะพงัน","0","0","0.00","58","14","24.14"
"11360  :  โรงพยาบาลไชยา","0","0","0.00","186","0","0.00"
"11361  :  โรงพยาบาลท่าชนะ","0","0","0.00","83","0","0.00"
"11362  :  โรงพยาบาลคีรีรัฐนิคม","0","0","0.00","0","0","0.00"
"11363  :  โรงพยาบาลบ้านตาขุน","0","0","0.00","72","52","72.22"
"11364  :  โรงพยาบาลพนม","0","0","0.00","94","2","2.13"
"11365  :  โรงพยาบาลท่าฉาง","0","0","0.00","84","56","66.67"
"11366  :  โรงพยาบาลบ้านนาสาร","0","0","0.00","0","0","0.00"
"11367  :  โรงพยาบาลบ้านนาเดิม","123","8","6.50","9","0","0.00"
"11368  :  โรงพยาบาลเคียนซา","0","0","0.00","307","85","27.69"
"11369  :  โรงพยาบาลพระแสง","0","0","0.00","136","1","0.74"
"11370  :  โรงพยาบาลพุนพิน","172","44","25.58","327","88","26.91"
"11371  :  โรงพยาบาลชัยบุรี","0","0","0.00","39","0","0.00"
"11459  :  โรงพยาบาลสมเด็จพระยุพราชเวียงสระ","0","0","0.00","77","0","0.00"
"11654  :  โรงพยาบาลวิภาวดี","0","0","0.00","44","8","18.18"
"12289  :  โรงพยาบาลสวนสราญรมย์","0","0","0.00","0","0","0.00"
"14138  :  โรงพยาบาลท่าโรงช้าง","0","0","0.00","34","15","44.12"
"14203  :  โรงพยาบาลมะเร็งสุราษฎร์ธานี","0","0","0.00","0","0","0.00"
"14862  :  โรงพยาบาลกองบิน7","0","0","0.00","0","0","0.00"
"14901  :  โรงพยาบาลค่ายวิภาวดีรังสิต","0","0","0.00","0","0","0.00"
"40915  :  สถาบันสุขภาพจิตเด็กและวัยรุ่นภาคใต้","0","0","0.00","0","0","0.00"
"10743  :  โรงพยาบาลระนอง","0","0","0.00","428","177","41.36"
"11323  :  โรงพยาบาลละอุ่น","0","0","0.00","0","0","0.00"
"11372  :  โรงพยาบาลกะเปอร์","0","0","0.00","153","0","0.00"
"11373  :  โรงพยาบาลกระบุรี","0","0","0.00","150","91","60.67"
"11374  :  โรงพยาบาลสุขสำราญ","0","0","0.00","72","38","52.78"
"10744  :  โรงพยาบาลชุมพรเขตรอุดมศักดิ์","0","0","0.00","0","0","0.00"
"11375  :  โรงพยาบาลปากน้ำชุมพร","0","0","0.00","108","0","0.00"
"11376  :  โรงพยาบาลท่าแซะ","0","0","0.00","11","0","0.00"
"11377  :  โรงพยาบาลปะทิว","0","0","0.00","107","44","41.12"
"11378  :  โรงพยาบาลมาบอำมฤต","0","0","0.00","220","91","41.36"
"11379  :  โรงพยาบาลหลังสวน","0","0","0.00","29","20","68.97"
"11380  :  โรงพยาบาลปากน้ำหลังสวน","0","0","0.00","62","0","0.00"
"11381  :  โรงพยาบาลละแม","0","0","0.00","35","6","17.14"
"11382  :  โรงพยาบาลพะโต๊ะ","0","0","0.00","136","69","50.74"
"11383  :  โรงพยาบาลสวี","0","0","0.00","241","146","60.58"
"11385  :  โรงพยาบาลทุ่งตะโก","0","0","0.00","86","0","0.00"
"11525  :  โรงพยาบาลค่ายเขตอุดมศักดิ์","0","0","0.00","0","0","0.00"
"10682  :  โรงพยาบาลหาดใหญ่","0","0","0.00","0","0","0.00"
"10745  :  โรงพยาบาลสงขลา","0","0","0.00","0","0","0.00"
"11386  :  โรงพยาบาลสทิงพระ","0","0","0.00","0","0","0.00"
"11387  :  โรงพยาบาลจะนะ","0","0","0.00","0","0","0.00"
"11388  :  โรงพยาบาลสมเด็จพระบรมราชินีนาถ ณ  อำเภอนาทวี","0","0","0.00","0","0","0.00"
"11390  :  โรงพยาบาลเทพา","0","0","0.00","0","0","0.00"
"11391  :  โรงพยาบาลสะบ้าย้อย","0","0","0.00","0","0","0.00"
"11392  :  โรงพยาบาลระโนด","0","0","0.00","0","0","0.00"
"11393  :  โรงพยาบาลกระแสสินธุ์","0","0","0.00","0","0","0.00"
"11394  :  โรงพยาบาลรัตภูมิ","0","0","0.00","0","0","0.00"
"11395  :  โรงพยาบาลสะเดา","0","0","0.00","0","0","0.00"
"11396  :  โรงพยาบาลนาหม่อม","0","0","0.00","0","0","0.00"
"11397  :  โรงพยาบาลควนเนียง","0","0","0.00","0","0","0.00"
"11398  :  โรงพยาบาลปาดังเบซาร์","0","0","0.00","0","0","0.00"
"11399  :  โรงพยาบาลบางกล่ำ","0","0","0.00","0","0","0.00"
"11400  :  โรงพยาบาลสิงหนคร","0","0","0.00","0","0","0.00"
"11401  :  โรงพยาบาลคลองหอยโข่ง","0","0","0.00","0","0","0.00"
"12290  :  โรงพยาบาลจิตเวชสงขลาราชนครินทร์","0","0","0.00","0","0","0.00"
"14194  :  โรงพยาบาลธัญญารักษ์สงขลา","0","0","0.00","0","0","0.00"
"10746  :  โรงพยาบาลสตูล","0","0","0.00","0","0","0.00"
"11402  :  โรงพยาบาลควนโดน","0","0","0.00","110","0","0.00"
"11403  :  โรงพยาบาลควนกาหลง","0","0","0.00","64","3","4.69"
"11404  :  โรงพยาบาลท่าแพ","0","0","0.00","247","108","43.72"
"11405  :  โรงพยาบาลละงู","0","0","0.00","0","0","0.00"
"11406  :  โรงพยาบาลทุ่งหว้า","0","0","0.00","0","0","0.00"
"28786  :  โรงพยาบาลมะนัง","0","0","0.00","37","21","56.76"
"10683  :  โรงพยาบาลตรัง","0","0","0.00","651","188","28.88"
"11407  :  โรงพยาบาลกันตัง","0","0","0.00","214","1","0.47"
"11408  :  โรงพยาบาลย่านตาขาว","45","0","0.00","269","194","72.12"
"11409  :  โรงพยาบาลปะเหลียน","0","0","0.00","0","0","0.00"
"11410  :  โรงพยาบาลสิเกา","0","0","0.00","72","40","55.56"
"11411  :  โรงพยาบาลห้วยยอด","0","0","0.00","0","0","0.00"
"11412  :  โรงพยาบาลวังวิเศษ","0","0","0.00","149","1","0.67"
"11413  :  โรงพยาบาลนาโยง","0","0","0.00","0","0","0.00"
"12226  :  โรงพยาบาลวัฒนแพทย์","0","0","0.00","0","0","0.00"
"12230  :  โรงพยาบาล ทีอาร์พีเอช โรงพยาบาลทั่วไปขนาดใหญ่","0","0","0.00","0","0","0.00"
"13755  :  โรงพยาบาลโรคผิวหนังเขตร้อนภาคใต้ จังหวัดตรัง","0","0","0.00","0","0","0.00"
"14139  :  โรงพยาบาลรัษฎา","0","0","0.00","59","0","0.00"
"28817  :  โรงพยาบาลหาดสำราญเฉลิมพระเกียรติ 80 พรรษา","0","0","0.00","0","0","0.00"
"10747  :  โรงพยาบาลพัทลุง","0","0","0.00","0","0","0.00"
"11414  :  โรงพยาบาลกงหรา","0","0","0.00","34","21","61.76"
"11415  :  โรงพยาบาลเขาชัยสน","67","1","1.49","49","20","40.82"
"11416  :  โรงพยาบาลตะโหมด","62","40","64.52","156","80","51.28"
"11417  :  โรงพยาบาลควนขนุน","0","0","0.00","0","0","0.00"
"11418  :  โรงพยาบาลปากพะยูน","0","0","0.00","0","0","0.00"
"11419  :  โรงพยาบาลศรีบรรพต","0","0","0.00","28","18","64.29"
"11420  :  โรงพยาบาลป่าบอน","0","0","0.00","108","80","74.07"
"11421  :  โรงพยาบาลบางแก้ว","17","6","35.29","120","69","57.50"
"11422  :  โรงพยาบาลป่าพะยอม","0","0","0.00","0","0","0.00"
"24673  :  โรงพยาบาลศรีนครินทร์(ปัญญานันทภิขุ)","0","0","0.00","39","17","43.59"
"10748  :  โรงพยาบาลปัตตานี","370","2","0.54","308","93","30.19"
"11423  :  โรงพยาบาลโคกโพธิ์","0","0","0.00","0","0","0.00"
"11424  :  โรงพยาบาลหนองจิก","0","0","0.00","108","2","1.85"
"11425  :  โรงพยาบาลปะนาเระ","0","0","0.00","33","0","0.00"
"11426  :  โรงพยาบาลมายอ","0","0","0.00","121","1","0.83"
"11427  :  โรงพยาบาลทุ่งยางแดง","0","0","0.00","30","16","53.33"
"11428  :  โรงพยาบาลไม้แก่น","0","0","0.00","82","7","8.54"
"11429  :  โรงพยาบาลยะหริ่ง","0","0","0.00","168","3","1.79"
"11430  :  โรงพยาบาลยะรัง","0","0","0.00","0","0","0.00"
"11431  :  โรงพยาบาลแม่ลาน","0","0","0.00","0","0","0.00"
"11460  :  โรงพยาบาลสมเด็จพระยุพราชสายบุรี","180","2","1.11","300","4","1.33"
"11464  :  โรงพยาบาลกะพ้อ","0","0","0.00","50","25","50.00"
"11529  :  โรงพยาบาลค่ายอิงคยุทธบริหาร","0","0","0.00","0","0","0.00"
"14195  :  โรงพยาบาลธัญญรักษ์ปัตตานี","0","0","0.00","0","0","0.00"
"10684  :  โรงพยาบาลยะลา","0","0","0.00","0","0","0.00"
"10749  :  โรงพยาบาลเบตง","0","0","0.00","207","4","1.93"
"11432  :  โรงพยาบาลบันนังสตา","0","0","0.00","0","0","0.00"
"11433  :  โรงพยาบาลธารโต","0","0","0.00","101","53","52.48"
"11434  :  โรงพยาบาลรามัน","0","0","0.00","0","0","0.00"
"11461  :  โรงพยาบาลสมเด็จพระยุพราชยะหา","0","0","0.00","0","0","0.00"
"12238  :  โรงพยาบาลสิโรรส","0","0","0.00","0","0","0.00"
"13806  :  โรงพยาบาลกาบัง","0","0","0.00","0","0","0.00"
"14663  :  โรงพยาบาลส่งเสริมสุขภาพ ศูนย์อนามัยที่ 12","0","0","0.00","0","0","0.00"
"24689  :  โรงพยาบาลกรงปินัง","0","0","0.00","0","0","0.00"
"10750  :  โรงพยาบาลนราธิวาสราชนครินทร์","0","0","0.00","0","0","0.00"
"10751  :  โรงพยาบาลสุไหงโก-ลก","0","0","0.00","0","0","0.00"
"11435  :  โรงพยาบาลตากใบ","0","0","0.00","384","98","25.52"
"11436  :  โรงพยาบาลบาเจาะ","0","0","0.00","256","3","1.17"
"11437  :  โรงพยาบาลระแงะ","0","0","0.00","409","292","71.39"
"11438  :  โรงพยาบาลรือเสาะ","0","0","0.00","323","84","26.01"
"11439  :  โรงพยาบาลศรีสาคร","0","0","0.00","405","44","10.86"
"11440  :  โรงพยาบาลแว้ง","0","0","0.00","261","40","15.33"
"11441  :  โรงพยาบาลสุคิริน","0","0","0.00","88","8","9.09"
"11442  :  โรงพยาบาลสุไหงปาดี","0","0","0.00","246","53","21.54"
"13818  :  โรงพยาบาลจะแนะ","0","0","0.00","286","80","27.97"
"15010  :  โรงพยาบาลเจาะไอร้อง","0","0","0.00","407","42","10.32"
"23771  :  โรงพยาบาลยี่งอเฉลิมพระเกียรติ 80 พรรษา","0","0","0.00","73","0","0.00"