"โรงพยาบาล","ปีการศึกษา 2564 เทอม1","ปีการศึกษา 2564 เทอม2"
"เด็กนักเรียน ป.1-6 ทั้งหมด(C)","ตรวจฟัน(B)","%","เคลือบหลุมร่องฟันแท้(A)","%","เด็กนักเรียน ป.1-6 ทั้งหมด (C)","ตรวจฟัน(B)","%","เคลือบหลุมร่องฟันแท้(A)","%"
"11468  :  ทัณฑสถานโรงพยาบาลราชทัณฑ์","0","0","0.00","0","0.00","0","0","0.00","0","0.00"
"11469  :  โรงพยาบาลเลิดสิน","0","0","0.00","0","0.00","0","0","0.00","0","0.00"
"11470  :  โรงพยาบาลนพรัตนราชธานี","0","0","0.00","0","0.00","0","0","0.00","0","0.00"
"11471  :  โรงพยาบาลสงฆ์","0","0","0.00","0","0.00","0","0","0.00","0","0.00"
"11472  :  โรงพยาบาลราชวิถี","0","0","0.00","0","0.00","0","0","0.00","0","0.00"
"11477  :  โรงพยาบาลทหารผ่านศึก","0","0","0.00","0","0.00","0","0","0.00","0","0.00"
"11478  :  โรงพยาบาลสมเด็จพระปิ่นเกล้า","0","0","0.00","0","0.00","0","0","0.00","0","0.00"
"11481  :  โรงพยาบาลพระมงกุฎเกล้า","0","0","0.00","0","0.00","0","0","0.00","0","0.00"
"11482  :  โรงพยาบาลภูมิพลอดุลยเดช","0","0","0.00","0","0.00","0","0","0.00","0","0.00"
"11532  :  โรงพยาบาลสวนเบญจกิติเฉลิมพระเกียรติ84พรรษา","0","0","0.00","0","0.00","0","0","0.00","0","0.00"
"11534  :  โรงพยาบาลบุรฉัตรไชยากร (รถไฟ)","0","0","0.00","0","0.00","0","0","0.00","0","0.00"
"11535  :  คณะแพทย์ศาสตร์วชิรพยาบาล มหาวิทยาลัยกรุงเทพมหานคร","0","0","0.00","0","0.00","0","0","0.00","0","0.00"
"11536  :  โรงพยาบาลเวชการุณย์รัศมิ์","0","0","0.00","0","0.00","0","0","0.00","0","0.00"
"11537  :  โรงพยาบาลกลาง","0","0","0.00","0","0.00","0","0","0.00","0","0.00"
"11538  :  โรงพยาบาลลาดกระบังกรุงเทพมหานคร","0","0","0.00","0","0.00","0","0","0.00","0","0.00"
"11539  :  โรงพยาบาลตากสิน","0","0","0.00","0","0.00","0","0","0.00","0","0.00"
"11540  :  โรงพยาบาลหลวงพ่อทวีศักดิ์ฯ ชุตินธโร อุทิศ","0","0","0.00","0","0.00","0","0","0.00","0","0.00"
"11541  :  โรงพยาบาลเจริญกรุงประชารักษ์","0","0","0.00","0","0.00","0","0","0.00","0","0.00"
"11546  :  โรงพยาบาลบี เอ็น เอช","0","0","0.00","0","0.00","0","0","0.00","0","0.00"
"11548  :  โรงพยาบาลกรุงเทพคริสเตียน","0","0","0.00","0","0.00","0","0","0.00","0","0.00"
"11552  :  โรงพยาบาลมเหสักข์","0","0","0.00","0","0.00","0","0","0.00","0","0.00"
"11559  :  สถานพยาบาลชินเขตงามวงศ์วาน","0","0","0.00","0","0.00","0","0","0.00","0","0.00"
"11560  :  โรงพยาบาลทั่วไปขนาดใหญ่เปาโล เกษตร","0","0","0.00","0","0.00","0","0","0.00","0","0.00"
"11565  :  โรงพยาบาลรามคำแหง","0","0","0.00","0","0.00","0","0","0.00","0","0.00"
"11581  :  โรงพยาบาลผู้สูงอายุขนาดกลางกล้วยน้ำไท 2","0","0","0.00","0","0.00","0","0","0.00","0","0.00"
"11583  :  โรงพยาบาลกล้วยน้ำไท","0","0","0.00","0","0.00","0","0","0.00","0","0.00"
"11592  :  โรงพยาบาลบางนา1","0","0","0.00","0","0.00","0","0","0.00","0","0.00"
"11595  :  นวมินทร์โรงพยาบาลทั่วไปขนาดใหญ่","0","0","0.00","0","0.00","0","0","0.00","0","0.00"
"11597  :  สถาบันกัลยาณ์ราชนครินทร์","0","0","0.00","0","0.00","0","0","0.00","0","0.00"
"11600  :  โรงพยาบาลเซนต์หลุยส์","0","0","0.00","0","0.00","0","0","0.00","0","0.00"
"11603  :  โรงพยาบาลเทียนฟ้ามูลนิธิโรงพยาบาลทั่วไปขนาดกลาง","0","0","0.00","0","0.00","0","0","0.00","0","0.00"
"11607  :  โรงพยาบาลเปาโลเมโมเรียล","0","0","0.00","0","0.00","0","0","0.00","0","0.00"
"11609  :  โรงพยาบาลพญาไท 2","0","0","0.00","0","0.00","0","0","0.00","0","0.00"
"11616  :  โรงพยาบาลสมิติเวชธนบุรี","0","0","0.00","0","0.00","0","0","0.00","0","0.00"
"11621  :  โรงพยาบาลบางไผ่","0","0","0.00","0","0.00","0","0","0.00","0","0.00"
"11626  :  โรงพยาบาลคลองตัน","0","0","0.00","0","0.00","0","0","0.00","0","0.00"
"11628  :  โรงพยาบาลพระราม 9","0","0","0.00","0","0.00","0","0","0.00","0","0.00"
"11629  :  โรงพยาบาลเพชรเวช","0","0","0.00","0","0.00","0","0","0.00","0","0.00"
"11640  :  โรงพยาบาลธนบุรี 2","0","0","0.00","0","0.00","0","0","0.00","0","0.00"
"11641  :  โรงพยาบาลทั่วไปขนาดกลางโรงพยาบาลวิชัยเวช แยกไฟฉาย","0","0","0.00","0","0.00","0","0","0.00","0","0.00"
"11644  :  โรงพยาบาลเจ้าพระยา","0","0","0.00","0","0.00","0","0","0.00","0","0.00"
"11645  :  โรงพยาบาลทั่วไปขนาดใหญ่ธนบุรี","0","0","0.00","0","0.00","0","0","0.00","0","0.00"
"11656  :  โรงพยาบาลเกษมราษฎร์ บางแค","0","0","0.00","0","0.00","0","0","0.00","0","0.00"
"11661  :  โรงพยาบาลวิชัยเวช อินเตอร์เนชั่นแนล หนองแขม","0","0","0.00","0","0.00","0","0","0.00","0","0.00"
"11667  :  โรงพยาบาลประชาพัฒน์","0","0","0.00","0","0.00","0","0","0.00","0","0.00"
"11668  :  โรงพยาบาลสุขสวัสดิ์","0","0","0.00","0","0.00","0","0","0.00","0","0.00"
"11669  :  โรงพยาบาลราษฏร์บูรณะ","0","0","0.00","0","0.00","0","0","0.00","0","0.00"
"11670  :  โรงพยาบาลบางปะกอก 1","0","0","0.00","0","0.00","0","0","0.00","0","0.00"
"11676  :  โรงพยาบาลยันฮี","0","0","0.00","0","0.00","0","0","0.00","0","0.00"
"11686  :  โรงพยาบาลบางโพ","0","0","0.00","0","0.00","0","0","0.00","0","0.00"
"11687  :  โรงพยาบาลเกษมราษฎร์ประชาชื่น","0","0","0.00","0","0.00","0","0","0.00","0","0.00"
"11691  :  โรงพยาบาลวิภาวดี","0","0","0.00","0","0.00","0","0","0.00","0","0.00"
"11694  :  โรงพยาบาลจักษุรัตนิน","0","0","0.00","0","0.00","0","0","0.00","0","0.00"
"11697  :  โรงพยาบาลคามิลเลียน","0","0","0.00","0","0.00","0","0","0.00","0","0.00"
"11699  :  โรงพยาบาลบำรุงราษฎร์","0","0","0.00","0","0.00","0","0","0.00","0","0.00"
"11703  :  โรงพยาบาลแพทย์ปัญญา","0","0","0.00","0","0.00","0","0","0.00","0","0.00"
"11708  :  โรงพยาบาลบางมดโรงพยาบาลทั่วไปขนาดใหญ่","0","0","0.00","0","0.00","0","0","0.00","0","0.00"
"11715  :  โรงพยาบาลพญาไท 1","0","0","0.00","0","0.00","0","0","0.00","0","0.00"
"11721  :  โรงพยาบาลเปาโลเมโมเรียล โชคชัย 4","0","0","0.00","0","0.00","0","0","0.00","0","0.00"
"11729  :  โรงพยาบาลลาดพร้าว","0","0","0.00","0","0.00","0","0","0.00","0","0.00"
"11730  :  โรงพยาบาลไทยนครินทร์","0","0","0.00","0","0.00","0","0","0.00","0","0.00"
"11750  :  โรงพยาบาลหัวเฉียวโรงพยาบาลทั่วไปขนาดใหญ่","0","0","0.00","0","0.00","0","0","0.00","0","0.00"
"11811  :  โรงพยาบาลสมิติเวช","0","0","0.00","0","0.00","0","0","0.00","0","0.00"
"12243  :  สถาบันพัฒนาสุขภาวะเขตเมือง","0","0","0.00","0","0.00","0","0","0.00","0","0.00"
"12244  :  สถาบันจิตเวชศาสตร์สมเด็จเจ้าพระยา","0","0","0.00","0","0.00","0","0","0.00","0","0.00"
"12246  :  สถาบันราชานุกูล","0","0","0.00","0","0.00","0","0","0.00","0","0.00"
"12249  :  สถาบันโรคผิวหนัง","0","0","0.00","0","0.00","0","0","0.00","0","0.00"
"12250  :  สถาบันมะเร็งแห่งชาติ","0","0","0.00","0","0.00","0","0","0.00","0","0.00"
"12438  :  สถาบันสุขภาพเด็กแห่งชาติมหาราชินี","0","0","0.00","0","0.00","0","0","0.00","0","0.00"
"12439  :  สถาบันประสาทวิทยา","0","0","0.00","0","0.00","0","0","0.00","0","0.00"
"13756  :  โรงพยาบาลจุฬาลงกรณ์สภากาชาดไทย","0","0","0.00","0","0.00","0","0","0.00","0","0.00"
"13757  :  โรงพยาบาลเวชศาสตร์เขตร้อน มหาวิทยาลัยมหิดล","0","0","0.00","0","0.00","0","0","0.00","0","0.00"
"13814  :  โรงพยาบาลศิริราช","0","0","0.00","0","0.00","0","0","0.00","0","0.00"
"14173  :  โรงพยาบาลตำรวจ","0","0","0.00","0","0.00","0","0","0.00","0","0.00"
"14572  :  โรงพยาบาลบี.แคร์.เมดิคอลเซ็นเตอร์","0","0","0.00","0","0.00","0","0","0.00","0","0.00"
"14574  :  โรงพยาบาลพญาไท 3","0","0","0.00","0","0.00","0","0","0.00","0","0.00"
"14577  :  โรงพยาบาลวิภาราม","0","0","0.00","0","0.00","0","0","0.00","0","0.00"
"14641  :  โรงพยาบาลราชพิพัฒน์","0","0","0.00","0","0.00","0","0","0.00","0","0.00"
"14908  :  โรงพยาบาลการุญเวช สุขาภิบาล3","0","0","0.00","0","0.00","0","0","0.00","0","0.00"
"15049  :  โรงพยาบาลสิรินธร","0","0","0.00","0","0.00","0","0","0.00","0","0.00"
"15147  :  โรงพยาบาลบางปะกอก 8 โรงพยาบาลทั่วไปขนาดใหญ่","0","0","0.00","0","0.00","0","0","0.00","0","0.00"
"21673  :  โรงพยาบาลซีจีเอช สายไหม โรงพยาบาลทั่วไปขนาดใหญ่","0","0","0.00","0","0.00","0","0","0.00","0","0.00"
"22155  :  โรงพยาบาลครู","0","0","0.00","0","0.00","0","0","0.00","0","0.00"
"22737  :  โรงพยาบาลจุฬาภรณ์","0","0","0.00","0","0.00","0","0","0.00","0","0.00"
"23762  :  โรงพยาบาลนวุติสมเด็จย่า","0","0","0.00","0","0.00","0","0","0.00","0","0.00"
"23781  :  นวมินทร์ 9โรงพยาบาลทั่วไปขนาดใหญ่","0","0","0.00","0","0.00","0","0","0.00","0","0.00"
"23783  :  โรงพยาบาลเสรีรักษ์","0","0","0.00","0","0.00","0","0","0.00","0","0.00"
"24085  :  สถาบันวิจัยการแพทย์แผนไทย","0","0","0.00","0","0.00","0","0","0.00","0","0.00"
"24748  :  โรงพยาบาลศิริราช ปิยมหาราชการุณย์","0","0","0.00","0","0.00","0","0","0.00","0","0.00"
"25015  :  โรงพยาบาลทั่วไปขนาดใหญ่มิตรประชา","0","0","0.00","0","0.00","0","0","0.00","0","0.00"
"25060  :  โรงพยาบาลผู้สูงอายุบางขุนเทียน","0","0","0.00","0","0.00","0","0","0.00","0","0.00"
"41329  :  โรงพยาบาลเฉพาะประเภทผู้ป่วยสูงอายุ เฌ้อสเซอรี่โฮมขนาดเล็ก","0","0","0.00","0","0.00","0","0","0.00","0","0.00"
"41414  :  โรงพยาบาลทหารอากาศ (สีกัน)","0","0","0.00","0","0.00","0","0","0.00","0","0.00"
"77665  :  โรงพยาบาลการแพทย์แผนไทยและการแพทย์ผสมผสาน","0","0","0.00","0","0.00","0","0","0.00","0","0.00"
"10685  :  โรงพยาบาลสมุทรปราการ","0","0","0.00","0","0.00","0","0","0.00","0","0.00"
"10752  :  โรงพยาบาลบางบ่อ","2,786","0","0.00","2","0.07","0","0","0.00","0","0.00"
"10753  :  โรงพยาบาลบางพลี","0","0","0.00","0","0.00","0","0","0.00","0","0.00"
"10754  :  โรงพยาบาลบางจาก","1,548","0","0.00","0","0.00","0","0","0.00","0","0.00"
"10755  :  โรงพยาบาลพระสมุทรเจดีย์สวาทยานนท์","1,490","0","0.00","0","0.00","0","0","0.00","0","0.00"
"11769  :  โรงพยาบาลเซ็นทรัลปาร์ค","2,583","0","0.00","5","0.19","0","0","0.00","0","0.00"
"11775  :  โรงพยาบาลเมืองสมุทรปู่เจ้าสมิงพราย","0","0","0.00","0","0.00","0","0","0.00","0","0.00"
"12251  :  โรงพยาบาลยุวประสาทไวทโยปถัมภ์","0","0","0.00","0","0.00","0","0","0.00","0","0.00"
"15138  :  โรงพยาบาลเมืองสมุทรบางปูโรงพยาบาลทั่วไปขนาดเล็ก","636","0","0.00","0","0.00","0","0","0.00","0","0.00"
"28785  :  โรงพยาบาลบางเสาธง","137","0","0.00","0","0.00","0","0","0.00","0","0.00"
"10686  :  โรงพยาบาลพระนั่งเกล้า","0","0","0.00","0","0.00","0","0","0.00","0","0.00"
"10756  :  โรงพยาบาลบางกรวย","205","0","0.00","0","0.00","0","0","0.00","0","0.00"
"10757  :  โรงพยาบาลบางใหญ่","1,158","0","0.00","0","0.00","0","0","0.00","0","0.00"
"10758  :  โรงพยาบาลบางบัวทอง","2,747","4","0.15","4","0.15","0","0","0.00","0","0.00"
"10759  :  โรงพยาบาลไทรน้อย","1,934","0","0.00","2","0.10","0","0","0.00","0","0.00"
"10760  :  โรงพยาบาลปากเกร็ด","2,495","1","0.04","4","0.16","0","0","0.00","0","0.00"
"11781  :  โรงพยาบาลนนทเวช","0","0","0.00","0","0.00","0","0","0.00","0","0.00"
"11786  :  โรงพยาบาลอนันต์พัฒนา 2","0","0","0.00","0","0.00","0","0","0.00","0","0.00"
"11787  :  โรงพยาบาลเกษมราษฎร์อินเตอร์เนชั่นแนล รัตนาธิเบศร์โรงพยาบาลทั่วไปขนาดใหญ่","0","0","0.00","0","0.00","0","0","0.00","0","0.00"
"12256  :  สถาบันโรคทรวงอก","0","0","0.00","0","0.00","0","0","0.00","0","0.00"
"12257  :  สถาบันบำราศนราดูร","0","0","0.00","0","0.00","0","0","0.00","0","0.00"
"12258  :  สถาบันสิรินธรเพื่อการฟื้นฟูสมรรถภาพทางการแพทย์แห่งชาติ","0","0","0.00","0","0.00","0","0","0.00","0","0.00"
"12260  :  โรงพยาบาลศรีธัญญา","0","0","0.00","0","0.00","0","0","0.00","0","0.00"
"13815  :  ศูนย์การแพทย์ปัญญานันทภิกขุ ชลประทาน มหาวิทยาลัยศรีนครินทรวิโรฒ","0","0","0.00","0","0.00","0","0","0.00","0","0.00"
"22127  :  โรงพยาบาลชลลดา","0","0","0.00","0","0.00","0","0","0.00","0","0.00"
"28875  :  โรงพยาบาลบางบัวทอง ๒","326","0","0.00","0","0.00","0","0","0.00","0","0.00"
"10687  :  โรงพยาบาลปทุมธานี","1,353","1","0.07","1","0.07","0","0","0.00","0","0.00"
"10761  :  โรงพยาบาลคลองหลวง","510","0","0.00","0","0.00","0","0","0.00","0","0.00"
"10762  :  โรงพยาบาลธัญบุรี","2,215","1","0.05","1","0.05","0","0","0.00","0","0.00"
"10763  :  โรงพยาบาลประชาธิปัตย์","1,293","0","0.00","0","0.00","0","0","0.00","0","0.00"
"10764  :  โรงพยาบาลหนองเสือ","753","3","0.40","4","0.53","0","0","0.00","0","0.00"
"10765  :  โรงพยาบาลลาดหลุมแก้ว","1,335","0","0.00","2","0.15","0","0","0.00","0","0.00"
"10766  :  โรงพยาบาลลำลูกกา","0","0","0.00","0","0.00","0","0","0.00","0","0.00"
"10767  :  โรงพยาบาลสามโคก","659","2","0.30","4","0.61","0","0","0.00","0","0.00"
"12262  :  สถาบันบำบัดรักษาและฟื้นฟูผู้ติดยาเสพติดแห่งชาติบรมราชชนนี","0","0","0.00","0","0.00","0","0","0.00","0","0.00"
"14923  :  โรงพยาบาลมหาวชิราลงกรณ ธัญบุรี","0","0","0.00","0","0.00","0","0","0.00","0","0.00"
"10660  :  โรงพยาบาลพระนครศรีอยุธยา","0","0","0.00","0","0.00","0","0","0.00","0","0.00"
"10688  :  โรงพยาบาลเสนา","1,837","6","0.33","4","0.22","0","0","0.00","0","0.00"
"10768  :  โรงพยาบาลท่าเรือ","2,496","5","0.20","5","0.20","0","0","0.00","0","0.00"
"10769  :  โรงพยาบาลสมเด็จพระสังฆราชเจ้า กรมหลวงชินวราลงกรณ (วาสนมหาเถร)","140","0","0.00","0","0.00","0","0","0.00","0","0.00"
"10770  :  โรงพยาบาลบางไทร","266","0","0.00","0","0.00","0","0","0.00","0","0.00"
"10771  :  โรงพยาบาลบางบาล","56","0","0.00","0","0.00","0","0","0.00","0","0.00"
"10772  :  โรงพยาบาลบางปะอิน","1,238","2","0.16","2","0.16","0","0","0.00","0","0.00"
"10773  :  โรงพยาบาลบางปะหัน","39","0","0.00","0","0.00","0","0","0.00","0","0.00"
"10774  :  โรงพยาบาลผักไห่","30","0","0.00","0","0.00","0","0","0.00","0","0.00"
"10775  :  โรงพยาบาลภาชี","695","0","0.00","0","0.00","0","0","0.00","0","0.00"
"10776  :  โรงพยาบาลลาดบัวหลวง","578","0","0.00","0","0.00","0","0","0.00","0","0.00"
"10777  :  โรงพยาบาลวังน้อย","292","0","0.00","0","0.00","0","0","0.00","0","0.00"
"10778  :  โรงพยาบาลบางซ้าย","225","0","0.00","0","0.00","0","0","0.00","0","0.00"
"10779  :  โรงพยาบาลอุทัย","66","0","0.00","0","0.00","0","0","0.00","0","0.00"
"10780  :  โรงพยาบาลมหาราช","202","0","0.00","0","0.00","0","0","0.00","0","0.00"
"10781  :  โรงพยาบาลบ้านแพรก","90","0","0.00","0","0.00","0","0","0.00","0","0.00"
"10689  :  โรงพยาบาลอ่างทอง","2,088","0","0.00","1","0.05","0","0","0.00","0","0.00"
"10782  :  โรงพยาบาลไชโย","158","0","0.00","0","0.00","0","0","0.00","0","0.00"
"10784  :  โรงพยาบาลป่าโมก","169","0","0.00","2","1.18","0","0","0.00","0","0.00"
"10785  :  โรงพยาบาลโพธิ์ทอง","574","1","0.17","1","0.17","0","0","0.00","0","0.00"
"10786  :  โรงพยาบาลแสวงหา","447","0","0.00","0","0.00","0","0","0.00","0","0.00"
"10787  :  โรงพยาบาลวิเศษชัยชาญ","1,749","1","0.06","6","0.34","0","0","0.00","0","0.00"
"10788  :  โรงพยาบาลสามโก้","158","0","0.00","0","0.00","0","0","0.00","0","0.00"
"10690  :  โรงพยาบาลพระนารายณ์มหาราช","0","0","0.00","0","0.00","0","0","0.00","0","0.00"
"10691  :  โรงพยาบาลบ้านหมี่","392","0","0.00","0","0.00","0","0","0.00","0","0.00"
"10789  :  โรงพยาบาลพัฒนานิคม","2,022","0","0.00","0","0.00","0","0","0.00","0","0.00"
"10790  :  โรงพยาบาลโคกสำโรง","568","0","0.00","0","0.00","0","0","0.00","0","0.00"
"10791  :  โรงพยาบาลชัยบาดาล","3,075","3","0.10","1","0.03","0","0","0.00","0","0.00"
"10792  :  โรงพยาบาลท่าวุ้ง","254","0","0.00","0","0.00","0","0","0.00","0","0.00"
"10793  :  โรงพยาบาลท่าหลวง","764","0","0.00","0","0.00","0","0","0.00","0","0.00"
"10794  :  โรงพยาบาลสระโบสถ์","483","0","0.00","0","0.00","0","0","0.00","0","0.00"
"10795  :  โรงพยาบาลโคกเจริญ","362","0","0.00","0","0.00","0","0","0.00","0","0.00"
"10796  :  โรงพยาบาลลำสนธิ","616","1","0.16","2","0.32","0","0","0.00","0","0.00"
"10797  :  โรงพยาบาลหนองม่วง","1,462","0","0.00","0","0.00","0","0","0.00","0","0.00"
"14199  :  โรงพยาบาลมะเร็งลพบุรี","0","0","0.00","0","0.00","0","0","0.00","0","0.00"
"14928  :  โรงพยาบาลกองบิน 2","0","0","0.00","0","0.00","0","0","0.00","0","0.00"
"10692  :  โรงพยาบาลสิงห์บุรี","3,766","25","0.66","32","0.85","0","0","0.00","0","0.00"
"10693  :  โรงพยาบาลอินทร์บุรี","728","0","0.00","1","0.14","0","0","0.00","0","0.00"
"10798  :  โรงพยาบาลบางระจัน","156","0","0.00","0","0.00","0","0","0.00","0","0.00"
"10799  :  โรงพยาบาลค่ายบางระจัน","282","0","0.00","0","0.00","0","0","0.00","0","0.00"
"10800  :  โรงพยาบาลพรหมบุรี","299","0","0.00","0","0.00","0","0","0.00","0","0.00"
"10801  :  โรงพยาบาลท่าช้าง","134","0","0.00","0","0.00","0","0","0.00","0","0.00"
"10694  :  โรงพยาบาลชัยนาทนเรนทร","0","0","0.00","0","0.00","0","0","0.00","0","0.00"
"10802  :  โรงพยาบาลมโนรมย์","353","0","0.00","0","0.00","0","0","0.00","0","0.00"
"10803  :  โรงพยาบาลวัดสิงห์","187","1","0.53","0","0.00","0","0","0.00","0","0.00"
"10804  :  โรงพยาบาลสรรพยา","53","0","0.00","0","0.00","0","0","0.00","0","0.00"
"10805  :  โรงพยาบาลสรรคบุรี","463","1","0.22","0","0.00","0","0","0.00","0","0.00"
"10806  :  โรงพยาบาลหันคา","733","11","1.50","8","1.09","0","0","0.00","0","0.00"
"27974  :  โรงพยาบาลหนองมะโมง","75","0","0.00","0","0.00","0","0","0.00","0","0.00"
"27975  :  โรงพยาบาลเนินขาม","0","0","0.00","0","0.00","0","0","0.00","0","0.00"
"10661  :  โรงพยาบาลสระบุรี","0","0","0.00","0","0.00","0","0","0.00","0","0.00"
"10695  :  โรงพยาบาลพระพุทธบาท","150","0","0.00","0","0.00","0","0","0.00","0","0.00"
"10807  :  โรงพยาบาลแก่งคอย","2,885","1","0.03","2","0.07","0","0","0.00","0","0.00"
"10808  :  โรงพยาบาลหนองแค","1,601","0","0.00","0","0.00","0","0","0.00","0","0.00"
"10809  :  โรงพยาบาลวิหารแดง","309","0","0.00","0","0.00","0","0","0.00","0","0.00"
"10810  :  โรงพยาบาลหนองแซง","183","0","0.00","0","0.00","0","0","0.00","0","0.00"
"10811  :  โรงพยาบาลบ้านหมอ","877","0","0.00","0","0.00","0","0","0.00","0","0.00"
"10812  :  โรงพยาบาลดอนพุด","0","0","0.00","0","0.00","0","0","0.00","0","0.00"
"10813  :  โรงพยาบาลหนองโดน","252","0","0.00","0","0.00","0","0","0.00","0","0.00"
"10814  :  โรงพยาบาลเสาไห้เฉลิมพระเกียรติ80พรรษา","1,045","5","0.48","5","0.48","0","0","0.00","0","0.00"
"10815  :  โรงพยาบาลมวกเหล็ก","1,582","0","0.00","0","0.00","0","0","0.00","0","0.00"
"10816  :  โรงพยาบาลวังม่วงสัทธรรม","913","0","0.00","0","0.00","0","0","0.00","0","0.00"
"11485  :  โรงพยาบาลค่ายอดิศร","1,310","5","0.38","6","0.46","0","0","0.00","0","0.00"
"10662  :  โรงพยาบาลชลบุรี","0","0","0.00","0","0.00","0","0","0.00","0","0.00"
"10817  :  โรงพยาบาลบ้านบึง","4,995","1","0.02","3","0.06","0","0","0.00","0","0.00"
"10818  :  โรงพยาบาลหนองใหญ่","830","0","0.00","0","0.00","0","0","0.00","0","0.00"
"10819  :  โรงพยาบาลบางละมุง","1,888","1","0.05","1","0.05","0","0","0.00","0","0.00"
"10820  :  โรงพยาบาลวัดญาณสังวราราม","242","0","0.00","0","0.00","0","0","0.00","0","0.00"
"10821  :  โรงพยาบาลพานทอง","1,545","1","0.06","1","0.06","0","0","0.00","0","0.00"
"10822  :  โรงพยาบาลพนัสนิคม","5,598","11","0.20","9","0.16","0","0","0.00","0","0.00"
"10823  :  โรงพยาบาลแหลมฉบัง","11,287","1","0.01","11","0.10","0","0","0.00","0","0.00"
"10824  :  โรงพยาบาลเกาะสีชัง","247","0","0.00","0","0.00","0","0","0.00","0","0.00"
"10825  :  โรงพยาบาลสัตหีบกม10","1,003","0","0.00","0","0.00","0","0","0.00","0","0.00"
"10826  :  โรงพยาบาลบ่อทอง","1,060","8","0.75","1","0.09","0","0","0.00","0","0.00"
"11486  :  โรงพยาบาลค่ายนวมินทราชินี","0","0","0.00","0","0.00","0","0","0.00","0","0.00"
"11487  :  โรงพยาบาลอาภากรเกียรติวงศ์","0","0","0.00","0","0.00","0","0","0.00","0","0.00"
"13754  :  โรงพยาบาลสมเด็จพระบรมราชเทวี ณ ศรีราชา","4,135","1","0.02","4","0.10","0","0","0.00","0","0.00"
"13758  :  โรงพยาบาลสมเด็จพระนางเจ้าสิริกิติ์","0","0","0.00","0","0.00","0","0","0.00","0","0.00"
"13760  :  โรงพยาบาลมะเร็งชลบุรี","0","0","0.00","0","0.00","0","0","0.00","0","0.00"
"13766  :  โรงพยาบาลมหาวิทยาลัยบูรพา","0","0","0.00","0","0.00","0","0","0.00","0","0.00"
"28005  :  โรงพยาบาลเมืองพัทยา","7,645","11","0.14","10","0.13","0","0","0.00","0","0.00"
"28006  :  โรงพยาบาลเกาะจันทร์","777","0","0.00","0","0.00","0","0","0.00","0","0.00"
"10663  :  โรงพยาบาลระยอง","0","0","0.00","0","0.00","0","0","0.00","0","0.00"
"10827  :  โรงพยาบาลเฉลิมพระเกียรติสมเด็จพระเทพรัตนราชสุดาฯ สยามบรมราชกุมารี ระยอง","6,025","2","0.03","3","0.05","0","0","0.00","0","0.00"
"10828  :  โรงพยาบาลบ้านฉาง","508","0","0.00","0","0.00","0","0","0.00","0","0.00"
"10829  :  โรงพยาบาลแกลง","4,263","0","0.00","13","0.30","0","0","0.00","0","0.00"
"10830  :  โรงพยาบาลวังจันทร์","945","0","0.00","0","0.00","0","0","0.00","0","0.00"
"10831  :  โรงพยาบาลบ้านค่าย","438","0","0.00","0","0.00","0","0","0.00","0","0.00"
"10832  :  โรงพยาบาลปลวกแดง","2,932","0","0.00","0","0.00","0","0","0.00","0","0.00"
"22734  :  โรงพยาบาลเขาชะเมา เฉลิมพระเกียรติ 80 พรรษา","87","0","0.00","0","0.00","0","0","0.00","0","0.00"
"23962  :  โรงพยาบาลนิคมพัฒนา","211","0","0.00","0","0.00","0","0","0.00","0","0.00"
"10664  :  โรงพยาบาลพระปกเกล้า","4,967","17","0.34","19","0.38","0","0","0.00","0","0.00"
"10834  :  โรงพยาบาลขลุง","1,527","2","0.13","2","0.13","0","0","0.00","0","0.00"
"10835  :  โรงพยาบาลท่าใหม่","2,642","1","0.04","2","0.08","0","0","0.00","0","0.00"
"10836  :  โรงพยาบาลเขาสุกิม","171","0","0.00","0","0.00","0","0","0.00","0","0.00"
"10837  :  โรงพยาบาลสองพี่น้อง","92","0","0.00","0","0.00","0","0","0.00","0","0.00"
"10838  :  โรงพยาบาลโป่งน้ำร้อน","989","0","0.00","4","0.40","0","0","0.00","0","0.00"
"10839  :  โรงพยาบาลมะขาม","0","0","0.00","0","0.00","0","0","0.00","0","0.00"
"10840  :  โรงพยาบาลแหลมสิงห์","315","0","0.00","0","0.00","0","0","0.00","0","0.00"
"10841  :  โรงพยาบาลสอยดาว","11","0","0.00","0","0.00","0","0","0.00","0","0.00"
"10842  :  โรงพยาบาลแก่งหางแมว","1,199","1","0.08","0","0.00","0","0","0.00","0","0.00"
"10843  :  โรงพยาบาลนายายอาม","50","0","0.00","0","0.00","0","0","0.00","0","0.00"
"10844  :  โรงพยาบาลเขาคิชฌกูฏ","703","4","0.57","1","0.14","0","0","0.00","0","0.00"
"10696  :  โรงพยาบาลตราด","4,641","1","0.02","1","0.02","0","0","0.00","0","0.00"
"10845  :  โรงพยาบาลคลองใหญ่","1,339","0","0.00","0","0.00","0","0","0.00","0","0.00"
"10846  :  โรงพยาบาลเขาสมิง","350","0","0.00","0","0.00","0","0","0.00","0","0.00"
"10847  :  โรงพยาบาลบ่อไร่","807","0","0.00","0","0.00","0","0","0.00","0","0.00"
"10848  :  โรงพยาบาลแหลมงอบ","291","0","0.00","0","0.00","0","0","0.00","0","0.00"
"10849  :  โรงพยาบาลเกาะกูด","190","0","0.00","0","0.00","0","0","0.00","0","0.00"
"13816  :  โรงพยาบาลเกาะช้าง","126","0","0.00","0","0.00","0","0","0.00","0","0.00"
"10697  :  โรงพยาบาลพุทธโสธร","0","0","0.00","0","0.00","0","0","0.00","0","0.00"
"10833  :  โรงพยาบาลท่าตะเกียบ","702","0","0.00","0","0.00","0","0","0.00","0","0.00"
"10850  :  โรงพยาบาลบางคล้า","2,265","1","0.04","0","0.00","0","0","0.00","0","0.00"
"10851  :  โรงพยาบาลบางน้ำเปรี้ยว","0","0","0.00","0","0.00","0","0","0.00","0","0.00"
"10852  :  โรงพยาบาลบางปะกง","0","0","0.00","0","0.00","0","0","0.00","0","0.00"
"10853  :  โรงพยาบาลบ้านโพธิ์","155","0","0.00","0","0.00","0","0","0.00","0","0.00"
"10854  :  โรงพยาบาลพนมสารคาม","2,646","0","0.00","2","0.08","0","0","0.00","0","0.00"
"10855  :  โรงพยาบาลสนามชัยเขต","603","0","0.00","0","0.00","0","0","0.00","0","0.00"
"10856  :  โรงพยาบาลแปลงยาว","866","1","0.12","1","0.12","0","0","0.00","0","0.00"
"13747  :  โรงพยาบาลราชสาส์น","361","0","0.00","0","0.00","0","0","0.00","0","0.00"
"31327  :  โรงพยาบาลคลองเขื่อน","0","0","0.00","0","0.00","0","0","0.00","0","0.00"
"10665  :  โรงพยาบาลเจ้าพระยาอภัยภูเบศร","0","0","0.00","0","0.00","0","0","0.00","0","0.00"
"10857  :  โรงพยาบาลกบินทร์บุรี","1,233","3","0.24","2","0.16","0","0","0.00","0","0.00"
"10858  :  โรงพยาบาลนาดี","950","0","0.00","0","0.00","0","0","0.00","0","0.00"
"10859  :  โรงพยาบาลบ้านสร้าง","429","0","0.00","1","0.23","0","0","0.00","0","0.00"
"10860  :  โรงพยาบาลประจันตคาม","1,402","0","0.00","1","0.07","0","0","0.00","0","0.00"
"10861  :  โรงพยาบาลศรีมหาโพธิ","2,889","1","0.03","2","0.07","0","0","0.00","0","0.00"
"10862  :  โรงพยาบาลศรีมโหสถ","2,195","1","0.05","2","0.09","0","0","0.00","0","0.00"
"11490  :  โรงพยาบาลค่ายจักรพงษ์","448","0","0.00","2","0.45","0","0","0.00","0","0.00"
"10698  :  โรงพยาบาลนครนายก","2,984","0","0.00","3","0.10","0","0","0.00","0","0.00"
"10863  :  โรงพยาบาลปากพลี","130","0","0.00","0","0.00","0","0","0.00","0","0.00"
"10864  :  โรงพยาบาลบ้านนา","2,002","0","0.00","0","0.00","0","0","0.00","0","0.00"
"10865  :  โรงพยาบาลองครักษ์","1,787","0","0.00","0","0.00","0","0","0.00","0","0.00"
"11491  :  โรงพยาบาลรร.นายร้อยพระจุลจอมเกล้า","129","0","0.00","0","0.00","0","0","0.00","0","0.00"
"14904  :  โรงพยาบาลศูนย์การแพทย์สมเด็จพระเทพรัตนราชสุดาฯ","0","0","0.00","0","0.00","0","0","0.00","0","0.00"
"10699  :  โรงพยาบาลสมเด็จพระยุพราชสระแก้ว","3,220","0","0.00","2","0.06","0","0","0.00","0","0.00"
"10866  :  โรงพยาบาลคลองหาด","848","0","0.00","0","0.00","0","0","0.00","0","0.00"
"10867  :  โรงพยาบาลตาพระยา","681","0","0.00","0","0.00","0","0","0.00","0","0.00"
"10868  :  โรงพยาบาลวังน้ำเย็น","2,537","1","0.04","1","0.04","0","0","0.00","0","0.00"
"10869  :  โรงพยาบาลวัฒนานคร","1,295","2","0.15","1","0.08","0","0","0.00","0","0.00"
"10870  :  โรงพยาบาลอรัญประเทศ","4,355","0","0.00","0","0.00","0","0","0.00","0","0.00"
"13817  :  โรงพยาบาลเขาฉกรรจ์","713","1","0.14","0","0.00","0","0","0.00","0","0.00"
"14717  :  โรงพยาบาลจิตเวชสระแก้วราชนครินทร์","0","0","0.00","0","0.00","0","0","0.00","0","0.00"
"10666  :  โรงพยาบาลมหาราชนครราชสีมา","0","0","0.00","0","0.00","0","0","0.00","0","0.00"
"10871  :  โรงพยาบาลครบุรี","1,101","0","0.00","1","0.09","0","0","0.00","0","0.00"
"10872  :  โรงพยาบาลเสิงสาง","1,929","31","1.61","32","1.66","0","0","0.00","0","0.00"
"10873  :  โรงพยาบาลคง","1,128","0","0.00","3","0.27","0","0","0.00","0","0.00"
"10874  :  โรงพยาบาลบ้านเหลื่อม","321","1","0.31","2","0.62","0","0","0.00","0","0.00"
"10875  :  โรงพยาบาลจักราช","0","0","0.00","0","0.00","0","0","0.00","0","0.00"
"10876  :  โรงพยาบาลโชคชัย","2,136","10","0.47","14","0.66","0","0","0.00","0","0.00"
"10877  :  โรงพยาบาลด่านขุนทด","0","0","0.00","0","0.00","0","0","0.00","0","0.00"
"10878  :  โรงพยาบาลโนนไทย","1,095","0","0.00","0","0.00","0","0","0.00","0","0.00"
"10879  :  โรงพยาบาลโนนสูง","1,724","2","0.12","0","0.00","0","0","0.00","0","0.00"
"10880  :  โรงพยาบาลขามสะแกแสง","989","0","0.00","2","0.20","0","0","0.00","0","0.00"
"10881  :  โรงพยาบาลบัวใหญ่","436","0","0.00","0","0.00","0","0","0.00","0","0.00"
"10882  :  โรงพยาบาลประทาย","1,643","1","0.06","3","0.18","0","0","0.00","0","0.00"
"10883  :  โรงพยาบาลปักธงชัย","319","1","0.31","0","0.00","0","0","0.00","0","0.00"
"10884  :  โรงพยาบาลพิมาย","1,829","0","0.00","2","0.11","0","0","0.00","0","0.00"
"10885  :  โรงพยาบาลห้วยแถลง","858","0","0.00","3","0.35","0","0","0.00","0","0.00"
"10886  :  โรงพยาบาลชุมพวง","1,602","9","0.56","0","0.00","0","0","0.00","0","0.00"
"10887  :  โรงพยาบาลสูงเนิน","2,621","0","0.00","1","0.04","0","0","0.00","0","0.00"
"10888  :  โรงพยาบาลขามทะเลสอ","659","0","0.00","2","0.30","0","0","0.00","0","0.00"
"10889  :  โรงพยาบาลสีคิ้ว","2,976","1","0.03","11","0.37","0","0","0.00","0","0.00"
"10890  :  โรงพยาบาลปากช่องนานา","3,128","0","0.00","7","0.22","0","0","0.00","0","0.00"
"10891  :  โรงพยาบาลหนองบุญมาก","77","0","0.00","0","0.00","0","0","0.00","0","0.00"
"10892  :  โรงพยาบาลแก้งสนามนาง","408","0","0.00","0","0.00","0","0","0.00","0","0.00"
"10893  :  โรงพยาบาลโนนแดง","829","1","0.12","4","0.48","0","0","0.00","0","0.00"
"10894  :  โรงพยาบาลวังน้ำเขียว","310","0","0.00","0","0.00","0","0","0.00","0","0.00"
"11492  :  โรงพยาบาลค่ายสุรนารี นครราชสีมา","0","0","0.00","0","0.00","0","0","0.00","0","0.00"
"11602  :  โรงพยาบาลเฉลิมพระเกียรติสมเด็จย่า 100 ปี","128","83","64.84","1","0.78","0","0","0.00","0","0.00"
"11608  :  โรงพยาบาลลำทะเมนชัย","501","18","3.59","8","1.60","0","0","0.00","0","0.00"
"11885  :  โรงพยาบาลเดอะโกลเดนเกท","0","0","0.00","0","0.00","0","0","0.00","0","0.00"
"11891  :  โรงพยาบาลราชสีมาฮอสพิทอล","0","0","0.00","0","0.00","0","0","0.00","0","0.00"
"12267  :  ศูนย์อนามัยที่ 9 นครราชสีมา","0","0","0.00","0","0.00","0","0","0.00","0","0.00"
"12268  :  โรงพยาบาลจิตเวชนครราชสีมาราชนครินทร์","0","0","0.00","0","0.00","0","0","0.00","0","0.00"
"14161  :  โรงพยาบาลกองบิน กองบิน1","0","0","0.00","0","0.00","0","0","0.00","0","0.00"
"22456  :  โรงพยาบาลพระทองคำ เฉลิมพระเกียรติ 80 พรรษา","546","0","0.00","0","0.00","0","0","0.00","0","0.00"
"23839  :  โรงพยาบาลเทพรัตน์นครราชสีมา","526","1","0.19","1","0.19","0","0","0.00","0","0.00"
"24060  :  โรงพยาบาลมหาวิทยาลัยเทคโนโลยีสุรนารี","0","0","0.00","0","0.00","0","0","0.00","0","0.00"
"24692  :  โรงพยาบาลเฉลิมพระเกียรติ","306","1","0.33","0","0.00","0","0","0.00","0","0.00"
"27839  :  โรงพยาบาลบัวลาย","163","0","0.00","0","0.00","0","0","0.00","0","0.00"
"27840  :  โรงพยาบาลสีดา","282","0","0.00","0","0.00","0","0","0.00","0","0.00"
"27841  :  โรงพยาบาลเทพารักษ์","389","0","0.00","0","0.00","0","0","0.00","0","0.00"
"10667  :  โรงพยาบาลบุรีรัมย์","0","0","0.00","0","0.00","0","0","0.00","0","0.00"
"10895  :  โรงพยาบาลคูเมือง","1,257","10","0.80","9","0.72","0","0","0.00","0","0.00"
"10896  :  โรงพยาบาลกระสัง","976","3","0.31","2","0.20","0","0","0.00","0","0.00"
"10897  :  โรงพยาบาลนางรอง","5,049","3","0.06","23","0.46","0","0","0.00","0","0.00"
"10898  :  โรงพยาบาลหนองกี่","3,669","2","0.05","6","0.16","0","0","0.00","0","0.00"
"10899  :  โรงพยาบาลละหานทราย","3,511","7","0.20","11","0.31","0","0","0.00","0","0.00"
"10900  :  โรงพยาบาลประโคนชัย","3,496","2","0.06","7","0.20","0","0","0.00","0","0.00"
"10901  :  โรงพยาบาลบ้านกรวด","3,571","1","0.03","6","0.17","0","0","0.00","0","0.00"
"10902  :  โรงพยาบาลพุทไธสง","1,904","9","0.47","7","0.37","0","0","0.00","0","0.00"
"10904  :  โรงพยาบาลลำปลายมาศ","3,188","12","0.38","14","0.44","0","0","0.00","0","0.00"
"10905  :  โรงพยาบาลสตึก","3,747","21","0.56","21","0.56","0","0","0.00","0","0.00"
"10906  :  โรงพยาบาลปะคำ","351","3","0.85","3","0.85","0","0","0.00","0","0.00"
"10907  :  โรงพยาบาลนาโพธิ์","1,339","26","1.94","17","1.27","0","0","0.00","0","0.00"
"10908  :  โรงพยาบาลหนองหงส์","1,401","18","1.28","2","0.14","0","0","0.00","0","0.00"
"10909  :  โรงพยาบาลพลับพลาชัย","514","0","0.00","0","0.00","0","0","0.00","0","0.00"
"10910  :  โรงพยาบาลห้วยราช","0","0","0.00","0","0.00","0","0","0.00","0","0.00"
"10911  :  โรงพยาบาลโนนสุวรรณ","914","6","0.66","12","1.31","0","0","0.00","0","0.00"
"10912  :  โรงพยาบาลชำนิ","994","0","0.00","0","0.00","0","0","0.00","0","0.00"
"10913  :  โรงพยาบาลบ้านใหม่ไชยพจน์","1,406","73","5.19","2","0.14","0","0","0.00","0","0.00"
"10914  :  โรงพยาบาลโนนดินแดง","732","4","0.55","1","0.14","0","0","0.00","0","0.00"
"11493  :  โรงพยาบาลค่ายสมเด็จเจ้าพระยามหากษัตริย์ศึก","0","0","0.00","0","0.00","0","0","0.00","0","0.00"
"11619  :  โรงพยาบาลเฉลิมพระเกียรติ","1,712","21","1.23","26","1.52","0","0","0.00","0","0.00"
"23578  :  โรงพยาบาลแคนดง","1,122","0","0.00","0","0.00","0","0","0.00","0","0.00"
"28020  :  โรงพยาบาลบ้านด่าน","649","0","0.00","1","0.15","0","0","0.00","0","0.00"
"10668  :  โรงพยาบาลสุรินทร์","0","0","0.00","0","0.00","0","0","0.00","0","0.00"
"10915  :  โรงพยาบาลชุมพลบุรี","589","2","0.34","3","0.51","0","0","0.00","0","0.00"
"10916  :  โรงพยาบาลท่าตูม","1,365","0","0.00","8","0.59","0","0","0.00","0","0.00"
"10917  :  โรงพยาบาลจอมพระ","1,332","1","0.08","3","0.23","0","0","0.00","0","0.00"
"10918  :  โรงพยาบาลปราสาท","2,305","17","0.74","19","0.82","0","0","0.00","0","0.00"
"10919  :  โรงพยาบาลกาบเชิง","813","2","0.25","0","0.00","0","0","0.00","0","0.00"
"10920  :  โรงพยาบาลรัตนบุรี","1,054","3","0.28","4","0.38","0","0","0.00","0","0.00"
"10921  :  โรงพยาบาลสนม","572","1","0.17","1","0.17","0","0","0.00","0","0.00"
"10922  :  โรงพยาบาลศีขรภูมิ","2,027","0","0.00","10","0.49","0","0","0.00","0","0.00"
"10923  :  โรงพยาบาลสังขะ","1,084","0","0.00","0","0.00","0","0","0.00","0","0.00"
"10924  :  โรงพยาบาลลำดวน","693","0","0.00","0","0.00","0","0","0.00","0","0.00"
"10925  :  โรงพยาบาลสำโรงทาบ","601","0","0.00","0","0.00","0","0","0.00","0","0.00"
"10926  :  โรงพยาบาลบัวเชด","787","0","0.00","0","0.00","0","0","0.00","0","0.00"
"11494  :  โรงพยาบาลค่ายวีรวัฒน์โยธิน","0","0","0.00","0","0.00","0","0","0.00","0","0.00"
"22302  :  โรงพยาบาลพนมดงรัก เฉลิมพระเกียรติ 80 พรรษา","172","0","0.00","0","0.00","0","0","0.00","0","0.00"
"27842  :  โรงพยาบาลเขวาสินรินทร์","133","0","0.00","1","0.75","0","0","0.00","0","0.00"
"27843  :  โรงพยาบาลศรีณรงค์","127","0","0.00","0","0.00","0","0","0.00","0","0.00"
"27844  :  โรงพยาบาลโนนนารายณ์","81","1","1.23","1","1.23","0","0","0.00","0","0.00"
"10700  :  โรงพยาบาลศรีสะเกษ","1,539","1","0.06","2","0.13","0","0","0.00","0","0.00"
"10927  :  โรงพยาบาลยางชุมน้อย","1,069","0","0.00","0","0.00","0","0","0.00","0","0.00"
"10928  :  โรงพยาบาลกันทรารมย์","1,042","1","0.10","5","0.48","0","0","0.00","0","0.00"
"10929  :  โรงพยาบาลกันทรลักษ์","3,891","1","0.03","22","0.57","0","0","0.00","0","0.00"
"10930  :  โรงพยาบาลขุขันธ์","2,066","2","0.10","5","0.24","0","0","0.00","0","0.00"
"10931  :  โรงพยาบาลไพรบึง","1,015","0","0.00","1","0.10","0","0","0.00","0","0.00"
"10932  :  โรงพยาบาลปรางค์กู่","482","0","0.00","0","0.00","0","0","0.00","0","0.00"
"10933  :  โรงพยาบาลขุนหาญ","987","21","2.13","23","2.33","0","0","0.00","0","0.00"
"10934  :  โรงพยาบาลราษีไศล","1,154","4","0.35","1","0.09","0","0","0.00","0","0.00"
"10935  :  โรงพยาบาลอุทุมพรพิสัย","2,774","41","1.48","28","1.01","0","0","0.00","0","0.00"
"10936  :  โรงพยาบาลบึงบูรพ์","285","0","0.00","0","0.00","0","0","0.00","0","0.00"
"10937  :  โรงพยาบาลห้วยทับทัน","528","46","8.71","25","4.73","0","0","0.00","0","0.00"
"10938  :  โรงพยาบาลโนนคูณ","167","0","0.00","2","1.20","0","0","0.00","0","0.00"
"10939  :  โรงพยาบาลศรีรัตนะ","386","0","0.00","0","0.00","0","0","0.00","0","0.00"
"10940  :  โรงพยาบาลวังหิน","332","0","0.00","0","0.00","0","0","0.00","0","0.00"
"10941  :  โรงพยาบาลน้ำเกลี้ยง","639","0","0.00","0","0.00","0","0","0.00","0","0.00"
"10942  :  โรงพยาบาลภูสิงห์","656","0","0.00","0","0.00","0","0","0.00","0","0.00"
"10943  :  โรงพยาบาลเมืองจันทร์","81","0","0.00","0","0.00","0","0","0.00","0","0.00"
"23125  :  โรงพยาบาลเบญจลักษ์เฉลิมพระเกียรติ 80 พรรษา","557","0","0.00","0","0.00","0","0","0.00","0","0.00"
"28014  :  โรงพยาบาลพยุห์","140","0","0.00","0","0.00","0","0","0.00","0","0.00"
"28015  :  โรงพยาบาลโพธิ์ศรีสุวรรณ","70","20","28.57","0","0.00","0","0","0.00","0","0.00"
"28016  :  โรงพยาบาลศิลาลาด","228","0","0.00","0","0.00","0","0","0.00","0","0.00"
"10669  :  โรงพยาบาลสรรพสิทธิประสงค์","0","0","0.00","0","0.00","0","0","0.00","0","0.00"
"10944  :  โรงพยาบาลศรีเมืองใหม่","188","0","0.00","0","0.00","0","0","0.00","0","0.00"
"10945  :  โรงพยาบาลโขงเจียม","555","5","0.90","5","0.90","0","0","0.00","0","0.00"
"10946  :  โรงพยาบาลเขื่องใน","1,427","3","0.21","3","0.21","0","0","0.00","0","0.00"
"10947  :  โรงพยาบาลเขมราฐ","1,546","1","0.06","0","0.00","0","0","0.00","0","0.00"
"10948  :  โรงพยาบาลนาจะหลวย","1,460","1","0.07","1","0.07","0","0","0.00","0","0.00"
"10949  :  โรงพยาบาลน้ำยืน","0","0","0.00","0","0.00","0","0","0.00","0","0.00"
"10950  :  โรงพยาบาลบุณฑริก","1,893","0","0.00","0","0.00","0","0","0.00","0","0.00"
"10951  :  โรงพยาบาลตระการพืชผล","1,500","5","0.33","1","0.07","0","0","0.00","0","0.00"
"10952  :  โรงพยาบาลกุดข้าวปุ้น","608","4","0.66","4","0.66","0","0","0.00","0","0.00"
"10953  :  โรงพยาบาลม่วงสามสิบ","1,888","12","0.64","7","0.37","0","0","0.00","0","0.00"
"10954  :  โรงพยาบาลวารินชำราบ","0","0","0.00","0","0.00","0","0","0.00","0","0.00"
"10956  :  โรงพยาบาลพิบูลมังสาหาร","0","0","0.00","0","0.00","0","0","0.00","0","0.00"
"10957  :  โรงพยาบาลตาลสุม","401","0","0.00","0","0.00","0","0","0.00","0","0.00"
"10958  :  โรงพยาบาลโพธิ์ไทร","1,029","3","0.29","2","0.19","0","0","0.00","0","0.00"
"10959  :  โรงพยาบาลสำโรง","666","3","0.45","3","0.45","0","0","0.00","0","0.00"
"10960  :  โรงพยาบาลดอนมดแดง","273","1","0.37","1","0.37","0","0","0.00","0","0.00"
"10961  :  โรงพยาบาลสิรินธร","846","6","0.71","6","0.71","0","0","0.00","0","0.00"
"10962  :  โรงพยาบาลทุ่งศรีอุดม","487","1","0.21","1","0.21","0","0","0.00","0","0.00"
"11443  :  โรงพยาบาลสมเด็จพระยุพราชเดชอุดม","0","0","0.00","0","0.00","0","0","0.00","0","0.00"
"11495  :  โรงพยาบาลกองบิน 21","0","0","0.00","0","0.00","0","0","0.00","0","0.00"
"11496  :  โรงพยาบาลค่ายสรรพสิทธิประสงค์","643","1","0.16","1","0.16","0","0","0.00","0","0.00"
"11918  :  โรงพยาบาลเอกชนร่มเกล้า","4,213","4","0.09","14","0.33","0","0","0.00","0","0.00"
"12269  :  โรงพยาบาลพระศรีมหาโพธิ์","0","0","0.00","0","0.00","0","0","0.00","0","0.00"
"12270  :  โรงพยาบาลส่งเสริมสุขภาพ ศูนย์อนามัยที่ 10","0","0","0.00","0","0.00","0","0","0.00","0","0.00"
"21984  :  โรงพยาบาล 50 พรรษา มหาวชิราลงกรณ","0","0","0.00","0","0.00","0","0","0.00","0","0.00"
"24032  :  โรงพยาบาลนาตาล","145","0","0.00","0","0.00","0","0","0.00","0","0.00"
"24821  :  โรงพยาบาลนาเยีย","0","0","0.00","0","0.00","0","0","0.00","0","0.00"
"27967  :  โรงพยาบาลสว่างวีระวงศ์","0","0","0.00","0","0.00","0","0","0.00","0","0.00"
"27968  :  โรงพยาบาลน้ำขุ่น","0","0","0.00","0","0.00","0","0","0.00","0","0.00"
"27976  :  โรงพยาบาลเหล่าเสือโก้ก","299","2","0.67","1","0.33","0","0","0.00","0","0.00"
"10701  :  โรงพยาบาลยโสธร","0","0","0.00","0","0.00","0","0","0.00","0","0.00"
"10963  :  โรงพยาบาลทรายมูล","0","0","0.00","0","0.00","0","0","0.00","0","0.00"
"10964  :  โรงพยาบาลกุดชุม","0","0","0.00","0","0.00","0","0","0.00","0","0.00"
"10965  :  โรงพยาบาลคำเขื่อนแก้ว","1,608","4","0.25","1","0.06","0","0","0.00","0","0.00"
"10966  :  โรงพยาบาลป่าติ้ว","472","3","0.64","3","0.64","0","0","0.00","0","0.00"
"10967  :  โรงพยาบาลมหาชนะชัย","865","0","0.00","1","0.12","0","0","0.00","0","0.00"
"10968  :  โรงพยาบาลค้อวัง","533","174","32.65","48","9.01","0","0","0.00","0","0.00"
"10969  :  โรงพยาบาลไทยเจริญ","419","0","0.00","0","0.00","0","0","0.00","0","0.00"
"11444  :  โรงพยาบาลสมเด็จพระยุพราชเลิงนกทา","990","1","0.10","5","0.51","0","0","0.00","0","0.00"
"11921  :  โรงพยาบาลนายแพทย์หาญ","0","0","0.00","0","0.00","0","0","0.00","0","0.00"
"04007  :  โรงพยาบาลซับใหญ่","409","0","0.00","0","0.00","0","0","0.00","0","0.00"
"10702  :  โรงพยาบาลชัยภูมิ","0","0","0.00","0","0.00","0","0","0.00","0","0.00"
"10970  :  โรงพยาบาลบ้านเขว้า","772","0","0.00","0","0.00","0","0","0.00","0","0.00"
"10971  :  โรงพยาบาลคอนสวรรค์","932","0","0.00","0","0.00","0","0","0.00","0","0.00"
"10972  :  โรงพยาบาลเกษตรสมบูรณ์","907","0","0.00","0","0.00","0","0","0.00","0","0.00"
"10973  :  โรงพยาบาลหนองบัวแดง","1,888","1","0.05","1","0.05","0","0","0.00","0","0.00"
"10974  :  โรงพยาบาลจัตุรัส","1,380","1","0.07","1","0.07","0","0","0.00","0","0.00"
"10975  :  โรงพยาบาลบำเหน็จณรงค์","712","13","1.83","0","0.00","0","0","0.00","0","0.00"
"10976  :  โรงพยาบาลหนองบัวระเหว","369","0","0.00","0","0.00","0","0","0.00","0","0.00"
"10977  :  โรงพยาบาลเทพสถิต","1,316","0","0.00","1","0.08","0","0","0.00","0","0.00"
"10978  :  โรงพยาบาลภูเขียวเฉลิมพระเกียรติ","1,898","7","0.37","4","0.21","0","0","0.00","0","0.00"
"10979  :  โรงพยาบาลบ้านแท่น","936","0","0.00","1","0.11","0","0","0.00","0","0.00"
"10980  :  โรงพยาบาลแก้งคร้อ","2,655","59","2.22","55","2.07","0","0","0.00","0","0.00"
"10981  :  โรงพยาบาลคอนสาร","216","0","0.00","0","0.00","0","0","0.00","0","0.00"
"10982  :  โรงพยาบาลภักดีชุมพล","397","0","0.00","1","0.25","0","0","0.00","0","0.00"
"10983  :  โรงพยาบาลเนินสง่า","245","0","0.00","0","0.00","0","0","0.00","0","0.00"
"10703  :  โรงพยาบาลอำนาจเจริญ","0","0","0.00","0","0.00","0","0","0.00","0","0.00"
"10985  :  โรงพยาบาลชานุมาน","456","0","0.00","0","0.00","0","0","0.00","0","0.00"
"10986  :  โรงพยาบาลปทุมราชวงศา","1,304","0","0.00","0","0.00","0","0","0.00","0","0.00"
"10987  :  โรงพยาบาลพนา","570","21","3.68","35","6.14","0","0","0.00","0","0.00"
"10988  :  โรงพยาบาลเสนางคนิคม","560","88","15.71","93","16.61","0","0","0.00","0","0.00"
"10989  :  โรงพยาบาลหัวตะพาน","525","73","13.90","84","16.00","0","0","0.00","0","0.00"
"10990  :  โรงพยาบาลลืออำนาจ","626","2","0.32","2","0.32","0","0","0.00","0","0.00"
"11040  :  โรงพยาบาลบึงกาฬ","839","1","0.12","0","0.00","0","0","0.00","0","0.00"
"11041  :  โรงพยาบาลพรเจริญ","1,847","2","0.11","6","0.32","0","0","0.00","0","0.00"
"11043  :  โรงพยาบาลโซ่พิสัย","467","2","0.43","1","0.21","0","0","0.00","0","0.00"
"11046  :  โรงพยาบาลเซกา","496","3","0.60","2","0.40","0","0","0.00","0","0.00"
"11047  :  โรงพยาบาลปากคาด","1,201","0","0.00","0","0.00","0","0","0.00","0","0.00"
"11048  :  โรงพยาบาลบึงโขงหลง","0","0","0.00","0","0.00","0","0","0.00","0","0.00"
"11049  :  โรงพยาบาลศรีวิไล","1,489","5","0.34","10","0.67","0","0","0.00","0","0.00"
"11050  :  โรงพยาบาลบุ่งคล้า","165","0","0.00","0","0.00","0","0","0.00","0","0.00"
"10704  :  โรงพยาบาลหนองบัวลำภู","0","0","0.00","0","0.00","0","0","0.00","0","0.00"
"10991  :  โรงพยาบาลนากลาง","0","0","0.00","0","0.00","0","0","0.00","0","0.00"
"10992  :  โรงพยาบาลโนนสัง","0","0","0.00","0","0.00","0","0","0.00","0","0.00"
"10993  :  โรงพยาบาลศรีบุญเรือง","0","0","0.00","0","0.00","0","0","0.00","0","0.00"
"10994  :  โรงพยาบาลสุวรรณคูหา","0","0","0.00","0","0.00","0","0","0.00","0","0.00"
"23367  :  โรงพยาบาลนาวัง เฉลิมพระเกียรติ 80 พรรษา","0","0","0.00","0","0.00","0","0","0.00","0","0.00"
"10670  :  โรงพยาบาลขอนแก่น","0","0","0.00","0","0.00","0","0","0.00","0","0.00"
"10995  :  โรงพยาบาลบ้านฝาง","0","0","0.00","0","0.00","0","0","0.00","0","0.00"
"10996  :  โรงพยาบาลพระยืน","0","0","0.00","0","0.00","0","0","0.00","0","0.00"
"10997  :  โรงพยาบาลหนองเรือ","0","0","0.00","0","0.00","0","0","0.00","0","0.00"
"10998  :  โรงพยาบาลชุมแพ","0","0","0.00","0","0.00","0","0","0.00","0","0.00"
"10999  :  โรงพยาบาลสีชมพู","936","1","0.11","1","0.11","0","0","0.00","0","0.00"
"11000  :  โรงพยาบาลน้ำพอง","589","0","0.00","0","0.00","0","0","0.00","0","0.00"
"11001  :  โรงพยาบาลอุบลรัตน์","0","0","0.00","0","0.00","0","0","0.00","0","0.00"
"11002  :  โรงพยาบาลบ้านไผ่","0","0","0.00","0","0.00","0","0","0.00","0","0.00"
"11003  :  โรงพยาบาลเปือยน้อย","486","0","0.00","0","0.00","0","0","0.00","0","0.00"
"11004  :  โรงพยาบาลพล","0","0","0.00","0","0.00","0","0","0.00","0","0.00"
"11005  :  โรงพยาบาลแวงใหญ่","0","0","0.00","0","0.00","0","0","0.00","0","0.00"
"11006  :  โรงพยาบาลแวงน้อย","597","0","0.00","0","0.00","0","0","0.00","0","0.00"
"11007  :  โรงพยาบาลหนองสองห้อง","0","0","0.00","0","0.00","0","0","0.00","0","0.00"
"11008  :  โรงพยาบาลภูเวียง","0","0","0.00","0","0.00","0","0","0.00","0","0.00"
"11009  :  โรงพยาบาลมัญจาคีรี","1,443","0","0.00","1","0.07","0","0","0.00","0","0.00"
"11010  :  โรงพยาบาลชนบท","0","0","0.00","0","0.00","0","0","0.00","0","0.00"
"11011  :  โรงพยาบาลเขาสวนกวาง","0","0","0.00","0","0.00","0","0","0.00","0","0.00"
"11012  :  โรงพยาบาลภูผาม่าน","0","0","0.00","0","0.00","0","0","0.00","0","0.00"
"11445  :  โรงพยาบาลสมเด็จพระยุพราชกระนวน","3,125","2","0.06","7","0.22","0","0","0.00","0","0.00"
"11497  :  โรงพยาบาลค่ายศรีพัชรินทร","0","0","0.00","0","0.00","0","0","0.00","0","0.00"
"11936  :  โรงพยาบาลขอนแก่นราม","0","0","0.00","0","0.00","0","0","0.00","0","0.00"
"12272  :  โรงพยาบาลจิตเวชขอนแก่นราชนครินทร์","0","0","0.00","0","0.00","0","0","0.00","0","0.00"
"12273  :  โรงพยาบาลส่งเสริมสุขภาพ ศูนย์อนามัยที่ 7","0","0","0.00","0","0.00","0","0","0.00","0","0.00"
"12275  :  โรงพยาบาลสิรินธร(ภาคตะวันออกเฉียงเหนือ)","0","0","0.00","0","0.00","0","0","0.00","0","0.00"
"13777  :  โรงพยาบาลศรีนครินทร์ มหาวิทยาลัยขอนแก่น","0","0","0.00","0","0.00","0","0","0.00","0","0.00"
"14132  :  โรงพยาบาลซำสูง","0","0","0.00","0","0.00","0","0","0.00","0","0.00"
"14196  :  โรงพยาบาลธัญญรักษ์ขอนแก่น","0","0","0.00","0","0.00","0","0","0.00","0","0.00"
"24746  :  สถาบันสุขภาพจิตเด็กและวัยรุ่นภาคตะวันออกเฉียงเหนือ","0","0","0.00","0","0.00","0","0","0.00","0","0.00"
"77649  :  โรงพยาบาลหนองนาคำ","0","0","0.00","0","0.00","0","0","0.00","0","0.00"
"77650  :  โรงพยาบาลเวียงเก่า","0","0","0.00","0","0.00","0","0","0.00","0","0.00"
"77651  :  โรงพยาบาลโคกโพธิ์ไชย","828","0","0.00","1","0.12","0","0","0.00","0","0.00"
"77652  :  โรงพยาบาลโนนศิลา","0","0","0.00","0","0.00","0","0","0.00","0","0.00"
"10671  :  โรงพยาบาลอุดรธานี","0","0","0.00","0","0.00","0","0","0.00","0","0.00"
"11013  :  โรงพยาบาลกุดจับ","1,824","3","0.16","4","0.22","0","0","0.00","0","0.00"
"11014  :  โรงพยาบาลหนองวัวซอ","1,231","0","0.00","0","0.00","0","0","0.00","0","0.00"
"11015  :  โรงพยาบาลกุมภวาปี","3,773","5","0.13","7","0.19","0","0","0.00","0","0.00"
"11016  :  โรงพยาบาลห้วยเกิ้ง","0","0","0.00","0","0.00","0","0","0.00","0","0.00"
"11017  :  โรงพยาบาลโนนสะอาด","1,648","16","0.97","16","0.97","0","0","0.00","0","0.00"
"11018  :  โรงพยาบาลหนองหาน","2,401","1","0.04","3","0.12","0","0","0.00","0","0.00"
"11019  :  โรงพยาบาลทุ่งฝน","686","0","0.00","1","0.15","0","0","0.00","0","0.00"
"11020  :  โรงพยาบาลไชยวาน","1,148","0","0.00","0","0.00","0","0","0.00","0","0.00"
"11021  :  โรงพยาบาลศรีธาตุ","77","0","0.00","0","0.00","0","0","0.00","0","0.00"
"11022  :  โรงพยาบาลวังสามหมอ","1,720","0","0.00","2","0.12","0","0","0.00","0","0.00"
"11023  :  โรงพยาบาลบ้านผือ","2,395","0","0.00","0","0.00","0","0","0.00","0","0.00"
"11024  :  โรงพยาบาลน้ำโสม","1,902","1","0.05","1","0.05","0","0","0.00","0","0.00"
"11025  :  โรงพยาบาลเพ็ญ","2,436","0","0.00","0","0.00","0","0","0.00","0","0.00"
"11026  :  โรงพยาบาลสร้างคอม","548","0","0.00","0","0.00","0","0","0.00","0","0.00"
"11027  :  โรงพยาบาลหนองแสง","1,145","5","0.44","6","0.52","0","0","0.00","0","0.00"
"11028  :  โรงพยาบาลนายูง","320","1","0.31","1","0.31","0","0","0.00","0","0.00"
"11029  :  โรงพยาบาลพิบูลย์รักษ์","229","0","0.00","0","0.00","0","0","0.00","0","0.00"
"11446  :  โรงพยาบาลสมเด็จพระยุพราชบ้านดุง","3,237","2","0.06","5","0.15","0","0","0.00","0","0.00"
"11501  :  โรงพยาบาลค่ายประจักษ์ศิลปาคม","0","0","0.00","0","0.00","0","0","0.00","0","0.00"
"12276  :  โรงพยาบาลมะเร็งอุดรธานี","0","0","0.00","0","0.00","0","0","0.00","0","0.00"
"23951  :  โรงพยาบาลธัญญารักษ์อุดรธานี","0","0","0.00","0","0.00","0","0","0.00","0","0.00"
"25058  :  โรงพยาบาลกู่แก้ว","0","0","0.00","0","0.00","0","0","0.00","0","0.00"
"25059  :  โรงพยาบาลประจักษ์ศิลปาคม","0","0","0.00","0","0.00","0","0","0.00","0","0.00"
"10705  :  โรงพยาบาลเลย","5,275","149","2.82","141","2.67","0","0","0.00","0","0.00"
"11030  :  โรงพยาบาลนาด้วง","767","1","0.13","1","0.13","0","0","0.00","0","0.00"
"11031  :  โรงพยาบาลเชียงคาน","1,441","5","0.35","14","0.97","0","0","0.00","0","0.00"
"11032  :  โรงพยาบาลปากชม","507","70","13.81","6","1.18","0","0","0.00","0","0.00"
"11033  :  โรงพยาบาลนาแห้ว","236","0","0.00","0","0.00","0","0","0.00","0","0.00"
"11034  :  โรงพยาบาลภูเรือ","600","3","0.50","1","0.17","0","0","0.00","0","0.00"
"11035  :  โรงพยาบาลท่าลี่","725","20","2.76","17","2.34","0","0","0.00","0","0.00"
"11036  :  โรงพยาบาลวังสะพุง","1,584","1","0.06","1","0.06","0","0","0.00","0","0.00"
"11037  :  โรงพยาบาลภูกระดึง","1,178","1","0.08","0","0.00","0","0","0.00","0","0.00"
"11038  :  โรงพยาบาลภูหลวง","627","76","12.12","71","11.32","0","0","0.00","0","0.00"
"11039  :  โรงพยาบาลผาขาว","878","0","0.00","0","0.00","0","0","0.00","0","0.00"
"11447  :  โรงพยาบาลสมเด็จพระยุพราชด่านซ้าย","1,183","14","1.18","9","0.76","0","0","0.00","0","0.00"
"14133  :  โรงพยาบาลเอราวัณ","1,275","0","0.00","1","0.08","0","0","0.00","0","0.00"
"14644  :  โรงพยาบาลจิตเวชเลยราชนครินทร์","0","0","0.00","0","0.00","0","0","0.00","0","0.00"
"28861  :  โรงพยาบาลหนองหิน","1,336","8","0.60","11","0.82","0","0","0.00","0","0.00"
"10706  :  โรงพยาบาลหนองคาย","2,913","61","2.09","61","2.09","0","0","0.00","0","0.00"
"11042  :  โรงพยาบาลโพนพิสัย","653","3","0.46","15","2.30","0","0","0.00","0","0.00"
"11044  :  โรงพยาบาลศรีเชียงใหม่","995","3","0.30","1","0.10","0","0","0.00","0","0.00"
"11045  :  โรงพยาบาลสังคม","564","3","0.53","3","0.53","0","0","0.00","0","0.00"
"11448  :  โรงพยาบาลสมเด็จพระยุพราชท่าบ่อ","2,474","18","0.73","13","0.53","0","0","0.00","0","0.00"
"14558  :  โรงพยาบาลพิสัยเวช","1,412","304","21.53","251","17.78","0","0","0.00","0","0.00"
"21356  :  โรงพยาบาลสระใคร","127","0","0.00","0","0.00","0","0","0.00","0","0.00"
"28778  :  โรงพยาบาลโพธิ์ตาก","0","0","0.00","0","0.00","0","0","0.00","0","0.00"
"28811  :  โรงพยาบาลเฝ้าไร่","344","2","0.58","1","0.29","0","0","0.00","0","0.00"
"28815  :  โรงพยาบาลรัตนวาปี","22","0","0.00","1","4.55","0","0","0.00","0","0.00"
"10707  :  โรงพยาบาลมหาสารคาม","0","0","0.00","0","0.00","0","0","0.00","0","0.00"
"11051  :  โรงพยาบาลแกดำ","236","0","0.00","1","0.42","0","0","0.00","0","0.00"
"11052  :  โรงพยาบาลโกสุมพิสัย","2,152","1","0.05","1","0.05","0","0","0.00","0","0.00"
"11053  :  โรงพยาบาลกันทรวิชัย","1,003","0","0.00","1","0.10","0","0","0.00","0","0.00"
"11054  :  โรงพยาบาลเชียงยืน","1,437","3","0.21","1","0.07","0","0","0.00","0","0.00"
"11055  :  โรงพยาบาลบรบือ","1,827","2","0.11","5","0.27","0","0","0.00","0","0.00"
"11056  :  โรงพยาบาลนาเชือก","1,312","11","0.84","8","0.61","0","0","0.00","0","0.00"
"11057  :  โรงพยาบาลพยัคฆภูมิพิสัย","2,804","0","0.00","17","0.61","0","0","0.00","0","0.00"
"11058  :  โรงพยาบาลวาปีปทุม","2,735","1","0.04","0","0.00","0","0","0.00","0","0.00"
"11059  :  โรงพยาบาลนาดูน","410","0","0.00","0","0.00","0","0","0.00","0","0.00"
"11060  :  โรงพยาบาลยางสีสุราช","414","2","0.48","1","0.24","0","0","0.00","0","0.00"
"22953  :  โรงพยาบาลสุทธาเวช คณะแพทยศาสตร์ มหาวิทยาลัยมหาสารคาม","1,011","0","0.00","11","1.09","0","0","0.00","0","0.00"
"24704  :  โรงพยาบาลกุดรัง","183","0","0.00","0","0.00","0","0","0.00","0","0.00"
"28843  :  โรงพยาบาลชื่นชม","0","0","0.00","0","0.00","0","0","0.00","0","0.00"
"10708  :  โรงพยาบาลร้อยเอ็ด","125","0","0.00","0","0.00","0","0","0.00","0","0.00"
"11061  :  โรงพยาบาลเกษตรวิสัย","1,572","3","0.19","6","0.38","0","0","0.00","0","0.00"
"11062  :  โรงพยาบาลปทุมรัตต์","1,281","2","0.16","3","0.23","0","0","0.00","0","0.00"
"11063  :  โรงพยาบาลจตุรพักตรพิมาน","1,166","3","0.26","0","0.00","0","0","0.00","0","0.00"
"11064  :  โรงพยาบาลธวัชบุรี","350","6","1.71","6","1.71","0","0","0.00","0","0.00"
"11065  :  โรงพยาบาลพนมไพร","1,363","9","0.66","3","0.22","0","0","0.00","0","0.00"
"11066  :  โรงพยาบาลโพนทอง","2,313","66","2.85","53","2.29","0","0","0.00","0","0.00"
"11067  :  โรงพยาบาลโพธิ์ชัย","719","3","0.42","3","0.42","0","0","0.00","0","0.00"
"11068  :  โรงพยาบาลหนองพอก","1,907","167","8.76","153","8.02","0","0","0.00","0","0.00"
"11069  :  โรงพยาบาลเสลภูมิ","2,896","40","1.38","12","0.41","0","0","0.00","0","0.00"
"11070  :  โรงพยาบาลสุวรรณภูมิ","2,584","2","0.08","2","0.08","0","0","0.00","0","0.00"
"11071  :  โรงพยาบาลเมืองสรวง","582","2","0.34","0","0.00","0","0","0.00","0","0.00"
"11072  :  โรงพยาบาลโพนทราย","414","0","0.00","1","0.24","0","0","0.00","0","0.00"
"11073  :  โรงพยาบาลอาจสามารถ","1,154","0","0.00","0","0.00","0","0","0.00","0","0.00"
"11074  :  โรงพยาบาลเมยวดี","476","1","0.21","0","0.00","0","0","0.00","0","0.00"
"11075  :  โรงพยาบาลศรีสมเด็จ","776","3","0.39","3","0.39","0","0","0.00","0","0.00"
"11076  :  โรงพยาบาลจังหาร","179","4","2.23","4","2.23","0","0","0.00","0","0.00"
"11504  :  โรงพยาบาลค่ายสมเด็จพระพุทธยอดฟ้าจุฬาโลกมหาราช","0","0","0.00","0","0.00","0","0","0.00","0","0.00"
"11964  :  โรงพยาบาลทั่วไปขนาดใหญ่จุรีเวช","0","0","0.00","0","0.00","0","0","0.00","0","0.00"
"27988  :  โรงพยาบาลทุ่งเขาหลวง","103","0","0.00","0","0.00","0","0","0.00","0","0.00"
"27989  :  โรงพยาบาลเชียงขวัญ","108","18","16.67","18","16.67","0","0","0.00","0","0.00"
"27990  :  โรงพยาบาลหนองฮี","176","0","0.00","0","0.00","0","0","0.00","0","0.00"
"10709  :  โรงพยาบาลกาฬสินธุ์","2,235","0","0.00","4","0.18","0","0","0.00","0","0.00"
"11077  :  โรงพยาบาลนามน","832","1","0.12","1","0.12","0","0","0.00","0","0.00"
"11078  :  โรงพยาบาลกมลาไสย","1,248","1","0.08","0","0.00","0","0","0.00","0","0.00"
"11079  :  โรงพยาบาลร่องคำ","844","7","0.83","7","0.83","0","0","0.00","0","0.00"
"11080  :  โรงพยาบาลเขาวง","946","0","0.00","0","0.00","0","0","0.00","0","0.00"
"11081  :  โรงพยาบาลยางตลาด","1,394","0","0.00","0","0.00","0","0","0.00","0","0.00"
"11082  :  โรงพยาบาลห้วยเม็ก","0","0","0.00","0","0.00","0","0","0.00","0","0.00"
"11083  :  โรงพยาบาลสหัสขันธ์","278","0","0.00","0","0.00","0","0","0.00","0","0.00"
"11084  :  โรงพยาบาลคำม่วง","1,106","0","0.00","1","0.09","0","0","0.00","0","0.00"
"11085  :  โรงพยาบาลท่าคันโท","808","1","0.12","13","1.61","0","0","0.00","0","0.00"
"11086  :  โรงพยาบาลหนองกุงศรี","1,087","0","0.00","1","0.09","0","0","0.00","0","0.00"
"11087  :  โรงพยาบาลสมเด็จ","2,647","7","0.26","9","0.34","0","0","0.00","0","0.00"
"11088  :  โรงพยาบาลห้วยผึ้ง","1,216","1","0.08","4","0.33","0","0","0.00","0","0.00"
"11449  :  โรงพยาบาลสมเด็จพระยุพราชกุฉินารายณ์","2,400","1","0.04","10","0.42","0","0","0.00","0","0.00"
"11965  :  โรงพยาบาลธีรวัฒน์","0","0","0.00","0","0.00","0","0","0.00","0","0.00"
"28017  :  โรงพยาบาลนาคู","272","0","0.00","0","0.00","0","0","0.00","0","0.00"
"28789  :  โรงพยาบาลฆ้องชัย","235","0","0.00","0","0.00","0","0","0.00","0","0.00"
"28790  :  โรงพยาบาลดอนจาน","271","0","0.00","0","0.00","0","0","0.00","0","0.00"
"28791  :  โรงพยาบาลสามชัย","431","0","0.00","0","0.00","0","0","0.00","0","0.00"
"10710  :  โรงพยาบาลสกลนคร","0","0","0.00","0","0.00","0","0","0.00","0","0.00"
"11089  :  โรงพยาบาลกุสุมาลย์","1,062","0","0.00","0","0.00","0","0","0.00","0","0.00"
"11090  :  โรงพยาบาลกุดบาก","729","1","0.14","0","0.00","0","0","0.00","0","0.00"
"11091  :  โรงพยาบาลพระอาจารย์ฝั้นอาจาโร","1,084","0","0.00","0","0.00","0","0","0.00","0","0.00"
"11092  :  โรงพยาบาลพังโคน","1,757","0","0.00","0","0.00","0","0","0.00","0","0.00"
"11093  :  โรงพยาบาลวาริชภูมิ","1,253","0","0.00","1","0.08","0","0","0.00","0","0.00"
"11094  :  โรงพยาบาลนิคมน้ำอูน","594","0","0.00","0","0.00","0","0","0.00","0","0.00"
"11095  :  โรงพยาบาลวานรนิวาส","2,170","2","0.09","1","0.05","0","0","0.00","0","0.00"
"11096  :  โรงพยาบาลคำตากล้า","1,240","0","0.00","5","0.40","0","0","0.00","0","0.00"
"11097  :  โรงพยาบาลบ้านม่วง","1,311","0","0.00","0","0.00","0","0","0.00","0","0.00"
"11098  :  โรงพยาบาลอากาศอำนวย","1,454","1","0.07","1","0.07","0","0","0.00","0","0.00"
"11099  :  โรงพยาบาลส่องดาว","910","0","0.00","0","0.00","0","0","0.00","0","0.00"
"11100  :  โรงพยาบาลเต่างอย","420","0","0.00","0","0.00","0","0","0.00","0","0.00"
"11101  :  โรงพยาบาลโคกศรีสุพรรณ","1,068","7","0.66","0","0.00","0","0","0.00","0","0.00"
"11102  :  โรงพยาบาลเจริญศิลป์","848","1","0.12","0","0.00","0","0","0.00","0","0.00"
"11103  :  โรงพยาบาลโพนนาแก้ว","287","1","0.35","0","0.00","0","0","0.00","0","0.00"
"11450  :  โรงพยาบาลสมเด็จพระยุพราชสว่างแดนดิน","4,047","157","3.88","1","0.02","0","0","0.00","0","0.00"
"11505  :  โรงพยาบาลค่ายกฤษณ์สีวะรา","791","0","0.00","1","0.13","0","0","0.00","0","0.00"
"21323  :  โรงพยาบาลพระอาจารย์แบน  ธนากโร","319","1","0.31","1","0.31","0","0","0.00","0","0.00"
"24976  :  โรงพยาบาลการแพทย์แผนไทยสกลนคร หลวงปู่แฟ๊ป สุภัทโท","0","0","0.00","0","0.00","0","0","0.00","0","0.00"
"10711  :  โรงพยาบาลนครพนม","978","3","0.31","3","0.31","0","0","0.00","0","0.00"
"11104  :  โรงพยาบาลปลาปาก","1,005","1","0.10","1","0.10","0","0","0.00","0","0.00"
"11105  :  โรงพยาบาลท่าอุเทน","397","2","0.50","0","0.00","0","0","0.00","0","0.00"
"11106  :  โรงพยาบาลบ้านแพง","1,252","1","0.08","3","0.24","0","0","0.00","0","0.00"
"11107  :  โรงพยาบาลนาทม","263","0","0.00","0","0.00","0","0","0.00","0","0.00"
"11108  :  โรงพยาบาลเรณูนคร","1,120","14","1.25","17","1.52","0","0","0.00","0","0.00"
"11109  :  โรงพยาบาลนาแก","2,068","1","0.05","3","0.15","0","0","0.00","0","0.00"
"11110  :  โรงพยาบาลศรีสงคราม","1,730","2","0.12","2","0.12","0","0","0.00","0","0.00"
"11111  :  โรงพยาบาลนาหว้า","1,089","0","0.00","0","0.00","0","0","0.00","0","0.00"
"11112  :  โรงพยาบาลโพนสวรรค์","578","0","0.00","0","0.00","0","0","0.00","0","0.00"
"11451  :  โรงพยาบาลสมเด็จพระยุพราชธาตุพนม","116","7","6.03","0","0.00","0","0","0.00","0","0.00"
"12277  :  โรงพยาบาลจิตเวชนครพนมราชนครินทร์","0","0","0.00","0","0.00","0","0","0.00","0","0.00"
"40840  :  โรงพยาบาลวังยาง","211","0","0.00","0","0.00","0","0","0.00","0","0.00"
"10712  :  โรงพยาบาลมุกดาหาร","4,504","4","0.09","5","0.11","0","0","0.00","0","0.00"
"11113  :  โรงพยาบาลนิคมคำสร้อย","622","1","0.16","1","0.16","0","0","0.00","0","0.00"
"11114  :  โรงพยาบาลดอนตาล","679","2","0.29","1","0.15","0","0","0.00","0","0.00"
"11115  :  โรงพยาบาลดงหลวง","676","1","0.15","1","0.15","0","0","0.00","0","0.00"
"11116  :  โรงพยาบาลคำชะอี","1,000","270","27.00","269","26.90","0","0","0.00","0","0.00"
"11117  :  โรงพยาบาลหว้านใหญ่","206","3","1.46","0","0.00","0","0","0.00","0","0.00"
"11118  :  โรงพยาบาลหนองสูง","368","7","1.90","6","1.63","0","0","0.00","0","0.00"
"06009  :  โรงพยาบาลแม่ตื่น","315","1","0.32","0","0.00","0","0","0.00","0","0.00"
"10713  :  โรงพยาบาลนครพิงค์","18,165","10","0.06","25","0.14","0","0","0.00","0","0.00"
"11119  :  โรงพยาบาลจอมทอง","1,953","2","0.10","0","0.00","0","0","0.00","0","0.00"
"11120  :  โรงพยาบาลเทพรัตนเวชชานุกูล เฉลิมพระเกียรติ ๖๐ พรรษา","1,081","5","0.46","7","0.65","0","0","0.00","0","0.00"
"11121  :  โรงพยาบาลเชียงดาว","1,899","2","0.11","2","0.11","0","0","0.00","0","0.00"
"11122  :  โรงพยาบาลดอยสะเก็ด","998","8","0.80","7","0.70","0","0","0.00","0","0.00"
"11123  :  โรงพยาบาลแม่แตง","0","0","0.00","0","0.00","0","0","0.00","0","0.00"
"11124  :  โรงพยาบาลสะเมิง","386","2","0.52","1","0.26","0","0","0.00","0","0.00"
"11125  :  โรงพยาบาลฝาง","0","0","0.00","0","0.00","0","0","0.00","0","0.00"
"11126  :  โรงพยาบาลแม่อาย","975","0","0.00","0","0.00","0","0","0.00","0","0.00"
"11127  :  โรงพยาบาลพร้าว","0","0","0.00","0","0.00","0","0","0.00","0","0.00"
"11128  :  โรงพยาบาลสันป่าตอง","1,257","14","1.11","3","0.24","0","0","0.00","0","0.00"
"11129  :  โรงพยาบาลสันกำแพง","0","0","0.00","0","0.00","0","0","0.00","0","0.00"
"11130  :  โรงพยาบาลสันทราย","0","0","0.00","0","0.00","0","0","0.00","0","0.00"
"11131  :  โรงพยาบาลหางดง","0","0","0.00","0","0.00","0","0","0.00","0","0.00"
"11132  :  โรงพยาบาลฮอด","875","1","0.11","2","0.23","0","0","0.00","0","0.00"
"11133  :  โรงพยาบาลดอยเต่า","206","1","0.49","1","0.49","0","0","0.00","0","0.00"
"11134  :  โรงพยาบาลอมก๋อย","1,157","9","0.78","6","0.52","0","0","0.00","0","0.00"
"11135  :  โรงพยาบาลสารภี","0","0","0.00","0","0.00","0","0","0.00","0","0.00"
"11136  :  โรงพยาบาลเวียงแหง","945","0","0.00","0","0.00","0","0","0.00","0","0.00"
"11137  :  โรงพยาบาลไชยปราการ","502","0","0.00","0","0.00","0","0","0.00","0","0.00"
"11138  :  โรงพยาบาลแม่วาง","329","0","0.00","0","0.00","0","0","0.00","0","0.00"
"11139  :  โรงพยาบาลแม่ออน","0","0","0.00","0","0.00","0","0","0.00","0","0.00"
"11507  :  โรงพยาบาลกองบิน 41","0","0","0.00","0","0.00","0","0","0.00","0","0.00"
"11508  :  โรงพยาบาลค่ายกาวิละ เชียงใหม่","0","0","0.00","0","0.00","0","0","0.00","0","0.00"
"11643  :  โรงพยาบาลดอยหล่อ","0","0","0.00","0","0.00","0","0","0.00","0","0.00"
"11978  :  โรงพยาบาลดารารัศมี","0","0","0.00","0","0.00","0","0","0.00","0","0.00"
"11992  :  โรงพยาบาลเทพปัญญา 2 โรงพยาบาลทั่วไปขนาดกลาง","0","0","0.00","0","0.00","0","0","0.00","0","0.00"
"11995  :  โรงพยาบาลทั่วไปขนาดใหญ่เซ็นทรัลเชียงใหม่ เมโมเรียล","416","0","0.00","0","0.00","0","0","0.00","0","0.00"
"11999  :  โรงพยาบาลทั่วไปขนาดใหญ่เชียงใหม่เมดิคอลเซ็นเตอร์","251","0","0.00","0","0.00","0","0","0.00","0","0.00"
"12279  :  โรงพยาบาลส่งเสริมสุขภาพ ศูนย์อนามัยที่ 1","0","0","0.00","0","0.00","0","0","0.00","0","0.00"
"12280  :  โรงพยาบาลสวนปรุง","0","0","0.00","0","0.00","0","0","0.00","0","0.00"
"12281  :  โรงพยาบาลประสาทเชียงใหม่","0","0","0.00","0","0.00","0","0","0.00","0","0.00"
"13775  :  สถาบันพัฒนาการเด็กราชนครินทร์","0","0","0.00","0","0.00","0","0","0.00","0","0.00"
"13780  :  โรงพยาบาลมหาราชนครเชียงใหม่  มหาวิทยาลัยเชียงใหม่","0","0","0.00","0","0.00","0","0","0.00","0","0.00"
"13785  :  โรงพยาบาลธัญญารักษ์เชียงใหม่","0","0","0.00","0","0.00","0","0","0.00","0","0.00"
"14550  :  โรงพยาบาลทั่วไปขนาดใหญ่ เชียงใหม่ใกล้หมอ","1,132","0","0.00","2","0.18","0","0","0.00","0","0.00"
"14916  :  โรงพยาบาลทั่วไปขนาดกลางเชียงใหม่ฮอสพิทอล","1,320","1","0.08","0","0.00","0","0","0.00","0","0.00"
"23736  :  โรงพยาบาลวัดจันทร์ เฉลิมพระเกียรติ 80 พรรษา","200","0","0.00","0","0.00","0","0","0.00","0","0.00"
"10714  :  โรงพยาบาลลำพูน","1,578","12","0.76","8","0.51","0","0","0.00","0","0.00"
"11140  :  โรงพยาบาลแม่ทา","456","10","2.19","13","2.85","0","0","0.00","0","0.00"
"11141  :  โรงพยาบาลบ้านโฮ่ง","620","83","13.39","61","9.84","0","0","0.00","0","0.00"
"11142  :  โรงพยาบาลลี้","0","0","0.00","0","0.00","0","0","0.00","0","0.00"
"11143  :  โรงพยาบาลทุ่งหัวช้าง","255","17","6.67","10","3.92","0","0","0.00","0","0.00"
"11144  :  โรงพยาบาลป่าซาง","671","2","0.30","3","0.45","0","0","0.00","0","0.00"
"11145  :  โรงพยาบาลบ้านธิ","610","0","0.00","0","0.00","0","0","0.00","0","0.00"
"12000  :  โรงพยาบาลหริภุญชัยเมโมเรียล","0","0","0.00","0","0.00","0","0","0.00","0","0.00"
"14555  :  โรงพยาบาลทั่วไปขนาดกลางศิริเวช ลำพูน","0","0","0.00","0","0.00","0","0","0.00","0","0.00"
"24956  :  โรงพยาบาลเวียงหนองล่อง","141","2","1.42","2","1.42","0","0","0.00","0","0.00"
"10672  :  โรงพยาบาลลำปาง","85","0","0.00","0","0.00","0","0","0.00","0","0.00"
"11146  :  โรงพยาบาลแม่เมาะ","1,212","0","0.00","0","0.00","0","0","0.00","0","0.00"
"11147  :  โรงพยาบาลเกาะคา","628","0","0.00","0","0.00","0","0","0.00","0","0.00"
"11148  :  โรงพยาบาลเสริมงาม","566","33","5.83","16","2.83","0","0","0.00","0","0.00"
"11149  :  โรงพยาบาลงาว","1,375","53","3.85","56","4.07","0","0","0.00","0","0.00"
"11150  :  โรงพยาบาลแจ้ห่ม","173","7","4.05","1","0.58","0","0","0.00","0","0.00"
"11151  :  โรงพยาบาลวังเหนือ","618","19","3.07","21","3.40","0","0","0.00","0","0.00"
"11152  :  โรงพยาบาลเถิน","259","18","6.95","9","3.47","0","0","0.00","0","0.00"
"11153  :  โรงพยาบาลแม่พริก","494","26","5.26","5","1.01","0","0","0.00","0","0.00"
"11154  :  โรงพยาบาลแม่ทะ","314","1","0.32","0","0.00","0","0","0.00","0","0.00"
"11155  :  โรงพยาบาลสบปราบ","649","74","11.40","23","3.54","0","0","0.00","0","0.00"
"11156  :  โรงพยาบาลห้างฉัตร","930","17","1.83","12","1.29","0","0","0.00","0","0.00"
"11157  :  โรงพยาบาลเมืองปาน","363","72","19.83","3","0.83","0","0","0.00","0","0.00"
"11512  :  โรงพยาบาลค่ายสุรศักดิ์มนตรี","0","0","0.00","0","0.00","0","0","0.00","0","0.00"
"12283  :  โรงพยาบาลมะเร็งลำปาง","0","0","0.00","0","0.00","0","0","0.00","0","0.00"
"10673  :  โรงพยาบาลอุตรดิตถ์","2,352","1","0.04","2","0.09","0","0","0.00","0","0.00"
"11158  :  โรงพยาบาลตรอน","341","109","31.96","107","31.38","0","0","0.00","0","0.00"
"11159  :  โรงพยาบาลท่าปลา","633","6","0.95","0","0.00","0","0","0.00","0","0.00"
"11160  :  โรงพยาบาลน้ำปาด","1,180","10","0.85","15","1.27","0","0","0.00","0","0.00"
"11161  :  โรงพยาบาลฟากท่า","276","0","0.00","9","3.26","0","0","0.00","0","0.00"
"11162  :  โรงพยาบาลบ้านโคก","266","50","18.80","15","5.64","0","0","0.00","0","0.00"
"11163  :  โรงพยาบาลพิชัย","1,551","23","1.48","1","0.06","0","0","0.00","0","0.00"
"11164  :  โรงพยาบาลลับแล","589","2","0.34","3","0.51","0","0","0.00","0","0.00"
"11165  :  โรงพยาบาลทองแสนขัน","284","37","13.03","0","0.00","0","0","0.00","0","0.00"
"11509  :  โรงพยาบาลค่ายพิชัยดาบหัก","0","0","0.00","0","0.00","0","0","0.00","0","0.00"
"10715  :  โรงพยาบาลแพร่","0","0","0.00","0","0.00","0","0","0.00","0","0.00"
"11166  :  โรงพยาบาลร้องกวาง","850","0","0.00","3","0.35","0","0","0.00","0","0.00"
"11167  :  โรงพยาบาลลอง","1,280","23","1.80","25","1.95","0","0","0.00","0","0.00"
"11169  :  โรงพยาบาลสูงเม่น","0","0","0.00","0","0.00","0","0","0.00","0","0.00"
"11170  :  โรงพยาบาลสอง","1,043","80","7.67","63","6.04","0","0","0.00","0","0.00"
"11171  :  โรงพยาบาลวังชิ้น","651","133","20.43","114","17.51","0","0","0.00","0","0.00"
"11172  :  โรงพยาบาลหนองม่วงไข่","21","0","0.00","0","0.00","0","0","0.00","0","0.00"
"11452  :  โรงพยาบาลสมเด็จพระยุพราชเด่นชัย","773","2","0.26","2","0.26","0","0","0.00","0","0.00"
"10716  :  โรงพยาบาลน่าน","5,191","158","3.04","189","3.64","0","0","0.00","0","0.00"
"11173  :  โรงพยาบาลแม่จริม","271","0","0.00","0","0.00","0","0","0.00","0","0.00"
"11174  :  โรงพยาบาลบ้านหลวง","146","45","30.82","40","27.40","0","0","0.00","0","0.00"
"11175  :  โรงพยาบาลนาน้อย","562","7","1.25","0","0.00","0","0","0.00","0","0.00"
"11176  :  โรงพยาบาลท่าวังผา","913","0","0.00","2","0.22","0","0","0.00","0","0.00"
"11177  :  โรงพยาบาลเวียงสา","1,303","108","8.29","104","7.98","0","0","0.00","0","0.00"
"11178  :  โรงพยาบาลทุ่งช้าง","197","3","1.52","3","1.52","0","0","0.00","0","0.00"
"11179  :  โรงพยาบาลเชียงกลาง","518","0","0.00","1","0.19","0","0","0.00","0","0.00"
"11180  :  โรงพยาบาลนาหมื่น","229","84","36.68","0","0.00","0","0","0.00","0","0.00"
"11181  :  โรงพยาบาลสันติสุข","276","30","10.87","25","9.06","0","0","0.00","0","0.00"
"11182  :  โรงพยาบาลบ่อเกลือ","186","3","1.61","2","1.08","0","0","0.00","0","0.00"
"11183  :  โรงพยาบาลสองแคว","243","1","0.41","0","0.00","0","0","0.00","0","0.00"
"11453  :  โรงพยาบาลสมเด็จพระยุพราชปัว","587","11","1.87","11","1.87","0","0","0.00","0","0.00"
"11510  :  โรงพยาบาลค่ายสุริยพงษ์","0","0","0.00","0","0.00","0","0","0.00","0","0.00"
"11625  :  โรงพยาบาลเฉลิมพระเกียรติ","78","43","55.13","47","60.26","0","0","0.00","0","0.00"
"25017  :  โรงพยาบาลภูเพียง","121","0","0.00","0","0.00","0","0","0.00","0","0.00"
"10717  :  โรงพยาบาลพะเยา","0","0","0.00","0","0.00","0","0","0.00","0","0.00"
"10718  :  โรงพยาบาลเชียงคำ","0","0","0.00","0","0.00","0","0","0.00","0","0.00"
"11184  :  โรงพยาบาลจุน","865","92","10.64","87","10.06","0","0","0.00","0","0.00"
"11185  :  โรงพยาบาลเชียงม่วน","0","0","0.00","0","0.00","0","0","0.00","0","0.00"
"11186  :  โรงพยาบาลดอกคำใต้","395","12","3.04","13","3.29","0","0","0.00","0","0.00"
"11187  :  โรงพยาบาลปง","314","83","26.43","23","7.32","0","0","0.00","0","0.00"
"11188  :  โรงพยาบาลแม่ใจ","0","0","0.00","0","0.00","0","0","0.00","0","0.00"
"15140  :  โรงพยาบาลค่ายขุนเจืองธรรมิกราช","0","0","0.00","0","0.00","0","0","0.00","0","0.00"
"40744  :  โรงพยาบาลภูซาง","0","0","0.00","0","0.00","0","0","0.00","0","0.00"
"40745  :  โรงพยาบาลภูกามยาว","0","0","0.00","0","0.00","0","0","0.00","0","0.00"
"41347  :  โรงพยาบาลมหาวิทยาลัยพะเยา","0","0","0.00","0","0.00","0","0","0.00","0","0.00"
"10674  :  โรงพยาบาลเชียงรายประชานุเคราะห์","7,935","292","3.68","390","4.91","0","0","0.00","0","0.00"
"11189  :  โรงพยาบาลเทิง","2,229","11","0.49","4","0.18","0","0","0.00","0","0.00"
"11190  :  โรงพยาบาลพาน","0","0","0.00","0","0.00","0","0","0.00","0","0.00"
"11191  :  โรงพยาบาลป่าแดด","474","1","0.21","1","0.21","0","0","0.00","0","0.00"
"11192  :  โรงพยาบาลแม่จัน","0","0","0.00","0","0.00","0","0","0.00","0","0.00"
"11193  :  โรงพยาบาลเชียงแสน","513","1","0.19","2","0.39","0","0","0.00","0","0.00"
"11194  :  โรงพยาบาลแม่สาย","3,527","28","0.79","27","0.77","0","0","0.00","0","0.00"
"11195  :  โรงพยาบาลแม่สรวย","506","0","0.00","0","0.00","0","0","0.00","0","0.00"
"11196  :  โรงพยาบาลเวียงป่าเป้า","1,240","0","0.00","0","0.00","0","0","0.00","0","0.00"
"11197  :  โรงพยาบาลพญาเม็งราย","329","3","0.91","4","1.22","0","0","0.00","0","0.00"
"11198  :  โรงพยาบาลเวียงแก่น","713","0","0.00","0","0.00","0","0","0.00","0","0.00"
"11199  :  โรงพยาบาลขุนตาล","132","0","0.00","2","1.52","0","0","0.00","0","0.00"
"11200  :  โรงพยาบาลแม่ฟ้าหลวง","382","60","15.71","60","15.71","0","0","0.00","0","0.00"
"11201  :  โรงพยาบาลแม่ลาว","100","8","8.00","5","5.00","0","0","0.00","0","0.00"
"11202  :  โรงพยาบาลเวียงเชียงรุ้ง","498","0","0.00","5","1.00","0","0","0.00","0","0.00"
"11454  :  โรงพยาบาลสมเด็จพระยุพราชเชียงของ","1,906","0","0.00","1","0.05","0","0","0.00","0","0.00"
"15012  :  โรงพยาบาลสมเด็จพระญาณสังวร","57","25","43.86","0","0.00","0","0","0.00","0","0.00"
"23429  :  โรงพยาบาลมหาวิทยาลัยแม่ฟ้าหลวง","0","0","0.00","0","0.00","0","0","0.00","0","0.00"
"28823  :  โรงพยาบาลดอยหลวง","0","0","0.00","0","0.00","0","0","0.00","0","0.00"
"41509  :  โรงพยาบาลศูนย์การแพทย์มหาวิทยาลัยแม่ฟ้าหลวง","0","0","0.00","0","0.00","0","0","0.00","0","0.00"
"10719  :  โรงพยาบาลศรีสังวาลย์","1,766","1","0.06","3","0.17","0","0","0.00","0","0.00"
"11203  :  โรงพยาบาลขุนยวม","813","3","0.37","3","0.37","0","0","0.00","0","0.00"
"11204  :  โรงพยาบาลปาย","1,111","0","0.00","0","0.00","0","0","0.00","0","0.00"
"11205  :  โรงพยาบาลแม่สะเรียง","1,868","1","0.05","1","0.05","0","0","0.00","0","0.00"
"11206  :  โรงพยาบาลแม่ลาน้อย","532","0","0.00","1","0.19","0","0","0.00","0","0.00"
"11207  :  โรงพยาบาลสบเมย","353","6","1.70","9","2.55","0","0","0.00","0","0.00"
"11208  :  โรงพยาบาลปางมะผ้า","595","0","0.00","0","0.00","0","0","0.00","0","0.00"
"14197  :  โรงพยาบาลธัญญรักษ์แม่ฮ่องสอน","0","0","0.00","0","0.00","0","0","0.00","0","0.00"
"10675  :  โรงพยาบาลสวรรค์ประชารักษ์","5,401","3","0.06","9","0.17","0","0","0.00","0","0.00"
"11209  :  โรงพยาบาลโกรกพระ","551","2","0.36","2","0.36","0","0","0.00","0","0.00"
"11210  :  โรงพยาบาลชุมแสง","1,302","0","0.00","1","0.08","0","0","0.00","0","0.00"
"11211  :  โรงพยาบาลหนองบัว","1,232","0","0.00","0","0.00","0","0","0.00","0","0.00"
"11212  :  โรงพยาบาลบรรพตพิสัย","661","0","0.00","0","0.00","0","0","0.00","0","0.00"
"11213  :  โรงพยาบาลเก้าเลี้ยว","431","0","0.00","0","0.00","0","0","0.00","0","0.00"
"11214  :  โรงพยาบาลตาคลี","721","0","0.00","0","0.00","0","0","0.00","0","0.00"
"11215  :  โรงพยาบาลท่าตะโก","1,262","0","0.00","0","0.00","0","0","0.00","0","0.00"
"11216  :  โรงพยาบาลไพศาลี","484","0","0.00","1","0.21","0","0","0.00","0","0.00"
"11217  :  โรงพยาบาลพยุหะคีรี","1,510","0","0.00","0","0.00","0","0","0.00","0","0.00"
"11218  :  โรงพยาบาลลาดยาว","1,308","1","0.08","1","0.08","0","0","0.00","0","0.00"
"11219  :  โรงพยาบาลตากฟ้า","1,299","2","0.15","1","0.08","0","0","0.00","0","0.00"
"11220  :  โรงพยาบาลแม่วงก์","293","0","0.00","0","0.00","0","0","0.00","0","0.00"
"11513  :  โรงพยาบาลค่ายจิรประวัติ","0","0","0.00","0","0.00","0","0","0.00","0","0.00"
"12030  :  โรงพยาบาลพริ้นซ์ ปากน้ำโพ 1 โรงพยาบาลทั่วไปขนาดใหญ่","0","0","0.00","0","0.00","0","0","0.00","0","0.00"
"12033  :  โรงพยาบาลรวมแพทย์นครสวรรค์","0","0","0.00","0","0.00","0","0","0.00","0","0.00"
"12034  :  โรงพยาบาลพริ้นซ์ ปากน้ำโพ 2 โรงพยาบาลทั่วไปขนาดใหญ่","0","0","0.00","0","0.00","0","0","0.00","0","0.00"
"12042  :  โรงพยาบาลร่มฉัตร","0","0","0.00","0","0.00","0","0","0.00","0","0.00"
"12044  :  โรงพยาบาลศรีสวรรค์","0","0","0.00","0","0.00","0","0","0.00","0","0.00"
"12284  :  โรงพยาบาลส่งเสริมสุขภาพ ศูนย์อนามัยที่ 3","0","0","0.00","0","0.00","0","0","0.00","0","0.00"
"14171  :  โรงพยาบาลจิตเวชนครสวรรค์ราชนครินทร์","0","0","0.00","0","0.00","0","0","0.00","0","0.00"
"40749  :  โรงพยาบาลชุมตาบง","0","0","0.00","0","0.00","0","0","0.00","0","0.00"
"10720  :  โรงพยาบาลอุทัยธานี","0","0","0.00","0","0.00","0","0","0.00","0","0.00"
"11221  :  โรงพยาบาลทัพทัน","670","58","8.66","60","8.96","0","0","0.00","0","0.00"
"11222  :  โรงพยาบาลสว่างอารมณ์","368","2","0.54","4","1.09","0","0","0.00","0","0.00"
"11223  :  โรงพยาบาลหนองฉาง","549","0","0.00","1","0.18","0","0","0.00","0","0.00"
"11224  :  โรงพยาบาลหนองขาหย่าง","146","4","2.74","5","3.42","0","0","0.00","0","0.00"
"11225  :  โรงพยาบาลบ้านไร่","1,012","97","9.58","3","0.30","0","0","0.00","0","0.00"
"11226  :  โรงพยาบาลลานสัก","938","0","0.00","1","0.11","0","0","0.00","0","0.00"
"11227  :  โรงพยาบาลห้วยคต","492","4","0.81","1","0.20","0","0","0.00","0","0.00"
"10721  :  โรงพยาบาลกำแพงเพชร","0","0","0.00","0","0.00","0","0","0.00","0","0.00"
"11228  :  โรงพยาบาลทุ่งโพธิ์ทะเล","576","5","0.87","1","0.17","0","0","0.00","0","0.00"
"11229  :  โรงพยาบาลไทรงาม","672","82","12.20","82","12.20","0","0","0.00","0","0.00"
"11230  :  โรงพยาบาลคลองลาน","1,271","201","15.81","485","38.16","0","0","0.00","0","0.00"
"11231  :  โรงพยาบาลขาณุวรลักษบุรี","295","98","33.22","100","33.90","0","0","0.00","0","0.00"
"11232  :  โรงพยาบาลคลองขลุง","411","0","0.00","1","0.24","0","0","0.00","0","0.00"
"11233  :  โรงพยาบาลพรานกระต่าย","144","27","18.75","3","2.08","0","0","0.00","0","0.00"
"11234  :  โรงพยาบาลลานกระบือ","1,403","25","1.78","2","0.14","0","0","0.00","0","0.00"
"11235  :  โรงพยาบาลทรายทองวัฒนา","256","20","7.81","12","4.69","0","0","0.00","0","0.00"
"11236  :  โรงพยาบาลปางศิลาทอง","164","68","41.46","40","24.39","0","0","0.00","0","0.00"
"14135  :  โรงพยาบาลบึงสามัคคี","196","0","0.00","0","0.00","0","0","0.00","0","0.00"
"28010  :  โรงพยาบาลโกสัมพีนคร","145","1","0.69","1","0.69","0","0","0.00","0","0.00"
"10722  :  โรงพยาบาลสมเด็จพระเจ้าตากสินมหาราช","3,344","2","0.06","5","0.15","0","0","0.00","0","0.00"
"10723  :  โรงพยาบาลแม่สอด","2,777","1","0.04","10","0.36","0","0","0.00","0","0.00"
"11238  :  โรงพยาบาลบ้านตาก","654","0","0.00","4","0.61","0","0","0.00","0","0.00"
"11239  :  โรงพยาบาลสามเงา","610","1","0.16","1","0.16","0","0","0.00","0","0.00"
"11240  :  โรงพยาบาลแม่ระมาด","1,916","2","0.10","2","0.10","0","0","0.00","0","0.00"
"11241  :  โรงพยาบาลท่าสองยาง","1,272","0","0.00","0","0.00","0","0","0.00","0","0.00"
"11242  :  โรงพยาบาลพบพระ","1,961","0","0.00","1","0.05","0","0","0.00","0","0.00"
"11243  :  โรงพยาบาลอุ้มผาง","1,154","1","0.09","2","0.17","0","0","0.00","0","0.00"
"27443  :  โรงพยาบาลวังเจ้า","30","0","0.00","0","0.00","0","0","0.00","0","0.00"
"10724  :  โรงพยาบาลสุโขทัย","992","3","0.30","1","0.10","0","0","0.00","0","0.00"
"10725  :  โรงพยาบาลศรีสังวรสุโขทัย","104","0","0.00","0","0.00","0","0","0.00","0","0.00"
"11244  :  โรงพยาบาลบ้านด่านลานหอย","966","20","2.07","4","0.41","0","0","0.00","0","0.00"
"11245  :  โรงพยาบาลคีรีมาศ","330","0","0.00","10","3.03","0","0","0.00","0","0.00"
"11246  :  โรงพยาบาลกงไกรลาศ","0","0","0.00","0","0.00","0","0","0.00","0","0.00"
"11247  :  โรงพยาบาลศรีสัชนาลัย","990","4","0.40","1","0.10","0","0","0.00","0","0.00"
"11248  :  โรงพยาบาลสวรรคโลก","0","0","0.00","0","0.00","0","0","0.00","0","0.00"
"11249  :  โรงพยาบาลศรีนคร","874","4","0.46","1","0.11","0","0","0.00","0","0.00"
"11250  :  โรงพยาบาลทุ่งเสลี่ยม","1,507","5","0.33","0","0.00","0","0","0.00","0","0.00"
"10676  :  โรงพยาบาลพุทธชินราช","0","0","0.00","0","0.00","0","0","0.00","0","0.00"
"11251  :  โรงพยาบาลชาติตระการ","481","1","0.21","1","0.21","0","0","0.00","0","0.00"
"11252  :  โรงพยาบาลบางระกำ","1,183","0","0.00","0","0.00","0","0","0.00","0","0.00"
"11253  :  โรงพยาบาลบางกระทุ่ม","526","2","0.38","2","0.38","0","0","0.00","0","0.00"
"11254  :  โรงพยาบาลพรหมพิราม","881","1","0.11","1","0.11","0","0","0.00","0","0.00"
"11255  :  โรงพยาบาลวัดโบสถ์","693","0","0.00","0","0.00","0","0","0.00","0","0.00"
"11256  :  โรงพยาบาลวังทอง","0","0","0.00","0","0.00","0","0","0.00","0","0.00"
"11257  :  โรงพยาบาลเนินมะปราง","1,405","7","0.50","10","0.71","0","0","0.00","0","0.00"
"11455  :  โรงพยาบาลสมเด็จพระยุพราชนครไทย","1,282","6","0.47","1","0.08","0","0","0.00","0","0.00"
"11517  :  โรงพยาบาลค่ายสมเด็จพระนเรศวร","0","0","0.00","0","0.00","0","0","0.00","0","0.00"
"14972  :  โรงพยาบาลมหาวิทยาลัยนเรศวร","0","0","0.00","0","0.00","0","0","0.00","0","0.00"
"41429  :  โรงพยาบาลจิตเวชพิษณุโลก","0","0","0.00","0","0.00","0","0","0.00","0","0.00"
"10726  :  โรงพยาบาลพิจิตร","4,754","6","0.13","4","0.08","0","0","0.00","0","0.00"
"11258  :  โรงพยาบาลวังทรายพูน","243","0","0.00","0","0.00","0","0","0.00","0","0.00"
"11259  :  โรงพยาบาลโพธิ์ประทับช้าง","337","0","0.00","0","0.00","0","0","0.00","0","0.00"
"11260  :  โรงพยาบาลบางมูลนาก","2,269","5","0.22","14","0.62","0","0","0.00","0","0.00"
"11261  :  โรงพยาบาลโพทะเล","912","0","0.00","1","0.11","0","0","0.00","0","0.00"
"11262  :  โรงพยาบาลสามง่าม","323","0","0.00","0","0.00","0","0","0.00","0","0.00"
"11263  :  โรงพยาบาลทับคล้อ","394","1","0.25","2","0.51","0","0","0.00","0","0.00"
"11456  :  โรงพยาบาลสมเด็จพระยุพราชตะพานหิน","2,008","1","0.05","7","0.35","0","0","0.00","0","0.00"
"11631  :  โรงพยาบาลวชิรบารมี","789","0","0.00","0","0.00","0","0","0.00","0","0.00"
"27978  :  โรงพยาบาลสากเหล็ก","461","7","1.52","0","0.00","0","0","0.00","0","0.00"
"27979  :  โรงพยาบาลบึงนาราง","17","0","0.00","0","0.00","0","0","0.00","0","0.00"
"27980  :  โรงพยาบาลดงเจริญ","20","0","0.00","0","0.00","0","0","0.00","0","0.00"
"10727  :  โรงพยาบาลเพชรบูรณ์","3,479","0","0.00","0","0.00","0","0","0.00","0","0.00"
"11264  :  โรงพยาบาลชนแดน","1,975","0","0.00","0","0.00","0","0","0.00","0","0.00"
"11265  :  โรงพยาบาลหล่มสัก","3,845","0","0.00","0","0.00","0","0","0.00","0","0.00"
"11266  :  โรงพยาบาลวิเชียรบุรี","153","0","0.00","0","0.00","0","0","0.00","0","0.00"
"11267  :  โรงพยาบาลศรีเทพ","945","0","0.00","0","0.00","0","0","0.00","0","0.00"
"11268  :  โรงพยาบาลหนองไผ่","1,807","2","0.11","2","0.11","0","0","0.00","0","0.00"
"11269  :  โรงพยาบาลบึงสามพัน","2,399","1","0.04","1","0.04","0","0","0.00","0","0.00"
"11270  :  โรงพยาบาลน้ำหนาว","358","0","0.00","0","0.00","0","0","0.00","0","0.00"
"11271  :  โรงพยาบาลวังโป่ง","590","0","0.00","0","0.00","0","0","0.00","0","0.00"
"11272  :  โรงพยาบาลเขาค้อ","0","0","0.00","0","0.00","0","0","0.00","0","0.00"
"11457  :  โรงพยาบาลสมเด็จพระยุพราชหล่มเก่า","1,936","1","0.05","2","0.10","0","0","0.00","0","0.00"
"11946  :  โรงพยาบาลค่ายพ่อขุนผาเมือง","0","0","0.00","0","0.00","0","0","0.00","0","0.00"
"10677  :  โรงพยาบาลราชบุรี","0","0","0.00","0","0.00","0","0","0.00","0","0.00"
"10728  :  โรงพยาบาลดำเนินสะดวก","0","0","0.00","0","0.00","0","0","0.00","0","0.00"
"10729  :  โรงพยาบาลบ้านโป่ง","0","0","0.00","0","0.00","0","0","0.00","0","0.00"
"10730  :  โรงพยาบาลโพธาราม","3,354","0","0.00","18","0.54","0","0","0.00","0","0.00"
"11273  :  โรงพยาบาลสวนผึ้ง","514","0","0.00","2","0.39","0","0","0.00","0","0.00"
"11274  :  โรงพยาบาลบางแพ","441","1","0.23","2","0.45","0","0","0.00","0","0.00"
"11275  :  โรงพยาบาลเจ็ดเสมียน","201","3","1.49","3","1.49","0","0","0.00","0","0.00"
"11276  :  โรงพยาบาลปากท่อ","797","0","0.00","0","0.00","0","0","0.00","0","0.00"
"11277  :  โรงพยาบาลวัดเพลง","667","2","0.30","4","0.60","0","0","0.00","0","0.00"
"11458  :  โรงพยาบาลสมเด็จพระยุพราชจอมบึง","2,027","4","0.20","3","0.15","0","0","0.00","0","0.00"
"11519  :  โรงพยาบาลค่ายภาณุรังษี","452","0","0.00","1","0.22","0","0","0.00","0","0.00"
"12093  :  สถานพยาบาลแพทย์ประดิษฐ์","0","0","0.00","0","0.00","0","0","0.00","0","0.00"
"12097  :  มหาชัยพร้อมแพทย์โรงพยาบาลทั่วไปขนาดกลาง","0","0","0.00","0","0.00","0","0","0.00","0","0.00"
"12098  :  โรงพยาบาลกรุงเทพเมืองราชโรงพยาบาลทั่วไปขนาดใหญ่","0","0","0.00","0","0.00","0","0","0.00","0","0.00"
"12103  :  โรงพยาบาลซานคามิลโล","0","0","0.00","0","0.00","0","0","0.00","0","0.00"
"12286  :  โรงพยาบาลส่งเสริมสุขภาพ ศูนย์อนามัยที่ 5","0","0","0.00","0","0.00","0","0","0.00","0","0.00"
"28858  :  โรงพยาบาลบ้านคา","77","0","0.00","0","0.00","0","0","0.00","0","0.00"
"10731  :  โรงพยาบาลพหลพลพยุหเสนา","848","3","0.35","8","0.94","0","0","0.00","0","0.00"
"10732  :  โรงพยาบาลมะการักษ์","1,141","0","0.00","0","0.00","0","0","0.00","0","0.00"
"11278  :  โรงพยาบาลไทรโยค","656","1","0.15","0","0.00","0","0","0.00","0","0.00"
"11279  :  โรงพยาบาลสมเด็จพระปิยมหาราชรมณียเขต","345","0","0.00","0","0.00","0","0","0.00","0","0.00"
"11280  :  โรงพยาบาลบ่อพลอย","1,027","14","1.36","12","1.17","0","0","0.00","0","0.00"
"11281  :  โรงพยาบาลท่ากระดาน","288","1","0.35","1","0.35","0","0","0.00","0","0.00"
"11282  :  โรงพยาบาลสมเด็จพระสังฆราชองค์ที่ ๑๙","4,006","10","0.25","13","0.32","0","0","0.00","0","0.00"
"11283  :  โรงพยาบาลทองผาภูมิ","1,130","0","0.00","2","0.18","0","0","0.00","0","0.00"
"11284  :  โรงพยาบาลสังขละบุรี","1,969","0","0.00","0","0.00","0","0","0.00","0","0.00"
"11285  :  โรงพยาบาลเจ้าคุณไพบูลย์พนมทวน","425","0","0.00","0","0.00","0","0","0.00","0","0.00"
"11286  :  โรงพยาบาลเลาขวัญ","349","0","0.00","0","0.00","0","0","0.00","0","0.00"
"11287  :  โรงพยาบาลด่านมะขามเตี้ย","587","0","0.00","1","0.17","0","0","0.00","0","0.00"
"11288  :  โรงพยาบาลสถานพระบารมี","767","1","0.13","1","0.13","0","0","0.00","0","0.00"
"11520  :  โรงพยาบาลค่ายสุรสีห์","0","0","0.00","0","0.00","0","0","0.00","0","0.00"
"14136  :  โรงพยาบาลศุกร์ศิริศรีสวัสดิ์","216","0","0.00","0","0.00","0","0","0.00","0","0.00"
"21948  :  โรงพยาบาลห้วยกระเจา เฉลิมพระเกียรติ 80 พรรษา","302","0","0.00","0","0.00","0","0","0.00","0","0.00"
"41701  :  โรงพยาบาลหนองปรือ","224","0","0.00","0","0.00","0","0","0.00","0","0.00"
"10678  :  โรงพยาบาลเจ้าพระยายมราช","6,710","23","0.34","20","0.30","0","0","0.00","0","0.00"
"10733  :  โรงพยาบาลสมเด็จพระสังฆราชองค์ที่17","1,208","0","0.00","0","0.00","0","0","0.00","0","0.00"
"11289  :  โรงพยาบาลเดิมบางนางบวช","1,112","0","0.00","1","0.09","0","0","0.00","0","0.00"
"11290  :  โรงพยาบาลด่านช้าง","2,736","2","0.07","3","0.11","0","0","0.00","0","0.00"
"11291  :  โรงพยาบาลบางปลาม้า","227","0","0.00","0","0.00","0","0","0.00","0","0.00"
"11292  :  โรงพยาบาลศรีประจันต์","353","1","0.28","0","0.00","0","0","0.00","0","0.00"
"11293  :  โรงพยาบาลดอนเจดีย์","1,578","0","0.00","2","0.13","0","0","0.00","0","0.00"
"11294  :  โรงพยาบาลสามชุก","1,239","2","0.16","3","0.24","0","0","0.00","0","0.00"
"11295  :  โรงพยาบาลอู่ทอง","4,591","4","0.09","2","0.04","0","0","0.00","0","0.00"
"11296  :  โรงพยาบาลหนองหญ้าไซ","819","0","0.00","4","0.49","0","0","0.00","0","0.00"
"12123  :  โรงพยาบาลวิภาวดี-ปิยราษฎร์","0","0","0.00","0","0.00","0","0","0.00","0","0.00"
"10679  :  โรงพยาบาลนครปฐม","0","0","0.00","0","0.00","0","0","0.00","0","0.00"
"11297  :  โรงพยาบาลกำแพงแสน","1,346","0","0.00","1","0.07","0","0","0.00","0","0.00"
"11298  :  โรงพยาบาลนครชัยศรี","1,213","0","0.00","0","0.00","0","0","0.00","0","0.00"
"11299  :  โรงพยาบาลห้วยพลู","899","0","0.00","0","0.00","0","0","0.00","0","0.00"
"11300  :  โรงพยาบาลดอนตูม","1,867","0","0.00","1","0.05","0","0","0.00","0","0.00"
"11301  :  โรงพยาบาลบางเลน","272","0","0.00","0","0.00","0","0","0.00","0","0.00"
"11302  :  โรงพยาบาลสามพราน","445","0","0.00","2","0.45","0","0","0.00","0","0.00"
"11303  :  โรงพยาบาลพุทธมณฑล","0","0","0.00","0","0.00","0","0","0.00","0","0.00"
"11473  :  โรงพยาบาลเมตตาประชารักษ์(วัดไร่ขิง)","0","0","0.00","0","0.00","0","0","0.00","0","0.00"
"11521  :  โรงพยาบาลจันทรุเบกษา","1,142","0","0.00","0","0.00","0","0","0.00","0","0.00"
"13819  :  โรงพยาบาลหลวงพ่อเปิ่น","0","0","0.00","0","0.00","0","0","0.00","0","0.00"
"10734  :  โรงพยาบาลสมุทรสาคร","0","0","0.00","0","0.00","0","0","0.00","0","0.00"
"11304  :  โรงพยาบาลกระทุ่มแบน","0","0","0.00","0","0.00","0","0","0.00","0","0.00"
"11305  :  โรงพยาบาลบ้านแพ้ว","0","0","0.00","0","0.00","0","0","0.00","0","0.00"
"12137  :  โรงพยาบาลทั่วไปขนาดเล็กเจษฎา","4,517","10","0.22","10","0.22","0","0","0.00","0","0.00"
"10735  :  โรงพยาบาลสมเด็จพระพุทธเลิศหล้า","0","0","0.00","0","0.00","0","0","0.00","0","0.00"
"11306  :  โรงพยาบาลนภาลัย","0","0","0.00","0","0.00","0","0","0.00","0","0.00"
"11307  :  โรงพยาบาลอัมพวา","36","0","0.00","0","0.00","0","0","0.00","0","0.00"
"10736  :  โรงพยาบาลพระจอมเกล้า","6,786","0","0.00","5","0.07","0","0","0.00","0","0.00"
"11308  :  โรงพยาบาลเขาย้อย","839","0","0.00","0","0.00","0","0","0.00","0","0.00"
"11309  :  โรงพยาบาลหนองหญ้าปล้อง","30","0","0.00","0","0.00","0","0","0.00","0","0.00"
"11310  :  โรงพยาบาลชะอำ","2,116","0","0.00","0","0.00","0","0","0.00","0","0.00"
"11311  :  โรงพยาบาลท่ายาง","1,145","0","0.00","0","0.00","0","0","0.00","0","0.00"
"11312  :  โรงพยาบาลบ้านลาด","50","0","0.00","0","0.00","0","0","0.00","0","0.00"
"11313  :  โรงพยาบาลบ้านแหลม","761","0","0.00","1","0.13","0","0","0.00","0","0.00"
"11314  :  โรงพยาบาลแก่งกระจาน","80","0","0.00","0","0.00","0","0","0.00","0","0.00"
"10737  :  โรงพยาบาลประจวบคีรีขันธ์","0","0","0.00","0","0.00","0","0","0.00","0","0.00"
"11315  :  โรงพยาบาลกุยบุรี","906","2","0.22","3","0.33","0","0","0.00","0","0.00"
"11316  :  โรงพยาบาลทับสะแก","753","0","0.00","60","7.97","0","0","0.00","0","0.00"
"11317  :  โรงพยาบาลบางสะพาน","1,078","0","0.00","1","0.09","0","0","0.00","0","0.00"
"11318  :  โรงพยาบาลบางสะพานน้อย","0","0","0.00","0","0.00","0","0","0.00","0","0.00"
"11319  :  โรงพยาบาลปราณบุรี","0","0","0.00","0","0.00","0","0","0.00","0","0.00"
"11320  :  โรงพยาบาลหัวหิน","0","0","0.00","0","0.00","0","0","0.00","0","0.00"
"11321  :  โรงพยาบาลสามร้อยยอด","881","14","1.59","23","2.61","0","0","0.00","0","0.00"
"11500  :  โรงพยาบาลกองบิน 5","0","0","0.00","0","0.00","0","0","0.00","0","0.00"
"11522  :  โรงพยาบาลค่ายธนะรัชต์","165","0","0.00","0","0.00","0","0","0.00","0","0.00"
"12471  :  สถานีกาชาดหัวหินเฉลิมพระเกียรติ","2,260","0","0.00","3","0.13","0","0","0.00","0","0.00"
"10680  :  โรงพยาบาลมหาราชนครศรีธรรมราช","0","0","0.00","0","0.00","0","0","0.00","0","0.00"
"11322  :  โรงพยาบาลพรหมคีรี","205","0","0.00","0","0.00","0","0","0.00","0","0.00"
"11324  :  โรงพยาบาลลานสะกา","442","0","0.00","1","0.23","0","0","0.00","0","0.00"
"11325  :  โรงพยาบาลสมเด็จพระยุพราชฉวาง","1,425","0","0.00","0","0.00","0","0","0.00","0","0.00"
"11326  :  โรงพยาบาลพิปูน","392","0","0.00","0","0.00","0","0","0.00","0","0.00"
"11327  :  โรงพยาบาลเชียรใหญ่","651","0","0.00","3","0.46","0","0","0.00","0","0.00"
"11328  :  โรงพยาบาลชะอวด","1,904","0","0.00","0","0.00","0","0","0.00","0","0.00"
"11329  :  โรงพยาบาลท่าศาลา","3,959","1","0.03","7","0.18","0","0","0.00","0","0.00"
"11330  :  โรงพยาบาลทุ่งสง","638","0","0.00","2","0.31","0","0","0.00","0","0.00"
"11331  :  โรงพยาบาลนาบอน","444","0","0.00","0","0.00","0","0","0.00","0","0.00"
"11332  :  โรงพยาบาลทุ่งใหญ่","2,363","0","0.00","2","0.08","0","0","0.00","0","0.00"
"11333  :  โรงพยาบาลปากพนัง","2,392","0","0.00","0","0.00","0","0","0.00","0","0.00"
"11334  :  โรงพยาบาลร่อนพิบูลย์","0","0","0.00","0","0.00","0","0","0.00","0","0.00"
"11335  :  โรงพยาบาลสิชล","1,923","0","0.00","0","0.00","0","0","0.00","0","0.00"
"11336  :  โรงพยาบาลขนอม","1,778","0","0.00","0","0.00","0","0","0.00","0","0.00"
"11337  :  โรงพยาบาลหัวไทร","308","0","0.00","0","0.00","0","0","0.00","0","0.00"
"11338  :  โรงพยาบาลบางขัน","1,071","0","0.00","0","0.00","0","0","0.00","0","0.00"
"11339  :  โรงพยาบาลถ้ำพรรณรา","301","0","0.00","1","0.33","0","0","0.00","0","0.00"
"11523  :  โรงพยาบาลค่ายวชิราวุธ","220","0","0.00","0","0.00","0","0","0.00","0","0.00"
"11660  :  โรงพยาบาลจุฬาภรณ์","231","0","0.00","0","0.00","0","0","0.00","0","0.00"
"12287  :  โรงพยาบาลส่งเสริมสุขภาพ ศูนย์อนามัยที่ 11","0","0","0.00","0","0.00","0","0","0.00","0","0.00"
"12472  :  สถานีกาชาดสิริธร (สถานีกาชาดที่ 12 ทุ่งสง)","574","0","0.00","0","0.00","0","0","0.00","0","0.00"
"14918  :  โรงพยาบาลค่ายเทพสตรีศรีสุนทร","0","0","0.00","0","0.00","0","0","0.00","0","0.00"
"21771  :  โรงพยาบาลเทศบาลนครนครศรีธรรมราช","19,562","5","0.03","93","0.48","0","0","0.00","0","0.00"
"40491  :  โรงพยาบาลเฉลิมพระเกียรติ","114","0","0.00","0","0.00","0","0","0.00","0","0.00"
"40492  :  โรงพยาบาลพ่อท่านคล้ายวาจาสิทธิ์","455","0","0.00","0","0.00","0","0","0.00","0","0.00"
"40742  :  โรงพยาบาลนบพิตำ","550","0","0.00","0","0.00","0","0","0.00","0","0.00"
"40743  :  โรงพยาบาลพระพรหม","135","0","0.00","0","0.00","0","0","0.00","0","0.00"
"40970  :  โรงพยาบาลศูนย์การแพทย์มหาวิทยาลัยวลัยลักษณ์","0","0","0.00","0","0.00","0","0","0.00","0","0.00"
"10738  :  โรงพยาบาลกระบี่","0","0","0.00","0","0.00","0","0","0.00","0","0.00"
"11340  :  โรงพยาบาลเขาพนม","0","0","0.00","0","0.00","0","0","0.00","0","0.00"
"11341  :  โรงพยาบาลเกาะลันตา","0","0","0.00","0","0.00","0","0","0.00","0","0.00"
"11342  :  โรงพยาบาลคลองท่อม","0","0","0.00","0","0.00","0","0","0.00","0","0.00"
"11343  :  โรงพยาบาลอ่าวลึก","0","0","0.00","0","0.00","0","0","0.00","0","0.00"
"11344  :  โรงพยาบาลปลายพระยา","0","0","0.00","0","0.00","0","0","0.00","0","0.00"
"11345  :  โรงพยาบาลลำทับ","0","0","0.00","0","0.00","0","0","0.00","0","0.00"
"11346  :  โรงพยาบาลเหนือคลอง","0","0","0.00","0","0.00","0","0","0.00","0","0.00"
"77753  :  โรงพยาบาลเกาะพีพี","92","0","0.00","0","0.00","0","0","0.00","0","0.00"
"10739  :  โรงพยาบาลพังงา","0","0","0.00","0","0.00","0","0","0.00","0","0.00"
"10740  :  โรงพยาบาลตะกั่วป่า","2,516","18","0.72","20","0.79","0","0","0.00","0","0.00"
"11347  :  โรงพยาบาลเกาะยาวชัยพัฒน์","456","0","0.00","0","0.00","0","0","0.00","0","0.00"
"11348  :  โรงพยาบาลกะปงชัยพัฒน์","307","3","0.98","2","0.65","0","0","0.00","0","0.00"
"11349  :  โรงพยาบาลตะกั่วทุ่ง","821","0","0.00","1","0.12","0","0","0.00","0","0.00"
"11350  :  โรงพยาบาลบางไทร","0","0","0.00","0","0.00","0","0","0.00","0","0.00"
"11352  :  โรงพยาบาลคุระบุรีชัยพัฒน์","1,123","0","0.00","0","0.00","0","0","0.00","0","0.00"
"11353  :  โรงพยาบาลทับปุด","921","0","0.00","0","0.00","0","0","0.00","0","0.00"
"11354  :  โรงพยาบาลท้ายเหมืองชัยพัฒน์","941","0","0.00","2","0.21","0","0","0.00","0","0.00"
"10741  :  โรงพยาบาลวชิระภูเก็ต","3,229","19","0.59","51","1.58","0","0","0.00","0","0.00"
"11355  :  โรงพยาบาลป่าตอง","794","0","0.00","3","0.38","0","0","0.00","0","0.00"
"11356  :  โรงพยาบาลถลาง","0","0","0.00","0","0.00","0","0","0.00","0","0.00"
"24678  :  โรงพยาบาลองค์การบริหารส่วนจังหวัดภูเก็ต","623","2","0.32","2","0.32","0","0","0.00","0","0.00"
"41436  :  โรงพยาบาลฉลอง","0","0","0.00","0","0.00","0","0","0.00","0","0.00"
"09192  :  โรงพยาบาลเกาะเต่า","192","1","0.52","6","3.13","0","0","0.00","0","0.00"
"10681  :  โรงพยาบาลสุราษฎร์ธานี","0","0","0.00","0","0.00","0","0","0.00","0","0.00"
"10742  :  โรงพยาบาลเกาะสมุย","787","3","0.38","1","0.13","0","0","0.00","0","0.00"
"11357  :  โรงพยาบาลกาญจนดิษฐ์","0","0","0.00","0","0.00","0","0","0.00","0","0.00"
"11358  :  โรงพยาบาลดอนสัก","1,308","0","0.00","1","0.08","0","0","0.00","0","0.00"
"11359  :  โรงพยาบาลเกาะพงัน","309","22","7.12","11","3.56","0","0","0.00","0","0.00"
"11360  :  โรงพยาบาลไชยา","1,013","0","0.00","1","0.10","0","0","0.00","0","0.00"
"11361  :  โรงพยาบาลท่าชนะ","457","0","0.00","0","0.00","0","0","0.00","0","0.00"
"11362  :  โรงพยาบาลคีรีรัฐนิคม","0","0","0.00","0","0.00","0","0","0.00","0","0.00"
"11363  :  โรงพยาบาลบ้านตาขุน","472","42","8.90","44","9.32","0","0","0.00","0","0.00"
"11364  :  โรงพยาบาลพนม","575","0","0.00","1","0.17","0","0","0.00","0","0.00"
"11365  :  โรงพยาบาลท่าฉาง","443","0","0.00","6","1.35","0","0","0.00","0","0.00"
"11366  :  โรงพยาบาลบ้านนาสาร","0","0","0.00","0","0.00","0","0","0.00","0","0.00"
"11367  :  โรงพยาบาลบ้านนาเดิม","688","2","0.29","2","0.29","0","0","0.00","0","0.00"
"11368  :  โรงพยาบาลเคียนซา","1,826","0","0.00","0","0.00","0","0","0.00","0","0.00"
"11369  :  โรงพยาบาลพระแสง","890","0","0.00","0","0.00","0","0","0.00","0","0.00"
"11370  :  โรงพยาบาลพุนพิน","2,935","4","0.14","6","0.20","0","0","0.00","0","0.00"
"11371  :  โรงพยาบาลชัยบุรี","267","0","0.00","0","0.00","0","0","0.00","0","0.00"
"11459  :  โรงพยาบาลสมเด็จพระยุพราชเวียงสระ","427","0","0.00","0","0.00","0","0","0.00","0","0.00"
"11654  :  โรงพยาบาลวิภาวดี","319","0","0.00","1","0.31","0","0","0.00","0","0.00"
"12289  :  โรงพยาบาลสวนสราญรมย์","0","0","0.00","0","0.00","0","0","0.00","0","0.00"
"14138  :  โรงพยาบาลท่าโรงช้าง","188","0","0.00","0","0.00","0","0","0.00","0","0.00"
"14203  :  โรงพยาบาลมะเร็งสุราษฎร์ธานี","0","0","0.00","0","0.00","0","0","0.00","0","0.00"
"14862  :  โรงพยาบาลกองบิน7","0","0","0.00","0","0.00","0","0","0.00","0","0.00"
"14901  :  โรงพยาบาลค่ายวิภาวดีรังสิต","0","0","0.00","0","0.00","0","0","0.00","0","0.00"
"40915  :  สถาบันสุขภาพจิตเด็กและวัยรุ่นภาคใต้","0","0","0.00","0","0.00","0","0","0.00","0","0.00"
"10743  :  โรงพยาบาลระนอง","2,320","0","0.00","2","0.09","0","0","0.00","0","0.00"
"11323  :  โรงพยาบาลละอุ่น","0","0","0.00","0","0.00","0","0","0.00","0","0.00"
"11372  :  โรงพยาบาลกะเปอร์","828","0","0.00","2","0.24","0","0","0.00","0","0.00"
"11373  :  โรงพยาบาลกระบุรี","876","0","0.00","1","0.11","0","0","0.00","0","0.00"
"11374  :  โรงพยาบาลสุขสำราญ","363","0","0.00","0","0.00","0","0","0.00","0","0.00"
"10744  :  โรงพยาบาลชุมพรเขตรอุดมศักดิ์","0","0","0.00","0","0.00","0","0","0.00","0","0.00"
"11375  :  โรงพยาบาลปากน้ำชุมพร","0","0","0.00","0","0.00","0","0","0.00","0","0.00"
"11376  :  โรงพยาบาลท่าแซะ","0","0","0.00","0","0.00","0","0","0.00","0","0.00"
"11377  :  โรงพยาบาลปะทิว","0","0","0.00","0","0.00","0","0","0.00","0","0.00"
"11378  :  โรงพยาบาลมาบอำมฤต","0","0","0.00","0","0.00","0","0","0.00","0","0.00"
"11379  :  โรงพยาบาลหลังสวน","50","0","0.00","0","0.00","0","0","0.00","0","0.00"
"11380  :  โรงพยาบาลปากน้ำหลังสวน","0","0","0.00","0","0.00","0","0","0.00","0","0.00"
"11381  :  โรงพยาบาลละแม","917","1","0.11","3","0.33","0","0","0.00","0","0.00"
"11382  :  โรงพยาบาลพะโต๊ะ","0","0","0.00","0","0.00","0","0","0.00","0","0.00"
"11383  :  โรงพยาบาลสวี","981","0","0.00","5","0.51","0","0","0.00","0","0.00"
"11385  :  โรงพยาบาลทุ่งตะโก","0","0","0.00","0","0.00","0","0","0.00","0","0.00"
"11525  :  โรงพยาบาลค่ายเขตอุดมศักดิ์","0","0","0.00","0","0.00","0","0","0.00","0","0.00"
"10682  :  โรงพยาบาลหาดใหญ่","0","0","0.00","0","0.00","0","0","0.00","0","0.00"
"10745  :  โรงพยาบาลสงขลา","0","0","0.00","0","0.00","0","0","0.00","0","0.00"
"11386  :  โรงพยาบาลสทิงพระ","0","0","0.00","0","0.00","0","0","0.00","0","0.00"
"11387  :  โรงพยาบาลจะนะ","0","0","0.00","0","0.00","0","0","0.00","0","0.00"
"11388  :  โรงพยาบาลสมเด็จพระบรมราชินีนาถ ณ  อำเภอนาทวี","0","0","0.00","0","0.00","0","0","0.00","0","0.00"
"11390  :  โรงพยาบาลเทพา","0","0","0.00","0","0.00","0","0","0.00","0","0.00"
"11391  :  โรงพยาบาลสะบ้าย้อย","0","0","0.00","0","0.00","0","0","0.00","0","0.00"
"11392  :  โรงพยาบาลระโนด","0","0","0.00","0","0.00","0","0","0.00","0","0.00"
"11393  :  โรงพยาบาลกระแสสินธุ์","0","0","0.00","0","0.00","0","0","0.00","0","0.00"
"11394  :  โรงพยาบาลรัตภูมิ","0","0","0.00","0","0.00","0","0","0.00","0","0.00"
"11395  :  โรงพยาบาลสะเดา","0","0","0.00","0","0.00","0","0","0.00","0","0.00"
"11396  :  โรงพยาบาลนาหม่อม","0","0","0.00","0","0.00","0","0","0.00","0","0.00"
"11397  :  โรงพยาบาลควนเนียง","0","0","0.00","0","0.00","0","0","0.00","0","0.00"
"11398  :  โรงพยาบาลปาดังเบซาร์","0","0","0.00","0","0.00","0","0","0.00","0","0.00"
"11399  :  โรงพยาบาลบางกล่ำ","0","0","0.00","0","0.00","0","0","0.00","0","0.00"
"11400  :  โรงพยาบาลสิงหนคร","0","0","0.00","0","0.00","0","0","0.00","0","0.00"
"11401  :  โรงพยาบาลคลองหอยโข่ง","0","0","0.00","0","0.00","0","0","0.00","0","0.00"
"12290  :  โรงพยาบาลจิตเวชสงขลาราชนครินทร์","0","0","0.00","0","0.00","0","0","0.00","0","0.00"
"14194  :  โรงพยาบาลธัญญารักษ์สงขลา","0","0","0.00","0","0.00","0","0","0.00","0","0.00"
"10746  :  โรงพยาบาลสตูล","0","0","0.00","0","0.00","0","0","0.00","0","0.00"
"11402  :  โรงพยาบาลควนโดน","662","1","0.15","1","0.15","0","0","0.00","0","0.00"
"11403  :  โรงพยาบาลควนกาหลง","383","5","1.31","4","1.04","0","0","0.00","0","0.00"
"11404  :  โรงพยาบาลท่าแพ","1,414","42","2.97","3","0.21","0","0","0.00","0","0.00"
"11405  :  โรงพยาบาลละงู","0","0","0.00","0","0.00","0","0","0.00","0","0.00"
"11406  :  โรงพยาบาลทุ่งหว้า","468","4","0.85","1","0.21","0","0","0.00","0","0.00"
"28786  :  โรงพยาบาลมะนัง","178","10","5.62","18","10.11","0","0","0.00","0","0.00"
"10683  :  โรงพยาบาลตรัง","3,604","1","0.03","2","0.06","0","0","0.00","0","0.00"
"11407  :  โรงพยาบาลกันตัง","1,238","1","0.08","5","0.40","0","0","0.00","0","0.00"
"11408  :  โรงพยาบาลย่านตาขาว","1,685","1","0.06","1","0.06","0","0","0.00","0","0.00"
"11409  :  โรงพยาบาลปะเหลียน","0","0","0.00","0","0.00","0","0","0.00","0","0.00"
"11410  :  โรงพยาบาลสิเกา","453","1","0.22","1","0.22","0","0","0.00","0","0.00"
"11411  :  โรงพยาบาลห้วยยอด","0","0","0.00","0","0.00","0","0","0.00","0","0.00"
"11412  :  โรงพยาบาลวังวิเศษ","889","3","0.34","4","0.45","0","0","0.00","0","0.00"
"11413  :  โรงพยาบาลนาโยง","0","0","0.00","0","0.00","0","0","0.00","0","0.00"
"12226  :  โรงพยาบาลวัฒนแพทย์","0","0","0.00","0","0.00","0","0","0.00","0","0.00"
"12230  :  โรงพยาบาล ทีอาร์พีเอช โรงพยาบาลทั่วไปขนาดใหญ่","0","0","0.00","0","0.00","0","0","0.00","0","0.00"
"13755  :  โรงพยาบาลโรคผิวหนังเขตร้อนภาคใต้ จังหวัดตรัง","0","0","0.00","0","0.00","0","0","0.00","0","0.00"
"14139  :  โรงพยาบาลรัษฎา","445","0","0.00","0","0.00","0","0","0.00","0","0.00"
"28817  :  โรงพยาบาลหาดสำราญเฉลิมพระเกียรติ 80 พรรษา","19","0","0.00","0","0.00","0","0","0.00","0","0.00"
"10747  :  โรงพยาบาลพัทลุง","0","0","0.00","0","0.00","0","0","0.00","0","0.00"
"11414  :  โรงพยาบาลกงหรา","285","0","0.00","0","0.00","0","0","0.00","0","0.00"
"11415  :  โรงพยาบาลเขาชัยสน","825","23","2.79","0","0.00","0","0","0.00","0","0.00"
"11416  :  โรงพยาบาลตะโหมด","1,170","1","0.09","1","0.09","0","0","0.00","0","0.00"
"11417  :  โรงพยาบาลควนขนุน","0","0","0.00","0","0.00","0","0","0.00","0","0.00"
"11418  :  โรงพยาบาลปากพะยูน","0","0","0.00","0","0.00","0","0","0.00","0","0.00"
"11419  :  โรงพยาบาลศรีบรรพต","192","19","9.90","0","0.00","0","0","0.00","0","0.00"
"11420  :  โรงพยาบาลป่าบอน","752","0","0.00","0","0.00","0","0","0.00","0","0.00"
"11421  :  โรงพยาบาลบางแก้ว","807","11","1.36","7","0.87","0","0","0.00","0","0.00"
"11422  :  โรงพยาบาลป่าพะยอม","0","0","0.00","0","0.00","0","0","0.00","0","0.00"
"24673  :  โรงพยาบาลศรีนครินทร์(ปัญญานันทภิขุ)","286","0","0.00","0","0.00","0","0","0.00","0","0.00"
"10748  :  โรงพยาบาลปัตตานี","3,835","9","0.23","9","0.23","0","0","0.00","0","0.00"
"11423  :  โรงพยาบาลโคกโพธิ์","0","0","0.00","0","0.00","0","0","0.00","0","0.00"
"11424  :  โรงพยาบาลหนองจิก","660","1","0.15","0","0.00","0","0","0.00","0","0.00"
"11425  :  โรงพยาบาลปะนาเระ","183","2","1.09","1","0.55","0","0","0.00","0","0.00"
"11426  :  โรงพยาบาลมายอ","764","0","0.00","6","0.79","0","0","0.00","0","0.00"
"11427  :  โรงพยาบาลทุ่งยางแดง","305","0","0.00","0","0.00","0","0","0.00","0","0.00"
"11428  :  โรงพยาบาลไม้แก่น","439","0","0.00","1","0.23","0","0","0.00","0","0.00"
"11429  :  โรงพยาบาลยะหริ่ง","830","0","0.00","0","0.00","0","0","0.00","0","0.00"
"11430  :  โรงพยาบาลยะรัง","0","0","0.00","0","0.00","0","0","0.00","0","0.00"
"11431  :  โรงพยาบาลแม่ลาน","41","0","0.00","0","0.00","0","0","0.00","0","0.00"
"11460  :  โรงพยาบาลสมเด็จพระยุพราชสายบุรี","2,920","13","0.45","12","0.41","0","0","0.00","0","0.00"
"11464  :  โรงพยาบาลกะพ้อ","347","16","4.61","18","5.19","0","0","0.00","0","0.00"
"11529  :  โรงพยาบาลค่ายอิงคยุทธบริหาร","0","0","0.00","0","0.00","0","0","0.00","0","0.00"
"14195  :  โรงพยาบาลธัญญรักษ์ปัตตานี","0","0","0.00","0","0.00","0","0","0.00","0","0.00"
"10684  :  โรงพยาบาลยะลา","0","0","0.00","0","0.00","0","0","0.00","0","0.00"
"10749  :  โรงพยาบาลเบตง","1,099","0","0.00","0","0.00","0","0","0.00","0","0.00"
"11432  :  โรงพยาบาลบันนังสตา","0","0","0.00","0","0.00","0","0","0.00","0","0.00"
"11433  :  โรงพยาบาลธารโต","702","0","0.00","0","0.00","0","0","0.00","0","0.00"
"11434  :  โรงพยาบาลรามัน","0","0","0.00","0","0.00","0","0","0.00","0","0.00"
"11461  :  โรงพยาบาลสมเด็จพระยุพราชยะหา","0","0","0.00","0","0.00","0","0","0.00","0","0.00"
"12238  :  โรงพยาบาลสิโรรส","0","0","0.00","0","0.00","0","0","0.00","0","0.00"
"13806  :  โรงพยาบาลกาบัง","0","0","0.00","0","0.00","0","0","0.00","0","0.00"
"14663  :  โรงพยาบาลส่งเสริมสุขภาพ ศูนย์อนามัยที่ 12","0","0","0.00","0","0.00","0","0","0.00","0","0.00"
"24689  :  โรงพยาบาลกรงปินัง","0","0","0.00","0","0.00","0","0","0.00","0","0.00"
"10750  :  โรงพยาบาลนราธิวาสราชนครินทร์","0","0","0.00","0","0.00","0","0","0.00","0","0.00"
"10751  :  โรงพยาบาลสุไหงโก-ลก","0","0","0.00","0","0.00","0","0","0.00","0","0.00"
"11435  :  โรงพยาบาลตากใบ","2,036","0","0.00","0","0.00","0","0","0.00","0","0.00"
"11436  :  โรงพยาบาลบาเจาะ","1,309","2","0.15","2","0.15","0","0","0.00","0","0.00"
"11437  :  โรงพยาบาลระแงะ","2,419","0","0.00","0","0.00","0","0","0.00","0","0.00"
"11438  :  โรงพยาบาลรือเสาะ","1,898","1","0.05","0","0.00","0","0","0.00","0","0.00"
"11439  :  โรงพยาบาลศรีสาคร","1,938","1","0.05","0","0.00","0","0","0.00","0","0.00"
"11440  :  โรงพยาบาลแว้ง","1,521","2","0.13","0","0.00","0","0","0.00","0","0.00"
"11441  :  โรงพยาบาลสุคิริน","424","0","0.00","0","0.00","0","0","0.00","0","0.00"
"11442  :  โรงพยาบาลสุไหงปาดี","1,330","0","0.00","0","0.00","0","0","0.00","0","0.00"
"13818  :  โรงพยาบาลจะแนะ","1,401","0","0.00","0","0.00","0","0","0.00","0","0.00"
"15010  :  โรงพยาบาลเจาะไอร้อง","2,253","1","0.04","0","0.00","0","0","0.00","0","0.00"
"23771  :  โรงพยาบาลยี่งอเฉลิมพระเกียรติ 80 พรรษา","358","0","0.00","0","0.00","0","0","0.00","0","0.00"