"โรงพยาบาล","จำนวนผู้สูงอายุทั้งหมด","จำนวนผู้สูงอายุได้รับการคัดกรอง","ยังไม่ได้รับการคัดกรอง"
"ติดสังคม(ADL 12-20)","ติดบ้าน(ADL 5-11)","ติดเตียง(ADL 0-4)","รวม","ร้อยละ"
"11468  :  ทัณฑสถานโรงพยาบาลราชทัณฑ์","0","0","0","0","0","0.00","0"
"11469  :  โรงพยาบาลเลิดสิน","0","0","0","0","0","0.00","0"
"11470  :  โรงพยาบาลนพรัตนราชธานี","0","0","0","0","0","0.00","0"
"11471  :  โรงพยาบาลสงฆ์","0","0","0","0","0","0.00","0"
"11472  :  โรงพยาบาลราชวิถี","0","0","0","0","0","0.00","0"
"11477  :  โรงพยาบาลทหารผ่านศึก","0","0","0","0","0","0.00","0"
"11478  :  โรงพยาบาลสมเด็จพระปิ่นเกล้า","0","0","0","0","0","0.00","0"
"11481  :  โรงพยาบาลพระมงกุฎเกล้า","0","0","0","0","0","0.00","0"
"11482  :  โรงพยาบาลภูมิพลอดุลยเดช","0","0","0","0","0","0.00","0"
"11532  :  โรงพยาบาลสวนเบญจกิติเฉลิมพระเกียรติ84พรรษา","0","0","0","0","0","0.00","0"
"11534  :  โรงพยาบาลบุรฉัตรไชยากร (รถไฟ)","0","0","0","0","0","0.00","0"
"11535  :  คณะแพทย์ศาสตร์วชิรพยาบาล มหาวิทยาลัยกรุงเทพมหานคร","0","0","0","0","0","0.00","0"
"11536  :  โรงพยาบาลเวชการุณย์รัศมิ์","0","0","0","0","0","0.00","0"
"11537  :  โรงพยาบาลกลาง","0","0","0","0","0","0.00","0"
"11538  :  โรงพยาบาลลาดกระบังกรุงเทพมหานคร","0","0","0","0","0","0.00","0"
"11539  :  โรงพยาบาลตากสิน","0","0","0","0","0","0.00","0"
"11540  :  โรงพยาบาลหลวงพ่อทวีศักดิ์ฯ ชุตินธโร อุทิศ","0","0","0","0","0","0.00","0"
"11541  :  โรงพยาบาลเจริญกรุงประชารักษ์","0","0","0","0","0","0.00","0"
"11546  :  โรงพยาบาลบี เอ็น เอช","0","0","0","0","0","0.00","0"
"11548  :  โรงพยาบาลกรุงเทพคริสเตียน","0","0","0","0","0","0.00","0"
"11552  :  โรงพยาบาลมเหสักข์","0","0","0","0","0","0.00","0"
"11559  :  สถานพยาบาลชินเขตงามวงศ์วาน","0","0","0","0","0","0.00","0"
"11560  :  โรงพยาบาลทั่วไปขนาดใหญ่เปาโล เกษตร","0","0","0","0","0","0.00","0"
"11565  :  โรงพยาบาลรามคำแหง","0","0","0","0","0","0.00","0"
"11581  :  โรงพยาบาลผู้สูงอายุขนาดกลางกล้วยน้ำไท 2","0","0","0","0","0","0.00","0"
"11583  :  โรงพยาบาลกล้วยน้ำไท","0","0","0","0","0","0.00","0"
"11592  :  โรงพยาบาลบางนา1","0","0","0","0","0","0.00","0"
"11595  :  นวมินทร์โรงพยาบาลทั่วไปขนาดใหญ่","0","0","0","0","0","0.00","0"
"11597  :  สถาบันกัลยาณ์ราชนครินทร์","0","0","0","0","0","0.00","0"
"11600  :  โรงพยาบาลเซนต์หลุยส์","0","0","0","0","0","0.00","0"
"11603  :  โรงพยาบาลเทียนฟ้ามูลนิธิโรงพยาบาลทั่วไปขนาดกลาง","0","0","0","0","0","0.00","0"
"11607  :  โรงพยาบาลเปาโลเมโมเรียล","0","0","0","0","0","0.00","0"
"11609  :  โรงพยาบาลพญาไท 2","0","0","0","0","0","0.00","0"
"11616  :  โรงพยาบาลสมิติเวชธนบุรี","0","0","0","0","0","0.00","0"
"11621  :  โรงพยาบาลบางไผ่","0","0","0","0","0","0.00","0"
"11626  :  โรงพยาบาลคลองตัน","0","0","0","0","0","0.00","0"
"11628  :  โรงพยาบาลพระราม 9","0","0","0","0","0","0.00","0"
"11629  :  โรงพยาบาลเพชรเวช","0","0","0","0","0","0.00","0"
"11640  :  โรงพยาบาลธนบุรี 2","0","0","0","0","0","0.00","0"
"11641  :  โรงพยาบาลทั่วไปขนาดกลางโรงพยาบาลวิชัยเวช แยกไฟฉาย","0","0","0","0","0","0.00","0"
"11644  :  โรงพยาบาลเจ้าพระยา","0","0","0","0","0","0.00","0"
"11645  :  โรงพยาบาลทั่วไปขนาดใหญ่ธนบุรี","0","0","0","0","0","0.00","0"
"11656  :  โรงพยาบาลเกษมราษฎร์ บางแค","0","0","0","0","0","0.00","0"
"11661  :  โรงพยาบาลวิชัยเวช อินเตอร์เนชั่นแนล หนองแขม","0","0","0","0","0","0.00","0"
"11667  :  โรงพยาบาลประชาพัฒน์","0","0","0","0","0","0.00","0"
"11668  :  โรงพยาบาลสุขสวัสดิ์","0","0","0","0","0","0.00","0"
"11669  :  โรงพยาบาลราษฏร์บูรณะ","0","0","0","0","0","0.00","0"
"11670  :  โรงพยาบาลบางปะกอก 1","0","0","0","0","0","0.00","0"
"11676  :  โรงพยาบาลยันฮี","0","0","0","0","0","0.00","0"
"11686  :  โรงพยาบาลบางโพ","0","0","0","0","0","0.00","0"
"11687  :  โรงพยาบาลเกษมราษฎร์ประชาชื่น","0","0","0","0","0","0.00","0"
"11691  :  โรงพยาบาลวิภาวดี","0","0","0","0","0","0.00","0"
"11694  :  โรงพยาบาลจักษุรัตนิน","0","0","0","0","0","0.00","0"
"11697  :  โรงพยาบาลคามิลเลียน","0","0","0","0","0","0.00","0"
"11699  :  โรงพยาบาลบำรุงราษฎร์","0","0","0","0","0","0.00","0"
"11703  :  โรงพยาบาลแพทย์ปัญญา","0","0","0","0","0","0.00","0"
"11708  :  โรงพยาบาลบางมดโรงพยาบาลทั่วไปขนาดใหญ่","0","0","0","0","0","0.00","0"
"11715  :  โรงพยาบาลพญาไท 1","0","0","0","0","0","0.00","0"
"11721  :  โรงพยาบาลเปาโลเมโมเรียล โชคชัย 4","0","0","0","0","0","0.00","0"
"11729  :  โรงพยาบาลลาดพร้าว","0","0","0","0","0","0.00","0"
"11730  :  โรงพยาบาลไทยนครินทร์","0","0","0","0","0","0.00","0"
"11750  :  โรงพยาบาลหัวเฉียวโรงพยาบาลทั่วไปขนาดใหญ่","0","0","0","0","0","0.00","0"
"11811  :  โรงพยาบาลสมิติเวช","0","0","0","0","0","0.00","0"
"12243  :  สถาบันพัฒนาสุขภาวะเขตเมือง","0","0","0","0","0","0.00","0"
"12244  :  สถาบันจิตเวชศาสตร์สมเด็จเจ้าพระยา","0","0","0","0","0","0.00","0"
"12246  :  สถาบันราชานุกูล","0","0","0","0","0","0.00","0"
"12249  :  สถาบันโรคผิวหนัง","0","0","0","0","0","0.00","0"
"12250  :  สถาบันมะเร็งแห่งชาติ","0","0","0","0","0","0.00","0"
"12438  :  สถาบันสุขภาพเด็กแห่งชาติมหาราชินี","0","0","0","0","0","0.00","0"
"12439  :  สถาบันประสาทวิทยา","0","0","0","0","0","0.00","0"
"13756  :  โรงพยาบาลจุฬาลงกรณ์สภากาชาดไทย","0","0","0","0","0","0.00","0"
"13757  :  โรงพยาบาลเวชศาสตร์เขตร้อน มหาวิทยาลัยมหิดล","0","0","0","0","0","0.00","0"
"13814  :  โรงพยาบาลศิริราช","0","0","0","0","0","0.00","0"
"14173  :  โรงพยาบาลตำรวจ","0","0","0","0","0","0.00","0"
"14572  :  โรงพยาบาลบี.แคร์.เมดิคอลเซ็นเตอร์","0","0","0","0","0","0.00","0"
"14574  :  โรงพยาบาลพญาไท 3","0","0","0","0","0","0.00","0"
"14577  :  โรงพยาบาลวิภาราม","0","0","0","0","0","0.00","0"
"14641  :  โรงพยาบาลราชพิพัฒน์","0","0","0","0","0","0.00","0"
"14908  :  โรงพยาบาลการุญเวช สุขาภิบาล3","0","0","0","0","0","0.00","0"
"15049  :  โรงพยาบาลสิรินธร","0","0","0","0","0","0.00","0"
"15147  :  โรงพยาบาลบางปะกอก 8 โรงพยาบาลทั่วไปขนาดใหญ่","0","0","0","0","0","0.00","0"
"21673  :  โรงพยาบาลซีจีเอช สายไหม โรงพยาบาลทั่วไปขนาดใหญ่","0","0","0","0","0","0.00","0"
"22155  :  โรงพยาบาลครู","0","0","0","0","0","0.00","0"
"22737  :  โรงพยาบาลจุฬาภรณ์","0","0","0","0","0","0.00","0"
"23762  :  โรงพยาบาลนวุติสมเด็จย่า","0","0","0","0","0","0.00","0"
"23781  :  นวมินทร์ 9โรงพยาบาลทั่วไปขนาดใหญ่","0","0","0","0","0","0.00","0"
"23783  :  โรงพยาบาลเสรีรักษ์","0","0","0","0","0","0.00","0"
"24085  :  สถาบันวิจัยการแพทย์แผนไทย","0","0","0","0","0","0.00","0"
"24748  :  โรงพยาบาลศิริราช ปิยมหาราชการุณย์","0","0","0","0","0","0.00","0"
"25015  :  โรงพยาบาลทั่วไปขนาดใหญ่มิตรประชา","0","0","0","0","0","0.00","0"
"25060  :  โรงพยาบาลผู้สูงอายุบางขุนเทียน","0","0","0","0","0","0.00","0"
"41329  :  โรงพยาบาลเฉพาะประเภทผู้ป่วยสูงอายุ เฌ้อสเซอรี่โฮมขนาดเล็ก","0","0","0","0","0","0.00","0"
"41414  :  โรงพยาบาลทหารอากาศ (สีกัน)","0","0","0","0","0","0.00","0"
"77665  :  โรงพยาบาลการแพทย์แผนไทยและการแพทย์ผสมผสาน","0","0","0","0","0","0.00","0"
"10685  :  โรงพยาบาลสมุทรปราการ","121","18","0","0","18","14.88","103"
"10752  :  โรงพยาบาลบางบ่อ","0","0","0","0","0","0.00","0"
"10753  :  โรงพยาบาลบางพลี","2,390","315","4","7","326","13.64","2,064"
"10754  :  โรงพยาบาลบางจาก","1","1","0","0","1","100.00","0"
"10755  :  โรงพยาบาลพระสมุทรเจดีย์สวาทยานนท์","2,093","57","0","1","58","2.77","2,035"
"11769  :  โรงพยาบาลเซ็นทรัลปาร์ค","2,464","16","0","1","17","0.69","2,447"
"11775  :  โรงพยาบาลเมืองสมุทรปู่เจ้าสมิงพราย","0","0","0","0","0","0.00","0"
"12251  :  โรงพยาบาลยุวประสาทไวทโยปถัมภ์","38","1","0","0","1","2.63","37"
"15138  :  โรงพยาบาลเมืองสมุทรบางปูโรงพยาบาลทั่วไปขนาดเล็ก","2,037","8","0","0","8","0.39","2,029"
"28785  :  โรงพยาบาลบางเสาธง","0","0","0","0","0","0.00","0"
"10686  :  โรงพยาบาลพระนั่งเกล้า","0","0","0","0","0","0.00","0"
"10756  :  โรงพยาบาลบางกรวย","0","0","0","0","0","0.00","0"
"10757  :  โรงพยาบาลบางใหญ่","0","0","0","0","0","0.00","0"
"10758  :  โรงพยาบาลบางบัวทอง","0","0","0","0","0","0.00","0"
"10759  :  โรงพยาบาลไทรน้อย","0","0","0","0","0","0.00","0"
"10760  :  โรงพยาบาลปากเกร็ด","0","0","0","0","0","0.00","0"
"11781  :  โรงพยาบาลนนทเวช","0","0","0","0","0","0.00","0"
"11786  :  โรงพยาบาลอนันต์พัฒนา 2","0","0","0","0","0","0.00","0"
"11787  :  โรงพยาบาลเกษมราษฎร์อินเตอร์เนชั่นแนล รัตนาธิเบศร์โรงพยาบาลทั่วไปขนาดใหญ่","0","0","0","0","0","0.00","0"
"12256  :  สถาบันโรคทรวงอก","0","0","0","0","0","0.00","0"
"12257  :  สถาบันบำราศนราดูร","0","0","0","0","0","0.00","0"
"12258  :  สถาบันสิรินธรเพื่อการฟื้นฟูสมรรถภาพทางการแพทย์แห่งชาติ","0","0","0","0","0","0.00","0"
"12260  :  โรงพยาบาลศรีธัญญา","0","0","0","0","0","0.00","0"
"13815  :  ศูนย์การแพทย์ปัญญานันทภิกขุ ชลประทาน มหาวิทยาลัยศรีนครินทรวิโรฒ","0","0","0","0","0","0.00","0"
"22127  :  โรงพยาบาลชลลดา","0","0","0","0","0","0.00","0"
"28875  :  โรงพยาบาลบางบัวทอง ๒","0","0","0","0","0","0.00","0"
"10687  :  โรงพยาบาลปทุมธานี","0","0","0","0","0","0.00","0"
"10761  :  โรงพยาบาลคลองหลวง","637","491","14","6","511","80.22","126"
"10762  :  โรงพยาบาลธัญบุรี","2,248","118","2","0","120","5.34","2,128"
"10763  :  โรงพยาบาลประชาธิปัตย์","2,543","226","215","4","445","17.50","2,098"
"10764  :  โรงพยาบาลหนองเสือ","792","705","9","2","716","90.40","76"
"10765  :  โรงพยาบาลลาดหลุมแก้ว","827","640","17","5","662","80.05","165"
"10766  :  โรงพยาบาลลำลูกกา","0","0","0","0","0","0.00","0"
"10767  :  โรงพยาบาลสามโคก","710","157","10","3","170","23.94","540"
"12262  :  สถาบันบำบัดรักษาและฟื้นฟูผู้ติดยาเสพติดแห่งชาติบรมราชชนนี","0","0","0","0","0","0.00","0"
"14923  :  โรงพยาบาลมหาวชิราลงกรณ ธัญบุรี","0","0","0","0","0","0.00","0"
"10660  :  โรงพยาบาลพระนครศรีอยุธยา","0","0","0","0","0","0.00","0"
"10688  :  โรงพยาบาลเสนา","0","0","0","0","0","0.00","0"
"10768  :  โรงพยาบาลท่าเรือ","0","0","0","0","0","0.00","0"
"10769  :  โรงพยาบาลสมเด็จพระสังฆราชเจ้า กรมหลวงชินวราลงกรณ (วาสนมหาเถร)","0","0","0","0","0","0.00","0"
"10770  :  โรงพยาบาลบางไทร","0","0","0","0","0","0.00","0"
"10771  :  โรงพยาบาลบางบาล","0","0","0","0","0","0.00","0"
"10772  :  โรงพยาบาลบางปะอิน","0","0","0","0","0","0.00","0"
"10773  :  โรงพยาบาลบางปะหัน","0","0","0","0","0","0.00","0"
"10774  :  โรงพยาบาลผักไห่","0","0","0","0","0","0.00","0"
"10775  :  โรงพยาบาลภาชี","0","0","0","0","0","0.00","0"
"10776  :  โรงพยาบาลลาดบัวหลวง","0","0","0","0","0","0.00","0"
"10777  :  โรงพยาบาลวังน้อย","0","0","0","0","0","0.00","0"
"10778  :  โรงพยาบาลบางซ้าย","0","0","0","0","0","0.00","0"
"10779  :  โรงพยาบาลอุทัย","0","0","0","0","0","0.00","0"
"10780  :  โรงพยาบาลมหาราช","0","0","0","0","0","0.00","0"
"10781  :  โรงพยาบาลบ้านแพรก","0","0","0","0","0","0.00","0"
"10689  :  โรงพยาบาลอ่างทอง","334","59","2","1","62","18.56","272"
"10782  :  โรงพยาบาลไชโย","472","362","8","5","375","79.45","97"
"10784  :  โรงพยาบาลป่าโมก","682","4","0","0","4","0.59","678"
"10785  :  โรงพยาบาลโพธิ์ทอง","594","469","45","9","523","88.05","71"
"10786  :  โรงพยาบาลแสวงหา","1,159","345","69","19","433","37.36","726"
"10787  :  โรงพยาบาลวิเศษชัยชาญ","1,470","262","26","4","292","19.86","1,178"
"10788  :  โรงพยาบาลสามโก้","370","173","45","14","232","62.70","138"
"10690  :  โรงพยาบาลพระนารายณ์มหาราช","0","0","0","0","0","0.00","0"
"10691  :  โรงพยาบาลบ้านหมี่","0","0","0","0","0","0.00","0"
"10789  :  โรงพยาบาลพัฒนานิคม","0","0","0","0","0","0.00","0"
"10790  :  โรงพยาบาลโคกสำโรง","0","0","0","0","0","0.00","0"
"10791  :  โรงพยาบาลชัยบาดาล","0","0","0","0","0","0.00","0"
"10792  :  โรงพยาบาลท่าวุ้ง","0","0","0","0","0","0.00","0"
"10793  :  โรงพยาบาลท่าหลวง","0","0","0","0","0","0.00","0"
"10794  :  โรงพยาบาลสระโบสถ์","0","0","0","0","0","0.00","0"
"10795  :  โรงพยาบาลโคกเจริญ","0","0","0","0","0","0.00","0"
"10796  :  โรงพยาบาลลำสนธิ","0","0","0","0","0","0.00","0"
"10797  :  โรงพยาบาลหนองม่วง","0","0","0","0","0","0.00","0"
"14199  :  โรงพยาบาลมะเร็งลพบุรี","0","0","0","0","0","0.00","0"
"14928  :  โรงพยาบาลกองบิน 2","0","0","0","0","0","0.00","0"
"10692  :  โรงพยาบาลสิงห์บุรี","1,837","1,521","34","19","1,574","85.68","263"
"10693  :  โรงพยาบาลอินทร์บุรี","487","9","3","1","13","2.67","474"
"10798  :  โรงพยาบาลบางระจัน","828","117","5","1","123","14.86","705"
"10799  :  โรงพยาบาลค่ายบางระจัน","927","788","30","8","826","89.10","101"
"10800  :  โรงพยาบาลพรหมบุรี","866","368","0","0","368","42.49","498"
"10801  :  โรงพยาบาลท่าช้าง","682","1","0","0","1","0.15","681"
"10694  :  โรงพยาบาลชัยนาทนเรนทร","11","1","0","0","1","9.09","10"
"10802  :  โรงพยาบาลมโนรมย์","767","0","0","0","0","0.00","767"
"10803  :  โรงพยาบาลวัดสิงห์","1,243","3","0","0","3","0.24","1,240"
"10804  :  โรงพยาบาลสรรพยา","472","0","0","0","0","0.00","472"
"10805  :  โรงพยาบาลสรรคบุรี","1,380","0","0","0","0","0.00","1,380"
"10806  :  โรงพยาบาลหันคา","1,376","0","1","0","1","0.07","1,375"
"27974  :  โรงพยาบาลหนองมะโมง","269","2","0","0","2","0.74","267"
"27975  :  โรงพยาบาลเนินขาม","0","0","0","0","0","0.00","0"
"10661  :  โรงพยาบาลสระบุรี","0","0","0","0","0","0.00","0"
"10695  :  โรงพยาบาลพระพุทธบาท","0","0","0","0","0","0.00","0"
"10807  :  โรงพยาบาลแก่งคอย","0","0","0","0","0","0.00","0"
"10808  :  โรงพยาบาลหนองแค","0","0","0","0","0","0.00","0"
"10809  :  โรงพยาบาลวิหารแดง","0","0","0","0","0","0.00","0"
"10810  :  โรงพยาบาลหนองแซง","0","0","0","0","0","0.00","0"
"10811  :  โรงพยาบาลบ้านหมอ","0","0","0","0","0","0.00","0"
"10812  :  โรงพยาบาลดอนพุด","0","0","0","0","0","0.00","0"
"10813  :  โรงพยาบาลหนองโดน","0","0","0","0","0","0.00","0"
"10814  :  โรงพยาบาลเสาไห้เฉลิมพระเกียรติ80พรรษา","0","0","0","0","0","0.00","0"
"10815  :  โรงพยาบาลมวกเหล็ก","0","0","0","0","0","0.00","0"
"10816  :  โรงพยาบาลวังม่วงสัทธรรม","0","0","0","0","0","0.00","0"
"11485  :  โรงพยาบาลค่ายอดิศร","0","0","0","0","0","0.00","0"
"10662  :  โรงพยาบาลชลบุรี","0","0","0","0","0","0.00","0"
"10817  :  โรงพยาบาลบ้านบึง","2,843","845","9","6","860","30.25","1,983"
"10818  :  โรงพยาบาลหนองใหญ่","655","620","5","1","626","95.57","29"
"10819  :  โรงพยาบาลบางละมุง","3,261","652","32","12","696","21.34","2,565"
"10820  :  โรงพยาบาลวัดญาณสังวราราม","365","289","2","2","293","80.27","72"
"10821  :  โรงพยาบาลพานทอง","1,070","513","47","5","565","52.80","505"
"10822  :  โรงพยาบาลพนัสนิคม","2,312","557","12","8","577","24.96","1,735"
"10823  :  โรงพยาบาลแหลมฉบัง","5,301","1,861","68","23","1,952","36.82","3,349"
"10824  :  โรงพยาบาลเกาะสีชัง","390","313","7","4","324","83.08","66"
"10825  :  โรงพยาบาลสัตหีบกม10","3,509","1,793","75","31","1,899","54.12","1,610"
"10826  :  โรงพยาบาลบ่อทอง","603","363","8","3","374","62.02","229"
"11486  :  โรงพยาบาลค่ายนวมินทราชินี","256","16","2","3","21","8.20","235"
"11487  :  โรงพยาบาลอาภากรเกียรติวงศ์","0","0","0","0","0","0.00","0"
"13754  :  โรงพยาบาลสมเด็จพระบรมราชเทวี ณ ศรีราชา","1,216","20","2","2","24","1.97","1,192"
"13758  :  โรงพยาบาลสมเด็จพระนางเจ้าสิริกิติ์","0","0","0","0","0","0.00","0"
"13760  :  โรงพยาบาลมะเร็งชลบุรี","0","0","0","0","0","0.00","0"
"13766  :  โรงพยาบาลมหาวิทยาลัยบูรพา","39","3","0","0","3","7.69","36"
"28005  :  โรงพยาบาลเมืองพัทยา","1,057","14","1","0","15","1.42","1,042"
"28006  :  โรงพยาบาลเกาะจันทร์","415","112","2","3","117","28.19","298"
"10663  :  โรงพยาบาลระยอง","0","0","0","0","0","0.00","0"
"10827  :  โรงพยาบาลเฉลิมพระเกียรติสมเด็จพระเทพรัตนราชสุดาฯ สยามบรมราชกุมารี ระยอง","392","222","9","4","235","59.95","157"
"10828  :  โรงพยาบาลบ้านฉาง","3,152","45","1","1","47","1.49","3,105"
"10829  :  โรงพยาบาลแกลง","608","226","6","3","235","38.65","373"
"10830  :  โรงพยาบาลวังจันทร์","623","455","29","8","492","78.97","131"
"10831  :  โรงพยาบาลบ้านค่าย","1,050","4","8","4","16","1.52","1,034"
"10832  :  โรงพยาบาลปลวกแดง","1,538","194","12","6","212","13.78","1,326"
"22734  :  โรงพยาบาลเขาชะเมา เฉลิมพระเกียรติ 80 พรรษา","371","251","4","2","257","69.27","114"
"23962  :  โรงพยาบาลนิคมพัฒนา","525","298","4","2","304","57.90","221"
"10664  :  โรงพยาบาลพระปกเกล้า","0","0","0","0","0","0.00","0"
"10834  :  โรงพยาบาลขลุง","0","0","0","0","0","0.00","0"
"10835  :  โรงพยาบาลท่าใหม่","7","2","0","0","2","28.57","5"
"10836  :  โรงพยาบาลเขาสุกิม","991","542","14","5","561","56.61","430"
"10837  :  โรงพยาบาลสองพี่น้อง","899","673","38","1","712","79.20","187"
"10838  :  โรงพยาบาลโป่งน้ำร้อน","1,505","1,003","24","1","1,028","68.31","477"
"10839  :  โรงพยาบาลมะขาม","227","201","6","0","207","91.19","20"
"10840  :  โรงพยาบาลแหลมสิงห์","0","0","0","0","0","0.00","0"
"10841  :  โรงพยาบาลสอยดาว","0","0","0","0","0","0.00","0"
"10842  :  โรงพยาบาลแก่งหางแมว","564","279","13","1","293","51.95","271"
"10843  :  โรงพยาบาลนายายอาม","412","359","3","7","369","89.56","43"
"10844  :  โรงพยาบาลเขาคิชฌกูฏ","795","770","6","6","782","98.36","13"
"10696  :  โรงพยาบาลตราด","1,199","67","0","1","68","5.67","1,131"
"10845  :  โรงพยาบาลคลองใหญ่","1,402","1,267","20","5","1,292","92.15","110"
"10846  :  โรงพยาบาลเขาสมิง","921","540","7","6","553","60.04","368"
"10847  :  โรงพยาบาลบ่อไร่","790","491","16","5","512","64.81","278"
"10848  :  โรงพยาบาลแหลมงอบ","637","545","12","3","560","87.91","77"
"10849  :  โรงพยาบาลเกาะกูด","121","101","10","2","113","93.39","8"
"13816  :  โรงพยาบาลเกาะช้าง","116","88","4","4","96","82.76","20"
"10697  :  โรงพยาบาลพุทธโสธร","0","0","0","0","0","0.00","0"
"10833  :  โรงพยาบาลท่าตะเกียบ","484","410","1","1","412","85.12","72"
"10850  :  โรงพยาบาลบางคล้า","2,437","168","62","9","239","9.81","2,198"
"10851  :  โรงพยาบาลบางน้ำเปรี้ยว","0","0","0","0","0","0.00","0"
"10852  :  โรงพยาบาลบางปะกง","0","0","0","0","0","0.00","0"
"10853  :  โรงพยาบาลบ้านโพธิ์","490","142","5","1","148","30.20","342"
"10854  :  โรงพยาบาลพนมสารคาม","1,491","1,366","2","1","1,369","91.82","122"
"10855  :  โรงพยาบาลสนามชัยเขต","648","428","0","0","428","66.05","220"
"10856  :  โรงพยาบาลแปลงยาว","940","5","0","0","5","0.53","935"
"13747  :  โรงพยาบาลราชสาส์น","1,036","762","11","8","781","75.39","255"
"31327  :  โรงพยาบาลคลองเขื่อน","0","0","0","0","0","0.00","0"
"10665  :  โรงพยาบาลเจ้าพระยาอภัยภูเบศร","225","22","2","0","24","10.67","201"
"10857  :  โรงพยาบาลกบินทร์บุรี","1,308","423","24","12","459","35.09","849"
"10858  :  โรงพยาบาลนาดี","1,011","542","23","7","572","56.58","439"
"10859  :  โรงพยาบาลบ้านสร้าง","500","75","14","2","91","18.20","409"
"10860  :  โรงพยาบาลประจันตคาม","1,593","14","0","0","14","0.88","1,579"
"10861  :  โรงพยาบาลศรีมหาโพธิ","977","708","3","3","714","73.08","263"
"10862  :  โรงพยาบาลศรีมโหสถ","1,231","1,114","23","13","1,150","93.42","81"
"11490  :  โรงพยาบาลค่ายจักรพงษ์","73","0","0","0","0","0.00","73"
"10698  :  โรงพยาบาลนครนายก","2,717","18","1","1","20","0.74","2,697"
"10863  :  โรงพยาบาลปากพลี","422","0","0","0","0","0.00","422"
"10864  :  โรงพยาบาลบ้านนา","1,275","0","0","0","0","0.00","1,275"
"10865  :  โรงพยาบาลองครักษ์","533","1","0","0","1","0.19","532"
"11491  :  โรงพยาบาลรร.นายร้อยพระจุลจอมเกล้า","27","0","0","0","0","0.00","27"
"14904  :  โรงพยาบาลศูนย์การแพทย์สมเด็จพระเทพรัตนราชสุดาฯ","179","0","1","0","1","0.56","178"
"10699  :  โรงพยาบาลสมเด็จพระยุพราชสระแก้ว","0","0","0","0","0","0.00","0"
"10866  :  โรงพยาบาลคลองหาด","888","121","3","5","129","14.53","759"
"10867  :  โรงพยาบาลตาพระยา","571","6","1","0","7","1.23","564"
"10868  :  โรงพยาบาลวังน้ำเย็น","2,873","2","0","0","2","0.07","2,871"
"10869  :  โรงพยาบาลวัฒนานคร","1,273","997","16","12","1,025","80.52","248"
"10870  :  โรงพยาบาลอรัญประเทศ","1,581","5","0","0","5","0.32","1,576"
"13817  :  โรงพยาบาลเขาฉกรรจ์","527","0","0","0","0","0.00","527"
"14717  :  โรงพยาบาลจิตเวชสระแก้วราชนครินทร์","0","0","0","0","0","0.00","0"
"10666  :  โรงพยาบาลมหาราชนครราชสีมา","0","0","0","0","0","0.00","0"
"10871  :  โรงพยาบาลครบุรี","0","0","0","0","0","0.00","0"
"10872  :  โรงพยาบาลเสิงสาง","0","0","0","0","0","0.00","0"
"10873  :  โรงพยาบาลคง","0","0","0","0","0","0.00","0"
"10874  :  โรงพยาบาลบ้านเหลื่อม","0","0","0","0","0","0.00","0"
"10875  :  โรงพยาบาลจักราช","0","0","0","0","0","0.00","0"
"10876  :  โรงพยาบาลโชคชัย","0","0","0","0","0","0.00","0"
"10877  :  โรงพยาบาลด่านขุนทด","0","0","0","0","0","0.00","0"
"10878  :  โรงพยาบาลโนนไทย","0","0","0","0","0","0.00","0"
"10879  :  โรงพยาบาลโนนสูง","0","0","0","0","0","0.00","0"
"10880  :  โรงพยาบาลขามสะแกแสง","0","0","0","0","0","0.00","0"
"10881  :  โรงพยาบาลบัวใหญ่","0","0","0","0","0","0.00","0"
"10882  :  โรงพยาบาลประทาย","0","0","0","0","0","0.00","0"
"10883  :  โรงพยาบาลปักธงชัย","0","0","0","0","0","0.00","0"
"10884  :  โรงพยาบาลพิมาย","0","0","0","0","0","0.00","0"
"10885  :  โรงพยาบาลห้วยแถลง","0","0","0","0","0","0.00","0"
"10886  :  โรงพยาบาลชุมพวง","0","0","0","0","0","0.00","0"
"10887  :  โรงพยาบาลสูงเนิน","0","0","0","0","0","0.00","0"
"10888  :  โรงพยาบาลขามทะเลสอ","0","0","0","0","0","0.00","0"
"10889  :  โรงพยาบาลสีคิ้ว","0","0","0","0","0","0.00","0"
"10890  :  โรงพยาบาลปากช่องนานา","0","0","0","0","0","0.00","0"
"10891  :  โรงพยาบาลหนองบุญมาก","0","0","0","0","0","0.00","0"
"10892  :  โรงพยาบาลแก้งสนามนาง","0","0","0","0","0","0.00","0"
"10893  :  โรงพยาบาลโนนแดง","0","0","0","0","0","0.00","0"
"10894  :  โรงพยาบาลวังน้ำเขียว","0","0","0","0","0","0.00","0"
"11492  :  โรงพยาบาลค่ายสุรนารี นครราชสีมา","0","0","0","0","0","0.00","0"
"11602  :  โรงพยาบาลเฉลิมพระเกียรติสมเด็จย่า 100 ปี","0","0","0","0","0","0.00","0"
"11608  :  โรงพยาบาลลำทะเมนชัย","0","0","0","0","0","0.00","0"
"11885  :  โรงพยาบาลเดอะโกลเดนเกท","0","0","0","0","0","0.00","0"
"11891  :  โรงพยาบาลราชสีมาฮอสพิทอล","0","0","0","0","0","0.00","0"
"12267  :  ศูนย์อนามัยที่ 9 นครราชสีมา","0","0","0","0","0","0.00","0"
"12268  :  โรงพยาบาลจิตเวชนครราชสีมาราชนครินทร์","0","0","0","0","0","0.00","0"
"14161  :  โรงพยาบาลกองบิน กองบิน1","0","0","0","0","0","0.00","0"
"22456  :  โรงพยาบาลพระทองคำ เฉลิมพระเกียรติ 80 พรรษา","0","0","0","0","0","0.00","0"
"23839  :  โรงพยาบาลเทพรัตน์นครราชสีมา","0","0","0","0","0","0.00","0"
"24060  :  โรงพยาบาลมหาวิทยาลัยเทคโนโลยีสุรนารี","0","0","0","0","0","0.00","0"
"24692  :  โรงพยาบาลเฉลิมพระเกียรติ","0","0","0","0","0","0.00","0"
"27839  :  โรงพยาบาลบัวลาย","0","0","0","0","0","0.00","0"
"27840  :  โรงพยาบาลสีดา","0","0","0","0","0","0.00","0"
"27841  :  โรงพยาบาลเทพารักษ์","0","0","0","0","0","0.00","0"
"10667  :  โรงพยาบาลบุรีรัมย์","0","0","0","0","0","0.00","0"
"10895  :  โรงพยาบาลคูเมือง","1,176","1,136","8","2","1,146","97.45","30"
"10896  :  โรงพยาบาลกระสัง","1,107","1,021","19","4","1,044","94.31","63"
"10897  :  โรงพยาบาลนางรอง","3,615","2,994","36","40","3,070","84.92","545"
"10898  :  โรงพยาบาลหนองกี่","1,206","1,137","1","0","1,138","94.36","68"
"10899  :  โรงพยาบาลละหานทราย","1,164","1,060","0","4","1,064","91.41","100"
"10900  :  โรงพยาบาลประโคนชัย","1,852","987","56","2","1,045","56.43","807"
"10901  :  โรงพยาบาลบ้านกรวด","1,620","1,360","7","3","1,370","84.57","250"
"10902  :  โรงพยาบาลพุทไธสง","1,433","816","21","3","840","58.62","593"
"10904  :  โรงพยาบาลลำปลายมาศ","6","5","0","0","5","83.33","1"
"10905  :  โรงพยาบาลสตึก","1,860","1,761","19","6","1,786","96.02","74"
"10906  :  โรงพยาบาลปะคำ","947","860","2","0","862","91.02","85"
"10907  :  โรงพยาบาลนาโพธิ์","716","642","17","6","665","92.88","51"
"10908  :  โรงพยาบาลหนองหงส์","760","696","2","0","698","91.84","62"
"10909  :  โรงพยาบาลพลับพลาชัย","917","516","58","3","577","62.92","340"
"10910  :  โรงพยาบาลห้วยราช","513","480","2","1","483","94.15","30"
"10911  :  โรงพยาบาลโนนสุวรรณ","605","465","1","0","466","77.02","139"
"10912  :  โรงพยาบาลชำนิ","520","470","22","5","497","95.58","23"
"10913  :  โรงพยาบาลบ้านใหม่ไชยพจน์","499","451","3","3","457","91.58","42"
"10914  :  โรงพยาบาลโนนดินแดง","1,105","998","33","1","1,032","93.39","73"
"11493  :  โรงพยาบาลค่ายสมเด็จเจ้าพระยามหากษัตริย์ศึก","295","191","1","0","192","65.08","103"
"11619  :  โรงพยาบาลเฉลิมพระเกียรติ","999","985","0","0","985","98.60","14"
"23578  :  โรงพยาบาลแคนดง","891","855","1","0","856","96.07","35"
"28020  :  โรงพยาบาลบ้านด่าน","846","817","4","2","823","97.28","23"
"10668  :  โรงพยาบาลสุรินทร์","0","0","0","0","0","0.00","0"
"10915  :  โรงพยาบาลชุมพลบุรี","0","0","0","0","0","0.00","0"
"10916  :  โรงพยาบาลท่าตูม","0","0","0","0","0","0.00","0"
"10917  :  โรงพยาบาลจอมพระ","0","0","0","0","0","0.00","0"
"10918  :  โรงพยาบาลปราสาท","0","0","0","0","0","0.00","0"
"10919  :  โรงพยาบาลกาบเชิง","0","0","0","0","0","0.00","0"
"10920  :  โรงพยาบาลรัตนบุรี","0","0","0","0","0","0.00","0"
"10921  :  โรงพยาบาลสนม","0","0","0","0","0","0.00","0"
"10922  :  โรงพยาบาลศีขรภูมิ","0","0","0","0","0","0.00","0"
"10923  :  โรงพยาบาลสังขะ","0","0","0","0","0","0.00","0"
"10924  :  โรงพยาบาลลำดวน","0","0","0","0","0","0.00","0"
"10925  :  โรงพยาบาลสำโรงทาบ","0","0","0","0","0","0.00","0"
"10926  :  โรงพยาบาลบัวเชด","0","0","0","0","0","0.00","0"
"11494  :  โรงพยาบาลค่ายวีรวัฒน์โยธิน","0","0","0","0","0","0.00","0"
"22302  :  โรงพยาบาลพนมดงรัก เฉลิมพระเกียรติ 80 พรรษา","0","0","0","0","0","0.00","0"
"27842  :  โรงพยาบาลเขวาสินรินทร์","0","0","0","0","0","0.00","0"
"27843  :  โรงพยาบาลศรีณรงค์","0","0","0","0","0","0.00","0"
"27844  :  โรงพยาบาลโนนนารายณ์","0","0","0","0","0","0.00","0"
"10700  :  โรงพยาบาลศรีสะเกษ","879","0","0","0","0","0.00","879"
"10927  :  โรงพยาบาลยางชุมน้อย","672","0","0","0","0","0.00","672"
"10928  :  โรงพยาบาลกันทรารมย์","1,049","0","0","0","0","0.00","1,049"
"10929  :  โรงพยาบาลกันทรลักษ์","1,564","27","11","13","51","3.26","1,513"
"10930  :  โรงพยาบาลขุขันธ์","1,180","3","0","0","3","0.25","1,177"
"10931  :  โรงพยาบาลไพรบึง","1,658","1","0","0","1","0.06","1,657"
"10932  :  โรงพยาบาลปรางค์กู่","598","0","0","0","0","0.00","598"
"10933  :  โรงพยาบาลขุนหาญ","898","0","0","0","0","0.00","898"
"10934  :  โรงพยาบาลราษีไศล","901","440","43","11","494","54.83","407"
"10935  :  โรงพยาบาลอุทุมพรพิสัย","951","4","0","0","4","0.42","947"
"10936  :  โรงพยาบาลบึงบูรพ์","702","1","1","1","3","0.43","699"
"10937  :  โรงพยาบาลห้วยทับทัน","594","76","1","0","77","12.96","517"
"10938  :  โรงพยาบาลโนนคูณ","259","0","0","0","0","0.00","259"
"10939  :  โรงพยาบาลศรีรัตนะ","434","268","0","0","268","61.75","166"
"10940  :  โรงพยาบาลวังหิน","359","4","1","2","7","1.95","352"
"10941  :  โรงพยาบาลน้ำเกลี้ยง","209","2","0","0","2","0.96","207"
"10942  :  โรงพยาบาลภูสิงห์","667","0","0","0","0","0.00","667"
"10943  :  โรงพยาบาลเมืองจันทร์","303","172","12","4","188","62.05","115"
"23125  :  โรงพยาบาลเบญจลักษ์เฉลิมพระเกียรติ 80 พรรษา","483","376","21","1","398","82.40","85"
"28014  :  โรงพยาบาลพยุห์","490","13","0","0","13","2.65","477"
"28015  :  โรงพยาบาลโพธิ์ศรีสุวรรณ","276","0","0","0","0","0.00","276"
"28016  :  โรงพยาบาลศิลาลาด","629","0","0","0","0","0.00","629"
"10669  :  โรงพยาบาลสรรพสิทธิประสงค์","0","0","0","0","0","0.00","0"
"10944  :  โรงพยาบาลศรีเมืองใหม่","0","0","0","0","0","0.00","0"
"10945  :  โรงพยาบาลโขงเจียม","0","0","0","0","0","0.00","0"
"10946  :  โรงพยาบาลเขื่องใน","0","0","0","0","0","0.00","0"
"10947  :  โรงพยาบาลเขมราฐ","0","0","0","0","0","0.00","0"
"10948  :  โรงพยาบาลนาจะหลวย","0","0","0","0","0","0.00","0"
"10949  :  โรงพยาบาลน้ำยืน","0","0","0","0","0","0.00","0"
"10950  :  โรงพยาบาลบุณฑริก","0","0","0","0","0","0.00","0"
"10951  :  โรงพยาบาลตระการพืชผล","0","0","0","0","0","0.00","0"
"10952  :  โรงพยาบาลกุดข้าวปุ้น","0","0","0","0","0","0.00","0"
"10953  :  โรงพยาบาลม่วงสามสิบ","0","0","0","0","0","0.00","0"
"10954  :  โรงพยาบาลวารินชำราบ","0","0","0","0","0","0.00","0"
"10956  :  โรงพยาบาลพิบูลมังสาหาร","0","0","0","0","0","0.00","0"
"10957  :  โรงพยาบาลตาลสุม","0","0","0","0","0","0.00","0"
"10958  :  โรงพยาบาลโพธิ์ไทร","0","0","0","0","0","0.00","0"
"10959  :  โรงพยาบาลสำโรง","0","0","0","0","0","0.00","0"
"10960  :  โรงพยาบาลดอนมดแดง","0","0","0","0","0","0.00","0"
"10961  :  โรงพยาบาลสิรินธร","0","0","0","0","0","0.00","0"
"10962  :  โรงพยาบาลทุ่งศรีอุดม","0","0","0","0","0","0.00","0"
"11443  :  โรงพยาบาลสมเด็จพระยุพราชเดชอุดม","0","0","0","0","0","0.00","0"
"11495  :  โรงพยาบาลกองบิน 21","0","0","0","0","0","0.00","0"
"11496  :  โรงพยาบาลค่ายสรรพสิทธิประสงค์","0","0","0","0","0","0.00","0"
"11918  :  โรงพยาบาลเอกชนร่มเกล้า","0","0","0","0","0","0.00","0"
"12269  :  โรงพยาบาลพระศรีมหาโพธิ์","0","0","0","0","0","0.00","0"
"12270  :  โรงพยาบาลส่งเสริมสุขภาพ ศูนย์อนามัยที่ 10","0","0","0","0","0","0.00","0"
"21984  :  โรงพยาบาล 50 พรรษา มหาวชิราลงกรณ","0","0","0","0","0","0.00","0"
"24032  :  โรงพยาบาลนาตาล","0","0","0","0","0","0.00","0"
"24821  :  โรงพยาบาลนาเยีย","0","0","0","0","0","0.00","0"
"27967  :  โรงพยาบาลสว่างวีระวงศ์","0","0","0","0","0","0.00","0"
"27968  :  โรงพยาบาลน้ำขุ่น","0","0","0","0","0","0.00","0"
"27976  :  โรงพยาบาลเหล่าเสือโก้ก","0","0","0","0","0","0.00","0"
"10701  :  โรงพยาบาลยโสธร","0","0","0","0","0","0.00","0"
"10963  :  โรงพยาบาลทรายมูล","0","0","0","0","0","0.00","0"
"10964  :  โรงพยาบาลกุดชุม","0","0","0","0","0","0.00","0"
"10965  :  โรงพยาบาลคำเขื่อนแก้ว","1,405","991","27","12","1,030","73.31","375"
"10966  :  โรงพยาบาลป่าติ้ว","1,029","523","25","8","556","54.03","473"
"10967  :  โรงพยาบาลมหาชนะชัย","816","204","15","5","224","27.45","592"
"10968  :  โรงพยาบาลค้อวัง","661","517","22","1","540","81.69","121"
"10969  :  โรงพยาบาลไทยเจริญ","375","351","7","4","362","96.53","13"
"11444  :  โรงพยาบาลสมเด็จพระยุพราชเลิงนกทา","1,323","34","20","6","60","4.54","1,263"
"11921  :  โรงพยาบาลนายแพทย์หาญ","355","15","1","1","17","4.79","338"
"04007  :  โรงพยาบาลซับใหญ่","343","60","3","0","63","18.37","280"
"10702  :  โรงพยาบาลชัยภูมิ","3","3","0","0","3","100.00","0"
"10970  :  โรงพยาบาลบ้านเขว้า","2,696","357","1","17","375","13.91","2,321"
"10971  :  โรงพยาบาลคอนสวรรค์","1,501","1,428","52","13","1,493","99.47","8"
"10972  :  โรงพยาบาลเกษตรสมบูรณ์","1,387","1,243","83","11","1,337","96.40","50"
"10973  :  โรงพยาบาลหนองบัวแดง","1,685","49","4","3","56","3.32","1,629"
"10974  :  โรงพยาบาลจัตุรัส","1,725","1,412","85","8","1,505","87.25","220"
"10975  :  โรงพยาบาลบำเหน็จณรงค์","2,073","1,277","28","10","1,315","63.43","758"
"10976  :  โรงพยาบาลหนองบัวระเหว","570","3","0","0","3","0.53","567"
"10977  :  โรงพยาบาลเทพสถิต","1,596","5","0","0","5","0.31","1,591"
"10978  :  โรงพยาบาลภูเขียวเฉลิมพระเกียรติ","2,494","2,302","5","3","2,310","92.62","184"
"10979  :  โรงพยาบาลบ้านแท่น","1,620","1,289","20","9","1,318","81.36","302"
"10980  :  โรงพยาบาลแก้งคร้อ","1,574","1,177","80","4","1,261","80.11","313"
"10981  :  โรงพยาบาลคอนสาร","912","803","59","10","872","95.61","40"
"10982  :  โรงพยาบาลภักดีชุมพล","556","179","6","1","186","33.45","370"
"10983  :  โรงพยาบาลเนินสง่า","437","416","2","1","419","95.88","18"
"10703  :  โรงพยาบาลอำนาจเจริญ","1,264","900","20","3","923","73.02","341"
"10985  :  โรงพยาบาลชานุมาน","800","41","4","0","45","5.63","755"
"10986  :  โรงพยาบาลปทุมราชวงศา","785","264","0","8","272","34.65","513"
"10987  :  โรงพยาบาลพนา","771","79","0","3","82","10.64","689"
"10988  :  โรงพยาบาลเสนางคนิคม","1,290","1","0","0","1","0.08","1,289"
"10989  :  โรงพยาบาลหัวตะพาน","499","308","5","1","314","62.93","185"
"10990  :  โรงพยาบาลลืออำนาจ","650","0","0","0","0","0.00","650"
"11040  :  โรงพยาบาลบึงกาฬ","0","0","0","0","0","0.00","0"
"11041  :  โรงพยาบาลพรเจริญ","852","5","0","0","5","0.59","847"
"11043  :  โรงพยาบาลโซ่พิสัย","0","0","0","0","0","0.00","0"
"11046  :  โรงพยาบาลเซกา","0","0","0","0","0","0.00","0"
"11047  :  โรงพยาบาลปากคาด","854","6","0","0","6","0.70","848"
"11048  :  โรงพยาบาลบึงโขงหลง","0","0","0","0","0","0.00","0"
"11049  :  โรงพยาบาลศรีวิไล","1,052","1","0","0","1","0.10","1,051"
"11050  :  โรงพยาบาลบุ่งคล้า","257","0","0","0","0","0.00","257"
"10704  :  โรงพยาบาลหนองบัวลำภู","0","0","0","0","0","0.00","0"
"10991  :  โรงพยาบาลนากลาง","0","0","0","0","0","0.00","0"
"10992  :  โรงพยาบาลโนนสัง","0","0","0","0","0","0.00","0"
"10993  :  โรงพยาบาลศรีบุญเรือง","0","0","0","0","0","0.00","0"
"10994  :  โรงพยาบาลสุวรรณคูหา","0","0","0","0","0","0.00","0"
"23367  :  โรงพยาบาลนาวัง เฉลิมพระเกียรติ 80 พรรษา","0","0","0","0","0","0.00","0"
"10670  :  โรงพยาบาลขอนแก่น","0","0","0","0","0","0.00","0"
"10995  :  โรงพยาบาลบ้านฝาง","0","0","0","0","0","0.00","0"
"10996  :  โรงพยาบาลพระยืน","0","0","0","0","0","0.00","0"
"10997  :  โรงพยาบาลหนองเรือ","0","0","0","0","0","0.00","0"
"10998  :  โรงพยาบาลชุมแพ","0","0","0","0","0","0.00","0"
"10999  :  โรงพยาบาลสีชมพู","0","0","0","0","0","0.00","0"
"11000  :  โรงพยาบาลน้ำพอง","0","0","0","0","0","0.00","0"
"11001  :  โรงพยาบาลอุบลรัตน์","0","0","0","0","0","0.00","0"
"11002  :  โรงพยาบาลบ้านไผ่","0","0","0","0","0","0.00","0"
"11003  :  โรงพยาบาลเปือยน้อย","0","0","0","0","0","0.00","0"
"11004  :  โรงพยาบาลพล","0","0","0","0","0","0.00","0"
"11005  :  โรงพยาบาลแวงใหญ่","0","0","0","0","0","0.00","0"
"11006  :  โรงพยาบาลแวงน้อย","0","0","0","0","0","0.00","0"
"11007  :  โรงพยาบาลหนองสองห้อง","0","0","0","0","0","0.00","0"
"11008  :  โรงพยาบาลภูเวียง","0","0","0","0","0","0.00","0"
"11009  :  โรงพยาบาลมัญจาคีรี","0","0","0","0","0","0.00","0"
"11010  :  โรงพยาบาลชนบท","0","0","0","0","0","0.00","0"
"11011  :  โรงพยาบาลเขาสวนกวาง","0","0","0","0","0","0.00","0"
"11012  :  โรงพยาบาลภูผาม่าน","0","0","0","0","0","0.00","0"
"11445  :  โรงพยาบาลสมเด็จพระยุพราชกระนวน","0","0","0","0","0","0.00","0"
"11497  :  โรงพยาบาลค่ายศรีพัชรินทร","0","0","0","0","0","0.00","0"
"11936  :  โรงพยาบาลขอนแก่นราม","0","0","0","0","0","0.00","0"
"12272  :  โรงพยาบาลจิตเวชขอนแก่นราชนครินทร์","0","0","0","0","0","0.00","0"
"12273  :  โรงพยาบาลส่งเสริมสุขภาพ ศูนย์อนามัยที่ 7","0","0","0","0","0","0.00","0"
"12275  :  โรงพยาบาลสิรินธร(ภาคตะวันออกเฉียงเหนือ)","0","0","0","0","0","0.00","0"
"13777  :  โรงพยาบาลศรีนครินทร์ มหาวิทยาลัยขอนแก่น","0","0","0","0","0","0.00","0"
"14132  :  โรงพยาบาลซำสูง","0","0","0","0","0","0.00","0"
"14196  :  โรงพยาบาลธัญญรักษ์ขอนแก่น","0","0","0","0","0","0.00","0"
"24746  :  สถาบันสุขภาพจิตเด็กและวัยรุ่นภาคตะวันออกเฉียงเหนือ","0","0","0","0","0","0.00","0"
"77649  :  โรงพยาบาลหนองนาคำ","0","0","0","0","0","0.00","0"
"77650  :  โรงพยาบาลเวียงเก่า","0","0","0","0","0","0.00","0"
"77651  :  โรงพยาบาลโคกโพธิ์ไชย","0","0","0","0","0","0.00","0"
"77652  :  โรงพยาบาลโนนศิลา","0","0","0","0","0","0.00","0"
"10671  :  โรงพยาบาลอุดรธานี","0","0","0","0","0","0.00","0"
"11013  :  โรงพยาบาลกุดจับ","660","0","0","0","0","0.00","660"
"11014  :  โรงพยาบาลหนองวัวซอ","805","0","0","0","0","0.00","805"
"11015  :  โรงพยาบาลกุมภวาปี","1,527","0","0","0","0","0.00","1,527"
"11016  :  โรงพยาบาลห้วยเกิ้ง","259","0","0","0","0","0.00","259"
"11017  :  โรงพยาบาลโนนสะอาด","1,006","0","0","0","0","0.00","1,006"
"11018  :  โรงพยาบาลหนองหาน","1,904","0","0","0","0","0.00","1,904"
"11019  :  โรงพยาบาลทุ่งฝน","995","0","0","0","0","0.00","995"
"11020  :  โรงพยาบาลไชยวาน","953","0","0","0","0","0.00","953"
"11021  :  โรงพยาบาลศรีธาตุ","587","42","18","0","60","10.22","527"
"11022  :  โรงพยาบาลวังสามหมอ","809","0","0","0","0","0.00","809"
"11023  :  โรงพยาบาลบ้านผือ","1,264","1","0","0","1","0.08","1,263"
"11024  :  โรงพยาบาลน้ำโสม","1,299","0","0","0","0","0.00","1,299"
"11025  :  โรงพยาบาลเพ็ญ","1,157","0","0","0","0","0.00","1,157"
"11026  :  โรงพยาบาลสร้างคอม","921","0","0","0","0","0.00","921"
"11027  :  โรงพยาบาลหนองแสง","720","0","0","0","0","0.00","720"
"11028  :  โรงพยาบาลนายูง","362","0","0","0","0","0.00","362"
"11029  :  โรงพยาบาลพิบูลย์รักษ์","367","0","0","0","0","0.00","367"
"11446  :  โรงพยาบาลสมเด็จพระยุพราชบ้านดุง","1,844","0","0","0","0","0.00","1,844"
"11501  :  โรงพยาบาลค่ายประจักษ์ศิลปาคม","695","0","0","0","0","0.00","695"
"12276  :  โรงพยาบาลมะเร็งอุดรธานี","0","0","0","0","0","0.00","0"
"23951  :  โรงพยาบาลธัญญารักษ์อุดรธานี","0","0","0","0","0","0.00","0"
"25058  :  โรงพยาบาลกู่แก้ว","0","0","0","0","0","0.00","0"
"25059  :  โรงพยาบาลประจักษ์ศิลปาคม","1","0","0","0","0","0.00","1"
"10705  :  โรงพยาบาลเลย","2,620","0","0","0","0","0.00","2,620"
"11030  :  โรงพยาบาลนาด้วง","907","3","5","0","8","0.88","899"
"11031  :  โรงพยาบาลเชียงคาน","1,454","6","0","0","6","0.41","1,448"
"11032  :  โรงพยาบาลปากชม","499","0","0","0","0","0.00","499"
"11033  :  โรงพยาบาลนาแห้ว","234","1","0","0","1","0.43","233"
"11034  :  โรงพยาบาลภูเรือ","595","0","0","0","0","0.00","595"
"11035  :  โรงพยาบาลท่าลี่","610","0","0","0","0","0.00","610"
"11036  :  โรงพยาบาลวังสะพุง","2,083","0","0","0","0","0.00","2,083"
"11037  :  โรงพยาบาลภูกระดึง","1,503","0","0","0","0","0.00","1,503"
"11038  :  โรงพยาบาลภูหลวง","774","2","1","0","3","0.39","771"
"11039  :  โรงพยาบาลผาขาว","943","0","0","0","0","0.00","943"
"11447  :  โรงพยาบาลสมเด็จพระยุพราชด่านซ้าย","1,237","121","4","2","127","10.27","1,110"
"14133  :  โรงพยาบาลเอราวัณ","779","0","0","0","0","0.00","779"
"14644  :  โรงพยาบาลจิตเวชเลยราชนครินทร์","0","0","0","0","0","0.00","0"
"28861  :  โรงพยาบาลหนองหิน","87","0","0","0","0","0.00","87"
"10706  :  โรงพยาบาลหนองคาย","2,357","1,919","166","29","2,114","89.69","243"
"11042  :  โรงพยาบาลโพนพิสัย","595","320","50","8","378","63.53","217"
"11044  :  โรงพยาบาลศรีเชียงใหม่","1,439","730","17","2","749","52.05","690"
"11045  :  โรงพยาบาลสังคม","403","392","7","3","402","99.75","1"
"11448  :  โรงพยาบาลสมเด็จพระยุพราชท่าบ่อ","2,042","1,974","36","6","2,016","98.73","26"
"14558  :  โรงพยาบาลพิสัยเวช","1,323","844","283","2","1,129","85.34","194"
"21356  :  โรงพยาบาลสระใคร","190","174","6","4","184","96.84","6"
"28778  :  โรงพยาบาลโพธิ์ตาก","173","165","4","2","171","98.84","2"
"28811  :  โรงพยาบาลเฝ้าไร่","337","302","10","4","316","93.77","21"
"28815  :  โรงพยาบาลรัตนวาปี","151","119","0","0","119","78.81","32"
"10707  :  โรงพยาบาลมหาสารคาม","2","0","0","0","0","0.00","2"
"11051  :  โรงพยาบาลแกดำ","913","309","44","6","359","39.32","554"
"11052  :  โรงพยาบาลโกสุมพิสัย","2,159","1,475","95","17","1,587","73.51","572"
"11053  :  โรงพยาบาลกันทรวิชัย","1,121","82","0","0","82","7.31","1,039"
"11054  :  โรงพยาบาลเชียงยืน","1,577","1,383","110","10","1,503","95.31","74"
"11055  :  โรงพยาบาลบรบือ","2,287","205","6","0","211","9.23","2,076"
"11056  :  โรงพยาบาลนาเชือก","771","516","122","26","664","86.12","107"
"11057  :  โรงพยาบาลพยัคฆภูมิพิสัย","1,213","973","5","2","980","80.79","233"
"11058  :  โรงพยาบาลวาปีปทุม","1,880","1,617","46","15","1,678","89.26","202"
"11059  :  โรงพยาบาลนาดูน","543","107","49","5","161","29.65","382"
"11060  :  โรงพยาบาลยางสีสุราช","710","547","34","1","582","81.97","128"
"22953  :  โรงพยาบาลสุทธาเวช คณะแพทยศาสตร์ มหาวิทยาลัยมหาสารคาม","1,101","183","2","2","187","16.98","914"
"24704  :  โรงพยาบาลกุดรัง","229","151","49","2","202","88.21","27"
"28843  :  โรงพยาบาลชื่นชม","289","52","2","0","54","18.69","235"
"10708  :  โรงพยาบาลร้อยเอ็ด","30","21","0","2","23","76.67","7"
"11061  :  โรงพยาบาลเกษตรวิสัย","1,466","1,412","24","9","1,445","98.57","21"
"11062  :  โรงพยาบาลปทุมรัตต์","1,166","1,121","32","8","1,161","99.57","5"
"11063  :  โรงพยาบาลจตุรพักตรพิมาน","1,506","1,446","23","7","1,476","98.01","30"
"11064  :  โรงพยาบาลธวัชบุรี","714","660","43","7","710","99.44","4"
"11065  :  โรงพยาบาลพนมไพร","0","0","0","0","0","0.00","0"
"11066  :  โรงพยาบาลโพนทอง","1,296","1,094","77","12","1,183","91.28","113"
"11067  :  โรงพยาบาลโพธิ์ชัย","1,026","940","46","8","994","96.88","32"
"11068  :  โรงพยาบาลหนองพอก","971","963","5","0","968","99.69","3"
"11069  :  โรงพยาบาลเสลภูมิ","1,465","1,134","86","10","1,230","83.96","235"
"11070  :  โรงพยาบาลสุวรรณภูมิ","2,282","2,028","188","34","2,250","98.60","32"
"11071  :  โรงพยาบาลเมืองสรวง","518","502","3","5","510","98.46","8"
"11072  :  โรงพยาบาลโพนทราย","702","633","44","12","689","98.15","13"
"11073  :  โรงพยาบาลอาจสามารถ","1,106","1,002","82","11","1,095","99.01","11"
"11074  :  โรงพยาบาลเมยวดี","547","523","15","1","539","98.54","8"
"11075  :  โรงพยาบาลศรีสมเด็จ","709","696","10","0","706","99.58","3"
"11076  :  โรงพยาบาลจังหาร","776","755","19","2","776","100.00","0"
"11504  :  โรงพยาบาลค่ายสมเด็จพระพุทธยอดฟ้าจุฬาโลกมหาราช","160","51","3","0","54","33.75","106"
"11964  :  โรงพยาบาลทั่วไปขนาดใหญ่จุรีเวช","887","371","11","4","386","43.52","501"
"27988  :  โรงพยาบาลทุ่งเขาหลวง","241","234","4","2","240","99.59","1"
"27989  :  โรงพยาบาลเชียงขวัญ","274","226","29","2","257","93.80","17"
"27990  :  โรงพยาบาลหนองฮี","421","386","12","2","400","95.01","21"
"10709  :  โรงพยาบาลกาฬสินธุ์","0","0","0","0","0","0.00","0"
"11077  :  โรงพยาบาลนามน","0","0","0","0","0","0.00","0"
"11078  :  โรงพยาบาลกมลาไสย","0","0","0","0","0","0.00","0"
"11079  :  โรงพยาบาลร่องคำ","0","0","0","0","0","0.00","0"
"11080  :  โรงพยาบาลเขาวง","0","0","0","0","0","0.00","0"
"11081  :  โรงพยาบาลยางตลาด","0","0","0","0","0","0.00","0"
"11082  :  โรงพยาบาลห้วยเม็ก","0","0","0","0","0","0.00","0"
"11083  :  โรงพยาบาลสหัสขันธ์","0","0","0","0","0","0.00","0"
"11084  :  โรงพยาบาลคำม่วง","0","0","0","0","0","0.00","0"
"11085  :  โรงพยาบาลท่าคันโท","0","0","0","0","0","0.00","0"
"11086  :  โรงพยาบาลหนองกุงศรี","0","0","0","0","0","0.00","0"
"11087  :  โรงพยาบาลสมเด็จ","0","0","0","0","0","0.00","0"
"11088  :  โรงพยาบาลห้วยผึ้ง","0","0","0","0","0","0.00","0"
"11449  :  โรงพยาบาลสมเด็จพระยุพราชกุฉินารายณ์","0","0","0","0","0","0.00","0"
"11965  :  โรงพยาบาลธีรวัฒน์","0","0","0","0","0","0.00","0"
"28017  :  โรงพยาบาลนาคู","0","0","0","0","0","0.00","0"
"28789  :  โรงพยาบาลฆ้องชัย","0","0","0","0","0","0.00","0"
"28790  :  โรงพยาบาลดอนจาน","0","0","0","0","0","0.00","0"
"28791  :  โรงพยาบาลสามชัย","0","0","0","0","0","0.00","0"
"10710  :  โรงพยาบาลสกลนคร","0","0","0","0","0","0.00","0"
"11089  :  โรงพยาบาลกุสุมาลย์","747","3","5","3","11","1.47","736"
"11090  :  โรงพยาบาลกุดบาก","535","520","4","1","525","98.13","10"
"11091  :  โรงพยาบาลพระอาจารย์ฝั้นอาจาโร","603","4","0","0","4","0.66","599"
"11092  :  โรงพยาบาลพังโคน","1,258","6","0","0","6","0.48","1,252"
"11093  :  โรงพยาบาลวาริชภูมิ","1,259","5","0","0","5","0.40","1,254"
"11094  :  โรงพยาบาลนิคมน้ำอูน","347","1","0","0","1","0.29","346"
"11095  :  โรงพยาบาลวานรนิวาส","0","0","0","0","0","0.00","0"
"11096  :  โรงพยาบาลคำตากล้า","1,102","2","0","0","2","0.18","1,100"
"11097  :  โรงพยาบาลบ้านม่วง","743","2","0","0","2","0.27","741"
"11098  :  โรงพยาบาลอากาศอำนวย","1,490","812","1","0","813","54.56","677"
"11099  :  โรงพยาบาลส่องดาว","855","1","0","0","1","0.12","854"
"11100  :  โรงพยาบาลเต่างอย","322","3","0","0","3","0.93","319"
"11101  :  โรงพยาบาลโคกศรีสุพรรณ","915","552","3","0","555","60.66","360"
"11102  :  โรงพยาบาลเจริญศิลป์","731","158","10","1","169","23.12","562"
"11103  :  โรงพยาบาลโพนนาแก้ว","337","4","0","0","4","1.19","333"
"11450  :  โรงพยาบาลสมเด็จพระยุพราชสว่างแดนดิน","3,216","10","0","0","10","0.31","3,206"
"11505  :  โรงพยาบาลค่ายกฤษณ์สีวะรา","1,087","6","0","0","6","0.55","1,081"
"21323  :  โรงพยาบาลพระอาจารย์แบน  ธนากโร","439","1","0","0","1","0.23","438"
"24976  :  โรงพยาบาลการแพทย์แผนไทยสกลนคร หลวงปู่แฟ๊ป สุภัทโท","2","1","0","0","1","50.00","1"
"10711  :  โรงพยาบาลนครพนม","43","0","0","0","0","0.00","43"
"11104  :  โรงพยาบาลปลาปาก","1,135","1","0","0","1","0.09","1,134"
"11105  :  โรงพยาบาลท่าอุเทน","576","0","0","0","0","0.00","576"
"11106  :  โรงพยาบาลบ้านแพง","934","0","0","0","0","0.00","934"
"11107  :  โรงพยาบาลนาทม","269","4","8","0","12","4.46","257"
"11108  :  โรงพยาบาลเรณูนคร","1,043","0","0","0","0","0.00","1,043"
"11109  :  โรงพยาบาลนาแก","791","1","0","0","1","0.13","790"
"11110  :  โรงพยาบาลศรีสงคราม","774","0","0","0","0","0.00","774"
"11111  :  โรงพยาบาลนาหว้า","1,444","0","0","0","0","0.00","1,444"
"11112  :  โรงพยาบาลโพนสวรรค์","1,157","0","0","0","0","0.00","1,157"
"11451  :  โรงพยาบาลสมเด็จพระยุพราชธาตุพนม","232","0","0","0","0","0.00","232"
"12277  :  โรงพยาบาลจิตเวชนครพนมราชนครินทร์","0","0","0","0","0","0.00","0"
"40840  :  โรงพยาบาลวังยาง","249","0","0","0","0","0.00","249"
"10712  :  โรงพยาบาลมุกดาหาร","0","0","0","0","0","0.00","0"
"11113  :  โรงพยาบาลนิคมคำสร้อย","0","0","0","0","0","0.00","0"
"11114  :  โรงพยาบาลดอนตาล","0","0","0","0","0","0.00","0"
"11115  :  โรงพยาบาลดงหลวง","0","0","0","0","0","0.00","0"
"11116  :  โรงพยาบาลคำชะอี","0","0","0","0","0","0.00","0"
"11117  :  โรงพยาบาลหว้านใหญ่","0","0","0","0","0","0.00","0"
"11118  :  โรงพยาบาลหนองสูง","0","0","0","0","0","0.00","0"
"06009  :  โรงพยาบาลแม่ตื่น","0","0","0","0","0","0.00","0"
"10713  :  โรงพยาบาลนครพิงค์","0","0","0","0","0","0.00","0"
"11119  :  โรงพยาบาลจอมทอง","0","0","0","0","0","0.00","0"
"11120  :  โรงพยาบาลเทพรัตนเวชชานุกูล เฉลิมพระเกียรติ ๖๐ พรรษา","0","0","0","0","0","0.00","0"
"11121  :  โรงพยาบาลเชียงดาว","0","0","0","0","0","0.00","0"
"11122  :  โรงพยาบาลดอยสะเก็ด","0","0","0","0","0","0.00","0"
"11123  :  โรงพยาบาลแม่แตง","0","0","0","0","0","0.00","0"
"11124  :  โรงพยาบาลสะเมิง","0","0","0","0","0","0.00","0"
"11125  :  โรงพยาบาลฝาง","0","0","0","0","0","0.00","0"
"11126  :  โรงพยาบาลแม่อาย","0","0","0","0","0","0.00","0"
"11127  :  โรงพยาบาลพร้าว","0","0","0","0","0","0.00","0"
"11128  :  โรงพยาบาลสันป่าตอง","0","0","0","0","0","0.00","0"
"11129  :  โรงพยาบาลสันกำแพง","0","0","0","0","0","0.00","0"
"11130  :  โรงพยาบาลสันทราย","0","0","0","0","0","0.00","0"
"11131  :  โรงพยาบาลหางดง","0","0","0","0","0","0.00","0"
"11132  :  โรงพยาบาลฮอด","0","0","0","0","0","0.00","0"
"11133  :  โรงพยาบาลดอยเต่า","0","0","0","0","0","0.00","0"
"11134  :  โรงพยาบาลอมก๋อย","0","0","0","0","0","0.00","0"
"11135  :  โรงพยาบาลสารภี","0","0","0","0","0","0.00","0"
"11136  :  โรงพยาบาลเวียงแหง","0","0","0","0","0","0.00","0"
"11137  :  โรงพยาบาลไชยปราการ","0","0","0","0","0","0.00","0"
"11138  :  โรงพยาบาลแม่วาง","0","0","0","0","0","0.00","0"
"11139  :  โรงพยาบาลแม่ออน","0","0","0","0","0","0.00","0"
"11507  :  โรงพยาบาลกองบิน 41","0","0","0","0","0","0.00","0"
"11508  :  โรงพยาบาลค่ายกาวิละ เชียงใหม่","0","0","0","0","0","0.00","0"
"11643  :  โรงพยาบาลดอยหล่อ","0","0","0","0","0","0.00","0"
"11978  :  โรงพยาบาลดารารัศมี","0","0","0","0","0","0.00","0"
"11992  :  โรงพยาบาลเทพปัญญา 2 โรงพยาบาลทั่วไปขนาดกลาง","0","0","0","0","0","0.00","0"
"11995  :  โรงพยาบาลทั่วไปขนาดใหญ่เซ็นทรัลเชียงใหม่ เมโมเรียล","0","0","0","0","0","0.00","0"
"11999  :  โรงพยาบาลทั่วไปขนาดใหญ่เชียงใหม่เมดิคอลเซ็นเตอร์","0","0","0","0","0","0.00","0"
"12279  :  โรงพยาบาลส่งเสริมสุขภาพ ศูนย์อนามัยที่ 1","0","0","0","0","0","0.00","0"
"12280  :  โรงพยาบาลสวนปรุง","0","0","0","0","0","0.00","0"
"12281  :  โรงพยาบาลประสาทเชียงใหม่","0","0","0","0","0","0.00","0"
"13775  :  สถาบันพัฒนาการเด็กราชนครินทร์","0","0","0","0","0","0.00","0"
"13780  :  โรงพยาบาลมหาราชนครเชียงใหม่  มหาวิทยาลัยเชียงใหม่","0","0","0","0","0","0.00","0"
"13785  :  โรงพยาบาลธัญญารักษ์เชียงใหม่","0","0","0","0","0","0.00","0"
"14550  :  โรงพยาบาลทั่วไปขนาดใหญ่ เชียงใหม่ใกล้หมอ","0","0","0","0","0","0.00","0"
"14916  :  โรงพยาบาลทั่วไปขนาดกลางเชียงใหม่ฮอสพิทอล","0","0","0","0","0","0.00","0"
"23736  :  โรงพยาบาลวัดจันทร์ เฉลิมพระเกียรติ 80 พรรษา","0","0","0","0","0","0.00","0"
"10714  :  โรงพยาบาลลำพูน","15","2","0","0","2","13.33","13"
"11140  :  โรงพยาบาลแม่ทา","1,041","9","0","0","9","0.86","1,032"
"11141  :  โรงพยาบาลบ้านโฮ่ง","1,729","2","0","0","2","0.12","1,727"
"11142  :  โรงพยาบาลลี้","0","0","0","0","0","0.00","0"
"11143  :  โรงพยาบาลทุ่งหัวช้าง","637","1","0","0","1","0.16","636"
"11144  :  โรงพยาบาลป่าซาง","857","441","42","3","486","56.71","371"
"11145  :  โรงพยาบาลบ้านธิ","1,530","19","1","0","20","1.31","1,510"
"12000  :  โรงพยาบาลหริภุญชัยเมโมเรียล","0","0","0","0","0","0.00","0"
"14555  :  โรงพยาบาลทั่วไปขนาดกลางศิริเวช ลำพูน","469","67","8","0","75","15.99","394"
"24956  :  โรงพยาบาลเวียงหนองล่อง","386","55","0","0","55","14.25","331"
"10672  :  โรงพยาบาลลำปาง","0","0","0","0","0","0.00","0"
"11146  :  โรงพยาบาลแม่เมาะ","0","0","0","0","0","0.00","0"
"11147  :  โรงพยาบาลเกาะคา","0","0","0","0","0","0.00","0"
"11148  :  โรงพยาบาลเสริมงาม","0","0","0","0","0","0.00","0"
"11149  :  โรงพยาบาลงาว","0","0","0","0","0","0.00","0"
"11150  :  โรงพยาบาลแจ้ห่ม","0","0","0","0","0","0.00","0"
"11151  :  โรงพยาบาลวังเหนือ","0","0","0","0","0","0.00","0"
"11152  :  โรงพยาบาลเถิน","0","0","0","0","0","0.00","0"
"11153  :  โรงพยาบาลแม่พริก","0","0","0","0","0","0.00","0"
"11154  :  โรงพยาบาลแม่ทะ","0","0","0","0","0","0.00","0"
"11155  :  โรงพยาบาลสบปราบ","0","0","0","0","0","0.00","0"
"11156  :  โรงพยาบาลห้างฉัตร","0","0","0","0","0","0.00","0"
"11157  :  โรงพยาบาลเมืองปาน","0","0","0","0","0","0.00","0"
"11512  :  โรงพยาบาลค่ายสุรศักดิ์มนตรี","0","0","0","0","0","0.00","0"
"12283  :  โรงพยาบาลมะเร็งลำปาง","0","0","0","0","0","0.00","0"
"10673  :  โรงพยาบาลอุตรดิตถ์","3,553","3","0","0","3","0.08","3,550"
"11158  :  โรงพยาบาลตรอน","1,022","11","0","0","11","1.08","1,011"
"11159  :  โรงพยาบาลท่าปลา","1,008","0","0","0","0","0.00","1,008"
"11160  :  โรงพยาบาลน้ำปาด","855","0","0","0","0","0.00","855"
"11161  :  โรงพยาบาลฟากท่า","809","0","0","0","0","0.00","809"
"11162  :  โรงพยาบาลบ้านโคก","523","0","0","0","0","0.00","523"
"11163  :  โรงพยาบาลพิชัย","1,160","5","0","0","5","0.43","1,155"
"11164  :  โรงพยาบาลลับแล","667","0","0","0","0","0.00","667"
"11165  :  โรงพยาบาลทองแสนขัน","784","506","24","1","531","67.73","253"
"11509  :  โรงพยาบาลค่ายพิชัยดาบหัก","468","8","0","0","8","1.71","460"
"10715  :  โรงพยาบาลแพร่","0","0","0","0","0","0.00","0"
"11166  :  โรงพยาบาลร้องกวาง","0","0","0","0","0","0.00","0"
"11167  :  โรงพยาบาลลอง","0","0","0","0","0","0.00","0"
"11169  :  โรงพยาบาลสูงเม่น","0","0","0","0","0","0.00","0"
"11170  :  โรงพยาบาลสอง","0","0","0","0","0","0.00","0"
"11171  :  โรงพยาบาลวังชิ้น","0","0","0","0","0","0.00","0"
"11172  :  โรงพยาบาลหนองม่วงไข่","0","0","0","0","0","0.00","0"
"11452  :  โรงพยาบาลสมเด็จพระยุพราชเด่นชัย","0","0","0","0","0","0.00","0"
"10716  :  โรงพยาบาลน่าน","4,589","5","0","0","5","0.11","4,584"
"11173  :  โรงพยาบาลแม่จริม","402","249","4","0","253","62.94","149"
"11174  :  โรงพยาบาลบ้านหลวง","289","86","7","0","93","32.18","196"
"11175  :  โรงพยาบาลนาน้อย","1,024","899","15","6","920","89.84","104"
"11176  :  โรงพยาบาลท่าวังผา","586","0","0","0","0","0.00","586"
"11177  :  โรงพยาบาลเวียงสา","1,919","530","114","8","652","33.98","1,267"
"11178  :  โรงพยาบาลทุ่งช้าง","434","16","0","1","17","3.92","417"
"11179  :  โรงพยาบาลเชียงกลาง","645","0","0","0","0","0.00","645"
"11180  :  โรงพยาบาลนาหมื่น","627","1","0","0","1","0.16","626"
"11181  :  โรงพยาบาลสันติสุข","442","0","0","0","0","0.00","442"
"11182  :  โรงพยาบาลบ่อเกลือ","211","0","0","0","0","0.00","211"
"11183  :  โรงพยาบาลสองแคว","330","81","1","0","82","24.85","248"
"11453  :  โรงพยาบาลสมเด็จพระยุพราชปัว","540","0","2","1","3","0.56","537"
"11510  :  โรงพยาบาลค่ายสุริยพงษ์","10","0","0","0","0","0.00","10"
"11625  :  โรงพยาบาลเฉลิมพระเกียรติ","105","0","0","0","0","0.00","105"
"25017  :  โรงพยาบาลภูเพียง","0","0","0","0","0","0.00","0"
"10717  :  โรงพยาบาลพะเยา","0","0","0","0","0","0.00","0"
"10718  :  โรงพยาบาลเชียงคำ","0","0","0","0","0","0.00","0"
"11184  :  โรงพยาบาลจุน","0","0","0","0","0","0.00","0"
"11185  :  โรงพยาบาลเชียงม่วน","0","0","0","0","0","0.00","0"
"11186  :  โรงพยาบาลดอกคำใต้","0","0","0","0","0","0.00","0"
"11187  :  โรงพยาบาลปง","0","0","0","0","0","0.00","0"
"11188  :  โรงพยาบาลแม่ใจ","0","0","0","0","0","0.00","0"
"15140  :  โรงพยาบาลค่ายขุนเจืองธรรมิกราช","0","0","0","0","0","0.00","0"
"40744  :  โรงพยาบาลภูซาง","0","0","0","0","0","0.00","0"
"40745  :  โรงพยาบาลภูกามยาว","0","0","0","0","0","0.00","0"
"41347  :  โรงพยาบาลมหาวิทยาลัยพะเยา","0","0","0","0","0","0.00","0"
"10674  :  โรงพยาบาลเชียงรายประชานุเคราะห์","0","0","0","0","0","0.00","0"
"11189  :  โรงพยาบาลเทิง","0","0","0","0","0","0.00","0"
"11190  :  โรงพยาบาลพาน","0","0","0","0","0","0.00","0"
"11191  :  โรงพยาบาลป่าแดด","0","0","0","0","0","0.00","0"
"11192  :  โรงพยาบาลแม่จัน","0","0","0","0","0","0.00","0"
"11193  :  โรงพยาบาลเชียงแสน","0","0","0","0","0","0.00","0"
"11194  :  โรงพยาบาลแม่สาย","0","0","0","0","0","0.00","0"
"11195  :  โรงพยาบาลแม่สรวย","0","0","0","0","0","0.00","0"
"11196  :  โรงพยาบาลเวียงป่าเป้า","0","0","0","0","0","0.00","0"
"11197  :  โรงพยาบาลพญาเม็งราย","0","0","0","0","0","0.00","0"
"11198  :  โรงพยาบาลเวียงแก่น","0","0","0","0","0","0.00","0"
"11199  :  โรงพยาบาลขุนตาล","0","0","0","0","0","0.00","0"
"11200  :  โรงพยาบาลแม่ฟ้าหลวง","0","0","0","0","0","0.00","0"
"11201  :  โรงพยาบาลแม่ลาว","0","0","0","0","0","0.00","0"
"11202  :  โรงพยาบาลเวียงเชียงรุ้ง","0","0","0","0","0","0.00","0"
"11454  :  โรงพยาบาลสมเด็จพระยุพราชเชียงของ","0","0","0","0","0","0.00","0"
"15012  :  โรงพยาบาลสมเด็จพระญาณสังวร","0","0","0","0","0","0.00","0"
"23429  :  โรงพยาบาลมหาวิทยาลัยแม่ฟ้าหลวง","0","0","0","0","0","0.00","0"
"28823  :  โรงพยาบาลดอยหลวง","0","0","0","0","0","0.00","0"
"41509  :  โรงพยาบาลศูนย์การแพทย์มหาวิทยาลัยแม่ฟ้าหลวง","0","0","0","0","0","0.00","0"
"10719  :  โรงพยาบาลศรีสังวาลย์","727","1","0","0","1","0.14","726"
"11203  :  โรงพยาบาลขุนยวม","679","1","0","0","1","0.15","678"
"11204  :  โรงพยาบาลปาย","674","1","0","0","1","0.15","673"
"11205  :  โรงพยาบาลแม่สะเรียง","1,735","1","0","0","1","0.06","1,734"
"11206  :  โรงพยาบาลแม่ลาน้อย","599","2","0","2","4","0.67","595"
"11207  :  โรงพยาบาลสบเมย","297","29","3","2","34","11.45","263"
"11208  :  โรงพยาบาลปางมะผ้า","176","1","0","0","1","0.57","175"
"14197  :  โรงพยาบาลธัญญรักษ์แม่ฮ่องสอน","0","0","0","0","0","0.00","0"
"10675  :  โรงพยาบาลสวรรค์ประชารักษ์","0","0","0","0","0","0.00","0"
"11209  :  โรงพยาบาลโกรกพระ","1,186","0","0","0","0","0.00","1,186"
"11210  :  โรงพยาบาลชุมแสง","620","1","0","0","1","0.16","619"
"11211  :  โรงพยาบาลหนองบัว","2,027","10","0","0","10","0.49","2,017"
"11212  :  โรงพยาบาลบรรพตพิสัย","525","208","1","0","209","39.81","316"
"11213  :  โรงพยาบาลเก้าเลี้ยว","838","1","0","0","1","0.12","837"
"11214  :  โรงพยาบาลตาคลี","1,304","0","0","0","0","0.00","1,304"
"11215  :  โรงพยาบาลท่าตะโก","1,426","0","0","0","0","0.00","1,426"
"11216  :  โรงพยาบาลไพศาลี","1,175","3","0","0","3","0.26","1,172"
"11217  :  โรงพยาบาลพยุหะคีรี","1,446","3","0","0","3","0.21","1,443"
"11218  :  โรงพยาบาลลาดยาว","1,563","8","0","0","8","0.51","1,555"
"11219  :  โรงพยาบาลตากฟ้า","1,350","1","0","0","1","0.07","1,349"
"11220  :  โรงพยาบาลแม่วงก์","457","4","0","0","4","0.88","453"
"11513  :  โรงพยาบาลค่ายจิรประวัติ","693","5","0","0","5","0.72","688"
"12030  :  โรงพยาบาลพริ้นซ์ ปากน้ำโพ 1 โรงพยาบาลทั่วไปขนาดใหญ่","0","0","0","0","0","0.00","0"
"12033  :  โรงพยาบาลรวมแพทย์นครสวรรค์","0","0","0","0","0","0.00","0"
"12034  :  โรงพยาบาลพริ้นซ์ ปากน้ำโพ 2 โรงพยาบาลทั่วไปขนาดใหญ่","0","0","0","0","0","0.00","0"
"12042  :  โรงพยาบาลร่มฉัตร","0","0","0","0","0","0.00","0"
"12044  :  โรงพยาบาลศรีสวรรค์","0","0","0","0","0","0.00","0"
"12284  :  โรงพยาบาลส่งเสริมสุขภาพ ศูนย์อนามัยที่ 3","0","0","0","0","0","0.00","0"
"14171  :  โรงพยาบาลจิตเวชนครสวรรค์ราชนครินทร์","0","0","0","0","0","0.00","0"
"40749  :  โรงพยาบาลชุมตาบง","288","220","2","1","223","77.43","65"
"10720  :  โรงพยาบาลอุทัยธานี","153","3","0","0","3","1.96","150"
"11221  :  โรงพยาบาลทัพทัน","751","3","0","0","3","0.40","748"
"11222  :  โรงพยาบาลสว่างอารมณ์","620","69","0","1","70","11.29","550"
"11223  :  โรงพยาบาลหนองฉาง","711","134","2","2","138","19.41","573"
"11224  :  โรงพยาบาลหนองขาหย่าง","440","231","7","4","242","55.00","198"
"11225  :  โรงพยาบาลบ้านไร่","967","352","67","5","424","43.85","543"
"11226  :  โรงพยาบาลลานสัก","1,193","3","0","0","3","0.25","1,190"
"11227  :  โรงพยาบาลห้วยคต","668","337","6","4","347","51.95","321"
"10721  :  โรงพยาบาลกำแพงเพชร","0","0","0","0","0","0.00","0"
"11228  :  โรงพยาบาลทุ่งโพธิ์ทะเล","1,710","0","0","0","0","0.00","1,710"
"11229  :  โรงพยาบาลไทรงาม","1,094","3","0","0","3","0.27","1,091"
"11230  :  โรงพยาบาลคลองลาน","1,883","30","0","0","30","1.59","1,853"
"11231  :  โรงพยาบาลขาณุวรลักษบุรี","898","0","1","0","1","0.11","897"
"11232  :  โรงพยาบาลคลองขลุง","1,121","0","0","0","0","0.00","1,121"
"11233  :  โรงพยาบาลพรานกระต่าย","1,513","0","0","0","0","0.00","1,513"
"11234  :  โรงพยาบาลลานกระบือ","1,085","0","0","0","0","0.00","1,085"
"11235  :  โรงพยาบาลทรายทองวัฒนา","780","0","0","0","0","0.00","780"
"11236  :  โรงพยาบาลปางศิลาทอง","512","1","1","0","2","0.39","510"
"14135  :  โรงพยาบาลบึงสามัคคี","734","0","0","0","0","0.00","734"
"28010  :  โรงพยาบาลโกสัมพีนคร","434","1","1","0","2","0.46","432"
"10722  :  โรงพยาบาลสมเด็จพระเจ้าตากสินมหาราช","2,358","1,337","69","25","1,431","60.69","927"
"10723  :  โรงพยาบาลแม่สอด","1,180","4","1","0","5","0.42","1,175"
"11238  :  โรงพยาบาลบ้านตาก","1,244","1","0","0","1","0.08","1,243"
"11239  :  โรงพยาบาลสามเงา","872","6","0","0","6","0.69","866"
"11240  :  โรงพยาบาลแม่ระมาด","1,103","3","1","0","4","0.36","1,099"
"11241  :  โรงพยาบาลท่าสองยาง","487","167","1","0","168","34.50","319"
"11242  :  โรงพยาบาลพบพระ","758","587","24","0","611","80.61","147"
"11243  :  โรงพยาบาลอุ้มผาง","310","0","0","0","0","0.00","310"
"27443  :  โรงพยาบาลวังเจ้า","141","124","0","0","124","87.94","17"
"10724  :  โรงพยาบาลสุโขทัย","0","0","0","0","0","0.00","0"
"10725  :  โรงพยาบาลศรีสังวรสุโขทัย","0","0","0","0","0","0.00","0"
"11244  :  โรงพยาบาลบ้านด่านลานหอย","0","0","0","0","0","0.00","0"
"11245  :  โรงพยาบาลคีรีมาศ","0","0","0","0","0","0.00","0"
"11246  :  โรงพยาบาลกงไกรลาศ","0","0","0","0","0","0.00","0"
"11247  :  โรงพยาบาลศรีสัชนาลัย","0","0","0","0","0","0.00","0"
"11248  :  โรงพยาบาลสวรรคโลก","0","0","0","0","0","0.00","0"
"11249  :  โรงพยาบาลศรีนคร","0","0","0","0","0","0.00","0"
"11250  :  โรงพยาบาลทุ่งเสลี่ยม","0","0","0","0","0","0.00","0"
"10676  :  โรงพยาบาลพุทธชินราช","0","0","0","0","0","0.00","0"
"11251  :  โรงพยาบาลชาติตระการ","696","0","0","0","0","0.00","696"
"11252  :  โรงพยาบาลบางระกำ","1,995","0","0","0","0","0.00","1,995"
"11253  :  โรงพยาบาลบางกระทุ่ม","902","1","0","0","1","0.11","901"
"11254  :  โรงพยาบาลพรหมพิราม","2,633","408","1","0","409","15.53","2,224"
"11255  :  โรงพยาบาลวัดโบสถ์","1,205","215","0","0","215","17.84","990"
"11256  :  โรงพยาบาลวังทอง","4","0","0","0","0","0.00","4"
"11257  :  โรงพยาบาลเนินมะปราง","0","0","0","0","0","0.00","0"
"11455  :  โรงพยาบาลสมเด็จพระยุพราชนครไทย","1,558","1","0","0","1","0.06","1,557"
"11517  :  โรงพยาบาลค่ายสมเด็จพระนเรศวร","182","10","0","0","10","5.49","172"
"14972  :  โรงพยาบาลมหาวิทยาลัยนเรศวร","24","0","0","0","0","0.00","24"
"41429  :  โรงพยาบาลจิตเวชพิษณุโลก","0","0","0","0","0","0.00","0"
"10726  :  โรงพยาบาลพิจิตร","4,086","2,688","14","8","2,710","66.32","1,376"
"11258  :  โรงพยาบาลวังทรายพูน","520","352","8","3","363","69.81","157"
"11259  :  โรงพยาบาลโพธิ์ประทับช้าง","693","580","37","8","625","90.19","68"
"11260  :  โรงพยาบาลบางมูลนาก","1,150","1,054","5","3","1,062","92.35","88"
"11261  :  โรงพยาบาลโพทะเล","1,136","866","6","3","875","77.02","261"
"11262  :  โรงพยาบาลสามง่าม","952","844","12","9","865","90.86","87"
"11263  :  โรงพยาบาลทับคล้อ","1,546","1,208","10","7","1,225","79.24","321"
"11456  :  โรงพยาบาลสมเด็จพระยุพราชตะพานหิน","1,822","404","42","14","460","25.25","1,362"
"11631  :  โรงพยาบาลวชิรบารมี","449","399","26","4","429","95.55","20"
"27978  :  โรงพยาบาลสากเหล็ก","535","483","13","4","500","93.46","35"
"27979  :  โรงพยาบาลบึงนาราง","47","40","1","0","41","87.23","6"
"27980  :  โรงพยาบาลดงเจริญ","91","81","2","1","84","92.31","7"
"10727  :  โรงพยาบาลเพชรบูรณ์","3,234","6","1","0","7","0.22","3,227"
"11264  :  โรงพยาบาลชนแดน","1,528","99","0","0","99","6.48","1,429"
"11265  :  โรงพยาบาลหล่มสัก","2,141","20","0","0","20","0.93","2,121"
"11266  :  โรงพยาบาลวิเชียรบุรี","791","223","5","3","231","29.20","560"
"11267  :  โรงพยาบาลศรีเทพ","1,750","371","12","2","385","22.00","1,365"
"11268  :  โรงพยาบาลหนองไผ่","1,809","523","19","4","546","30.18","1,263"
"11269  :  โรงพยาบาลบึงสามพัน","1,750","1","0","0","1","0.06","1,749"
"11270  :  โรงพยาบาลน้ำหนาว","520","22","0","0","22","4.23","498"
"11271  :  โรงพยาบาลวังโป่ง","1,029","209","19","4","232","22.55","797"
"11272  :  โรงพยาบาลเขาค้อ","166","105","2","0","107","64.46","59"
"11457  :  โรงพยาบาลสมเด็จพระยุพราชหล่มเก่า","2,109","1,166","38","14","1,218","57.75","891"
"11946  :  โรงพยาบาลค่ายพ่อขุนผาเมือง","471","65","2","0","67","14.23","404"
"10677  :  โรงพยาบาลราชบุรี","0","0","0","0","0","0.00","0"
"10728  :  โรงพยาบาลดำเนินสะดวก","0","0","0","0","0","0.00","0"
"10729  :  โรงพยาบาลบ้านโป่ง","0","0","0","0","0","0.00","0"
"10730  :  โรงพยาบาลโพธาราม","0","0","0","0","0","0.00","0"
"11273  :  โรงพยาบาลสวนผึ้ง","0","0","0","0","0","0.00","0"
"11274  :  โรงพยาบาลบางแพ","0","0","0","0","0","0.00","0"
"11275  :  โรงพยาบาลเจ็ดเสมียน","0","0","0","0","0","0.00","0"
"11276  :  โรงพยาบาลปากท่อ","0","0","0","0","0","0.00","0"
"11277  :  โรงพยาบาลวัดเพลง","0","0","0","0","0","0.00","0"
"11458  :  โรงพยาบาลสมเด็จพระยุพราชจอมบึง","0","0","0","0","0","0.00","0"
"11519  :  โรงพยาบาลค่ายภาณุรังษี","0","0","0","0","0","0.00","0"
"12093  :  สถานพยาบาลแพทย์ประดิษฐ์","0","0","0","0","0","0.00","0"
"12097  :  มหาชัยพร้อมแพทย์โรงพยาบาลทั่วไปขนาดกลาง","0","0","0","0","0","0.00","0"
"12098  :  โรงพยาบาลกรุงเทพเมืองราชโรงพยาบาลทั่วไปขนาดใหญ่","0","0","0","0","0","0.00","0"
"12103  :  โรงพยาบาลซานคามิลโล","0","0","0","0","0","0.00","0"
"12286  :  โรงพยาบาลส่งเสริมสุขภาพ ศูนย์อนามัยที่ 5","0","0","0","0","0","0.00","0"
"28858  :  โรงพยาบาลบ้านคา","0","0","0","0","0","0.00","0"
"10731  :  โรงพยาบาลพหลพลพยุหเสนา","1,590","1","0","0","1","0.06","1,589"
"10732  :  โรงพยาบาลมะการักษ์","1,959","2","2","0","4","0.20","1,955"
"11278  :  โรงพยาบาลไทรโยค","700","17","1","0","18","2.57","682"
"11279  :  โรงพยาบาลสมเด็จพระปิยมหาราชรมณียเขต","118","2","1","2","5","4.24","113"
"11280  :  โรงพยาบาลบ่อพลอย","1,214","835","18","0","853","70.26","361"
"11281  :  โรงพยาบาลท่ากระดาน","308","2","1","0","3","0.97","305"
"11282  :  โรงพยาบาลสมเด็จพระสังฆราชองค์ที่ ๑๙","2,209","18","1","0","19","0.86","2,190"
"11283  :  โรงพยาบาลทองผาภูมิ","812","407","8","1","416","51.23","396"
"11284  :  โรงพยาบาลสังขละบุรี","350","0","0","0","0","0.00","350"
"11285  :  โรงพยาบาลเจ้าคุณไพบูลย์พนมทวน","951","196","13","5","214","22.50","737"
"11286  :  โรงพยาบาลเลาขวัญ","742","487","0","0","487","65.63","255"
"11287  :  โรงพยาบาลด่านมะขามเตี้ย","723","430","3","6","439","60.72","284"
"11288  :  โรงพยาบาลสถานพระบารมี","279","50","1","0","51","18.28","228"
"11520  :  โรงพยาบาลค่ายสุรสีห์","385","30","0","0","30","7.79","355"
"14136  :  โรงพยาบาลศุกร์ศิริศรีสวัสดิ์","207","38","0","0","38","18.36","169"
"21948  :  โรงพยาบาลห้วยกระเจา เฉลิมพระเกียรติ 80 พรรษา","820","1","0","0","1","0.12","819"
"41701  :  โรงพยาบาลหนองปรือ","0","0","0","0","0","0.00","0"
"10678  :  โรงพยาบาลเจ้าพระยายมราช","0","0","0","0","0","0.00","0"
"10733  :  โรงพยาบาลสมเด็จพระสังฆราชองค์ที่17","0","0","0","0","0","0.00","0"
"11289  :  โรงพยาบาลเดิมบางนางบวช","0","0","0","0","0","0.00","0"
"11290  :  โรงพยาบาลด่านช้าง","0","0","0","0","0","0.00","0"
"11291  :  โรงพยาบาลบางปลาม้า","0","0","0","0","0","0.00","0"
"11292  :  โรงพยาบาลศรีประจันต์","0","0","0","0","0","0.00","0"
"11293  :  โรงพยาบาลดอนเจดีย์","0","0","0","0","0","0.00","0"
"11294  :  โรงพยาบาลสามชุก","0","0","0","0","0","0.00","0"
"11295  :  โรงพยาบาลอู่ทอง","0","0","0","0","0","0.00","0"
"11296  :  โรงพยาบาลหนองหญ้าไซ","0","0","0","0","0","0.00","0"
"12123  :  โรงพยาบาลวิภาวดี-ปิยราษฎร์","0","0","0","0","0","0.00","0"
"10679  :  โรงพยาบาลนครปฐม","4,602","82","2","2","86","1.87","4,516"
"11297  :  โรงพยาบาลกำแพงแสน","870","3","0","0","3","0.34","867"
"11298  :  โรงพยาบาลนครชัยศรี","1,626","31","1","0","32","1.97","1,594"
"11299  :  โรงพยาบาลห้วยพลู","796","45","0","0","45","5.65","751"
"11300  :  โรงพยาบาลดอนตูม","1,061","1","0","0","1","0.09","1,060"
"11301  :  โรงพยาบาลบางเลน","1,157","0","0","0","0","0.00","1,157"
"11302  :  โรงพยาบาลสามพราน","1,994","3","3","1","7","0.35","1,987"
"11303  :  โรงพยาบาลพุทธมณฑล","265","1","0","0","1","0.38","264"
"11473  :  โรงพยาบาลเมตตาประชารักษ์(วัดไร่ขิง)","0","0","0","0","0","0.00","0"
"11521  :  โรงพยาบาลจันทรุเบกษา","746","45","2","0","47","6.30","699"
"13819  :  โรงพยาบาลหลวงพ่อเปิ่น","297","122","4","0","126","42.42","171"
"10734  :  โรงพยาบาลสมุทรสาคร","7,601","62","9","3","74","0.97","7,527"
"11304  :  โรงพยาบาลกระทุ่มแบน","0","0","0","0","0","0.00","0"
"11305  :  โรงพยาบาลบ้านแพ้ว","2,736","59","1","0","60","2.19","2,676"
"12137  :  โรงพยาบาลทั่วไปขนาดเล็กเจษฎา","258","6","0","0","6","2.33","252"
"10735  :  โรงพยาบาลสมเด็จพระพุทธเลิศหล้า","0","0","0","0","0","0.00","0"
"11306  :  โรงพยาบาลนภาลัย","0","0","0","0","0","0.00","0"
"11307  :  โรงพยาบาลอัมพวา","0","0","0","0","0","0.00","0"
"10736  :  โรงพยาบาลพระจอมเกล้า","3,647","6","0","1","7","0.19","3,640"
"11308  :  โรงพยาบาลเขาย้อย","650","4","1","1","6","0.92","644"
"11309  :  โรงพยาบาลหนองหญ้าปล้อง","163","0","0","0","0","0.00","163"
"11310  :  โรงพยาบาลชะอำ","2,430","6","4","4","14","0.58","2,416"
"11311  :  โรงพยาบาลท่ายาง","1,668","0","0","0","0","0.00","1,668"
"11312  :  โรงพยาบาลบ้านลาด","190","0","0","0","0","0.00","190"
"11313  :  โรงพยาบาลบ้านแหลม","2,435","0","0","0","0","0.00","2,435"
"11314  :  โรงพยาบาลแก่งกระจาน","106","0","0","0","0","0.00","106"
"10737  :  โรงพยาบาลประจวบคีรีขันธ์","0","0","0","0","0","0.00","0"
"11315  :  โรงพยาบาลกุยบุรี","759","398","5","4","407","53.62","352"
"11316  :  โรงพยาบาลทับสะแก","983","42","3","1","46","4.68","937"
"11317  :  โรงพยาบาลบางสะพาน","955","6","0","0","6","0.63","949"
"11318  :  โรงพยาบาลบางสะพานน้อย","0","0","0","0","0","0.00","0"
"11319  :  โรงพยาบาลปราณบุรี","0","0","0","0","0","0.00","0"
"11320  :  โรงพยาบาลหัวหิน","0","0","0","0","0","0.00","0"
"11321  :  โรงพยาบาลสามร้อยยอด","1,345","5","1","1","7","0.52","1,338"
"11500  :  โรงพยาบาลกองบิน 5","0","0","0","0","0","0.00","0"
"11522  :  โรงพยาบาลค่ายธนะรัชต์","0","0","0","0","0","0.00","0"
"12471  :  สถานีกาชาดหัวหินเฉลิมพระเกียรติ","741","82","12","5","99","13.36","642"
"10680  :  โรงพยาบาลมหาราชนครศรีธรรมราช","0","0","0","0","0","0.00","0"
"11322  :  โรงพยาบาลพรหมคีรี","0","0","0","0","0","0.00","0"
"11324  :  โรงพยาบาลลานสะกา","0","0","0","0","0","0.00","0"
"11325  :  โรงพยาบาลสมเด็จพระยุพราชฉวาง","0","0","0","0","0","0.00","0"
"11326  :  โรงพยาบาลพิปูน","0","0","0","0","0","0.00","0"
"11327  :  โรงพยาบาลเชียรใหญ่","0","0","0","0","0","0.00","0"
"11328  :  โรงพยาบาลชะอวด","0","0","0","0","0","0.00","0"
"11329  :  โรงพยาบาลท่าศาลา","0","0","0","0","0","0.00","0"
"11330  :  โรงพยาบาลทุ่งสง","0","0","0","0","0","0.00","0"
"11331  :  โรงพยาบาลนาบอน","0","0","0","0","0","0.00","0"
"11332  :  โรงพยาบาลทุ่งใหญ่","0","0","0","0","0","0.00","0"
"11333  :  โรงพยาบาลปากพนัง","0","0","0","0","0","0.00","0"
"11334  :  โรงพยาบาลร่อนพิบูลย์","0","0","0","0","0","0.00","0"
"11335  :  โรงพยาบาลสิชล","0","0","0","0","0","0.00","0"
"11336  :  โรงพยาบาลขนอม","0","0","0","0","0","0.00","0"
"11337  :  โรงพยาบาลหัวไทร","0","0","0","0","0","0.00","0"
"11338  :  โรงพยาบาลบางขัน","0","0","0","0","0","0.00","0"
"11339  :  โรงพยาบาลถ้ำพรรณรา","0","0","0","0","0","0.00","0"
"11523  :  โรงพยาบาลค่ายวชิราวุธ","0","0","0","0","0","0.00","0"
"11660  :  โรงพยาบาลจุฬาภรณ์","0","0","0","0","0","0.00","0"
"12287  :  โรงพยาบาลส่งเสริมสุขภาพ ศูนย์อนามัยที่ 11","0","0","0","0","0","0.00","0"
"12472  :  สถานีกาชาดสิริธร (สถานีกาชาดที่ 12 ทุ่งสง)","0","0","0","0","0","0.00","0"
"14918  :  โรงพยาบาลค่ายเทพสตรีศรีสุนทร","0","0","0","0","0","0.00","0"
"21771  :  โรงพยาบาลเทศบาลนครนครศรีธรรมราช","0","0","0","0","0","0.00","0"
"40491  :  โรงพยาบาลเฉลิมพระเกียรติ","0","0","0","0","0","0.00","0"
"40492  :  โรงพยาบาลพ่อท่านคล้ายวาจาสิทธิ์","0","0","0","0","0","0.00","0"
"40742  :  โรงพยาบาลนบพิตำ","0","0","0","0","0","0.00","0"
"40743  :  โรงพยาบาลพระพรหม","0","0","0","0","0","0.00","0"
"40970  :  โรงพยาบาลศูนย์การแพทย์มหาวิทยาลัยวลัยลักษณ์","0","0","0","0","0","0.00","0"
"10738  :  โรงพยาบาลกระบี่","0","0","0","0","0","0.00","0"
"11340  :  โรงพยาบาลเขาพนม","0","0","0","0","0","0.00","0"
"11341  :  โรงพยาบาลเกาะลันตา","3","0","0","0","0","0.00","3"
"11342  :  โรงพยาบาลคลองท่อม","6","0","0","0","0","0.00","6"
"11343  :  โรงพยาบาลอ่าวลึก","1,275","238","2","2","242","18.98","1,033"
"11344  :  โรงพยาบาลปลายพระยา","0","0","0","0","0","0.00","0"
"11345  :  โรงพยาบาลลำทับ","810","11","0","0","11","1.36","799"
"11346  :  โรงพยาบาลเหนือคลอง","0","0","0","0","0","0.00","0"
"77753  :  โรงพยาบาลเกาะพีพี","49","1","0","0","1","2.04","48"
"10739  :  โรงพยาบาลพังงา","0","0","0","0","0","0.00","0"
"10740  :  โรงพยาบาลตะกั่วป่า","0","0","0","0","0","0.00","0"
"11347  :  โรงพยาบาลเกาะยาวชัยพัฒน์","0","0","0","0","0","0.00","0"
"11348  :  โรงพยาบาลกะปงชัยพัฒน์","0","0","0","0","0","0.00","0"
"11349  :  โรงพยาบาลตะกั่วทุ่ง","0","0","0","0","0","0.00","0"
"11350  :  โรงพยาบาลบางไทร","0","0","0","0","0","0.00","0"
"11352  :  โรงพยาบาลคุระบุรีชัยพัฒน์","0","0","0","0","0","0.00","0"
"11353  :  โรงพยาบาลทับปุด","0","0","0","0","0","0.00","0"
"11354  :  โรงพยาบาลท้ายเหมืองชัยพัฒน์","0","0","0","0","0","0.00","0"
"10741  :  โรงพยาบาลวชิระภูเก็ต","1,650","0","0","1","1","0.06","1,649"
"11355  :  โรงพยาบาลป่าตอง","1,262","0","0","0","0","0.00","1,262"
"11356  :  โรงพยาบาลถลาง","0","0","0","0","0","0.00","0"
"24678  :  โรงพยาบาลองค์การบริหารส่วนจังหวัดภูเก็ต","1,224","0","0","3","3","0.25","1,221"
"41436  :  โรงพยาบาลฉลอง","0","0","0","0","0","0.00","0"
"09192  :  โรงพยาบาลเกาะเต่า","113","0","0","0","0","0.00","113"
"10681  :  โรงพยาบาลสุราษฎร์ธานี","5","0","0","0","0","0.00","5"
"10742  :  โรงพยาบาลเกาะสมุย","355","9","0","0","9","2.54","346"
"11357  :  โรงพยาบาลกาญจนดิษฐ์","2","0","0","0","0","0.00","2"
"11358  :  โรงพยาบาลดอนสัก","1,961","90","24","7","121","6.17","1,840"
"11359  :  โรงพยาบาลเกาะพงัน","436","0","0","0","0","0.00","436"
"11360  :  โรงพยาบาลไชยา","667","31","29","14","74","11.09","593"
"11361  :  โรงพยาบาลท่าชนะ","1,464","7","0","0","7","0.48","1,457"
"11362  :  โรงพยาบาลคีรีรัฐนิคม","325","14","2","0","16","4.92","309"
"11363  :  โรงพยาบาลบ้านตาขุน","446","0","0","0","0","0.00","446"
"11364  :  โรงพยาบาลพนม","302","7","0","0","7","2.32","295"
"11365  :  โรงพยาบาลท่าฉาง","981","365","6","5","376","38.33","605"
"11366  :  โรงพยาบาลบ้านนาสาร","0","0","0","0","0","0.00","0"
"11367  :  โรงพยาบาลบ้านนาเดิม","681","22","10","1","33","4.85","648"
"11368  :  โรงพยาบาลเคียนซา","778","282","29","0","311","39.97","467"
"11369  :  โรงพยาบาลพระแสง","1,033","61","0","0","61","5.91","972"
"11370  :  โรงพยาบาลพุนพิน","2,612","16","0","0","16","0.61","2,596"
"11371  :  โรงพยาบาลชัยบุรี","185","46","0","0","46","24.86","139"
"11459  :  โรงพยาบาลสมเด็จพระยุพราชเวียงสระ","733","5","0","0","5","0.68","728"
"11654  :  โรงพยาบาลวิภาวดี","235","8","0","1","9","3.83","226"
"12289  :  โรงพยาบาลสวนสราญรมย์","0","0","0","0","0","0.00","0"
"14138  :  โรงพยาบาลท่าโรงช้าง","417","249","13","3","265","63.55","152"
"14203  :  โรงพยาบาลมะเร็งสุราษฎร์ธานี","0","0","0","0","0","0.00","0"
"14862  :  โรงพยาบาลกองบิน7","86","3","0","0","3","3.49","83"
"14901  :  โรงพยาบาลค่ายวิภาวดีรังสิต","698","32","0","1","33","4.73","665"
"40915  :  สถาบันสุขภาพจิตเด็กและวัยรุ่นภาคใต้","0","0","0","0","0","0.00","0"
"10743  :  โรงพยาบาลระนอง","151","0","0","0","0","0.00","151"
"11323  :  โรงพยาบาลละอุ่น","109","1","0","1","2","1.83","107"
"11372  :  โรงพยาบาลกะเปอร์","684","0","0","0","0","0.00","684"
"11373  :  โรงพยาบาลกระบุรี","972","0","0","0","0","0.00","972"
"11374  :  โรงพยาบาลสุขสำราญ","304","2","0","0","2","0.66","302"
"10744  :  โรงพยาบาลชุมพรเขตรอุดมศักดิ์","0","0","0","0","0","0.00","0"
"11375  :  โรงพยาบาลปากน้ำชุมพร","1,802","49","22","7","78","4.33","1,724"
"11376  :  โรงพยาบาลท่าแซะ","661","308","17","6","331","50.08","330"
"11377  :  โรงพยาบาลปะทิว","366","0","0","0","0","0.00","366"
"11378  :  โรงพยาบาลมาบอำมฤต","1,091","189","0","1","190","17.42","901"
"11379  :  โรงพยาบาลหลังสวน","754","2","0","0","2","0.27","752"
"11380  :  โรงพยาบาลปากน้ำหลังสวน","1,045","295","10","3","308","29.47","737"
"11381  :  โรงพยาบาลละแม","847","8","0","0","8","0.94","839"
"11382  :  โรงพยาบาลพะโต๊ะ","958","2","0","0","2","0.21","956"
"11383  :  โรงพยาบาลสวี","1,239","9","0","0","9","0.73","1,230"
"11385  :  โรงพยาบาลทุ่งตะโก","677","445","5","3","453","66.91","224"
"11525  :  โรงพยาบาลค่ายเขตอุดมศักดิ์","163","0","0","0","0","0.00","163"
"10682  :  โรงพยาบาลหาดใหญ่","0","0","0","0","0","0.00","0"
"10745  :  โรงพยาบาลสงขลา","0","0","0","0","0","0.00","0"
"11386  :  โรงพยาบาลสทิงพระ","0","0","0","0","0","0.00","0"
"11387  :  โรงพยาบาลจะนะ","0","0","0","0","0","0.00","0"
"11388  :  โรงพยาบาลสมเด็จพระบรมราชินีนาถ ณ  อำเภอนาทวี","0","0","0","0","0","0.00","0"
"11390  :  โรงพยาบาลเทพา","0","0","0","0","0","0.00","0"
"11391  :  โรงพยาบาลสะบ้าย้อย","0","0","0","0","0","0.00","0"
"11392  :  โรงพยาบาลระโนด","0","0","0","0","0","0.00","0"
"11393  :  โรงพยาบาลกระแสสินธุ์","0","0","0","0","0","0.00","0"
"11394  :  โรงพยาบาลรัตภูมิ","0","0","0","0","0","0.00","0"
"11395  :  โรงพยาบาลสะเดา","0","0","0","0","0","0.00","0"
"11396  :  โรงพยาบาลนาหม่อม","0","0","0","0","0","0.00","0"
"11397  :  โรงพยาบาลควนเนียง","0","0","0","0","0","0.00","0"
"11398  :  โรงพยาบาลปาดังเบซาร์","0","0","0","0","0","0.00","0"
"11399  :  โรงพยาบาลบางกล่ำ","0","0","0","0","0","0.00","0"
"11400  :  โรงพยาบาลสิงหนคร","0","0","0","0","0","0.00","0"
"11401  :  โรงพยาบาลคลองหอยโข่ง","0","0","0","0","0","0.00","0"
"12290  :  โรงพยาบาลจิตเวชสงขลาราชนครินทร์","0","0","0","0","0","0.00","0"
"14194  :  โรงพยาบาลธัญญารักษ์สงขลา","0","0","0","0","0","0.00","0"
"10746  :  โรงพยาบาลสตูล","0","0","0","0","0","0.00","0"
"11402  :  โรงพยาบาลควนโดน","0","0","0","0","0","0.00","0"
"11403  :  โรงพยาบาลควนกาหลง","0","0","0","0","0","0.00","0"
"11404  :  โรงพยาบาลท่าแพ","0","0","0","0","0","0.00","0"
"11405  :  โรงพยาบาลละงู","0","0","0","0","0","0.00","0"
"11406  :  โรงพยาบาลทุ่งหว้า","0","0","0","0","0","0.00","0"
"28786  :  โรงพยาบาลมะนัง","0","0","0","0","0","0.00","0"
"10683  :  โรงพยาบาลตรัง","0","0","0","0","0","0.00","0"
"11407  :  โรงพยาบาลกันตัง","532","438","23","1","462","86.84","70"
"11408  :  โรงพยาบาลย่านตาขาว","1,119","638","27","11","676","60.41","443"
"11409  :  โรงพยาบาลปะเหลียน","0","0","0","0","0","0.00","0"
"11410  :  โรงพยาบาลสิเกา","543","1","0","0","1","0.18","542"
"11411  :  โรงพยาบาลห้วยยอด","0","0","0","0","0","0.00","0"
"11412  :  โรงพยาบาลวังวิเศษ","724","1","0","0","1","0.14","723"
"11413  :  โรงพยาบาลนาโยง","0","0","0","0","0","0.00","0"
"12226  :  โรงพยาบาลวัฒนแพทย์","0","0","0","0","0","0.00","0"
"12230  :  โรงพยาบาล ทีอาร์พีเอช โรงพยาบาลทั่วไปขนาดใหญ่","0","0","0","0","0","0.00","0"
"13755  :  โรงพยาบาลโรคผิวหนังเขตร้อนภาคใต้ จังหวัดตรัง","0","0","0","0","0","0.00","0"
"14139  :  โรงพยาบาลรัษฎา","289","165","33","5","203","70.24","86"
"28817  :  โรงพยาบาลหาดสำราญเฉลิมพระเกียรติ 80 พรรษา","74","40","0","0","40","54.05","34"
"10747  :  โรงพยาบาลพัทลุง","0","0","0","0","0","0.00","0"
"11414  :  โรงพยาบาลกงหรา","384","328","8","1","337","87.76","47"
"11415  :  โรงพยาบาลเขาชัยสน","1","0","0","0","0","0.00","1"
"11416  :  โรงพยาบาลตะโหมด","852","213","8","1","222","26.06","630"
"11417  :  โรงพยาบาลควนขนุน","0","0","0","0","0","0.00","0"
"11418  :  โรงพยาบาลปากพะยูน","0","0","0","0","0","0.00","0"
"11419  :  โรงพยาบาลศรีบรรพต","0","0","0","0","0","0.00","0"
"11420  :  โรงพยาบาลป่าบอน","418","138","5","3","146","34.93","272"
"11421  :  โรงพยาบาลบางแก้ว","0","0","0","0","0","0.00","0"
"11422  :  โรงพยาบาลป่าพะยอม","0","0","0","0","0","0.00","0"
"24673  :  โรงพยาบาลศรีนครินทร์(ปัญญานันทภิขุ)","607","250","11","0","261","43.00","346"
"10748  :  โรงพยาบาลปัตตานี","1,011","490","2","0","492","48.66","519"
"11423  :  โรงพยาบาลโคกโพธิ์","0","0","0","0","0","0.00","0"
"11424  :  โรงพยาบาลหนองจิก","827","3","0","0","3","0.36","824"
"11425  :  โรงพยาบาลปะนาเระ","0","0","0","0","0","0.00","0"
"11426  :  โรงพยาบาลมายอ","0","0","0","0","0","0.00","0"
"11427  :  โรงพยาบาลทุ่งยางแดง","0","0","0","0","0","0.00","0"
"11428  :  โรงพยาบาลไม้แก่น","0","0","0","0","0","0.00","0"
"11429  :  โรงพยาบาลยะหริ่ง","0","0","0","0","0","0.00","0"
"11430  :  โรงพยาบาลยะรัง","0","0","0","0","0","0.00","0"
"11431  :  โรงพยาบาลแม่ลาน","0","0","0","0","0","0.00","0"
"11460  :  โรงพยาบาลสมเด็จพระยุพราชสายบุรี","0","0","0","0","0","0.00","0"
"11464  :  โรงพยาบาลกะพ้อ","0","0","0","0","0","0.00","0"
"11529  :  โรงพยาบาลค่ายอิงคยุทธบริหาร","0","0","0","0","0","0.00","0"
"14195  :  โรงพยาบาลธัญญรักษ์ปัตตานี","0","0","0","0","0","0.00","0"
"10684  :  โรงพยาบาลยะลา","0","0","0","0","0","0.00","0"
"10749  :  โรงพยาบาลเบตง","0","0","0","0","0","0.00","0"
"11432  :  โรงพยาบาลบันนังสตา","0","0","0","0","0","0.00","0"
"11433  :  โรงพยาบาลธารโต","350","112","11","1","124","35.43","226"
"11434  :  โรงพยาบาลรามัน","719","54","2","1","57","7.93","662"
"11461  :  โรงพยาบาลสมเด็จพระยุพราชยะหา","416","1","0","0","1","0.24","415"
"12238  :  โรงพยาบาลสิโรรส","0","0","0","0","0","0.00","0"
"13806  :  โรงพยาบาลกาบัง","222","0","0","0","0","0.00","222"
"14663  :  โรงพยาบาลส่งเสริมสุขภาพ ศูนย์อนามัยที่ 12","0","0","0","0","0","0.00","0"
"24689  :  โรงพยาบาลกรงปินัง","0","0","0","0","0","0.00","0"
"10750  :  โรงพยาบาลนราธิวาสราชนครินทร์","0","0","0","0","0","0.00","0"
"10751  :  โรงพยาบาลสุไหงโก-ลก","0","0","0","0","0","0.00","0"
"11435  :  โรงพยาบาลตากใบ","1,619","1,421","30","14","1,465","90.49","154"
"11436  :  โรงพยาบาลบาเจาะ","998","169","1","0","170","17.03","828"
"11437  :  โรงพยาบาลระแงะ","1,672","1,514","12","4","1,530","91.51","142"
"11438  :  โรงพยาบาลรือเสาะ","484","2","1","1","4","0.83","480"
"11439  :  โรงพยาบาลศรีสาคร","609","72","14","3","89","14.61","520"
"11440  :  โรงพยาบาลแว้ง","633","443","4","1","448","70.77","185"
"11441  :  โรงพยาบาลสุคิริน","405","54","1","3","58","14.32","347"
"11442  :  โรงพยาบาลสุไหงปาดี","1,133","158","9","3","170","15.00","963"
"13818  :  โรงพยาบาลจะแนะ","1,118","10","0","0","10","0.89","1,108"
"15010  :  โรงพยาบาลเจาะไอร้อง","887","672","76","7","755","85.12","132"
"23771  :  โรงพยาบาลยี่งอเฉลิมพระเกียรติ 80 พรรษา","594","96","12","0","108","18.18","486"