"โรงพยาบาล","จำนวนผู้สูงอายุ","ไตรมาส 1-2ต.ค.ถึง มี.ค.","ไตรมาส 3-4เม.ย.ถึง ก.ย."
"จำนวนคัดกรอง(B)","ติดสังคม(ADL 12-20)(A)","ร้อยละ","ติดบ้าน(ADL 5-11)","ติดเตียง(ADL 0-4)","จำนวนคัดกรอง(B)","ติดสังคม(ADL 12-20)(A)","ร้อยละ","ติดบ้าน(ADL 5-11)","ติดเตียง(ADL 0-4)"
"11468  :  ทัณฑสถานโรงพยาบาลราชทัณฑ์","0","0","0","0.00","0","0","0","0","0.00","0","0"
"11469  :  โรงพยาบาลเลิดสิน","0","0","0","0.00","0","0","0","0","0.00","0","0"
"11470  :  โรงพยาบาลนพรัตนราชธานี","0","0","0","0.00","0","0","0","0","0.00","0","0"
"11471  :  โรงพยาบาลสงฆ์","0","0","0","0.00","0","0","0","0","0.00","0","0"
"11472  :  โรงพยาบาลราชวิถี","0","0","0","0.00","0","0","0","0","0.00","0","0"
"11477  :  โรงพยาบาลทหารผ่านศึก","0","0","0","0.00","0","0","0","0","0.00","0","0"
"11478  :  โรงพยาบาลสมเด็จพระปิ่นเกล้า","0","0","0","0.00","0","0","0","0","0.00","0","0"
"11481  :  โรงพยาบาลพระมงกุฎเกล้า","0","0","0","0.00","0","0","0","0","0.00","0","0"
"11482  :  โรงพยาบาลภูมิพลอดุลยเดช","0","0","0","0.00","0","0","0","0","0.00","0","0"
"11532  :  โรงพยาบาลสวนเบญจกิติเฉลิมพระเกียรติ84พรรษา","0","0","0","0.00","0","0","0","0","0.00","0","0"
"11534  :  โรงพยาบาลบุรฉัตรไชยากร (รถไฟ)","0","0","0","0.00","0","0","0","0","0.00","0","0"
"11535  :  คณะแพทย์ศาสตร์วชิรพยาบาล มหาวิทยาลัยกรุงเทพมหานคร","0","0","0","0.00","0","0","0","0","0.00","0","0"
"11536  :  โรงพยาบาลเวชการุณย์รัศมิ์","0","0","0","0.00","0","0","0","0","0.00","0","0"
"11537  :  โรงพยาบาลกลาง","0","0","0","0.00","0","0","0","0","0.00","0","0"
"11538  :  โรงพยาบาลลาดกระบังกรุงเทพมหานคร","0","0","0","0.00","0","0","0","0","0.00","0","0"
"11539  :  โรงพยาบาลตากสิน","0","0","0","0.00","0","0","0","0","0.00","0","0"
"11540  :  โรงพยาบาลหลวงพ่อทวีศักดิ์ฯ ชุตินธโร อุทิศ","0","0","0","0.00","0","0","0","0","0.00","0","0"
"11541  :  โรงพยาบาลเจริญกรุงประชารักษ์","0","0","0","0.00","0","0","0","0","0.00","0","0"
"11546  :  โรงพยาบาลบี เอ็น เอช","0","0","0","0.00","0","0","0","0","0.00","0","0"
"11548  :  โรงพยาบาลกรุงเทพคริสเตียน","0","0","0","0.00","0","0","0","0","0.00","0","0"
"11552  :  โรงพยาบาลมเหสักข์","0","0","0","0.00","0","0","0","0","0.00","0","0"
"11559  :  สถานพยาบาลชินเขตงามวงศ์วาน","0","0","0","0.00","0","0","0","0","0.00","0","0"
"11560  :  โรงพยาบาลทั่วไปขนาดใหญ่เปาโล เกษตร","0","0","0","0.00","0","0","0","0","0.00","0","0"
"11565  :  โรงพยาบาลรามคำแหง","0","0","0","0.00","0","0","0","0","0.00","0","0"
"11581  :  โรงพยาบาลผู้สูงอายุขนาดกลางกล้วยน้ำไท 2","0","0","0","0.00","0","0","0","0","0.00","0","0"
"11583  :  โรงพยาบาลกล้วยน้ำไท","0","0","0","0.00","0","0","0","0","0.00","0","0"
"11592  :  โรงพยาบาลบางนา1","0","0","0","0.00","0","0","0","0","0.00","0","0"
"11595  :  นวมินทร์โรงพยาบาลทั่วไปขนาดใหญ่","0","0","0","0.00","0","0","0","0","0.00","0","0"
"11597  :  สถาบันกัลยาณ์ราชนครินทร์","0","0","0","0.00","0","0","0","0","0.00","0","0"
"11600  :  โรงพยาบาลเซนต์หลุยส์","0","0","0","0.00","0","0","0","0","0.00","0","0"
"11603  :  โรงพยาบาลเทียนฟ้ามูลนิธิโรงพยาบาลทั่วไปขนาดกลาง","0","0","0","0.00","0","0","0","0","0.00","0","0"
"11607  :  โรงพยาบาลเปาโลเมโมเรียล","0","0","0","0.00","0","0","0","0","0.00","0","0"
"11609  :  โรงพยาบาลพญาไท 2","0","0","0","0.00","0","0","0","0","0.00","0","0"
"11616  :  โรงพยาบาลสมิติเวชธนบุรี","0","0","0","0.00","0","0","0","0","0.00","0","0"
"11621  :  โรงพยาบาลบางไผ่","0","0","0","0.00","0","0","0","0","0.00","0","0"
"11626  :  โรงพยาบาลคลองตัน","0","0","0","0.00","0","0","0","0","0.00","0","0"
"11628  :  โรงพยาบาลพระราม 9","0","0","0","0.00","0","0","0","0","0.00","0","0"
"11629  :  โรงพยาบาลเพชรเวช","0","0","0","0.00","0","0","0","0","0.00","0","0"
"11640  :  โรงพยาบาลธนบุรี 2","0","0","0","0.00","0","0","0","0","0.00","0","0"
"11641  :  โรงพยาบาลทั่วไปขนาดกลางโรงพยาบาลวิชัยเวช แยกไฟฉาย","0","0","0","0.00","0","0","0","0","0.00","0","0"
"11644  :  โรงพยาบาลเจ้าพระยา","0","0","0","0.00","0","0","0","0","0.00","0","0"
"11645  :  โรงพยาบาลทั่วไปขนาดใหญ่ธนบุรี","0","0","0","0.00","0","0","0","0","0.00","0","0"
"11656  :  โรงพยาบาลเกษมราษฎร์ บางแค","0","0","0","0.00","0","0","0","0","0.00","0","0"
"11661  :  โรงพยาบาลวิชัยเวช อินเตอร์เนชั่นแนล หนองแขม","0","0","0","0.00","0","0","0","0","0.00","0","0"
"11667  :  โรงพยาบาลประชาพัฒน์","0","0","0","0.00","0","0","0","0","0.00","0","0"
"11668  :  โรงพยาบาลสุขสวัสดิ์","0","0","0","0.00","0","0","0","0","0.00","0","0"
"11669  :  โรงพยาบาลราษฏร์บูรณะ","0","0","0","0.00","0","0","0","0","0.00","0","0"
"11670  :  โรงพยาบาลบางปะกอก 1","0","0","0","0.00","0","0","0","0","0.00","0","0"
"11676  :  โรงพยาบาลยันฮี","0","0","0","0.00","0","0","0","0","0.00","0","0"
"11686  :  โรงพยาบาลบางโพ","0","0","0","0.00","0","0","0","0","0.00","0","0"
"11687  :  โรงพยาบาลเกษมราษฎร์ประชาชื่น","0","0","0","0.00","0","0","0","0","0.00","0","0"
"11691  :  โรงพยาบาลวิภาวดี","0","0","0","0.00","0","0","0","0","0.00","0","0"
"11694  :  โรงพยาบาลจักษุรัตนิน","0","0","0","0.00","0","0","0","0","0.00","0","0"
"11697  :  โรงพยาบาลคามิลเลียน","0","0","0","0.00","0","0","0","0","0.00","0","0"
"11699  :  โรงพยาบาลบำรุงราษฎร์","0","0","0","0.00","0","0","0","0","0.00","0","0"
"11703  :  โรงพยาบาลแพทย์ปัญญา","0","0","0","0.00","0","0","0","0","0.00","0","0"
"11708  :  โรงพยาบาลบางมดโรงพยาบาลทั่วไปขนาดใหญ่","0","0","0","0.00","0","0","0","0","0.00","0","0"
"11715  :  โรงพยาบาลพญาไท 1","0","0","0","0.00","0","0","0","0","0.00","0","0"
"11721  :  โรงพยาบาลเปาโลเมโมเรียล โชคชัย 4","0","0","0","0.00","0","0","0","0","0.00","0","0"
"11729  :  โรงพยาบาลลาดพร้าว","0","0","0","0.00","0","0","0","0","0.00","0","0"
"11730  :  โรงพยาบาลไทยนครินทร์","0","0","0","0.00","0","0","0","0","0.00","0","0"
"11750  :  โรงพยาบาลหัวเฉียวโรงพยาบาลทั่วไปขนาดใหญ่","0","0","0","0.00","0","0","0","0","0.00","0","0"
"11811  :  โรงพยาบาลสมิติเวช","0","0","0","0.00","0","0","0","0","0.00","0","0"
"12243  :  สถาบันพัฒนาสุขภาวะเขตเมือง","0","0","0","0.00","0","0","0","0","0.00","0","0"
"12244  :  สถาบันจิตเวชศาสตร์สมเด็จเจ้าพระยา","0","0","0","0.00","0","0","0","0","0.00","0","0"
"12246  :  สถาบันราชานุกูล","0","0","0","0.00","0","0","0","0","0.00","0","0"
"12249  :  สถาบันโรคผิวหนัง","0","0","0","0.00","0","0","0","0","0.00","0","0"
"12250  :  สถาบันมะเร็งแห่งชาติ","0","0","0","0.00","0","0","0","0","0.00","0","0"
"12438  :  สถาบันสุขภาพเด็กแห่งชาติมหาราชินี","0","0","0","0.00","0","0","0","0","0.00","0","0"
"12439  :  สถาบันประสาทวิทยา","0","0","0","0.00","0","0","0","0","0.00","0","0"
"13756  :  โรงพยาบาลจุฬาลงกรณ์สภากาชาดไทย","0","0","0","0.00","0","0","0","0","0.00","0","0"
"13757  :  โรงพยาบาลเวชศาสตร์เขตร้อน มหาวิทยาลัยมหิดล","0","0","0","0.00","0","0","0","0","0.00","0","0"
"13814  :  โรงพยาบาลศิริราช","0","0","0","0.00","0","0","0","0","0.00","0","0"
"14173  :  โรงพยาบาลตำรวจ","0","0","0","0.00","0","0","0","0","0.00","0","0"
"14572  :  โรงพยาบาลบี.แคร์.เมดิคอลเซ็นเตอร์","0","0","0","0.00","0","0","0","0","0.00","0","0"
"14574  :  โรงพยาบาลพญาไท 3","0","0","0","0.00","0","0","0","0","0.00","0","0"
"14577  :  โรงพยาบาลวิภาราม","0","0","0","0.00","0","0","0","0","0.00","0","0"
"14641  :  โรงพยาบาลราชพิพัฒน์","0","0","0","0.00","0","0","0","0","0.00","0","0"
"14908  :  โรงพยาบาลการุญเวช สุขาภิบาล3","0","0","0","0.00","0","0","0","0","0.00","0","0"
"15049  :  โรงพยาบาลสิรินธร","0","0","0","0.00","0","0","0","0","0.00","0","0"
"15147  :  โรงพยาบาลบางปะกอก 8 โรงพยาบาลทั่วไปขนาดใหญ่","0","0","0","0.00","0","0","0","0","0.00","0","0"
"21673  :  โรงพยาบาลซีจีเอช สายไหม โรงพยาบาลทั่วไปขนาดใหญ่","0","0","0","0.00","0","0","0","0","0.00","0","0"
"22155  :  โรงพยาบาลครู","0","0","0","0.00","0","0","0","0","0.00","0","0"
"22737  :  โรงพยาบาลจุฬาภรณ์","0","0","0","0.00","0","0","0","0","0.00","0","0"
"23762  :  โรงพยาบาลนวุติสมเด็จย่า","0","0","0","0.00","0","0","0","0","0.00","0","0"
"23781  :  นวมินทร์ 9โรงพยาบาลทั่วไปขนาดใหญ่","0","0","0","0.00","0","0","0","0","0.00","0","0"
"23783  :  โรงพยาบาลเสรีรักษ์","0","0","0","0.00","0","0","0","0","0.00","0","0"
"24085  :  สถาบันวิจัยการแพทย์แผนไทย","0","0","0","0.00","0","0","0","0","0.00","0","0"
"24748  :  โรงพยาบาลศิริราช ปิยมหาราชการุณย์","0","0","0","0.00","0","0","0","0","0.00","0","0"
"25015  :  โรงพยาบาลทั่วไปขนาดใหญ่มิตรประชา","0","0","0","0.00","0","0","0","0","0.00","0","0"
"25060  :  โรงพยาบาลผู้สูงอายุบางขุนเทียน","0","0","0","0.00","0","0","0","0","0.00","0","0"
"41329  :  โรงพยาบาลเฉพาะประเภทผู้ป่วยสูงอายุ เฌ้อสเซอรี่โฮมขนาดเล็ก","0","0","0","0.00","0","0","0","0","0.00","0","0"
"41414  :  โรงพยาบาลทหารอากาศ (สีกัน)","0","0","0","0.00","0","0","0","0","0.00","0","0"
"77665  :  โรงพยาบาลการแพทย์แผนไทยและการแพทย์ผสมผสาน","0","0","0","0.00","0","0","0","0","0.00","0","0"
"10685  :  โรงพยาบาลสมุทรปราการ","121","0","0","0.00","0","0","0","0","0.00","0","0"
"10752  :  โรงพยาบาลบางบ่อ","0","0","0","0.00","0","0","0","0","0.00","0","0"
"10753  :  โรงพยาบาลบางพลี","2,390","0","0","0.00","0","0","0","0","0.00","0","0"
"10754  :  โรงพยาบาลบางจาก","1","0","0","0.00","0","0","0","0","0.00","0","0"
"10755  :  โรงพยาบาลพระสมุทรเจดีย์สวาทยานนท์","2,093","0","0","0.00","0","0","0","0","0.00","0","0"
"11769  :  โรงพยาบาลเซ็นทรัลปาร์ค","2,464","0","0","0.00","0","0","0","0","0.00","0","0"
"11775  :  โรงพยาบาลเมืองสมุทรปู่เจ้าสมิงพราย","0","0","0","0.00","0","0","0","0","0.00","0","0"
"12251  :  โรงพยาบาลยุวประสาทไวทโยปถัมภ์","38","0","0","0.00","0","0","0","0","0.00","0","0"
"15138  :  โรงพยาบาลเมืองสมุทรบางปูโรงพยาบาลทั่วไปขนาดเล็ก","2,037","0","0","0.00","0","0","0","0","0.00","0","0"
"28785  :  โรงพยาบาลบางเสาธง","0","0","0","0.00","0","0","0","0","0.00","0","0"
"10686  :  โรงพยาบาลพระนั่งเกล้า","0","0","0","0.00","0","0","0","0","0.00","0","0"
"10756  :  โรงพยาบาลบางกรวย","0","0","0","0.00","0","0","0","0","0.00","0","0"
"10757  :  โรงพยาบาลบางใหญ่","0","0","0","0.00","0","0","0","0","0.00","0","0"
"10758  :  โรงพยาบาลบางบัวทอง","0","0","0","0.00","0","0","0","0","0.00","0","0"
"10759  :  โรงพยาบาลไทรน้อย","0","0","0","0.00","0","0","0","0","0.00","0","0"
"10760  :  โรงพยาบาลปากเกร็ด","0","0","0","0.00","0","0","0","0","0.00","0","0"
"11781  :  โรงพยาบาลนนทเวช","0","0","0","0.00","0","0","0","0","0.00","0","0"
"11786  :  โรงพยาบาลอนันต์พัฒนา 2","0","0","0","0.00","0","0","0","0","0.00","0","0"
"11787  :  โรงพยาบาลเกษมราษฎร์อินเตอร์เนชั่นแนล รัตนาธิเบศร์โรงพยาบาลทั่วไปขนาดใหญ่","0","0","0","0.00","0","0","0","0","0.00","0","0"
"12256  :  สถาบันโรคทรวงอก","0","0","0","0.00","0","0","0","0","0.00","0","0"
"12257  :  สถาบันบำราศนราดูร","0","0","0","0.00","0","0","0","0","0.00","0","0"
"12258  :  สถาบันสิรินธรเพื่อการฟื้นฟูสมรรถภาพทางการแพทย์แห่งชาติ","0","0","0","0.00","0","0","0","0","0.00","0","0"
"12260  :  โรงพยาบาลศรีธัญญา","0","0","0","0.00","0","0","0","0","0.00","0","0"
"13815  :  ศูนย์การแพทย์ปัญญานันทภิกขุ ชลประทาน มหาวิทยาลัยศรีนครินทรวิโรฒ","0","0","0","0.00","0","0","0","0","0.00","0","0"
"22127  :  โรงพยาบาลชลลดา","0","0","0","0.00","0","0","0","0","0.00","0","0"
"28875  :  โรงพยาบาลบางบัวทอง ๒","0","0","0","0.00","0","0","0","0","0.00","0","0"
"10687  :  โรงพยาบาลปทุมธานี","0","0","0","0.00","0","0","0","0","0.00","0","0"
"10761  :  โรงพยาบาลคลองหลวง","637","0","0","0.00","0","0","0","0","0.00","0","0"
"10762  :  โรงพยาบาลธัญบุรี","2,248","0","0","0.00","0","0","0","0","0.00","0","0"
"10763  :  โรงพยาบาลประชาธิปัตย์","2,543","0","0","0.00","0","0","0","0","0.00","0","0"
"10764  :  โรงพยาบาลหนองเสือ","792","0","0","0.00","0","0","0","0","0.00","0","0"
"10765  :  โรงพยาบาลลาดหลุมแก้ว","827","0","0","0.00","0","0","0","0","0.00","0","0"
"10766  :  โรงพยาบาลลำลูกกา","0","0","0","0.00","0","0","0","0","0.00","0","0"
"10767  :  โรงพยาบาลสามโคก","710","0","0","0.00","0","0","0","0","0.00","0","0"
"12262  :  สถาบันบำบัดรักษาและฟื้นฟูผู้ติดยาเสพติดแห่งชาติบรมราชชนนี","0","0","0","0.00","0","0","0","0","0.00","0","0"
"14923  :  โรงพยาบาลมหาวชิราลงกรณ ธัญบุรี","0","0","0","0.00","0","0","0","0","0.00","0","0"
"10660  :  โรงพยาบาลพระนครศรีอยุธยา","0","0","0","0.00","0","0","0","0","0.00","0","0"
"10688  :  โรงพยาบาลเสนา","0","0","0","0.00","0","0","0","0","0.00","0","0"
"10768  :  โรงพยาบาลท่าเรือ","0","0","0","0.00","0","0","0","0","0.00","0","0"
"10769  :  โรงพยาบาลสมเด็จพระสังฆราชเจ้า กรมหลวงชินวราลงกรณ (วาสนมหาเถร)","0","0","0","0.00","0","0","0","0","0.00","0","0"
"10770  :  โรงพยาบาลบางไทร","0","0","0","0.00","0","0","0","0","0.00","0","0"
"10771  :  โรงพยาบาลบางบาล","0","0","0","0.00","0","0","0","0","0.00","0","0"
"10772  :  โรงพยาบาลบางปะอิน","0","0","0","0.00","0","0","0","0","0.00","0","0"
"10773  :  โรงพยาบาลบางปะหัน","0","0","0","0.00","0","0","0","0","0.00","0","0"
"10774  :  โรงพยาบาลผักไห่","0","0","0","0.00","0","0","0","0","0.00","0","0"
"10775  :  โรงพยาบาลภาชี","0","0","0","0.00","0","0","0","0","0.00","0","0"
"10776  :  โรงพยาบาลลาดบัวหลวง","0","0","0","0.00","0","0","0","0","0.00","0","0"
"10777  :  โรงพยาบาลวังน้อย","0","0","0","0.00","0","0","0","0","0.00","0","0"
"10778  :  โรงพยาบาลบางซ้าย","0","0","0","0.00","0","0","0","0","0.00","0","0"
"10779  :  โรงพยาบาลอุทัย","0","0","0","0.00","0","0","0","0","0.00","0","0"
"10780  :  โรงพยาบาลมหาราช","0","0","0","0.00","0","0","0","0","0.00","0","0"
"10781  :  โรงพยาบาลบ้านแพรก","0","0","0","0.00","0","0","0","0","0.00","0","0"
"10689  :  โรงพยาบาลอ่างทอง","334","0","0","0.00","0","0","0","0","0.00","0","0"
"10782  :  โรงพยาบาลไชโย","472","0","0","0.00","0","0","0","0","0.00","0","0"
"10784  :  โรงพยาบาลป่าโมก","682","0","0","0.00","0","0","0","0","0.00","0","0"
"10785  :  โรงพยาบาลโพธิ์ทอง","594","0","0","0.00","0","0","0","0","0.00","0","0"
"10786  :  โรงพยาบาลแสวงหา","1,159","0","0","0.00","0","0","0","0","0.00","0","0"
"10787  :  โรงพยาบาลวิเศษชัยชาญ","1,470","0","0","0.00","0","0","0","0","0.00","0","0"
"10788  :  โรงพยาบาลสามโก้","370","0","0","0.00","0","0","0","0","0.00","0","0"
"10690  :  โรงพยาบาลพระนารายณ์มหาราช","0","0","0","0.00","0","0","0","0","0.00","0","0"
"10691  :  โรงพยาบาลบ้านหมี่","0","0","0","0.00","0","0","0","0","0.00","0","0"
"10789  :  โรงพยาบาลพัฒนานิคม","0","0","0","0.00","0","0","0","0","0.00","0","0"
"10790  :  โรงพยาบาลโคกสำโรง","0","0","0","0.00","0","0","0","0","0.00","0","0"
"10791  :  โรงพยาบาลชัยบาดาล","0","0","0","0.00","0","0","0","0","0.00","0","0"
"10792  :  โรงพยาบาลท่าวุ้ง","0","0","0","0.00","0","0","0","0","0.00","0","0"
"10793  :  โรงพยาบาลท่าหลวง","0","0","0","0.00","0","0","0","0","0.00","0","0"
"10794  :  โรงพยาบาลสระโบสถ์","0","0","0","0.00","0","0","0","0","0.00","0","0"
"10795  :  โรงพยาบาลโคกเจริญ","0","0","0","0.00","0","0","0","0","0.00","0","0"
"10796  :  โรงพยาบาลลำสนธิ","0","0","0","0.00","0","0","0","0","0.00","0","0"
"10797  :  โรงพยาบาลหนองม่วง","0","0","0","0.00","0","0","0","0","0.00","0","0"
"14199  :  โรงพยาบาลมะเร็งลพบุรี","0","0","0","0.00","0","0","0","0","0.00","0","0"
"14928  :  โรงพยาบาลกองบิน 2","0","0","0","0.00","0","0","0","0","0.00","0","0"
"10692  :  โรงพยาบาลสิงห์บุรี","1,837","0","0","0.00","0","0","0","0","0.00","0","0"
"10693  :  โรงพยาบาลอินทร์บุรี","487","0","0","0.00","0","0","0","0","0.00","0","0"
"10798  :  โรงพยาบาลบางระจัน","828","0","0","0.00","0","0","0","0","0.00","0","0"
"10799  :  โรงพยาบาลค่ายบางระจัน","927","0","0","0.00","0","0","0","0","0.00","0","0"
"10800  :  โรงพยาบาลพรหมบุรี","866","0","0","0.00","0","0","0","0","0.00","0","0"
"10801  :  โรงพยาบาลท่าช้าง","682","0","0","0.00","0","0","0","0","0.00","0","0"
"10694  :  โรงพยาบาลชัยนาทนเรนทร","11","0","0","0.00","0","0","0","0","0.00","0","0"
"10802  :  โรงพยาบาลมโนรมย์","767","0","0","0.00","0","0","0","0","0.00","0","0"
"10803  :  โรงพยาบาลวัดสิงห์","1,243","0","0","0.00","0","0","0","0","0.00","0","0"
"10804  :  โรงพยาบาลสรรพยา","472","0","0","0.00","0","0","0","0","0.00","0","0"
"10805  :  โรงพยาบาลสรรคบุรี","1,380","0","0","0.00","0","0","0","0","0.00","0","0"
"10806  :  โรงพยาบาลหันคา","1,376","0","0","0.00","0","0","0","0","0.00","0","0"
"27974  :  โรงพยาบาลหนองมะโมง","269","0","0","0.00","0","0","0","0","0.00","0","0"
"27975  :  โรงพยาบาลเนินขาม","0","0","0","0.00","0","0","0","0","0.00","0","0"
"10661  :  โรงพยาบาลสระบุรี","0","0","0","0.00","0","0","0","0","0.00","0","0"
"10695  :  โรงพยาบาลพระพุทธบาท","0","0","0","0.00","0","0","0","0","0.00","0","0"
"10807  :  โรงพยาบาลแก่งคอย","0","0","0","0.00","0","0","0","0","0.00","0","0"
"10808  :  โรงพยาบาลหนองแค","0","0","0","0.00","0","0","0","0","0.00","0","0"
"10809  :  โรงพยาบาลวิหารแดง","0","0","0","0.00","0","0","0","0","0.00","0","0"
"10810  :  โรงพยาบาลหนองแซง","0","0","0","0.00","0","0","0","0","0.00","0","0"
"10811  :  โรงพยาบาลบ้านหมอ","0","0","0","0.00","0","0","0","0","0.00","0","0"
"10812  :  โรงพยาบาลดอนพุด","0","0","0","0.00","0","0","0","0","0.00","0","0"
"10813  :  โรงพยาบาลหนองโดน","0","0","0","0.00","0","0","0","0","0.00","0","0"
"10814  :  โรงพยาบาลเสาไห้เฉลิมพระเกียรติ80พรรษา","0","0","0","0.00","0","0","0","0","0.00","0","0"
"10815  :  โรงพยาบาลมวกเหล็ก","0","0","0","0.00","0","0","0","0","0.00","0","0"
"10816  :  โรงพยาบาลวังม่วงสัทธรรม","0","0","0","0.00","0","0","0","0","0.00","0","0"
"11485  :  โรงพยาบาลค่ายอดิศร","0","0","0","0.00","0","0","0","0","0.00","0","0"
"10662  :  โรงพยาบาลชลบุรี","0","0","0","0.00","0","0","0","0","0.00","0","0"
"10817  :  โรงพยาบาลบ้านบึง","2,843","0","0","0.00","0","0","0","0","0.00","0","0"
"10818  :  โรงพยาบาลหนองใหญ่","655","0","0","0.00","0","0","0","0","0.00","0","0"
"10819  :  โรงพยาบาลบางละมุง","3,261","0","0","0.00","0","0","0","0","0.00","0","0"
"10820  :  โรงพยาบาลวัดญาณสังวราราม","365","0","0","0.00","0","0","0","0","0.00","0","0"
"10821  :  โรงพยาบาลพานทอง","1,070","0","0","0.00","0","0","0","0","0.00","0","0"
"10822  :  โรงพยาบาลพนัสนิคม","2,312","0","0","0.00","0","0","0","0","0.00","0","0"
"10823  :  โรงพยาบาลแหลมฉบัง","5,301","0","0","0.00","0","0","0","0","0.00","0","0"
"10824  :  โรงพยาบาลเกาะสีชัง","390","0","0","0.00","0","0","0","0","0.00","0","0"
"10825  :  โรงพยาบาลสัตหีบกม10","3,509","0","0","0.00","0","0","0","0","0.00","0","0"
"10826  :  โรงพยาบาลบ่อทอง","603","0","0","0.00","0","0","0","0","0.00","0","0"
"11486  :  โรงพยาบาลค่ายนวมินทราชินี","256","0","0","0.00","0","0","0","0","0.00","0","0"
"11487  :  โรงพยาบาลอาภากรเกียรติวงศ์","0","0","0","0.00","0","0","0","0","0.00","0","0"
"13754  :  โรงพยาบาลสมเด็จพระบรมราชเทวี ณ ศรีราชา","1,216","0","0","0.00","0","0","0","0","0.00","0","0"
"13758  :  โรงพยาบาลสมเด็จพระนางเจ้าสิริกิติ์","0","0","0","0.00","0","0","0","0","0.00","0","0"
"13760  :  โรงพยาบาลมะเร็งชลบุรี","0","0","0","0.00","0","0","0","0","0.00","0","0"
"13766  :  โรงพยาบาลมหาวิทยาลัยบูรพา","39","0","0","0.00","0","0","0","0","0.00","0","0"
"28005  :  โรงพยาบาลเมืองพัทยา","1,057","0","0","0.00","0","0","0","0","0.00","0","0"
"28006  :  โรงพยาบาลเกาะจันทร์","415","0","0","0.00","0","0","0","0","0.00","0","0"
"10663  :  โรงพยาบาลระยอง","0","0","0","0.00","0","0","0","0","0.00","0","0"
"10827  :  โรงพยาบาลเฉลิมพระเกียรติสมเด็จพระเทพรัตนราชสุดาฯ สยามบรมราชกุมารี ระยอง","392","0","0","0.00","0","0","0","0","0.00","0","0"
"10828  :  โรงพยาบาลบ้านฉาง","3,152","0","0","0.00","0","0","0","0","0.00","0","0"
"10829  :  โรงพยาบาลแกลง","608","0","0","0.00","0","0","0","0","0.00","0","0"
"10830  :  โรงพยาบาลวังจันทร์","623","0","0","0.00","0","0","0","0","0.00","0","0"
"10831  :  โรงพยาบาลบ้านค่าย","1,050","0","0","0.00","0","0","0","0","0.00","0","0"
"10832  :  โรงพยาบาลปลวกแดง","1,538","0","0","0.00","0","0","0","0","0.00","0","0"
"22734  :  โรงพยาบาลเขาชะเมา เฉลิมพระเกียรติ 80 พรรษา","371","0","0","0.00","0","0","0","0","0.00","0","0"
"23962  :  โรงพยาบาลนิคมพัฒนา","525","0","0","0.00","0","0","0","0","0.00","0","0"
"10664  :  โรงพยาบาลพระปกเกล้า","0","0","0","0.00","0","0","0","0","0.00","0","0"
"10834  :  โรงพยาบาลขลุง","0","0","0","0.00","0","0","0","0","0.00","0","0"
"10835  :  โรงพยาบาลท่าใหม่","7","0","0","0.00","0","0","0","0","0.00","0","0"
"10836  :  โรงพยาบาลเขาสุกิม","991","0","0","0.00","0","0","0","0","0.00","0","0"
"10837  :  โรงพยาบาลสองพี่น้อง","899","0","0","0.00","0","0","0","0","0.00","0","0"
"10838  :  โรงพยาบาลโป่งน้ำร้อน","1,505","0","0","0.00","0","0","0","0","0.00","0","0"
"10839  :  โรงพยาบาลมะขาม","227","0","0","0.00","0","0","0","0","0.00","0","0"
"10840  :  โรงพยาบาลแหลมสิงห์","0","0","0","0.00","0","0","0","0","0.00","0","0"
"10841  :  โรงพยาบาลสอยดาว","0","0","0","0.00","0","0","0","0","0.00","0","0"
"10842  :  โรงพยาบาลแก่งหางแมว","564","0","0","0.00","0","0","0","0","0.00","0","0"
"10843  :  โรงพยาบาลนายายอาม","412","0","0","0.00","0","0","0","0","0.00","0","0"
"10844  :  โรงพยาบาลเขาคิชฌกูฏ","795","0","0","0.00","0","0","0","0","0.00","0","0"
"10696  :  โรงพยาบาลตราด","1,199","0","0","0.00","0","0","0","0","0.00","0","0"
"10845  :  โรงพยาบาลคลองใหญ่","1,402","0","0","0.00","0","0","0","0","0.00","0","0"
"10846  :  โรงพยาบาลเขาสมิง","921","0","0","0.00","0","0","0","0","0.00","0","0"
"10847  :  โรงพยาบาลบ่อไร่","790","0","0","0.00","0","0","0","0","0.00","0","0"
"10848  :  โรงพยาบาลแหลมงอบ","637","0","0","0.00","0","0","0","0","0.00","0","0"
"10849  :  โรงพยาบาลเกาะกูด","121","0","0","0.00","0","0","0","0","0.00","0","0"
"13816  :  โรงพยาบาลเกาะช้าง","116","0","0","0.00","0","0","0","0","0.00","0","0"
"10697  :  โรงพยาบาลพุทธโสธร","0","0","0","0.00","0","0","0","0","0.00","0","0"
"10833  :  โรงพยาบาลท่าตะเกียบ","484","0","0","0.00","0","0","0","0","0.00","0","0"
"10850  :  โรงพยาบาลบางคล้า","2,437","0","0","0.00","0","0","0","0","0.00","0","0"
"10851  :  โรงพยาบาลบางน้ำเปรี้ยว","0","0","0","0.00","0","0","0","0","0.00","0","0"
"10852  :  โรงพยาบาลบางปะกง","0","0","0","0.00","0","0","0","0","0.00","0","0"
"10853  :  โรงพยาบาลบ้านโพธิ์","490","0","0","0.00","0","0","0","0","0.00","0","0"
"10854  :  โรงพยาบาลพนมสารคาม","1,491","0","0","0.00","0","0","0","0","0.00","0","0"
"10855  :  โรงพยาบาลสนามชัยเขต","648","0","0","0.00","0","0","0","0","0.00","0","0"
"10856  :  โรงพยาบาลแปลงยาว","940","0","0","0.00","0","0","0","0","0.00","0","0"
"13747  :  โรงพยาบาลราชสาส์น","1,036","0","0","0.00","0","0","0","0","0.00","0","0"
"31327  :  โรงพยาบาลคลองเขื่อน","0","0","0","0.00","0","0","0","0","0.00","0","0"
"10665  :  โรงพยาบาลเจ้าพระยาอภัยภูเบศร","225","0","0","0.00","0","0","0","0","0.00","0","0"
"10857  :  โรงพยาบาลกบินทร์บุรี","1,308","0","0","0.00","0","0","0","0","0.00","0","0"
"10858  :  โรงพยาบาลนาดี","1,011","0","0","0.00","0","0","0","0","0.00","0","0"
"10859  :  โรงพยาบาลบ้านสร้าง","500","0","0","0.00","0","0","0","0","0.00","0","0"
"10860  :  โรงพยาบาลประจันตคาม","1,593","0","0","0.00","0","0","0","0","0.00","0","0"
"10861  :  โรงพยาบาลศรีมหาโพธิ","977","0","0","0.00","0","0","0","0","0.00","0","0"
"10862  :  โรงพยาบาลศรีมโหสถ","1,231","0","0","0.00","0","0","0","0","0.00","0","0"
"11490  :  โรงพยาบาลค่ายจักรพงษ์","73","0","0","0.00","0","0","0","0","0.00","0","0"
"10698  :  โรงพยาบาลนครนายก","2,717","0","0","0.00","0","0","0","0","0.00","0","0"
"10863  :  โรงพยาบาลปากพลี","422","0","0","0.00","0","0","0","0","0.00","0","0"
"10864  :  โรงพยาบาลบ้านนา","1,275","0","0","0.00","0","0","0","0","0.00","0","0"
"10865  :  โรงพยาบาลองครักษ์","533","0","0","0.00","0","0","0","0","0.00","0","0"
"11491  :  โรงพยาบาลรร.นายร้อยพระจุลจอมเกล้า","27","0","0","0.00","0","0","0","0","0.00","0","0"
"14904  :  โรงพยาบาลศูนย์การแพทย์สมเด็จพระเทพรัตนราชสุดาฯ","179","0","0","0.00","0","0","0","0","0.00","0","0"
"10699  :  โรงพยาบาลสมเด็จพระยุพราชสระแก้ว","0","0","0","0.00","0","0","0","0","0.00","0","0"
"10866  :  โรงพยาบาลคลองหาด","888","0","0","0.00","0","0","0","0","0.00","0","0"
"10867  :  โรงพยาบาลตาพระยา","571","0","0","0.00","0","0","0","0","0.00","0","0"
"10868  :  โรงพยาบาลวังน้ำเย็น","2,873","0","0","0.00","0","0","0","0","0.00","0","0"
"10869  :  โรงพยาบาลวัฒนานคร","1,273","0","0","0.00","0","0","0","0","0.00","0","0"
"10870  :  โรงพยาบาลอรัญประเทศ","1,581","0","0","0.00","0","0","0","0","0.00","0","0"
"13817  :  โรงพยาบาลเขาฉกรรจ์","527","0","0","0.00","0","0","0","0","0.00","0","0"
"14717  :  โรงพยาบาลจิตเวชสระแก้วราชนครินทร์","0","0","0","0.00","0","0","0","0","0.00","0","0"
"10666  :  โรงพยาบาลมหาราชนครราชสีมา","0","0","0","0.00","0","0","0","0","0.00","0","0"
"10871  :  โรงพยาบาลครบุรี","0","0","0","0.00","0","0","0","0","0.00","0","0"
"10872  :  โรงพยาบาลเสิงสาง","0","0","0","0.00","0","0","0","0","0.00","0","0"
"10873  :  โรงพยาบาลคง","0","0","0","0.00","0","0","0","0","0.00","0","0"
"10874  :  โรงพยาบาลบ้านเหลื่อม","0","0","0","0.00","0","0","0","0","0.00","0","0"
"10875  :  โรงพยาบาลจักราช","0","0","0","0.00","0","0","0","0","0.00","0","0"
"10876  :  โรงพยาบาลโชคชัย","0","0","0","0.00","0","0","0","0","0.00","0","0"
"10877  :  โรงพยาบาลด่านขุนทด","0","0","0","0.00","0","0","0","0","0.00","0","0"
"10878  :  โรงพยาบาลโนนไทย","0","0","0","0.00","0","0","0","0","0.00","0","0"
"10879  :  โรงพยาบาลโนนสูง","0","0","0","0.00","0","0","0","0","0.00","0","0"
"10880  :  โรงพยาบาลขามสะแกแสง","0","0","0","0.00","0","0","0","0","0.00","0","0"
"10881  :  โรงพยาบาลบัวใหญ่","0","0","0","0.00","0","0","0","0","0.00","0","0"
"10882  :  โรงพยาบาลประทาย","0","0","0","0.00","0","0","0","0","0.00","0","0"
"10883  :  โรงพยาบาลปักธงชัย","0","0","0","0.00","0","0","0","0","0.00","0","0"
"10884  :  โรงพยาบาลพิมาย","0","0","0","0.00","0","0","0","0","0.00","0","0"
"10885  :  โรงพยาบาลห้วยแถลง","0","0","0","0.00","0","0","0","0","0.00","0","0"
"10886  :  โรงพยาบาลชุมพวง","0","0","0","0.00","0","0","0","0","0.00","0","0"
"10887  :  โรงพยาบาลสูงเนิน","0","0","0","0.00","0","0","0","0","0.00","0","0"
"10888  :  โรงพยาบาลขามทะเลสอ","0","0","0","0.00","0","0","0","0","0.00","0","0"
"10889  :  โรงพยาบาลสีคิ้ว","0","0","0","0.00","0","0","0","0","0.00","0","0"
"10890  :  โรงพยาบาลปากช่องนานา","0","0","0","0.00","0","0","0","0","0.00","0","0"
"10891  :  โรงพยาบาลหนองบุญมาก","0","0","0","0.00","0","0","0","0","0.00","0","0"
"10892  :  โรงพยาบาลแก้งสนามนาง","0","0","0","0.00","0","0","0","0","0.00","0","0"
"10893  :  โรงพยาบาลโนนแดง","0","0","0","0.00","0","0","0","0","0.00","0","0"
"10894  :  โรงพยาบาลวังน้ำเขียว","0","0","0","0.00","0","0","0","0","0.00","0","0"
"11492  :  โรงพยาบาลค่ายสุรนารี นครราชสีมา","0","0","0","0.00","0","0","0","0","0.00","0","0"
"11602  :  โรงพยาบาลเฉลิมพระเกียรติสมเด็จย่า 100 ปี","0","0","0","0.00","0","0","0","0","0.00","0","0"
"11608  :  โรงพยาบาลลำทะเมนชัย","0","0","0","0.00","0","0","0","0","0.00","0","0"
"11885  :  โรงพยาบาลเดอะโกลเดนเกท","0","0","0","0.00","0","0","0","0","0.00","0","0"
"11891  :  โรงพยาบาลราชสีมาฮอสพิทอล","0","0","0","0.00","0","0","0","0","0.00","0","0"
"12267  :  ศูนย์อนามัยที่ 9 นครราชสีมา","0","0","0","0.00","0","0","0","0","0.00","0","0"
"12268  :  โรงพยาบาลจิตเวชนครราชสีมาราชนครินทร์","0","0","0","0.00","0","0","0","0","0.00","0","0"
"14161  :  โรงพยาบาลกองบิน กองบิน1","0","0","0","0.00","0","0","0","0","0.00","0","0"
"22456  :  โรงพยาบาลพระทองคำ เฉลิมพระเกียรติ 80 พรรษา","0","0","0","0.00","0","0","0","0","0.00","0","0"
"23839  :  โรงพยาบาลเทพรัตน์นครราชสีมา","0","0","0","0.00","0","0","0","0","0.00","0","0"
"24060  :  โรงพยาบาลมหาวิทยาลัยเทคโนโลยีสุรนารี","0","0","0","0.00","0","0","0","0","0.00","0","0"
"24692  :  โรงพยาบาลเฉลิมพระเกียรติ","0","0","0","0.00","0","0","0","0","0.00","0","0"
"27839  :  โรงพยาบาลบัวลาย","0","0","0","0.00","0","0","0","0","0.00","0","0"
"27840  :  โรงพยาบาลสีดา","0","0","0","0.00","0","0","0","0","0.00","0","0"
"27841  :  โรงพยาบาลเทพารักษ์","0","0","0","0.00","0","0","0","0","0.00","0","0"
"10667  :  โรงพยาบาลบุรีรัมย์","0","0","0","0.00","0","0","0","0","0.00","0","0"
"10895  :  โรงพยาบาลคูเมือง","1,176","0","0","0.00","0","0","0","0","0.00","0","0"
"10896  :  โรงพยาบาลกระสัง","1,107","0","0","0.00","0","0","0","0","0.00","0","0"
"10897  :  โรงพยาบาลนางรอง","3,615","0","0","0.00","0","0","0","0","0.00","0","0"
"10898  :  โรงพยาบาลหนองกี่","1,206","0","0","0.00","0","0","0","0","0.00","0","0"
"10899  :  โรงพยาบาลละหานทราย","1,164","0","0","0.00","0","0","0","0","0.00","0","0"
"10900  :  โรงพยาบาลประโคนชัย","1,852","0","0","0.00","0","0","0","0","0.00","0","0"
"10901  :  โรงพยาบาลบ้านกรวด","1,620","0","0","0.00","0","0","0","0","0.00","0","0"
"10902  :  โรงพยาบาลพุทไธสง","1,433","0","0","0.00","0","0","0","0","0.00","0","0"
"10904  :  โรงพยาบาลลำปลายมาศ","6","0","0","0.00","0","0","0","0","0.00","0","0"
"10905  :  โรงพยาบาลสตึก","1,860","0","0","0.00","0","0","0","0","0.00","0","0"
"10906  :  โรงพยาบาลปะคำ","947","0","0","0.00","0","0","0","0","0.00","0","0"
"10907  :  โรงพยาบาลนาโพธิ์","716","0","0","0.00","0","0","0","0","0.00","0","0"
"10908  :  โรงพยาบาลหนองหงส์","760","0","0","0.00","0","0","0","0","0.00","0","0"
"10909  :  โรงพยาบาลพลับพลาชัย","917","0","0","0.00","0","0","0","0","0.00","0","0"
"10910  :  โรงพยาบาลห้วยราช","513","0","0","0.00","0","0","0","0","0.00","0","0"
"10911  :  โรงพยาบาลโนนสุวรรณ","605","0","0","0.00","0","0","0","0","0.00","0","0"
"10912  :  โรงพยาบาลชำนิ","520","0","0","0.00","0","0","0","0","0.00","0","0"
"10913  :  โรงพยาบาลบ้านใหม่ไชยพจน์","499","0","0","0.00","0","0","0","0","0.00","0","0"
"10914  :  โรงพยาบาลโนนดินแดง","1,105","0","0","0.00","0","0","0","0","0.00","0","0"
"11493  :  โรงพยาบาลค่ายสมเด็จเจ้าพระยามหากษัตริย์ศึก","295","0","0","0.00","0","0","0","0","0.00","0","0"
"11619  :  โรงพยาบาลเฉลิมพระเกียรติ","999","0","0","0.00","0","0","0","0","0.00","0","0"
"23578  :  โรงพยาบาลแคนดง","891","0","0","0.00","0","0","0","0","0.00","0","0"
"28020  :  โรงพยาบาลบ้านด่าน","846","0","0","0.00","0","0","0","0","0.00","0","0"
"10668  :  โรงพยาบาลสุรินทร์","0","0","0","0.00","0","0","0","0","0.00","0","0"
"10915  :  โรงพยาบาลชุมพลบุรี","0","0","0","0.00","0","0","0","0","0.00","0","0"
"10916  :  โรงพยาบาลท่าตูม","0","0","0","0.00","0","0","0","0","0.00","0","0"
"10917  :  โรงพยาบาลจอมพระ","0","0","0","0.00","0","0","0","0","0.00","0","0"
"10918  :  โรงพยาบาลปราสาท","0","0","0","0.00","0","0","0","0","0.00","0","0"
"10919  :  โรงพยาบาลกาบเชิง","0","0","0","0.00","0","0","0","0","0.00","0","0"
"10920  :  โรงพยาบาลรัตนบุรี","0","0","0","0.00","0","0","0","0","0.00","0","0"
"10921  :  โรงพยาบาลสนม","0","0","0","0.00","0","0","0","0","0.00","0","0"
"10922  :  โรงพยาบาลศีขรภูมิ","0","0","0","0.00","0","0","0","0","0.00","0","0"
"10923  :  โรงพยาบาลสังขะ","0","0","0","0.00","0","0","0","0","0.00","0","0"
"10924  :  โรงพยาบาลลำดวน","0","0","0","0.00","0","0","0","0","0.00","0","0"
"10925  :  โรงพยาบาลสำโรงทาบ","0","0","0","0.00","0","0","0","0","0.00","0","0"
"10926  :  โรงพยาบาลบัวเชด","0","0","0","0.00","0","0","0","0","0.00","0","0"
"11494  :  โรงพยาบาลค่ายวีรวัฒน์โยธิน","0","0","0","0.00","0","0","0","0","0.00","0","0"
"22302  :  โรงพยาบาลพนมดงรัก เฉลิมพระเกียรติ 80 พรรษา","0","0","0","0.00","0","0","0","0","0.00","0","0"
"27842  :  โรงพยาบาลเขวาสินรินทร์","0","0","0","0.00","0","0","0","0","0.00","0","0"
"27843  :  โรงพยาบาลศรีณรงค์","0","0","0","0.00","0","0","0","0","0.00","0","0"
"27844  :  โรงพยาบาลโนนนารายณ์","0","0","0","0.00","0","0","0","0","0.00","0","0"
"10700  :  โรงพยาบาลศรีสะเกษ","879","0","0","0.00","0","0","0","0","0.00","0","0"
"10927  :  โรงพยาบาลยางชุมน้อย","672","0","0","0.00","0","0","0","0","0.00","0","0"
"10928  :  โรงพยาบาลกันทรารมย์","1,049","0","0","0.00","0","0","0","0","0.00","0","0"
"10929  :  โรงพยาบาลกันทรลักษ์","1,564","0","0","0.00","0","0","0","0","0.00","0","0"
"10930  :  โรงพยาบาลขุขันธ์","1,180","0","0","0.00","0","0","0","0","0.00","0","0"
"10931  :  โรงพยาบาลไพรบึง","1,658","0","0","0.00","0","0","0","0","0.00","0","0"
"10932  :  โรงพยาบาลปรางค์กู่","598","0","0","0.00","0","0","0","0","0.00","0","0"
"10933  :  โรงพยาบาลขุนหาญ","898","0","0","0.00","0","0","0","0","0.00","0","0"
"10934  :  โรงพยาบาลราษีไศล","901","0","0","0.00","0","0","0","0","0.00","0","0"
"10935  :  โรงพยาบาลอุทุมพรพิสัย","951","0","0","0.00","0","0","0","0","0.00","0","0"
"10936  :  โรงพยาบาลบึงบูรพ์","702","0","0","0.00","0","0","0","0","0.00","0","0"
"10937  :  โรงพยาบาลห้วยทับทัน","594","0","0","0.00","0","0","0","0","0.00","0","0"
"10938  :  โรงพยาบาลโนนคูณ","259","0","0","0.00","0","0","0","0","0.00","0","0"
"10939  :  โรงพยาบาลศรีรัตนะ","434","0","0","0.00","0","0","0","0","0.00","0","0"
"10940  :  โรงพยาบาลวังหิน","359","0","0","0.00","0","0","0","0","0.00","0","0"
"10941  :  โรงพยาบาลน้ำเกลี้ยง","209","0","0","0.00","0","0","0","0","0.00","0","0"
"10942  :  โรงพยาบาลภูสิงห์","667","0","0","0.00","0","0","0","0","0.00","0","0"
"10943  :  โรงพยาบาลเมืองจันทร์","303","0","0","0.00","0","0","0","0","0.00","0","0"
"23125  :  โรงพยาบาลเบญจลักษ์เฉลิมพระเกียรติ 80 พรรษา","483","0","0","0.00","0","0","0","0","0.00","0","0"
"28014  :  โรงพยาบาลพยุห์","490","0","0","0.00","0","0","0","0","0.00","0","0"
"28015  :  โรงพยาบาลโพธิ์ศรีสุวรรณ","276","0","0","0.00","0","0","0","0","0.00","0","0"
"28016  :  โรงพยาบาลศิลาลาด","629","0","0","0.00","0","0","0","0","0.00","0","0"
"10669  :  โรงพยาบาลสรรพสิทธิประสงค์","0","0","0","0.00","0","0","0","0","0.00","0","0"
"10944  :  โรงพยาบาลศรีเมืองใหม่","0","0","0","0.00","0","0","0","0","0.00","0","0"
"10945  :  โรงพยาบาลโขงเจียม","0","0","0","0.00","0","0","0","0","0.00","0","0"
"10946  :  โรงพยาบาลเขื่องใน","0","0","0","0.00","0","0","0","0","0.00","0","0"
"10947  :  โรงพยาบาลเขมราฐ","0","0","0","0.00","0","0","0","0","0.00","0","0"
"10948  :  โรงพยาบาลนาจะหลวย","0","0","0","0.00","0","0","0","0","0.00","0","0"
"10949  :  โรงพยาบาลน้ำยืน","0","0","0","0.00","0","0","0","0","0.00","0","0"
"10950  :  โรงพยาบาลบุณฑริก","0","0","0","0.00","0","0","0","0","0.00","0","0"
"10951  :  โรงพยาบาลตระการพืชผล","0","0","0","0.00","0","0","0","0","0.00","0","0"
"10952  :  โรงพยาบาลกุดข้าวปุ้น","0","0","0","0.00","0","0","0","0","0.00","0","0"
"10953  :  โรงพยาบาลม่วงสามสิบ","0","0","0","0.00","0","0","0","0","0.00","0","0"
"10954  :  โรงพยาบาลวารินชำราบ","0","0","0","0.00","0","0","0","0","0.00","0","0"
"10956  :  โรงพยาบาลพิบูลมังสาหาร","0","0","0","0.00","0","0","0","0","0.00","0","0"
"10957  :  โรงพยาบาลตาลสุม","0","0","0","0.00","0","0","0","0","0.00","0","0"
"10958  :  โรงพยาบาลโพธิ์ไทร","0","0","0","0.00","0","0","0","0","0.00","0","0"
"10959  :  โรงพยาบาลสำโรง","0","0","0","0.00","0","0","0","0","0.00","0","0"
"10960  :  โรงพยาบาลดอนมดแดง","0","0","0","0.00","0","0","0","0","0.00","0","0"
"10961  :  โรงพยาบาลสิรินธร","0","0","0","0.00","0","0","0","0","0.00","0","0"
"10962  :  โรงพยาบาลทุ่งศรีอุดม","0","0","0","0.00","0","0","0","0","0.00","0","0"
"11443  :  โรงพยาบาลสมเด็จพระยุพราชเดชอุดม","0","0","0","0.00","0","0","0","0","0.00","0","0"
"11495  :  โรงพยาบาลกองบิน 21","0","0","0","0.00","0","0","0","0","0.00","0","0"
"11496  :  โรงพยาบาลค่ายสรรพสิทธิประสงค์","0","0","0","0.00","0","0","0","0","0.00","0","0"
"11918  :  โรงพยาบาลเอกชนร่มเกล้า","0","0","0","0.00","0","0","0","0","0.00","0","0"
"12269  :  โรงพยาบาลพระศรีมหาโพธิ์","0","0","0","0.00","0","0","0","0","0.00","0","0"
"12270  :  โรงพยาบาลส่งเสริมสุขภาพ ศูนย์อนามัยที่ 10","0","0","0","0.00","0","0","0","0","0.00","0","0"
"21984  :  โรงพยาบาล 50 พรรษา มหาวชิราลงกรณ","0","0","0","0.00","0","0","0","0","0.00","0","0"
"24032  :  โรงพยาบาลนาตาล","0","0","0","0.00","0","0","0","0","0.00","0","0"
"24821  :  โรงพยาบาลนาเยีย","0","0","0","0.00","0","0","0","0","0.00","0","0"
"27967  :  โรงพยาบาลสว่างวีระวงศ์","0","0","0","0.00","0","0","0","0","0.00","0","0"
"27968  :  โรงพยาบาลน้ำขุ่น","0","0","0","0.00","0","0","0","0","0.00","0","0"
"27976  :  โรงพยาบาลเหล่าเสือโก้ก","0","0","0","0.00","0","0","0","0","0.00","0","0"
"10701  :  โรงพยาบาลยโสธร","0","0","0","0.00","0","0","0","0","0.00","0","0"
"10963  :  โรงพยาบาลทรายมูล","0","0","0","0.00","0","0","0","0","0.00","0","0"
"10964  :  โรงพยาบาลกุดชุม","0","0","0","0.00","0","0","0","0","0.00","0","0"
"10965  :  โรงพยาบาลคำเขื่อนแก้ว","1,405","0","0","0.00","0","0","0","0","0.00","0","0"
"10966  :  โรงพยาบาลป่าติ้ว","1,029","0","0","0.00","0","0","0","0","0.00","0","0"
"10967  :  โรงพยาบาลมหาชนะชัย","816","0","0","0.00","0","0","0","0","0.00","0","0"
"10968  :  โรงพยาบาลค้อวัง","661","0","0","0.00","0","0","0","0","0.00","0","0"
"10969  :  โรงพยาบาลไทยเจริญ","375","0","0","0.00","0","0","0","0","0.00","0","0"
"11444  :  โรงพยาบาลสมเด็จพระยุพราชเลิงนกทา","1,323","0","0","0.00","0","0","0","0","0.00","0","0"
"11921  :  โรงพยาบาลนายแพทย์หาญ","355","0","0","0.00","0","0","0","0","0.00","0","0"
"04007  :  โรงพยาบาลซับใหญ่","343","0","0","0.00","0","0","0","0","0.00","0","0"
"10702  :  โรงพยาบาลชัยภูมิ","3","0","0","0.00","0","0","0","0","0.00","0","0"
"10970  :  โรงพยาบาลบ้านเขว้า","2,696","0","0","0.00","0","0","0","0","0.00","0","0"
"10971  :  โรงพยาบาลคอนสวรรค์","1,501","0","0","0.00","0","0","0","0","0.00","0","0"
"10972  :  โรงพยาบาลเกษตรสมบูรณ์","1,387","0","0","0.00","0","0","0","0","0.00","0","0"
"10973  :  โรงพยาบาลหนองบัวแดง","1,685","0","0","0.00","0","0","0","0","0.00","0","0"
"10974  :  โรงพยาบาลจัตุรัส","1,725","0","0","0.00","0","0","0","0","0.00","0","0"
"10975  :  โรงพยาบาลบำเหน็จณรงค์","2,073","0","0","0.00","0","0","0","0","0.00","0","0"
"10976  :  โรงพยาบาลหนองบัวระเหว","570","0","0","0.00","0","0","0","0","0.00","0","0"
"10977  :  โรงพยาบาลเทพสถิต","1,596","0","0","0.00","0","0","0","0","0.00","0","0"
"10978  :  โรงพยาบาลภูเขียวเฉลิมพระเกียรติ","2,494","0","0","0.00","0","0","0","0","0.00","0","0"
"10979  :  โรงพยาบาลบ้านแท่น","1,620","0","0","0.00","0","0","0","0","0.00","0","0"
"10980  :  โรงพยาบาลแก้งคร้อ","1,574","0","0","0.00","0","0","0","0","0.00","0","0"
"10981  :  โรงพยาบาลคอนสาร","912","0","0","0.00","0","0","0","0","0.00","0","0"
"10982  :  โรงพยาบาลภักดีชุมพล","556","0","0","0.00","0","0","0","0","0.00","0","0"
"10983  :  โรงพยาบาลเนินสง่า","437","0","0","0.00","0","0","0","0","0.00","0","0"
"10703  :  โรงพยาบาลอำนาจเจริญ","1,264","0","0","0.00","0","0","0","0","0.00","0","0"
"10985  :  โรงพยาบาลชานุมาน","800","0","0","0.00","0","0","0","0","0.00","0","0"
"10986  :  โรงพยาบาลปทุมราชวงศา","785","0","0","0.00","0","0","0","0","0.00","0","0"
"10987  :  โรงพยาบาลพนา","771","0","0","0.00","0","0","0","0","0.00","0","0"
"10988  :  โรงพยาบาลเสนางคนิคม","1,290","0","0","0.00","0","0","0","0","0.00","0","0"
"10989  :  โรงพยาบาลหัวตะพาน","499","0","0","0.00","0","0","0","0","0.00","0","0"
"10990  :  โรงพยาบาลลืออำนาจ","650","0","0","0.00","0","0","0","0","0.00","0","0"
"11040  :  โรงพยาบาลบึงกาฬ","0","0","0","0.00","0","0","0","0","0.00","0","0"
"11041  :  โรงพยาบาลพรเจริญ","852","0","0","0.00","0","0","0","0","0.00","0","0"
"11043  :  โรงพยาบาลโซ่พิสัย","0","0","0","0.00","0","0","0","0","0.00","0","0"
"11046  :  โรงพยาบาลเซกา","0","0","0","0.00","0","0","0","0","0.00","0","0"
"11047  :  โรงพยาบาลปากคาด","854","0","0","0.00","0","0","0","0","0.00","0","0"
"11048  :  โรงพยาบาลบึงโขงหลง","0","0","0","0.00","0","0","0","0","0.00","0","0"
"11049  :  โรงพยาบาลศรีวิไล","1,052","0","0","0.00","0","0","0","0","0.00","0","0"
"11050  :  โรงพยาบาลบุ่งคล้า","257","0","0","0.00","0","0","0","0","0.00","0","0"
"10704  :  โรงพยาบาลหนองบัวลำภู","0","0","0","0.00","0","0","0","0","0.00","0","0"
"10991  :  โรงพยาบาลนากลาง","0","0","0","0.00","0","0","0","0","0.00","0","0"
"10992  :  โรงพยาบาลโนนสัง","0","0","0","0.00","0","0","0","0","0.00","0","0"
"10993  :  โรงพยาบาลศรีบุญเรือง","0","0","0","0.00","0","0","0","0","0.00","0","0"
"10994  :  โรงพยาบาลสุวรรณคูหา","0","0","0","0.00","0","0","0","0","0.00","0","0"
"23367  :  โรงพยาบาลนาวัง เฉลิมพระเกียรติ 80 พรรษา","0","0","0","0.00","0","0","0","0","0.00","0","0"
"10670  :  โรงพยาบาลขอนแก่น","0","0","0","0.00","0","0","0","0","0.00","0","0"
"10995  :  โรงพยาบาลบ้านฝาง","0","0","0","0.00","0","0","0","0","0.00","0","0"
"10996  :  โรงพยาบาลพระยืน","0","0","0","0.00","0","0","0","0","0.00","0","0"
"10997  :  โรงพยาบาลหนองเรือ","0","0","0","0.00","0","0","0","0","0.00","0","0"
"10998  :  โรงพยาบาลชุมแพ","0","0","0","0.00","0","0","0","0","0.00","0","0"
"10999  :  โรงพยาบาลสีชมพู","0","0","0","0.00","0","0","0","0","0.00","0","0"
"11000  :  โรงพยาบาลน้ำพอง","0","0","0","0.00","0","0","0","0","0.00","0","0"
"11001  :  โรงพยาบาลอุบลรัตน์","0","0","0","0.00","0","0","0","0","0.00","0","0"
"11002  :  โรงพยาบาลบ้านไผ่","0","0","0","0.00","0","0","0","0","0.00","0","0"
"11003  :  โรงพยาบาลเปือยน้อย","0","0","0","0.00","0","0","0","0","0.00","0","0"
"11004  :  โรงพยาบาลพล","0","0","0","0.00","0","0","0","0","0.00","0","0"
"11005  :  โรงพยาบาลแวงใหญ่","0","0","0","0.00","0","0","0","0","0.00","0","0"
"11006  :  โรงพยาบาลแวงน้อย","0","0","0","0.00","0","0","0","0","0.00","0","0"
"11007  :  โรงพยาบาลหนองสองห้อง","0","0","0","0.00","0","0","0","0","0.00","0","0"
"11008  :  โรงพยาบาลภูเวียง","0","0","0","0.00","0","0","0","0","0.00","0","0"
"11009  :  โรงพยาบาลมัญจาคีรี","0","0","0","0.00","0","0","0","0","0.00","0","0"
"11010  :  โรงพยาบาลชนบท","0","0","0","0.00","0","0","0","0","0.00","0","0"
"11011  :  โรงพยาบาลเขาสวนกวาง","0","0","0","0.00","0","0","0","0","0.00","0","0"
"11012  :  โรงพยาบาลภูผาม่าน","0","0","0","0.00","0","0","0","0","0.00","0","0"
"11445  :  โรงพยาบาลสมเด็จพระยุพราชกระนวน","0","0","0","0.00","0","0","0","0","0.00","0","0"
"11497  :  โรงพยาบาลค่ายศรีพัชรินทร","0","0","0","0.00","0","0","0","0","0.00","0","0"
"11936  :  โรงพยาบาลขอนแก่นราม","0","0","0","0.00","0","0","0","0","0.00","0","0"
"12272  :  โรงพยาบาลจิตเวชขอนแก่นราชนครินทร์","0","0","0","0.00","0","0","0","0","0.00","0","0"
"12273  :  โรงพยาบาลส่งเสริมสุขภาพ ศูนย์อนามัยที่ 7","0","0","0","0.00","0","0","0","0","0.00","0","0"
"12275  :  โรงพยาบาลสิรินธร(ภาคตะวันออกเฉียงเหนือ)","0","0","0","0.00","0","0","0","0","0.00","0","0"
"13777  :  โรงพยาบาลศรีนครินทร์ มหาวิทยาลัยขอนแก่น","0","0","0","0.00","0","0","0","0","0.00","0","0"
"14132  :  โรงพยาบาลซำสูง","0","0","0","0.00","0","0","0","0","0.00","0","0"
"14196  :  โรงพยาบาลธัญญรักษ์ขอนแก่น","0","0","0","0.00","0","0","0","0","0.00","0","0"
"24746  :  สถาบันสุขภาพจิตเด็กและวัยรุ่นภาคตะวันออกเฉียงเหนือ","0","0","0","0.00","0","0","0","0","0.00","0","0"
"77649  :  โรงพยาบาลหนองนาคำ","0","0","0","0.00","0","0","0","0","0.00","0","0"
"77650  :  โรงพยาบาลเวียงเก่า","0","0","0","0.00","0","0","0","0","0.00","0","0"
"77651  :  โรงพยาบาลโคกโพธิ์ไชย","0","0","0","0.00","0","0","0","0","0.00","0","0"
"77652  :  โรงพยาบาลโนนศิลา","0","0","0","0.00","0","0","0","0","0.00","0","0"
"10671  :  โรงพยาบาลอุดรธานี","0","0","0","0.00","0","0","0","0","0.00","0","0"
"11013  :  โรงพยาบาลกุดจับ","660","0","0","0.00","0","0","0","0","0.00","0","0"
"11014  :  โรงพยาบาลหนองวัวซอ","805","0","0","0.00","0","0","0","0","0.00","0","0"
"11015  :  โรงพยาบาลกุมภวาปี","1,527","0","0","0.00","0","0","0","0","0.00","0","0"
"11016  :  โรงพยาบาลห้วยเกิ้ง","259","0","0","0.00","0","0","0","0","0.00","0","0"
"11017  :  โรงพยาบาลโนนสะอาด","1,006","0","0","0.00","0","0","0","0","0.00","0","0"
"11018  :  โรงพยาบาลหนองหาน","1,904","0","0","0.00","0","0","0","0","0.00","0","0"
"11019  :  โรงพยาบาลทุ่งฝน","995","0","0","0.00","0","0","0","0","0.00","0","0"
"11020  :  โรงพยาบาลไชยวาน","953","0","0","0.00","0","0","0","0","0.00","0","0"
"11021  :  โรงพยาบาลศรีธาตุ","587","0","0","0.00","0","0","0","0","0.00","0","0"
"11022  :  โรงพยาบาลวังสามหมอ","809","0","0","0.00","0","0","0","0","0.00","0","0"
"11023  :  โรงพยาบาลบ้านผือ","1,264","0","0","0.00","0","0","0","0","0.00","0","0"
"11024  :  โรงพยาบาลน้ำโสม","1,299","0","0","0.00","0","0","0","0","0.00","0","0"
"11025  :  โรงพยาบาลเพ็ญ","1,157","0","0","0.00","0","0","0","0","0.00","0","0"
"11026  :  โรงพยาบาลสร้างคอม","921","0","0","0.00","0","0","0","0","0.00","0","0"
"11027  :  โรงพยาบาลหนองแสง","720","0","0","0.00","0","0","0","0","0.00","0","0"
"11028  :  โรงพยาบาลนายูง","362","0","0","0.00","0","0","0","0","0.00","0","0"
"11029  :  โรงพยาบาลพิบูลย์รักษ์","367","0","0","0.00","0","0","0","0","0.00","0","0"
"11446  :  โรงพยาบาลสมเด็จพระยุพราชบ้านดุง","1,844","0","0","0.00","0","0","0","0","0.00","0","0"
"11501  :  โรงพยาบาลค่ายประจักษ์ศิลปาคม","695","0","0","0.00","0","0","0","0","0.00","0","0"
"12276  :  โรงพยาบาลมะเร็งอุดรธานี","0","0","0","0.00","0","0","0","0","0.00","0","0"
"23951  :  โรงพยาบาลธัญญารักษ์อุดรธานี","0","0","0","0.00","0","0","0","0","0.00","0","0"
"25058  :  โรงพยาบาลกู่แก้ว","0","0","0","0.00","0","0","0","0","0.00","0","0"
"25059  :  โรงพยาบาลประจักษ์ศิลปาคม","1","0","0","0.00","0","0","0","0","0.00","0","0"
"10705  :  โรงพยาบาลเลย","2,620","0","0","0.00","0","0","0","0","0.00","0","0"
"11030  :  โรงพยาบาลนาด้วง","907","0","0","0.00","0","0","0","0","0.00","0","0"
"11031  :  โรงพยาบาลเชียงคาน","1,454","0","0","0.00","0","0","0","0","0.00","0","0"
"11032  :  โรงพยาบาลปากชม","499","0","0","0.00","0","0","0","0","0.00","0","0"
"11033  :  โรงพยาบาลนาแห้ว","234","0","0","0.00","0","0","0","0","0.00","0","0"
"11034  :  โรงพยาบาลภูเรือ","595","0","0","0.00","0","0","0","0","0.00","0","0"
"11035  :  โรงพยาบาลท่าลี่","610","0","0","0.00","0","0","0","0","0.00","0","0"
"11036  :  โรงพยาบาลวังสะพุง","2,083","0","0","0.00","0","0","0","0","0.00","0","0"
"11037  :  โรงพยาบาลภูกระดึง","1,503","0","0","0.00","0","0","0","0","0.00","0","0"
"11038  :  โรงพยาบาลภูหลวง","774","0","0","0.00","0","0","0","0","0.00","0","0"
"11039  :  โรงพยาบาลผาขาว","943","0","0","0.00","0","0","0","0","0.00","0","0"
"11447  :  โรงพยาบาลสมเด็จพระยุพราชด่านซ้าย","1,237","0","0","0.00","0","0","0","0","0.00","0","0"
"14133  :  โรงพยาบาลเอราวัณ","779","0","0","0.00","0","0","0","0","0.00","0","0"
"14644  :  โรงพยาบาลจิตเวชเลยราชนครินทร์","0","0","0","0.00","0","0","0","0","0.00","0","0"
"28861  :  โรงพยาบาลหนองหิน","87","0","0","0.00","0","0","0","0","0.00","0","0"
"10706  :  โรงพยาบาลหนองคาย","2,357","0","0","0.00","0","0","0","0","0.00","0","0"
"11042  :  โรงพยาบาลโพนพิสัย","595","0","0","0.00","0","0","0","0","0.00","0","0"
"11044  :  โรงพยาบาลศรีเชียงใหม่","1,439","0","0","0.00","0","0","0","0","0.00","0","0"
"11045  :  โรงพยาบาลสังคม","403","0","0","0.00","0","0","0","0","0.00","0","0"
"11448  :  โรงพยาบาลสมเด็จพระยุพราชท่าบ่อ","2,042","0","0","0.00","0","0","0","0","0.00","0","0"
"14558  :  โรงพยาบาลพิสัยเวช","1,323","0","0","0.00","0","0","0","0","0.00","0","0"
"21356  :  โรงพยาบาลสระใคร","190","0","0","0.00","0","0","0","0","0.00","0","0"
"28778  :  โรงพยาบาลโพธิ์ตาก","173","0","0","0.00","0","0","0","0","0.00","0","0"
"28811  :  โรงพยาบาลเฝ้าไร่","337","0","0","0.00","0","0","0","0","0.00","0","0"
"28815  :  โรงพยาบาลรัตนวาปี","151","0","0","0.00","0","0","0","0","0.00","0","0"
"10707  :  โรงพยาบาลมหาสารคาม","2","0","0","0.00","0","0","0","0","0.00","0","0"
"11051  :  โรงพยาบาลแกดำ","913","0","0","0.00","0","0","0","0","0.00","0","0"
"11052  :  โรงพยาบาลโกสุมพิสัย","2,159","0","0","0.00","0","0","0","0","0.00","0","0"
"11053  :  โรงพยาบาลกันทรวิชัย","1,121","0","0","0.00","0","0","0","0","0.00","0","0"
"11054  :  โรงพยาบาลเชียงยืน","1,577","0","0","0.00","0","0","0","0","0.00","0","0"
"11055  :  โรงพยาบาลบรบือ","2,287","0","0","0.00","0","0","0","0","0.00","0","0"
"11056  :  โรงพยาบาลนาเชือก","771","0","0","0.00","0","0","0","0","0.00","0","0"
"11057  :  โรงพยาบาลพยัคฆภูมิพิสัย","1,213","0","0","0.00","0","0","0","0","0.00","0","0"
"11058  :  โรงพยาบาลวาปีปทุม","1,880","0","0","0.00","0","0","0","0","0.00","0","0"
"11059  :  โรงพยาบาลนาดูน","543","0","0","0.00","0","0","0","0","0.00","0","0"
"11060  :  โรงพยาบาลยางสีสุราช","710","0","0","0.00","0","0","0","0","0.00","0","0"
"22953  :  โรงพยาบาลสุทธาเวช คณะแพทยศาสตร์ มหาวิทยาลัยมหาสารคาม","1,101","0","0","0.00","0","0","0","0","0.00","0","0"
"24704  :  โรงพยาบาลกุดรัง","229","0","0","0.00","0","0","0","0","0.00","0","0"
"28843  :  โรงพยาบาลชื่นชม","289","0","0","0.00","0","0","0","0","0.00","0","0"
"10708  :  โรงพยาบาลร้อยเอ็ด","30","0","0","0.00","0","0","0","0","0.00","0","0"
"11061  :  โรงพยาบาลเกษตรวิสัย","1,466","1","1","100.00","0","0","0","0","0.00","0","0"
"11062  :  โรงพยาบาลปทุมรัตต์","1,166","1","0","0.00","1","0","0","0","0.00","0","0"
"11063  :  โรงพยาบาลจตุรพักตรพิมาน","1,506","1","1","100.00","0","0","0","0","0.00","0","0"
"11064  :  โรงพยาบาลธวัชบุรี","714","19","14","73.68","2","3","0","0","0.00","0","0"
"11065  :  โรงพยาบาลพนมไพร","0","0","0","0.00","0","0","0","0","0.00","0","0"
"11066  :  โรงพยาบาลโพนทอง","1,296","1","1","100.00","0","0","0","0","0.00","0","0"
"11067  :  โรงพยาบาลโพธิ์ชัย","1,026","0","0","0.00","0","0","0","0","0.00","0","0"
"11068  :  โรงพยาบาลหนองพอก","971","0","0","0.00","0","0","0","0","0.00","0","0"
"11069  :  โรงพยาบาลเสลภูมิ","1,465","9","9","100.00","0","0","0","0","0.00","0","0"
"11070  :  โรงพยาบาลสุวรรณภูมิ","2,282","0","0","0.00","0","0","0","0","0.00","0","0"
"11071  :  โรงพยาบาลเมืองสรวง","518","0","0","0.00","0","0","0","0","0.00","0","0"
"11072  :  โรงพยาบาลโพนทราย","702","0","0","0.00","0","0","0","0","0.00","0","0"
"11073  :  โรงพยาบาลอาจสามารถ","1,106","9","8","88.89","1","0","0","0","0.00","0","0"
"11074  :  โรงพยาบาลเมยวดี","547","4","4","100.00","0","0","0","0","0.00","0","0"
"11075  :  โรงพยาบาลศรีสมเด็จ","709","1","1","100.00","0","0","0","0","0.00","0","0"
"11076  :  โรงพยาบาลจังหาร","776","1","1","100.00","0","0","0","0","0.00","0","0"
"11504  :  โรงพยาบาลค่ายสมเด็จพระพุทธยอดฟ้าจุฬาโลกมหาราช","160","0","0","0.00","0","0","0","0","0.00","0","0"
"11964  :  โรงพยาบาลทั่วไปขนาดใหญ่จุรีเวช","887","0","0","0.00","0","0","0","0","0.00","0","0"
"27988  :  โรงพยาบาลทุ่งเขาหลวง","241","0","0","0.00","0","0","0","0","0.00","0","0"
"27989  :  โรงพยาบาลเชียงขวัญ","274","1","1","100.00","0","0","0","0","0.00","0","0"
"27990  :  โรงพยาบาลหนองฮี","421","2","2","100.00","0","0","0","0","0.00","0","0"
"10709  :  โรงพยาบาลกาฬสินธุ์","0","0","0","0.00","0","0","0","0","0.00","0","0"
"11077  :  โรงพยาบาลนามน","0","0","0","0.00","0","0","0","0","0.00","0","0"
"11078  :  โรงพยาบาลกมลาไสย","0","0","0","0.00","0","0","0","0","0.00","0","0"
"11079  :  โรงพยาบาลร่องคำ","0","0","0","0.00","0","0","0","0","0.00","0","0"
"11080  :  โรงพยาบาลเขาวง","0","0","0","0.00","0","0","0","0","0.00","0","0"
"11081  :  โรงพยาบาลยางตลาด","0","0","0","0.00","0","0","0","0","0.00","0","0"
"11082  :  โรงพยาบาลห้วยเม็ก","0","0","0","0.00","0","0","0","0","0.00","0","0"
"11083  :  โรงพยาบาลสหัสขันธ์","0","0","0","0.00","0","0","0","0","0.00","0","0"
"11084  :  โรงพยาบาลคำม่วง","0","0","0","0.00","0","0","0","0","0.00","0","0"
"11085  :  โรงพยาบาลท่าคันโท","0","0","0","0.00","0","0","0","0","0.00","0","0"
"11086  :  โรงพยาบาลหนองกุงศรี","0","0","0","0.00","0","0","0","0","0.00","0","0"
"11087  :  โรงพยาบาลสมเด็จ","0","0","0","0.00","0","0","0","0","0.00","0","0"
"11088  :  โรงพยาบาลห้วยผึ้ง","0","0","0","0.00","0","0","0","0","0.00","0","0"
"11449  :  โรงพยาบาลสมเด็จพระยุพราชกุฉินารายณ์","0","0","0","0.00","0","0","0","0","0.00","0","0"
"11965  :  โรงพยาบาลธีรวัฒน์","0","0","0","0.00","0","0","0","0","0.00","0","0"
"28017  :  โรงพยาบาลนาคู","0","0","0","0.00","0","0","0","0","0.00","0","0"
"28789  :  โรงพยาบาลฆ้องชัย","0","0","0","0.00","0","0","0","0","0.00","0","0"
"28790  :  โรงพยาบาลดอนจาน","0","0","0","0.00","0","0","0","0","0.00","0","0"
"28791  :  โรงพยาบาลสามชัย","0","0","0","0.00","0","0","0","0","0.00","0","0"
"10710  :  โรงพยาบาลสกลนคร","0","0","0","0.00","0","0","0","0","0.00","0","0"
"11089  :  โรงพยาบาลกุสุมาลย์","747","0","0","0.00","0","0","0","0","0.00","0","0"
"11090  :  โรงพยาบาลกุดบาก","535","0","0","0.00","0","0","0","0","0.00","0","0"
"11091  :  โรงพยาบาลพระอาจารย์ฝั้นอาจาโร","603","0","0","0.00","0","0","0","0","0.00","0","0"
"11092  :  โรงพยาบาลพังโคน","1,258","0","0","0.00","0","0","0","0","0.00","0","0"
"11093  :  โรงพยาบาลวาริชภูมิ","1,259","0","0","0.00","0","0","0","0","0.00","0","0"
"11094  :  โรงพยาบาลนิคมน้ำอูน","347","0","0","0.00","0","0","0","0","0.00","0","0"
"11095  :  โรงพยาบาลวานรนิวาส","0","0","0","0.00","0","0","0","0","0.00","0","0"
"11096  :  โรงพยาบาลคำตากล้า","1,102","0","0","0.00","0","0","0","0","0.00","0","0"
"11097  :  โรงพยาบาลบ้านม่วง","743","0","0","0.00","0","0","0","0","0.00","0","0"
"11098  :  โรงพยาบาลอากาศอำนวย","1,490","0","0","0.00","0","0","0","0","0.00","0","0"
"11099  :  โรงพยาบาลส่องดาว","855","0","0","0.00","0","0","0","0","0.00","0","0"
"11100  :  โรงพยาบาลเต่างอย","322","0","0","0.00","0","0","0","0","0.00","0","0"
"11101  :  โรงพยาบาลโคกศรีสุพรรณ","915","0","0","0.00","0","0","0","0","0.00","0","0"
"11102  :  โรงพยาบาลเจริญศิลป์","731","0","0","0.00","0","0","0","0","0.00","0","0"
"11103  :  โรงพยาบาลโพนนาแก้ว","337","0","0","0.00","0","0","0","0","0.00","0","0"
"11450  :  โรงพยาบาลสมเด็จพระยุพราชสว่างแดนดิน","3,216","0","0","0.00","0","0","0","0","0.00","0","0"
"11505  :  โรงพยาบาลค่ายกฤษณ์สีวะรา","1,087","0","0","0.00","0","0","0","0","0.00","0","0"
"21323  :  โรงพยาบาลพระอาจารย์แบน  ธนากโร","439","0","0","0.00","0","0","0","0","0.00","0","0"
"24976  :  โรงพยาบาลการแพทย์แผนไทยสกลนคร หลวงปู่แฟ๊ป สุภัทโท","2","0","0","0.00","0","0","0","0","0.00","0","0"
"10711  :  โรงพยาบาลนครพนม","43","0","0","0.00","0","0","0","0","0.00","0","0"
"11104  :  โรงพยาบาลปลาปาก","1,135","0","0","0.00","0","0","0","0","0.00","0","0"
"11105  :  โรงพยาบาลท่าอุเทน","576","0","0","0.00","0","0","0","0","0.00","0","0"
"11106  :  โรงพยาบาลบ้านแพง","934","0","0","0.00","0","0","0","0","0.00","0","0"
"11107  :  โรงพยาบาลนาทม","269","0","0","0.00","0","0","0","0","0.00","0","0"
"11108  :  โรงพยาบาลเรณูนคร","1,043","0","0","0.00","0","0","0","0","0.00","0","0"
"11109  :  โรงพยาบาลนาแก","791","0","0","0.00","0","0","0","0","0.00","0","0"
"11110  :  โรงพยาบาลศรีสงคราม","774","0","0","0.00","0","0","0","0","0.00","0","0"
"11111  :  โรงพยาบาลนาหว้า","1,444","0","0","0.00","0","0","0","0","0.00","0","0"
"11112  :  โรงพยาบาลโพนสวรรค์","1,157","0","0","0.00","0","0","0","0","0.00","0","0"
"11451  :  โรงพยาบาลสมเด็จพระยุพราชธาตุพนม","232","0","0","0.00","0","0","0","0","0.00","0","0"
"12277  :  โรงพยาบาลจิตเวชนครพนมราชนครินทร์","0","0","0","0.00","0","0","0","0","0.00","0","0"
"40840  :  โรงพยาบาลวังยาง","249","0","0","0.00","0","0","0","0","0.00","0","0"
"10712  :  โรงพยาบาลมุกดาหาร","0","0","0","0.00","0","0","0","0","0.00","0","0"
"11113  :  โรงพยาบาลนิคมคำสร้อย","0","0","0","0.00","0","0","0","0","0.00","0","0"
"11114  :  โรงพยาบาลดอนตาล","0","0","0","0.00","0","0","0","0","0.00","0","0"
"11115  :  โรงพยาบาลดงหลวง","0","0","0","0.00","0","0","0","0","0.00","0","0"
"11116  :  โรงพยาบาลคำชะอี","0","0","0","0.00","0","0","0","0","0.00","0","0"
"11117  :  โรงพยาบาลหว้านใหญ่","0","0","0","0.00","0","0","0","0","0.00","0","0"
"11118  :  โรงพยาบาลหนองสูง","0","0","0","0.00","0","0","0","0","0.00","0","0"
"06009  :  โรงพยาบาลแม่ตื่น","0","0","0","0.00","0","0","0","0","0.00","0","0"
"10713  :  โรงพยาบาลนครพิงค์","0","0","0","0.00","0","0","0","0","0.00","0","0"
"11119  :  โรงพยาบาลจอมทอง","0","0","0","0.00","0","0","0","0","0.00","0","0"
"11120  :  โรงพยาบาลเทพรัตนเวชชานุกูล เฉลิมพระเกียรติ ๖๐ พรรษา","0","0","0","0.00","0","0","0","0","0.00","0","0"
"11121  :  โรงพยาบาลเชียงดาว","0","0","0","0.00","0","0","0","0","0.00","0","0"
"11122  :  โรงพยาบาลดอยสะเก็ด","0","0","0","0.00","0","0","0","0","0.00","0","0"
"11123  :  โรงพยาบาลแม่แตง","0","0","0","0.00","0","0","0","0","0.00","0","0"
"11124  :  โรงพยาบาลสะเมิง","0","0","0","0.00","0","0","0","0","0.00","0","0"
"11125  :  โรงพยาบาลฝาง","0","0","0","0.00","0","0","0","0","0.00","0","0"
"11126  :  โรงพยาบาลแม่อาย","0","0","0","0.00","0","0","0","0","0.00","0","0"
"11127  :  โรงพยาบาลพร้าว","0","0","0","0.00","0","0","0","0","0.00","0","0"
"11128  :  โรงพยาบาลสันป่าตอง","0","0","0","0.00","0","0","0","0","0.00","0","0"
"11129  :  โรงพยาบาลสันกำแพง","0","0","0","0.00","0","0","0","0","0.00","0","0"
"11130  :  โรงพยาบาลสันทราย","0","0","0","0.00","0","0","0","0","0.00","0","0"
"11131  :  โรงพยาบาลหางดง","0","0","0","0.00","0","0","0","0","0.00","0","0"
"11132  :  โรงพยาบาลฮอด","0","0","0","0.00","0","0","0","0","0.00","0","0"
"11133  :  โรงพยาบาลดอยเต่า","0","0","0","0.00","0","0","0","0","0.00","0","0"
"11134  :  โรงพยาบาลอมก๋อย","0","0","0","0.00","0","0","0","0","0.00","0","0"
"11135  :  โรงพยาบาลสารภี","0","0","0","0.00","0","0","0","0","0.00","0","0"
"11136  :  โรงพยาบาลเวียงแหง","0","0","0","0.00","0","0","0","0","0.00","0","0"
"11137  :  โรงพยาบาลไชยปราการ","0","0","0","0.00","0","0","0","0","0.00","0","0"
"11138  :  โรงพยาบาลแม่วาง","0","0","0","0.00","0","0","0","0","0.00","0","0"
"11139  :  โรงพยาบาลแม่ออน","0","0","0","0.00","0","0","0","0","0.00","0","0"
"11507  :  โรงพยาบาลกองบิน 41","0","0","0","0.00","0","0","0","0","0.00","0","0"
"11508  :  โรงพยาบาลค่ายกาวิละ เชียงใหม่","0","0","0","0.00","0","0","0","0","0.00","0","0"
"11643  :  โรงพยาบาลดอยหล่อ","0","0","0","0.00","0","0","0","0","0.00","0","0"
"11978  :  โรงพยาบาลดารารัศมี","0","0","0","0.00","0","0","0","0","0.00","0","0"
"11992  :  โรงพยาบาลเทพปัญญา 2 โรงพยาบาลทั่วไปขนาดกลาง","0","0","0","0.00","0","0","0","0","0.00","0","0"
"11995  :  โรงพยาบาลทั่วไปขนาดใหญ่เซ็นทรัลเชียงใหม่ เมโมเรียล","0","0","0","0.00","0","0","0","0","0.00","0","0"
"11999  :  โรงพยาบาลทั่วไปขนาดใหญ่เชียงใหม่เมดิคอลเซ็นเตอร์","0","0","0","0.00","0","0","0","0","0.00","0","0"
"12279  :  โรงพยาบาลส่งเสริมสุขภาพ ศูนย์อนามัยที่ 1","0","0","0","0.00","0","0","0","0","0.00","0","0"
"12280  :  โรงพยาบาลสวนปรุง","0","0","0","0.00","0","0","0","0","0.00","0","0"
"12281  :  โรงพยาบาลประสาทเชียงใหม่","0","0","0","0.00","0","0","0","0","0.00","0","0"
"13775  :  สถาบันพัฒนาการเด็กราชนครินทร์","0","0","0","0.00","0","0","0","0","0.00","0","0"
"13780  :  โรงพยาบาลมหาราชนครเชียงใหม่  มหาวิทยาลัยเชียงใหม่","0","0","0","0.00","0","0","0","0","0.00","0","0"
"13785  :  โรงพยาบาลธัญญารักษ์เชียงใหม่","0","0","0","0.00","0","0","0","0","0.00","0","0"
"14550  :  โรงพยาบาลทั่วไปขนาดใหญ่ เชียงใหม่ใกล้หมอ","0","0","0","0.00","0","0","0","0","0.00","0","0"
"14916  :  โรงพยาบาลทั่วไปขนาดกลางเชียงใหม่ฮอสพิทอล","0","0","0","0.00","0","0","0","0","0.00","0","0"
"23736  :  โรงพยาบาลวัดจันทร์ เฉลิมพระเกียรติ 80 พรรษา","0","0","0","0.00","0","0","0","0","0.00","0","0"
"10714  :  โรงพยาบาลลำพูน","15","0","0","0.00","0","0","0","0","0.00","0","0"
"11140  :  โรงพยาบาลแม่ทา","1,041","0","0","0.00","0","0","0","0","0.00","0","0"
"11141  :  โรงพยาบาลบ้านโฮ่ง","1,729","0","0","0.00","0","0","0","0","0.00","0","0"
"11142  :  โรงพยาบาลลี้","0","0","0","0.00","0","0","0","0","0.00","0","0"
"11143  :  โรงพยาบาลทุ่งหัวช้าง","637","0","0","0.00","0","0","0","0","0.00","0","0"
"11144  :  โรงพยาบาลป่าซาง","857","0","0","0.00","0","0","0","0","0.00","0","0"
"11145  :  โรงพยาบาลบ้านธิ","1,530","0","0","0.00","0","0","0","0","0.00","0","0"
"12000  :  โรงพยาบาลหริภุญชัยเมโมเรียล","0","0","0","0.00","0","0","0","0","0.00","0","0"
"14555  :  โรงพยาบาลทั่วไปขนาดกลางศิริเวช ลำพูน","469","0","0","0.00","0","0","0","0","0.00","0","0"
"24956  :  โรงพยาบาลเวียงหนองล่อง","386","0","0","0.00","0","0","0","0","0.00","0","0"
"10672  :  โรงพยาบาลลำปาง","0","0","0","0.00","0","0","0","0","0.00","0","0"
"11146  :  โรงพยาบาลแม่เมาะ","0","0","0","0.00","0","0","0","0","0.00","0","0"
"11147  :  โรงพยาบาลเกาะคา","0","0","0","0.00","0","0","0","0","0.00","0","0"
"11148  :  โรงพยาบาลเสริมงาม","0","0","0","0.00","0","0","0","0","0.00","0","0"
"11149  :  โรงพยาบาลงาว","0","0","0","0.00","0","0","0","0","0.00","0","0"
"11150  :  โรงพยาบาลแจ้ห่ม","0","0","0","0.00","0","0","0","0","0.00","0","0"
"11151  :  โรงพยาบาลวังเหนือ","0","0","0","0.00","0","0","0","0","0.00","0","0"
"11152  :  โรงพยาบาลเถิน","0","0","0","0.00","0","0","0","0","0.00","0","0"
"11153  :  โรงพยาบาลแม่พริก","0","0","0","0.00","0","0","0","0","0.00","0","0"
"11154  :  โรงพยาบาลแม่ทะ","0","0","0","0.00","0","0","0","0","0.00","0","0"
"11155  :  โรงพยาบาลสบปราบ","0","0","0","0.00","0","0","0","0","0.00","0","0"
"11156  :  โรงพยาบาลห้างฉัตร","0","0","0","0.00","0","0","0","0","0.00","0","0"
"11157  :  โรงพยาบาลเมืองปาน","0","0","0","0.00","0","0","0","0","0.00","0","0"
"11512  :  โรงพยาบาลค่ายสุรศักดิ์มนตรี","0","0","0","0.00","0","0","0","0","0.00","0","0"
"12283  :  โรงพยาบาลมะเร็งลำปาง","0","0","0","0.00","0","0","0","0","0.00","0","0"
"10673  :  โรงพยาบาลอุตรดิตถ์","3,553","0","0","0.00","0","0","0","0","0.00","0","0"
"11158  :  โรงพยาบาลตรอน","1,022","0","0","0.00","0","0","0","0","0.00","0","0"
"11159  :  โรงพยาบาลท่าปลา","1,008","0","0","0.00","0","0","0","0","0.00","0","0"
"11160  :  โรงพยาบาลน้ำปาด","855","0","0","0.00","0","0","0","0","0.00","0","0"
"11161  :  โรงพยาบาลฟากท่า","809","0","0","0.00","0","0","0","0","0.00","0","0"
"11162  :  โรงพยาบาลบ้านโคก","523","0","0","0.00","0","0","0","0","0.00","0","0"
"11163  :  โรงพยาบาลพิชัย","1,160","0","0","0.00","0","0","0","0","0.00","0","0"
"11164  :  โรงพยาบาลลับแล","667","0","0","0.00","0","0","0","0","0.00","0","0"
"11165  :  โรงพยาบาลทองแสนขัน","784","0","0","0.00","0","0","0","0","0.00","0","0"
"11509  :  โรงพยาบาลค่ายพิชัยดาบหัก","468","0","0","0.00","0","0","0","0","0.00","0","0"
"10715  :  โรงพยาบาลแพร่","0","0","0","0.00","0","0","0","0","0.00","0","0"
"11166  :  โรงพยาบาลร้องกวาง","0","0","0","0.00","0","0","0","0","0.00","0","0"
"11167  :  โรงพยาบาลลอง","0","0","0","0.00","0","0","0","0","0.00","0","0"
"11169  :  โรงพยาบาลสูงเม่น","0","0","0","0.00","0","0","0","0","0.00","0","0"
"11170  :  โรงพยาบาลสอง","0","0","0","0.00","0","0","0","0","0.00","0","0"
"11171  :  โรงพยาบาลวังชิ้น","0","0","0","0.00","0","0","0","0","0.00","0","0"
"11172  :  โรงพยาบาลหนองม่วงไข่","0","0","0","0.00","0","0","0","0","0.00","0","0"
"11452  :  โรงพยาบาลสมเด็จพระยุพราชเด่นชัย","0","0","0","0.00","0","0","0","0","0.00","0","0"
"10716  :  โรงพยาบาลน่าน","4,589","0","0","0.00","0","0","0","0","0.00","0","0"
"11173  :  โรงพยาบาลแม่จริม","402","0","0","0.00","0","0","0","0","0.00","0","0"
"11174  :  โรงพยาบาลบ้านหลวง","289","0","0","0.00","0","0","0","0","0.00","0","0"
"11175  :  โรงพยาบาลนาน้อย","1,024","0","0","0.00","0","0","0","0","0.00","0","0"
"11176  :  โรงพยาบาลท่าวังผา","586","0","0","0.00","0","0","0","0","0.00","0","0"
"11177  :  โรงพยาบาลเวียงสา","1,919","0","0","0.00","0","0","0","0","0.00","0","0"
"11178  :  โรงพยาบาลทุ่งช้าง","434","0","0","0.00","0","0","0","0","0.00","0","0"
"11179  :  โรงพยาบาลเชียงกลาง","645","0","0","0.00","0","0","0","0","0.00","0","0"
"11180  :  โรงพยาบาลนาหมื่น","627","0","0","0.00","0","0","0","0","0.00","0","0"
"11181  :  โรงพยาบาลสันติสุข","442","0","0","0.00","0","0","0","0","0.00","0","0"
"11182  :  โรงพยาบาลบ่อเกลือ","211","0","0","0.00","0","0","0","0","0.00","0","0"
"11183  :  โรงพยาบาลสองแคว","330","0","0","0.00","0","0","0","0","0.00","0","0"
"11453  :  โรงพยาบาลสมเด็จพระยุพราชปัว","540","0","0","0.00","0","0","0","0","0.00","0","0"
"11510  :  โรงพยาบาลค่ายสุริยพงษ์","10","0","0","0.00","0","0","0","0","0.00","0","0"
"11625  :  โรงพยาบาลเฉลิมพระเกียรติ","105","0","0","0.00","0","0","0","0","0.00","0","0"
"25017  :  โรงพยาบาลภูเพียง","0","0","0","0.00","0","0","0","0","0.00","0","0"
"10717  :  โรงพยาบาลพะเยา","0","0","0","0.00","0","0","0","0","0.00","0","0"
"10718  :  โรงพยาบาลเชียงคำ","0","0","0","0.00","0","0","0","0","0.00","0","0"
"11184  :  โรงพยาบาลจุน","0","0","0","0.00","0","0","0","0","0.00","0","0"
"11185  :  โรงพยาบาลเชียงม่วน","0","0","0","0.00","0","0","0","0","0.00","0","0"
"11186  :  โรงพยาบาลดอกคำใต้","0","0","0","0.00","0","0","0","0","0.00","0","0"
"11187  :  โรงพยาบาลปง","0","0","0","0.00","0","0","0","0","0.00","0","0"
"11188  :  โรงพยาบาลแม่ใจ","0","0","0","0.00","0","0","0","0","0.00","0","0"
"15140  :  โรงพยาบาลค่ายขุนเจืองธรรมิกราช","0","0","0","0.00","0","0","0","0","0.00","0","0"
"40744  :  โรงพยาบาลภูซาง","0","0","0","0.00","0","0","0","0","0.00","0","0"
"40745  :  โรงพยาบาลภูกามยาว","0","0","0","0.00","0","0","0","0","0.00","0","0"
"41347  :  โรงพยาบาลมหาวิทยาลัยพะเยา","0","0","0","0.00","0","0","0","0","0.00","0","0"
"10674  :  โรงพยาบาลเชียงรายประชานุเคราะห์","0","0","0","0.00","0","0","0","0","0.00","0","0"
"11189  :  โรงพยาบาลเทิง","0","0","0","0.00","0","0","0","0","0.00","0","0"
"11190  :  โรงพยาบาลพาน","0","0","0","0.00","0","0","0","0","0.00","0","0"
"11191  :  โรงพยาบาลป่าแดด","0","0","0","0.00","0","0","0","0","0.00","0","0"
"11192  :  โรงพยาบาลแม่จัน","0","0","0","0.00","0","0","0","0","0.00","0","0"
"11193  :  โรงพยาบาลเชียงแสน","0","0","0","0.00","0","0","0","0","0.00","0","0"
"11194  :  โรงพยาบาลแม่สาย","0","0","0","0.00","0","0","0","0","0.00","0","0"
"11195  :  โรงพยาบาลแม่สรวย","0","0","0","0.00","0","0","0","0","0.00","0","0"
"11196  :  โรงพยาบาลเวียงป่าเป้า","0","0","0","0.00","0","0","0","0","0.00","0","0"
"11197  :  โรงพยาบาลพญาเม็งราย","0","0","0","0.00","0","0","0","0","0.00","0","0"
"11198  :  โรงพยาบาลเวียงแก่น","0","0","0","0.00","0","0","0","0","0.00","0","0"
"11199  :  โรงพยาบาลขุนตาล","0","0","0","0.00","0","0","0","0","0.00","0","0"
"11200  :  โรงพยาบาลแม่ฟ้าหลวง","0","0","0","0.00","0","0","0","0","0.00","0","0"
"11201  :  โรงพยาบาลแม่ลาว","0","0","0","0.00","0","0","0","0","0.00","0","0"
"11202  :  โรงพยาบาลเวียงเชียงรุ้ง","0","0","0","0.00","0","0","0","0","0.00","0","0"
"11454  :  โรงพยาบาลสมเด็จพระยุพราชเชียงของ","0","0","0","0.00","0","0","0","0","0.00","0","0"
"15012  :  โรงพยาบาลสมเด็จพระญาณสังวร","0","0","0","0.00","0","0","0","0","0.00","0","0"
"23429  :  โรงพยาบาลมหาวิทยาลัยแม่ฟ้าหลวง","0","0","0","0.00","0","0","0","0","0.00","0","0"
"28823  :  โรงพยาบาลดอยหลวง","0","0","0","0.00","0","0","0","0","0.00","0","0"
"41509  :  โรงพยาบาลศูนย์การแพทย์มหาวิทยาลัยแม่ฟ้าหลวง","0","0","0","0.00","0","0","0","0","0.00","0","0"
"10719  :  โรงพยาบาลศรีสังวาลย์","727","0","0","0.00","0","0","0","0","0.00","0","0"
"11203  :  โรงพยาบาลขุนยวม","679","0","0","0.00","0","0","0","0","0.00","0","0"
"11204  :  โรงพยาบาลปาย","674","0","0","0.00","0","0","0","0","0.00","0","0"
"11205  :  โรงพยาบาลแม่สะเรียง","1,735","0","0","0.00","0","0","0","0","0.00","0","0"
"11206  :  โรงพยาบาลแม่ลาน้อย","599","0","0","0.00","0","0","0","0","0.00","0","0"
"11207  :  โรงพยาบาลสบเมย","297","0","0","0.00","0","0","0","0","0.00","0","0"
"11208  :  โรงพยาบาลปางมะผ้า","176","0","0","0.00","0","0","0","0","0.00","0","0"
"14197  :  โรงพยาบาลธัญญรักษ์แม่ฮ่องสอน","0","0","0","0.00","0","0","0","0","0.00","0","0"
"10675  :  โรงพยาบาลสวรรค์ประชารักษ์","0","0","0","0.00","0","0","0","0","0.00","0","0"
"11209  :  โรงพยาบาลโกรกพระ","1,186","0","0","0.00","0","0","0","0","0.00","0","0"
"11210  :  โรงพยาบาลชุมแสง","620","0","0","0.00","0","0","0","0","0.00","0","0"
"11211  :  โรงพยาบาลหนองบัว","2,027","0","0","0.00","0","0","0","0","0.00","0","0"
"11212  :  โรงพยาบาลบรรพตพิสัย","525","0","0","0.00","0","0","0","0","0.00","0","0"
"11213  :  โรงพยาบาลเก้าเลี้ยว","838","0","0","0.00","0","0","0","0","0.00","0","0"
"11214  :  โรงพยาบาลตาคลี","1,304","0","0","0.00","0","0","0","0","0.00","0","0"
"11215  :  โรงพยาบาลท่าตะโก","1,426","0","0","0.00","0","0","0","0","0.00","0","0"
"11216  :  โรงพยาบาลไพศาลี","1,175","0","0","0.00","0","0","0","0","0.00","0","0"
"11217  :  โรงพยาบาลพยุหะคีรี","1,446","0","0","0.00","0","0","0","0","0.00","0","0"
"11218  :  โรงพยาบาลลาดยาว","1,563","0","0","0.00","0","0","0","0","0.00","0","0"
"11219  :  โรงพยาบาลตากฟ้า","1,350","0","0","0.00","0","0","0","0","0.00","0","0"
"11220  :  โรงพยาบาลแม่วงก์","457","0","0","0.00","0","0","0","0","0.00","0","0"
"11513  :  โรงพยาบาลค่ายจิรประวัติ","693","0","0","0.00","0","0","0","0","0.00","0","0"
"12030  :  โรงพยาบาลพริ้นซ์ ปากน้ำโพ 1 โรงพยาบาลทั่วไปขนาดใหญ่","0","0","0","0.00","0","0","0","0","0.00","0","0"
"12033  :  โรงพยาบาลรวมแพทย์นครสวรรค์","0","0","0","0.00","0","0","0","0","0.00","0","0"
"12034  :  โรงพยาบาลพริ้นซ์ ปากน้ำโพ 2 โรงพยาบาลทั่วไปขนาดใหญ่","0","0","0","0.00","0","0","0","0","0.00","0","0"
"12042  :  โรงพยาบาลร่มฉัตร","0","0","0","0.00","0","0","0","0","0.00","0","0"
"12044  :  โรงพยาบาลศรีสวรรค์","0","0","0","0.00","0","0","0","0","0.00","0","0"
"12284  :  โรงพยาบาลส่งเสริมสุขภาพ ศูนย์อนามัยที่ 3","0","0","0","0.00","0","0","0","0","0.00","0","0"
"14171  :  โรงพยาบาลจิตเวชนครสวรรค์ราชนครินทร์","0","0","0","0.00","0","0","0","0","0.00","0","0"
"40749  :  โรงพยาบาลชุมตาบง","288","0","0","0.00","0","0","0","0","0.00","0","0"
"10720  :  โรงพยาบาลอุทัยธานี","153","0","0","0.00","0","0","0","0","0.00","0","0"
"11221  :  โรงพยาบาลทัพทัน","751","0","0","0.00","0","0","0","0","0.00","0","0"
"11222  :  โรงพยาบาลสว่างอารมณ์","620","0","0","0.00","0","0","0","0","0.00","0","0"
"11223  :  โรงพยาบาลหนองฉาง","711","0","0","0.00","0","0","0","0","0.00","0","0"
"11224  :  โรงพยาบาลหนองขาหย่าง","440","0","0","0.00","0","0","0","0","0.00","0","0"
"11225  :  โรงพยาบาลบ้านไร่","967","0","0","0.00","0","0","0","0","0.00","0","0"
"11226  :  โรงพยาบาลลานสัก","1,193","0","0","0.00","0","0","0","0","0.00","0","0"
"11227  :  โรงพยาบาลห้วยคต","668","0","0","0.00","0","0","0","0","0.00","0","0"
"10721  :  โรงพยาบาลกำแพงเพชร","0","0","0","0.00","0","0","0","0","0.00","0","0"
"11228  :  โรงพยาบาลทุ่งโพธิ์ทะเล","1,710","0","0","0.00","0","0","0","0","0.00","0","0"
"11229  :  โรงพยาบาลไทรงาม","1,094","0","0","0.00","0","0","0","0","0.00","0","0"
"11230  :  โรงพยาบาลคลองลาน","1,883","0","0","0.00","0","0","0","0","0.00","0","0"
"11231  :  โรงพยาบาลขาณุวรลักษบุรี","898","0","0","0.00","0","0","0","0","0.00","0","0"
"11232  :  โรงพยาบาลคลองขลุง","1,121","0","0","0.00","0","0","0","0","0.00","0","0"
"11233  :  โรงพยาบาลพรานกระต่าย","1,513","0","0","0.00","0","0","0","0","0.00","0","0"
"11234  :  โรงพยาบาลลานกระบือ","1,085","0","0","0.00","0","0","0","0","0.00","0","0"
"11235  :  โรงพยาบาลทรายทองวัฒนา","780","0","0","0.00","0","0","0","0","0.00","0","0"
"11236  :  โรงพยาบาลปางศิลาทอง","512","0","0","0.00","0","0","0","0","0.00","0","0"
"14135  :  โรงพยาบาลบึงสามัคคี","734","0","0","0.00","0","0","0","0","0.00","0","0"
"28010  :  โรงพยาบาลโกสัมพีนคร","434","0","0","0.00","0","0","0","0","0.00","0","0"
"10722  :  โรงพยาบาลสมเด็จพระเจ้าตากสินมหาราช","2,358","0","0","0.00","0","0","0","0","0.00","0","0"
"10723  :  โรงพยาบาลแม่สอด","1,180","0","0","0.00","0","0","0","0","0.00","0","0"
"11238  :  โรงพยาบาลบ้านตาก","1,244","0","0","0.00","0","0","0","0","0.00","0","0"
"11239  :  โรงพยาบาลสามเงา","872","0","0","0.00","0","0","0","0","0.00","0","0"
"11240  :  โรงพยาบาลแม่ระมาด","1,103","0","0","0.00","0","0","0","0","0.00","0","0"
"11241  :  โรงพยาบาลท่าสองยาง","487","0","0","0.00","0","0","0","0","0.00","0","0"
"11242  :  โรงพยาบาลพบพระ","758","0","0","0.00","0","0","0","0","0.00","0","0"
"11243  :  โรงพยาบาลอุ้มผาง","310","0","0","0.00","0","0","0","0","0.00","0","0"
"27443  :  โรงพยาบาลวังเจ้า","141","0","0","0.00","0","0","0","0","0.00","0","0"
"10724  :  โรงพยาบาลสุโขทัย","0","0","0","0.00","0","0","0","0","0.00","0","0"
"10725  :  โรงพยาบาลศรีสังวรสุโขทัย","0","0","0","0.00","0","0","0","0","0.00","0","0"
"11244  :  โรงพยาบาลบ้านด่านลานหอย","0","0","0","0.00","0","0","0","0","0.00","0","0"
"11245  :  โรงพยาบาลคีรีมาศ","0","0","0","0.00","0","0","0","0","0.00","0","0"
"11246  :  โรงพยาบาลกงไกรลาศ","0","0","0","0.00","0","0","0","0","0.00","0","0"
"11247  :  โรงพยาบาลศรีสัชนาลัย","0","0","0","0.00","0","0","0","0","0.00","0","0"
"11248  :  โรงพยาบาลสวรรคโลก","0","0","0","0.00","0","0","0","0","0.00","0","0"
"11249  :  โรงพยาบาลศรีนคร","0","0","0","0.00","0","0","0","0","0.00","0","0"
"11250  :  โรงพยาบาลทุ่งเสลี่ยม","0","0","0","0.00","0","0","0","0","0.00","0","0"
"10676  :  โรงพยาบาลพุทธชินราช","0","0","0","0.00","0","0","0","0","0.00","0","0"
"11251  :  โรงพยาบาลชาติตระการ","696","0","0","0.00","0","0","0","0","0.00","0","0"
"11252  :  โรงพยาบาลบางระกำ","1,995","0","0","0.00","0","0","0","0","0.00","0","0"
"11253  :  โรงพยาบาลบางกระทุ่ม","902","0","0","0.00","0","0","0","0","0.00","0","0"
"11254  :  โรงพยาบาลพรหมพิราม","2,633","0","0","0.00","0","0","0","0","0.00","0","0"
"11255  :  โรงพยาบาลวัดโบสถ์","1,205","0","0","0.00","0","0","0","0","0.00","0","0"
"11256  :  โรงพยาบาลวังทอง","4","0","0","0.00","0","0","0","0","0.00","0","0"
"11257  :  โรงพยาบาลเนินมะปราง","0","0","0","0.00","0","0","0","0","0.00","0","0"
"11455  :  โรงพยาบาลสมเด็จพระยุพราชนครไทย","1,558","0","0","0.00","0","0","0","0","0.00","0","0"
"11517  :  โรงพยาบาลค่ายสมเด็จพระนเรศวร","182","0","0","0.00","0","0","0","0","0.00","0","0"
"14972  :  โรงพยาบาลมหาวิทยาลัยนเรศวร","24","0","0","0.00","0","0","0","0","0.00","0","0"
"41429  :  โรงพยาบาลจิตเวชพิษณุโลก","0","0","0","0.00","0","0","0","0","0.00","0","0"
"10726  :  โรงพยาบาลพิจิตร","4,086","0","0","0.00","0","0","0","0","0.00","0","0"
"11258  :  โรงพยาบาลวังทรายพูน","520","0","0","0.00","0","0","0","0","0.00","0","0"
"11259  :  โรงพยาบาลโพธิ์ประทับช้าง","693","0","0","0.00","0","0","0","0","0.00","0","0"
"11260  :  โรงพยาบาลบางมูลนาก","1,150","0","0","0.00","0","0","0","0","0.00","0","0"
"11261  :  โรงพยาบาลโพทะเล","1,136","0","0","0.00","0","0","0","0","0.00","0","0"
"11262  :  โรงพยาบาลสามง่าม","952","0","0","0.00","0","0","0","0","0.00","0","0"
"11263  :  โรงพยาบาลทับคล้อ","1,546","0","0","0.00","0","0","0","0","0.00","0","0"
"11456  :  โรงพยาบาลสมเด็จพระยุพราชตะพานหิน","1,822","0","0","0.00","0","0","0","0","0.00","0","0"
"11631  :  โรงพยาบาลวชิรบารมี","449","0","0","0.00","0","0","0","0","0.00","0","0"
"27978  :  โรงพยาบาลสากเหล็ก","535","0","0","0.00","0","0","0","0","0.00","0","0"
"27979  :  โรงพยาบาลบึงนาราง","47","0","0","0.00","0","0","0","0","0.00","0","0"
"27980  :  โรงพยาบาลดงเจริญ","0","0","0","0.00","0","0","0","0","0.00","0","0"
"10727  :  โรงพยาบาลเพชรบูรณ์","3,234","0","0","0.00","0","0","0","0","0.00","0","0"
"11264  :  โรงพยาบาลชนแดน","1,528","0","0","0.00","0","0","0","0","0.00","0","0"
"11265  :  โรงพยาบาลหล่มสัก","2,141","0","0","0.00","0","0","0","0","0.00","0","0"
"11266  :  โรงพยาบาลวิเชียรบุรี","791","0","0","0.00","0","0","0","0","0.00","0","0"
"11267  :  โรงพยาบาลศรีเทพ","1,750","0","0","0.00","0","0","0","0","0.00","0","0"
"11268  :  โรงพยาบาลหนองไผ่","1,809","0","0","0.00","0","0","0","0","0.00","0","0"
"11269  :  โรงพยาบาลบึงสามพัน","1,750","0","0","0.00","0","0","0","0","0.00","0","0"
"11270  :  โรงพยาบาลน้ำหนาว","520","0","0","0.00","0","0","0","0","0.00","0","0"
"11271  :  โรงพยาบาลวังโป่ง","1,029","0","0","0.00","0","0","0","0","0.00","0","0"
"11272  :  โรงพยาบาลเขาค้อ","166","0","0","0.00","0","0","0","0","0.00","0","0"
"11457  :  โรงพยาบาลสมเด็จพระยุพราชหล่มเก่า","2,109","0","0","0.00","0","0","0","0","0.00","0","0"
"11946  :  โรงพยาบาลค่ายพ่อขุนผาเมือง","471","0","0","0.00","0","0","0","0","0.00","0","0"
"10677  :  โรงพยาบาลราชบุรี","0","0","0","0.00","0","0","0","0","0.00","0","0"
"10728  :  โรงพยาบาลดำเนินสะดวก","0","0","0","0.00","0","0","0","0","0.00","0","0"
"10729  :  โรงพยาบาลบ้านโป่ง","0","0","0","0.00","0","0","0","0","0.00","0","0"
"10730  :  โรงพยาบาลโพธาราม","0","0","0","0.00","0","0","0","0","0.00","0","0"
"11273  :  โรงพยาบาลสวนผึ้ง","0","0","0","0.00","0","0","0","0","0.00","0","0"
"11274  :  โรงพยาบาลบางแพ","0","0","0","0.00","0","0","0","0","0.00","0","0"
"11275  :  โรงพยาบาลเจ็ดเสมียน","0","0","0","0.00","0","0","0","0","0.00","0","0"
"11276  :  โรงพยาบาลปากท่อ","0","0","0","0.00","0","0","0","0","0.00","0","0"
"11277  :  โรงพยาบาลวัดเพลง","0","0","0","0.00","0","0","0","0","0.00","0","0"
"11458  :  โรงพยาบาลสมเด็จพระยุพราชจอมบึง","0","0","0","0.00","0","0","0","0","0.00","0","0"
"11519  :  โรงพยาบาลค่ายภาณุรังษี","0","0","0","0.00","0","0","0","0","0.00","0","0"
"12093  :  สถานพยาบาลแพทย์ประดิษฐ์","0","0","0","0.00","0","0","0","0","0.00","0","0"
"12097  :  มหาชัยพร้อมแพทย์โรงพยาบาลทั่วไปขนาดกลาง","0","0","0","0.00","0","0","0","0","0.00","0","0"
"12098  :  โรงพยาบาลกรุงเทพเมืองราชโรงพยาบาลทั่วไปขนาดใหญ่","0","0","0","0.00","0","0","0","0","0.00","0","0"
"12103  :  โรงพยาบาลซานคามิลโล","0","0","0","0.00","0","0","0","0","0.00","0","0"
"12286  :  โรงพยาบาลส่งเสริมสุขภาพ ศูนย์อนามัยที่ 5","0","0","0","0.00","0","0","0","0","0.00","0","0"
"28858  :  โรงพยาบาลบ้านคา","0","0","0","0.00","0","0","0","0","0.00","0","0"
"10731  :  โรงพยาบาลพหลพลพยุหเสนา","1,590","0","0","0.00","0","0","0","0","0.00","0","0"
"10732  :  โรงพยาบาลมะการักษ์","1,959","0","0","0.00","0","0","0","0","0.00","0","0"
"11278  :  โรงพยาบาลไทรโยค","700","0","0","0.00","0","0","0","0","0.00","0","0"
"11279  :  โรงพยาบาลสมเด็จพระปิยมหาราชรมณียเขต","118","0","0","0.00","0","0","0","0","0.00","0","0"
"11280  :  โรงพยาบาลบ่อพลอย","1,214","0","0","0.00","0","0","0","0","0.00","0","0"
"11281  :  โรงพยาบาลท่ากระดาน","308","0","0","0.00","0","0","0","0","0.00","0","0"
"11282  :  โรงพยาบาลสมเด็จพระสังฆราชองค์ที่ ๑๙","2,209","0","0","0.00","0","0","0","0","0.00","0","0"
"11283  :  โรงพยาบาลทองผาภูมิ","812","0","0","0.00","0","0","0","0","0.00","0","0"
"11284  :  โรงพยาบาลสังขละบุรี","350","0","0","0.00","0","0","0","0","0.00","0","0"
"11285  :  โรงพยาบาลเจ้าคุณไพบูลย์พนมทวน","951","0","0","0.00","0","0","0","0","0.00","0","0"
"11286  :  โรงพยาบาลเลาขวัญ","742","0","0","0.00","0","0","0","0","0.00","0","0"
"11287  :  โรงพยาบาลด่านมะขามเตี้ย","723","0","0","0.00","0","0","0","0","0.00","0","0"
"11288  :  โรงพยาบาลสถานพระบารมี","279","0","0","0.00","0","0","0","0","0.00","0","0"
"11520  :  โรงพยาบาลค่ายสุรสีห์","385","0","0","0.00","0","0","0","0","0.00","0","0"
"14136  :  โรงพยาบาลศุกร์ศิริศรีสวัสดิ์","207","0","0","0.00","0","0","0","0","0.00","0","0"
"21948  :  โรงพยาบาลห้วยกระเจา เฉลิมพระเกียรติ 80 พรรษา","820","0","0","0.00","0","0","0","0","0.00","0","0"
"41701  :  โรงพยาบาลหนองปรือ","0","0","0","0.00","0","0","0","0","0.00","0","0"
"10678  :  โรงพยาบาลเจ้าพระยายมราช","0","0","0","0.00","0","0","0","0","0.00","0","0"
"10733  :  โรงพยาบาลสมเด็จพระสังฆราชองค์ที่17","0","0","0","0.00","0","0","0","0","0.00","0","0"
"11289  :  โรงพยาบาลเดิมบางนางบวช","0","0","0","0.00","0","0","0","0","0.00","0","0"
"11290  :  โรงพยาบาลด่านช้าง","0","0","0","0.00","0","0","0","0","0.00","0","0"
"11291  :  โรงพยาบาลบางปลาม้า","0","0","0","0.00","0","0","0","0","0.00","0","0"
"11292  :  โรงพยาบาลศรีประจันต์","0","0","0","0.00","0","0","0","0","0.00","0","0"
"11293  :  โรงพยาบาลดอนเจดีย์","0","0","0","0.00","0","0","0","0","0.00","0","0"
"11294  :  โรงพยาบาลสามชุก","0","0","0","0.00","0","0","0","0","0.00","0","0"
"11295  :  โรงพยาบาลอู่ทอง","0","0","0","0.00","0","0","0","0","0.00","0","0"
"11296  :  โรงพยาบาลหนองหญ้าไซ","0","0","0","0.00","0","0","0","0","0.00","0","0"
"12123  :  โรงพยาบาลวิภาวดี-ปิยราษฎร์","0","0","0","0.00","0","0","0","0","0.00","0","0"
"10679  :  โรงพยาบาลนครปฐม","4,602","0","0","0.00","0","0","0","0","0.00","0","0"
"11297  :  โรงพยาบาลกำแพงแสน","870","0","0","0.00","0","0","0","0","0.00","0","0"
"11298  :  โรงพยาบาลนครชัยศรี","1,626","0","0","0.00","0","0","0","0","0.00","0","0"
"11299  :  โรงพยาบาลห้วยพลู","796","0","0","0.00","0","0","0","0","0.00","0","0"
"11300  :  โรงพยาบาลดอนตูม","1,061","0","0","0.00","0","0","0","0","0.00","0","0"
"11301  :  โรงพยาบาลบางเลน","1,157","0","0","0.00","0","0","0","0","0.00","0","0"
"11302  :  โรงพยาบาลสามพราน","1,994","0","0","0.00","0","0","0","0","0.00","0","0"
"11303  :  โรงพยาบาลพุทธมณฑล","265","0","0","0.00","0","0","0","0","0.00","0","0"
"11473  :  โรงพยาบาลเมตตาประชารักษ์(วัดไร่ขิง)","0","0","0","0.00","0","0","0","0","0.00","0","0"
"11521  :  โรงพยาบาลจันทรุเบกษา","746","0","0","0.00","0","0","0","0","0.00","0","0"
"13819  :  โรงพยาบาลหลวงพ่อเปิ่น","297","0","0","0.00","0","0","0","0","0.00","0","0"
"10734  :  โรงพยาบาลสมุทรสาคร","7,601","0","0","0.00","0","0","0","0","0.00","0","0"
"11304  :  โรงพยาบาลกระทุ่มแบน","0","0","0","0.00","0","0","0","0","0.00","0","0"
"11305  :  โรงพยาบาลบ้านแพ้ว","2,736","0","0","0.00","0","0","0","0","0.00","0","0"
"12137  :  โรงพยาบาลทั่วไปขนาดเล็กเจษฎา","258","0","0","0.00","0","0","0","0","0.00","0","0"
"10735  :  โรงพยาบาลสมเด็จพระพุทธเลิศหล้า","0","0","0","0.00","0","0","0","0","0.00","0","0"
"11306  :  โรงพยาบาลนภาลัย","0","0","0","0.00","0","0","0","0","0.00","0","0"
"11307  :  โรงพยาบาลอัมพวา","0","0","0","0.00","0","0","0","0","0.00","0","0"
"10736  :  โรงพยาบาลพระจอมเกล้า","3,647","0","0","0.00","0","0","0","0","0.00","0","0"
"11308  :  โรงพยาบาลเขาย้อย","650","0","0","0.00","0","0","0","0","0.00","0","0"
"11309  :  โรงพยาบาลหนองหญ้าปล้อง","163","0","0","0.00","0","0","0","0","0.00","0","0"
"11310  :  โรงพยาบาลชะอำ","2,430","0","0","0.00","0","0","0","0","0.00","0","0"
"11311  :  โรงพยาบาลท่ายาง","1,668","0","0","0.00","0","0","0","0","0.00","0","0"
"11312  :  โรงพยาบาลบ้านลาด","190","0","0","0.00","0","0","0","0","0.00","0","0"
"11313  :  โรงพยาบาลบ้านแหลม","2,435","0","0","0.00","0","0","0","0","0.00","0","0"
"11314  :  โรงพยาบาลแก่งกระจาน","106","0","0","0.00","0","0","0","0","0.00","0","0"
"10737  :  โรงพยาบาลประจวบคีรีขันธ์","0","0","0","0.00","0","0","0","0","0.00","0","0"
"11315  :  โรงพยาบาลกุยบุรี","759","0","0","0.00","0","0","0","0","0.00","0","0"
"11316  :  โรงพยาบาลทับสะแก","983","0","0","0.00","0","0","0","0","0.00","0","0"
"11317  :  โรงพยาบาลบางสะพาน","955","0","0","0.00","0","0","0","0","0.00","0","0"
"11318  :  โรงพยาบาลบางสะพานน้อย","0","0","0","0.00","0","0","0","0","0.00","0","0"
"11319  :  โรงพยาบาลปราณบุรี","0","0","0","0.00","0","0","0","0","0.00","0","0"
"11320  :  โรงพยาบาลหัวหิน","0","0","0","0.00","0","0","0","0","0.00","0","0"
"11321  :  โรงพยาบาลสามร้อยยอด","1,345","0","0","0.00","0","0","0","0","0.00","0","0"
"11500  :  โรงพยาบาลกองบิน 5","0","0","0","0.00","0","0","0","0","0.00","0","0"
"11522  :  โรงพยาบาลค่ายธนะรัชต์","0","0","0","0.00","0","0","0","0","0.00","0","0"
"12471  :  สถานีกาชาดหัวหินเฉลิมพระเกียรติ","741","0","0","0.00","0","0","0","0","0.00","0","0"
"10680  :  โรงพยาบาลมหาราชนครศรีธรรมราช","0","0","0","0.00","0","0","0","0","0.00","0","0"
"11322  :  โรงพยาบาลพรหมคีรี","0","0","0","0.00","0","0","0","0","0.00","0","0"
"11324  :  โรงพยาบาลลานสะกา","0","0","0","0.00","0","0","0","0","0.00","0","0"
"11325  :  โรงพยาบาลสมเด็จพระยุพราชฉวาง","0","0","0","0.00","0","0","0","0","0.00","0","0"
"11326  :  โรงพยาบาลพิปูน","0","0","0","0.00","0","0","0","0","0.00","0","0"
"11327  :  โรงพยาบาลเชียรใหญ่","0","0","0","0.00","0","0","0","0","0.00","0","0"
"11328  :  โรงพยาบาลชะอวด","0","0","0","0.00","0","0","0","0","0.00","0","0"
"11329  :  โรงพยาบาลท่าศาลา","0","0","0","0.00","0","0","0","0","0.00","0","0"
"11330  :  โรงพยาบาลทุ่งสง","0","0","0","0.00","0","0","0","0","0.00","0","0"
"11331  :  โรงพยาบาลนาบอน","0","0","0","0.00","0","0","0","0","0.00","0","0"
"11332  :  โรงพยาบาลทุ่งใหญ่","0","0","0","0.00","0","0","0","0","0.00","0","0"
"11333  :  โรงพยาบาลปากพนัง","0","0","0","0.00","0","0","0","0","0.00","0","0"
"11334  :  โรงพยาบาลร่อนพิบูลย์","0","0","0","0.00","0","0","0","0","0.00","0","0"
"11335  :  โรงพยาบาลสิชล","0","0","0","0.00","0","0","0","0","0.00","0","0"
"11336  :  โรงพยาบาลขนอม","0","0","0","0.00","0","0","0","0","0.00","0","0"
"11337  :  โรงพยาบาลหัวไทร","0","0","0","0.00","0","0","0","0","0.00","0","0"
"11338  :  โรงพยาบาลบางขัน","0","0","0","0.00","0","0","0","0","0.00","0","0"
"11339  :  โรงพยาบาลถ้ำพรรณรา","0","0","0","0.00","0","0","0","0","0.00","0","0"
"11523  :  โรงพยาบาลค่ายวชิราวุธ","0","0","0","0.00","0","0","0","0","0.00","0","0"
"11660  :  โรงพยาบาลจุฬาภรณ์","0","0","0","0.00","0","0","0","0","0.00","0","0"
"12287  :  โรงพยาบาลส่งเสริมสุขภาพ ศูนย์อนามัยที่ 11","0","0","0","0.00","0","0","0","0","0.00","0","0"
"12472  :  สถานีกาชาดสิริธร (สถานีกาชาดที่ 12 ทุ่งสง)","0","0","0","0.00","0","0","0","0","0.00","0","0"
"14918  :  โรงพยาบาลค่ายเทพสตรีศรีสุนทร","0","0","0","0.00","0","0","0","0","0.00","0","0"
"21771  :  โรงพยาบาลเทศบาลนครนครศรีธรรมราช","0","0","0","0.00","0","0","0","0","0.00","0","0"
"40491  :  โรงพยาบาลเฉลิมพระเกียรติ","0","0","0","0.00","0","0","0","0","0.00","0","0"
"40492  :  โรงพยาบาลพ่อท่านคล้ายวาจาสิทธิ์","0","0","0","0.00","0","0","0","0","0.00","0","0"
"40742  :  โรงพยาบาลนบพิตำ","0","0","0","0.00","0","0","0","0","0.00","0","0"
"40743  :  โรงพยาบาลพระพรหม","0","0","0","0.00","0","0","0","0","0.00","0","0"
"40970  :  โรงพยาบาลศูนย์การแพทย์มหาวิทยาลัยวลัยลักษณ์","0","0","0","0.00","0","0","0","0","0.00","0","0"
"10738  :  โรงพยาบาลกระบี่","0","0","0","0.00","0","0","0","0","0.00","0","0"
"11340  :  โรงพยาบาลเขาพนม","0","0","0","0.00","0","0","0","0","0.00","0","0"
"11341  :  โรงพยาบาลเกาะลันตา","3","0","0","0.00","0","0","0","0","0.00","0","0"
"11342  :  โรงพยาบาลคลองท่อม","6","0","0","0.00","0","0","0","0","0.00","0","0"
"11343  :  โรงพยาบาลอ่าวลึก","1,275","0","0","0.00","0","0","0","0","0.00","0","0"
"11344  :  โรงพยาบาลปลายพระยา","0","0","0","0.00","0","0","0","0","0.00","0","0"
"11345  :  โรงพยาบาลลำทับ","810","0","0","0.00","0","0","0","0","0.00","0","0"
"11346  :  โรงพยาบาลเหนือคลอง","0","0","0","0.00","0","0","0","0","0.00","0","0"
"77753  :  โรงพยาบาลเกาะพีพี","49","0","0","0.00","0","0","0","0","0.00","0","0"
"10739  :  โรงพยาบาลพังงา","0","0","0","0.00","0","0","0","0","0.00","0","0"
"10740  :  โรงพยาบาลตะกั่วป่า","0","0","0","0.00","0","0","0","0","0.00","0","0"
"11347  :  โรงพยาบาลเกาะยาวชัยพัฒน์","0","0","0","0.00","0","0","0","0","0.00","0","0"
"11348  :  โรงพยาบาลกะปงชัยพัฒน์","0","0","0","0.00","0","0","0","0","0.00","0","0"
"11349  :  โรงพยาบาลตะกั่วทุ่ง","0","0","0","0.00","0","0","0","0","0.00","0","0"
"11350  :  โรงพยาบาลบางไทร","0","0","0","0.00","0","0","0","0","0.00","0","0"
"11352  :  โรงพยาบาลคุระบุรีชัยพัฒน์","0","0","0","0.00","0","0","0","0","0.00","0","0"
"11353  :  โรงพยาบาลทับปุด","0","0","0","0.00","0","0","0","0","0.00","0","0"
"11354  :  โรงพยาบาลท้ายเหมืองชัยพัฒน์","0","0","0","0.00","0","0","0","0","0.00","0","0"
"10741  :  โรงพยาบาลวชิระภูเก็ต","1,650","0","0","0.00","0","0","0","0","0.00","0","0"
"11355  :  โรงพยาบาลป่าตอง","1,262","0","0","0.00","0","0","0","0","0.00","0","0"
"11356  :  โรงพยาบาลถลาง","0","0","0","0.00","0","0","0","0","0.00","0","0"
"24678  :  โรงพยาบาลองค์การบริหารส่วนจังหวัดภูเก็ต","1,224","0","0","0.00","0","0","0","0","0.00","0","0"
"41436  :  โรงพยาบาลฉลอง","0","0","0","0.00","0","0","0","0","0.00","0","0"
"09192  :  โรงพยาบาลเกาะเต่า","113","0","0","0.00","0","0","0","0","0.00","0","0"
"10681  :  โรงพยาบาลสุราษฎร์ธานี","5","0","0","0.00","0","0","0","0","0.00","0","0"
"10742  :  โรงพยาบาลเกาะสมุย","355","0","0","0.00","0","0","0","0","0.00","0","0"
"11357  :  โรงพยาบาลกาญจนดิษฐ์","2","0","0","0.00","0","0","0","0","0.00","0","0"
"11358  :  โรงพยาบาลดอนสัก","1,961","0","0","0.00","0","0","0","0","0.00","0","0"
"11359  :  โรงพยาบาลเกาะพงัน","436","0","0","0.00","0","0","0","0","0.00","0","0"
"11360  :  โรงพยาบาลไชยา","667","0","0","0.00","0","0","0","0","0.00","0","0"
"11361  :  โรงพยาบาลท่าชนะ","1,464","0","0","0.00","0","0","0","0","0.00","0","0"
"11362  :  โรงพยาบาลคีรีรัฐนิคม","325","0","0","0.00","0","0","0","0","0.00","0","0"
"11363  :  โรงพยาบาลบ้านตาขุน","446","0","0","0.00","0","0","0","0","0.00","0","0"
"11364  :  โรงพยาบาลพนม","302","0","0","0.00","0","0","0","0","0.00","0","0"
"11365  :  โรงพยาบาลท่าฉาง","981","0","0","0.00","0","0","0","0","0.00","0","0"
"11366  :  โรงพยาบาลบ้านนาสาร","0","0","0","0.00","0","0","0","0","0.00","0","0"
"11367  :  โรงพยาบาลบ้านนาเดิม","681","0","0","0.00","0","0","0","0","0.00","0","0"
"11368  :  โรงพยาบาลเคียนซา","778","0","0","0.00","0","0","0","0","0.00","0","0"
"11369  :  โรงพยาบาลพระแสง","1,033","0","0","0.00","0","0","0","0","0.00","0","0"
"11370  :  โรงพยาบาลพุนพิน","2,612","0","0","0.00","0","0","0","0","0.00","0","0"
"11371  :  โรงพยาบาลชัยบุรี","185","0","0","0.00","0","0","0","0","0.00","0","0"
"11459  :  โรงพยาบาลสมเด็จพระยุพราชเวียงสระ","733","0","0","0.00","0","0","0","0","0.00","0","0"
"11654  :  โรงพยาบาลวิภาวดี","235","0","0","0.00","0","0","0","0","0.00","0","0"
"12289  :  โรงพยาบาลสวนสราญรมย์","0","0","0","0.00","0","0","0","0","0.00","0","0"
"14138  :  โรงพยาบาลท่าโรงช้าง","417","0","0","0.00","0","0","0","0","0.00","0","0"
"14203  :  โรงพยาบาลมะเร็งสุราษฎร์ธานี","0","0","0","0.00","0","0","0","0","0.00","0","0"
"14862  :  โรงพยาบาลกองบิน7","86","0","0","0.00","0","0","0","0","0.00","0","0"
"14901  :  โรงพยาบาลค่ายวิภาวดีรังสิต","698","0","0","0.00","0","0","0","0","0.00","0","0"
"40915  :  สถาบันสุขภาพจิตเด็กและวัยรุ่นภาคใต้","0","0","0","0.00","0","0","0","0","0.00","0","0"
"10743  :  โรงพยาบาลระนอง","151","0","0","0.00","0","0","0","0","0.00","0","0"
"11323  :  โรงพยาบาลละอุ่น","109","0","0","0.00","0","0","0","0","0.00","0","0"
"11372  :  โรงพยาบาลกะเปอร์","684","0","0","0.00","0","0","0","0","0.00","0","0"
"11373  :  โรงพยาบาลกระบุรี","972","0","0","0.00","0","0","0","0","0.00","0","0"
"11374  :  โรงพยาบาลสุขสำราญ","304","0","0","0.00","0","0","0","0","0.00","0","0"
"10744  :  โรงพยาบาลชุมพรเขตรอุดมศักดิ์","0","0","0","0.00","0","0","0","0","0.00","0","0"
"11375  :  โรงพยาบาลปากน้ำชุมพร","1,802","0","0","0.00","0","0","0","0","0.00","0","0"
"11376  :  โรงพยาบาลท่าแซะ","661","0","0","0.00","0","0","0","0","0.00","0","0"
"11377  :  โรงพยาบาลปะทิว","366","0","0","0.00","0","0","0","0","0.00","0","0"
"11378  :  โรงพยาบาลมาบอำมฤต","1,091","0","0","0.00","0","0","0","0","0.00","0","0"
"11379  :  โรงพยาบาลหลังสวน","754","0","0","0.00","0","0","0","0","0.00","0","0"
"11380  :  โรงพยาบาลปากน้ำหลังสวน","1,045","0","0","0.00","0","0","0","0","0.00","0","0"
"11381  :  โรงพยาบาลละแม","847","0","0","0.00","0","0","0","0","0.00","0","0"
"11382  :  โรงพยาบาลพะโต๊ะ","958","0","0","0.00","0","0","0","0","0.00","0","0"
"11383  :  โรงพยาบาลสวี","1,239","0","0","0.00","0","0","0","0","0.00","0","0"
"11385  :  โรงพยาบาลทุ่งตะโก","677","0","0","0.00","0","0","0","0","0.00","0","0"
"11525  :  โรงพยาบาลค่ายเขตอุดมศักดิ์","163","0","0","0.00","0","0","0","0","0.00","0","0"
"10682  :  โรงพยาบาลหาดใหญ่","0","0","0","0.00","0","0","0","0","0.00","0","0"
"10745  :  โรงพยาบาลสงขลา","0","0","0","0.00","0","0","0","0","0.00","0","0"
"11386  :  โรงพยาบาลสทิงพระ","0","0","0","0.00","0","0","0","0","0.00","0","0"
"11387  :  โรงพยาบาลจะนะ","0","0","0","0.00","0","0","0","0","0.00","0","0"
"11388  :  โรงพยาบาลสมเด็จพระบรมราชินีนาถ ณ  อำเภอนาทวี","0","0","0","0.00","0","0","0","0","0.00","0","0"
"11390  :  โรงพยาบาลเทพา","0","0","0","0.00","0","0","0","0","0.00","0","0"
"11391  :  โรงพยาบาลสะบ้าย้อย","0","0","0","0.00","0","0","0","0","0.00","0","0"
"11392  :  โรงพยาบาลระโนด","0","0","0","0.00","0","0","0","0","0.00","0","0"
"11393  :  โรงพยาบาลกระแสสินธุ์","0","0","0","0.00","0","0","0","0","0.00","0","0"
"11394  :  โรงพยาบาลรัตภูมิ","0","0","0","0.00","0","0","0","0","0.00","0","0"
"11395  :  โรงพยาบาลสะเดา","0","0","0","0.00","0","0","0","0","0.00","0","0"
"11396  :  โรงพยาบาลนาหม่อม","0","0","0","0.00","0","0","0","0","0.00","0","0"
"11397  :  โรงพยาบาลควนเนียง","0","0","0","0.00","0","0","0","0","0.00","0","0"
"11398  :  โรงพยาบาลปาดังเบซาร์","0","0","0","0.00","0","0","0","0","0.00","0","0"
"11399  :  โรงพยาบาลบางกล่ำ","0","0","0","0.00","0","0","0","0","0.00","0","0"
"11400  :  โรงพยาบาลสิงหนคร","0","0","0","0.00","0","0","0","0","0.00","0","0"
"11401  :  โรงพยาบาลคลองหอยโข่ง","0","0","0","0.00","0","0","0","0","0.00","0","0"
"12290  :  โรงพยาบาลจิตเวชสงขลาราชนครินทร์","0","0","0","0.00","0","0","0","0","0.00","0","0"
"14194  :  โรงพยาบาลธัญญารักษ์สงขลา","0","0","0","0.00","0","0","0","0","0.00","0","0"
"10746  :  โรงพยาบาลสตูล","0","0","0","0.00","0","0","0","0","0.00","0","0"
"11402  :  โรงพยาบาลควนโดน","0","0","0","0.00","0","0","0","0","0.00","0","0"
"11403  :  โรงพยาบาลควนกาหลง","0","0","0","0.00","0","0","0","0","0.00","0","0"
"11404  :  โรงพยาบาลท่าแพ","0","0","0","0.00","0","0","0","0","0.00","0","0"
"11405  :  โรงพยาบาลละงู","0","0","0","0.00","0","0","0","0","0.00","0","0"
"11406  :  โรงพยาบาลทุ่งหว้า","0","0","0","0.00","0","0","0","0","0.00","0","0"
"28786  :  โรงพยาบาลมะนัง","0","0","0","0.00","0","0","0","0","0.00","0","0"
"10683  :  โรงพยาบาลตรัง","0","0","0","0.00","0","0","0","0","0.00","0","0"
"11407  :  โรงพยาบาลกันตัง","532","0","0","0.00","0","0","0","0","0.00","0","0"
"11408  :  โรงพยาบาลย่านตาขาว","1,119","0","0","0.00","0","0","0","0","0.00","0","0"
"11409  :  โรงพยาบาลปะเหลียน","0","0","0","0.00","0","0","0","0","0.00","0","0"
"11410  :  โรงพยาบาลสิเกา","543","0","0","0.00","0","0","0","0","0.00","0","0"
"11411  :  โรงพยาบาลห้วยยอด","0","0","0","0.00","0","0","0","0","0.00","0","0"
"11412  :  โรงพยาบาลวังวิเศษ","724","0","0","0.00","0","0","0","0","0.00","0","0"
"11413  :  โรงพยาบาลนาโยง","0","0","0","0.00","0","0","0","0","0.00","0","0"
"12226  :  โรงพยาบาลวัฒนแพทย์","0","0","0","0.00","0","0","0","0","0.00","0","0"
"12230  :  โรงพยาบาล ทีอาร์พีเอช โรงพยาบาลทั่วไปขนาดใหญ่","0","0","0","0.00","0","0","0","0","0.00","0","0"
"13755  :  โรงพยาบาลโรคผิวหนังเขตร้อนภาคใต้ จังหวัดตรัง","0","0","0","0.00","0","0","0","0","0.00","0","0"
"14139  :  โรงพยาบาลรัษฎา","289","0","0","0.00","0","0","0","0","0.00","0","0"
"28817  :  โรงพยาบาลหาดสำราญเฉลิมพระเกียรติ 80 พรรษา","74","0","0","0.00","0","0","0","0","0.00","0","0"
"10747  :  โรงพยาบาลพัทลุง","0","0","0","0.00","0","0","0","0","0.00","0","0"
"11414  :  โรงพยาบาลกงหรา","384","0","0","0.00","0","0","0","0","0.00","0","0"
"11415  :  โรงพยาบาลเขาชัยสน","1","0","0","0.00","0","0","0","0","0.00","0","0"
"11416  :  โรงพยาบาลตะโหมด","852","0","0","0.00","0","0","0","0","0.00","0","0"
"11417  :  โรงพยาบาลควนขนุน","0","0","0","0.00","0","0","0","0","0.00","0","0"
"11418  :  โรงพยาบาลปากพะยูน","0","0","0","0.00","0","0","0","0","0.00","0","0"
"11419  :  โรงพยาบาลศรีบรรพต","0","0","0","0.00","0","0","0","0","0.00","0","0"
"11420  :  โรงพยาบาลป่าบอน","418","0","0","0.00","0","0","0","0","0.00","0","0"
"11421  :  โรงพยาบาลบางแก้ว","0","0","0","0.00","0","0","0","0","0.00","0","0"
"11422  :  โรงพยาบาลป่าพะยอม","0","0","0","0.00","0","0","0","0","0.00","0","0"
"24673  :  โรงพยาบาลศรีนครินทร์(ปัญญานันทภิขุ)","607","0","0","0.00","0","0","0","0","0.00","0","0"
"10748  :  โรงพยาบาลปัตตานี","1,011","0","0","0.00","0","0","0","0","0.00","0","0"
"11423  :  โรงพยาบาลโคกโพธิ์","0","0","0","0.00","0","0","0","0","0.00","0","0"
"11424  :  โรงพยาบาลหนองจิก","827","0","0","0.00","0","0","0","0","0.00","0","0"
"11425  :  โรงพยาบาลปะนาเระ","0","0","0","0.00","0","0","0","0","0.00","0","0"
"11426  :  โรงพยาบาลมายอ","0","0","0","0.00","0","0","0","0","0.00","0","0"
"11427  :  โรงพยาบาลทุ่งยางแดง","0","0","0","0.00","0","0","0","0","0.00","0","0"
"11428  :  โรงพยาบาลไม้แก่น","0","0","0","0.00","0","0","0","0","0.00","0","0"
"11429  :  โรงพยาบาลยะหริ่ง","0","0","0","0.00","0","0","0","0","0.00","0","0"
"11430  :  โรงพยาบาลยะรัง","0","0","0","0.00","0","0","0","0","0.00","0","0"
"11431  :  โรงพยาบาลแม่ลาน","0","0","0","0.00","0","0","0","0","0.00","0","0"
"11460  :  โรงพยาบาลสมเด็จพระยุพราชสายบุรี","0","0","0","0.00","0","0","0","0","0.00","0","0"
"11464  :  โรงพยาบาลกะพ้อ","0","0","0","0.00","0","0","0","0","0.00","0","0"
"11529  :  โรงพยาบาลค่ายอิงคยุทธบริหาร","0","0","0","0.00","0","0","0","0","0.00","0","0"
"14195  :  โรงพยาบาลธัญญรักษ์ปัตตานี","0","0","0","0.00","0","0","0","0","0.00","0","0"
"10684  :  โรงพยาบาลยะลา","0","0","0","0.00","0","0","0","0","0.00","0","0"
"10749  :  โรงพยาบาลเบตง","0","0","0","0.00","0","0","0","0","0.00","0","0"
"11432  :  โรงพยาบาลบันนังสตา","0","0","0","0.00","0","0","0","0","0.00","0","0"
"11433  :  โรงพยาบาลธารโต","350","0","0","0.00","0","0","0","0","0.00","0","0"
"11434  :  โรงพยาบาลรามัน","719","0","0","0.00","0","0","0","0","0.00","0","0"
"11461  :  โรงพยาบาลสมเด็จพระยุพราชยะหา","416","0","0","0.00","0","0","0","0","0.00","0","0"
"12238  :  โรงพยาบาลสิโรรส","0","0","0","0.00","0","0","0","0","0.00","0","0"
"13806  :  โรงพยาบาลกาบัง","222","0","0","0.00","0","0","0","0","0.00","0","0"
"14663  :  โรงพยาบาลส่งเสริมสุขภาพ ศูนย์อนามัยที่ 12","0","0","0","0.00","0","0","0","0","0.00","0","0"
"24689  :  โรงพยาบาลกรงปินัง","0","0","0","0.00","0","0","0","0","0.00","0","0"
"10750  :  โรงพยาบาลนราธิวาสราชนครินทร์","0","0","0","0.00","0","0","0","0","0.00","0","0"
"10751  :  โรงพยาบาลสุไหงโก-ลก","0","0","0","0.00","0","0","0","0","0.00","0","0"
"11435  :  โรงพยาบาลตากใบ","1,619","0","0","0.00","0","0","0","0","0.00","0","0"
"11436  :  โรงพยาบาลบาเจาะ","998","0","0","0.00","0","0","0","0","0.00","0","0"
"11437  :  โรงพยาบาลระแงะ","1,672","0","0","0.00","0","0","0","0","0.00","0","0"
"11438  :  โรงพยาบาลรือเสาะ","484","0","0","0.00","0","0","0","0","0.00","0","0"
"11439  :  โรงพยาบาลศรีสาคร","609","0","0","0.00","0","0","0","0","0.00","0","0"
"11440  :  โรงพยาบาลแว้ง","633","0","0","0.00","0","0","0","0","0.00","0","0"
"11441  :  โรงพยาบาลสุคิริน","405","0","0","0.00","0","0","0","0","0.00","0","0"
"11442  :  โรงพยาบาลสุไหงปาดี","1,133","0","0","0.00","0","0","0","0","0.00","0","0"
"13818  :  โรงพยาบาลจะแนะ","1,118","0","0","0.00","0","0","0","0","0.00","0","0"
"15010  :  โรงพยาบาลเจาะไอร้อง","887","0","0","0.00","0","0","0","0","0.00","0","0"
"23771  :  โรงพยาบาลยี่งอเฉลิมพระเกียรติ 80 พรรษา","594","0","0","0.00","0","0","0","0","0.00","0","0"