"โรงพยาบาล","เด็กกลุ่มอายุ  12 ปีในเขตรับผิดชอบ"
"ทั้งหมด(C)","ได้รับการตรวจสุขภาพช่องปาก (B)","ฟันดีไม่มีผุ(A)","อัตรา(A/B)*100"
"11468  :  ทัณฑสถานโรงพยาบาลราชทัณฑ์","0","0","0","0.00"
"11469  :  โรงพยาบาลเลิดสิน","0","0","0","0.00"
"11470  :  โรงพยาบาลนพรัตนราชธานี","0","0","0","0.00"
"11471  :  โรงพยาบาลสงฆ์","0","0","0","0.00"
"11472  :  โรงพยาบาลราชวิถี","0","0","0","0.00"
"11477  :  โรงพยาบาลทหารผ่านศึก","0","0","0","0.00"
"11478  :  โรงพยาบาลสมเด็จพระปิ่นเกล้า","0","0","0","0.00"
"11481  :  โรงพยาบาลพระมงกุฎเกล้า","0","0","0","0.00"
"11482  :  โรงพยาบาลภูมิพลอดุลยเดช","0","0","0","0.00"
"11532  :  โรงพยาบาลสวนเบญจกิติเฉลิมพระเกียรติ84พรรษา","0","0","0","0.00"
"11534  :  โรงพยาบาลบุรฉัตรไชยากร (รถไฟ)","0","0","0","0.00"
"11535  :  คณะแพทย์ศาสตร์วชิรพยาบาล มหาวิทยาลัยกรุงเทพมหานคร","0","0","0","0.00"
"11536  :  โรงพยาบาลเวชการุณย์รัศมิ์","0","0","0","0.00"
"11537  :  โรงพยาบาลกลาง","0","0","0","0.00"
"11538  :  โรงพยาบาลลาดกระบังกรุงเทพมหานคร","0","0","0","0.00"
"11539  :  โรงพยาบาลตากสิน","0","0","0","0.00"
"11540  :  โรงพยาบาลหลวงพ่อทวีศักดิ์ฯ ชุตินธโร อุทิศ","0","0","0","0.00"
"11541  :  โรงพยาบาลเจริญกรุงประชารักษ์","0","0","0","0.00"
"11546  :  โรงพยาบาลบี เอ็น เอช","0","0","0","0.00"
"11548  :  โรงพยาบาลกรุงเทพคริสเตียน","0","0","0","0.00"
"11552  :  โรงพยาบาลมเหสักข์","0","0","0","0.00"
"11559  :  สถานพยาบาลชินเขตงามวงศ์วาน","0","0","0","0.00"
"11560  :  โรงพยาบาลทั่วไปขนาดใหญ่เปาโล เกษตร","0","0","0","0.00"
"11565  :  โรงพยาบาลรามคำแหง","0","0","0","0.00"
"11581  :  โรงพยาบาลผู้สูงอายุขนาดกลางกล้วยน้ำไท 2","0","0","0","0.00"
"11583  :  โรงพยาบาลกล้วยน้ำไท","0","0","0","0.00"
"11592  :  โรงพยาบาลบางนา1","0","0","0","0.00"
"11595  :  นวมินทร์โรงพยาบาลทั่วไปขนาดใหญ่","0","0","0","0.00"
"11597  :  สถาบันกัลยาณ์ราชนครินทร์","0","0","0","0.00"
"11600  :  โรงพยาบาลเซนต์หลุยส์","0","0","0","0.00"
"11603  :  โรงพยาบาลเทียนฟ้ามูลนิธิโรงพยาบาลทั่วไปขนาดกลาง","0","0","0","0.00"
"11607  :  โรงพยาบาลเปาโลเมโมเรียล","0","0","0","0.00"
"11609  :  โรงพยาบาลพญาไท 2","0","0","0","0.00"
"11616  :  โรงพยาบาลสมิติเวชธนบุรี","0","0","0","0.00"
"11621  :  โรงพยาบาลบางไผ่","0","0","0","0.00"
"11626  :  โรงพยาบาลคลองตัน","0","0","0","0.00"
"11628  :  โรงพยาบาลพระราม 9","0","0","0","0.00"
"11629  :  โรงพยาบาลเพชรเวช","0","0","0","0.00"
"11640  :  โรงพยาบาลธนบุรี 2","0","0","0","0.00"
"11641  :  โรงพยาบาลทั่วไปขนาดกลางโรงพยาบาลวิชัยเวช แยกไฟฉาย","0","0","0","0.00"
"11644  :  โรงพยาบาลเจ้าพระยา","0","0","0","0.00"
"11645  :  โรงพยาบาลทั่วไปขนาดใหญ่ธนบุรี","0","0","0","0.00"
"11656  :  โรงพยาบาลเกษมราษฎร์ บางแค","0","0","0","0.00"
"11661  :  โรงพยาบาลวิชัยเวช อินเตอร์เนชั่นแนล หนองแขม","0","0","0","0.00"
"11667  :  โรงพยาบาลประชาพัฒน์","0","0","0","0.00"
"11668  :  โรงพยาบาลสุขสวัสดิ์","0","0","0","0.00"
"11669  :  โรงพยาบาลราษฏร์บูรณะ","0","0","0","0.00"
"11670  :  โรงพยาบาลบางปะกอก 1","0","0","0","0.00"
"11676  :  โรงพยาบาลยันฮี","0","0","0","0.00"
"11686  :  โรงพยาบาลบางโพ","0","0","0","0.00"
"11687  :  โรงพยาบาลเกษมราษฎร์ประชาชื่น","0","0","0","0.00"
"11691  :  โรงพยาบาลวิภาวดี","0","0","0","0.00"
"11694  :  โรงพยาบาลจักษุรัตนิน","0","0","0","0.00"
"11697  :  โรงพยาบาลคามิลเลียน","0","0","0","0.00"
"11699  :  โรงพยาบาลบำรุงราษฎร์","0","0","0","0.00"
"11703  :  โรงพยาบาลแพทย์ปัญญา","0","0","0","0.00"
"11708  :  โรงพยาบาลบางมดโรงพยาบาลทั่วไปขนาดใหญ่","0","0","0","0.00"
"11715  :  โรงพยาบาลพญาไท 1","0","0","0","0.00"
"11721  :  โรงพยาบาลเปาโลเมโมเรียล โชคชัย 4","0","0","0","0.00"
"11729  :  โรงพยาบาลลาดพร้าว","0","0","0","0.00"
"11730  :  โรงพยาบาลไทยนครินทร์","0","0","0","0.00"
"11750  :  โรงพยาบาลหัวเฉียวโรงพยาบาลทั่วไปขนาดใหญ่","0","0","0","0.00"
"11811  :  โรงพยาบาลสมิติเวช","0","0","0","0.00"
"12243  :  สถาบันพัฒนาสุขภาวะเขตเมือง","0","0","0","0.00"
"12244  :  สถาบันจิตเวชศาสตร์สมเด็จเจ้าพระยา","0","0","0","0.00"
"12246  :  สถาบันราชานุกูล","0","0","0","0.00"
"12249  :  สถาบันโรคผิวหนัง","0","0","0","0.00"
"12250  :  สถาบันมะเร็งแห่งชาติ","0","0","0","0.00"
"12438  :  สถาบันสุขภาพเด็กแห่งชาติมหาราชินี","0","0","0","0.00"
"12439  :  สถาบันประสาทวิทยา","0","0","0","0.00"
"13756  :  โรงพยาบาลจุฬาลงกรณ์สภากาชาดไทย","0","0","0","0.00"
"13757  :  โรงพยาบาลเวชศาสตร์เขตร้อน มหาวิทยาลัยมหิดล","0","0","0","0.00"
"13814  :  โรงพยาบาลศิริราช","0","0","0","0.00"
"14173  :  โรงพยาบาลตำรวจ","0","0","0","0.00"
"14572  :  โรงพยาบาลบี.แคร์.เมดิคอลเซ็นเตอร์","0","0","0","0.00"
"14574  :  โรงพยาบาลพญาไท 3","0","0","0","0.00"
"14577  :  โรงพยาบาลวิภาราม","0","0","0","0.00"
"14641  :  โรงพยาบาลราชพิพัฒน์","28","0","0","0.00"
"14908  :  โรงพยาบาลการุญเวช สุขาภิบาล3","0","0","0","0.00"
"15049  :  โรงพยาบาลสิรินธร","0","0","0","0.00"
"15147  :  โรงพยาบาลบางปะกอก 8 โรงพยาบาลทั่วไปขนาดใหญ่","0","0","0","0.00"
"21673  :  โรงพยาบาลซีจีเอช สายไหม โรงพยาบาลทั่วไปขนาดใหญ่","0","0","0","0.00"
"22155  :  โรงพยาบาลครู","0","0","0","0.00"
"22737  :  โรงพยาบาลจุฬาภรณ์","0","0","0","0.00"
"23762  :  โรงพยาบาลนวุติสมเด็จย่า","0","0","0","0.00"
"23781  :  นวมินทร์ 9โรงพยาบาลทั่วไปขนาดใหญ่","0","0","0","0.00"
"23783  :  โรงพยาบาลเสรีรักษ์","0","0","0","0.00"
"24085  :  สถาบันวิจัยการแพทย์แผนไทย","0","0","0","0.00"
"24748  :  โรงพยาบาลศิริราช ปิยมหาราชการุณย์","0","0","0","0.00"
"25015  :  โรงพยาบาลทั่วไปขนาดใหญ่มิตรประชา","0","0","0","0.00"
"25060  :  โรงพยาบาลผู้สูงอายุบางขุนเทียน","0","0","0","0.00"
"41329  :  โรงพยาบาลเฉพาะประเภทผู้ป่วยสูงอายุ เฌ้อสเซอรี่โฮมขนาดเล็ก","0","0","0","0.00"
"41414  :  โรงพยาบาลทหารอากาศ (สีกัน)","0","0","0","0.00"
"77665  :  โรงพยาบาลการแพทย์แผนไทยและการแพทย์ผสมผสาน","0","0","0","0.00"
"10685  :  โรงพยาบาลสมุทรปราการ","0","0","0","0.00"
"10752  :  โรงพยาบาลบางบ่อ","0","0","0","0.00"
"10753  :  โรงพยาบาลบางพลี","0","0","0","0.00"
"10754  :  โรงพยาบาลบางจาก","239","0","0","0.00"
"10755  :  โรงพยาบาลพระสมุทรเจดีย์สวาทยานนท์","208","0","0","0.00"
"11769  :  โรงพยาบาลเซ็นทรัลปาร์ค","250","1","1","100.00"
"11775  :  โรงพยาบาลเมืองสมุทรปู่เจ้าสมิงพราย","0","0","0","0.00"
"12251  :  โรงพยาบาลยุวประสาทไวทโยปถัมภ์","0","0","0","0.00"
"15138  :  โรงพยาบาลเมืองสมุทรบางปูโรงพยาบาลทั่วไปขนาดเล็ก","132","0","0","0.00"
"28785  :  โรงพยาบาลบางเสาธง","45","0","0","0.00"
"10686  :  โรงพยาบาลพระนั่งเกล้า","0","0","0","0.00"
"10756  :  โรงพยาบาลบางกรวย","60","1","0","0.00"
"10757  :  โรงพยาบาลบางใหญ่","201","0","0","0.00"
"10758  :  โรงพยาบาลบางบัวทอง","34","0","0","0.00"
"10759  :  โรงพยาบาลไทรน้อย","168","0","0","0.00"
"10760  :  โรงพยาบาลปากเกร็ด","96","0","0","0.00"
"11781  :  โรงพยาบาลนนทเวช","0","0","0","0.00"
"11786  :  โรงพยาบาลอนันต์พัฒนา 2","0","0","0","0.00"
"11787  :  โรงพยาบาลเกษมราษฎร์อินเตอร์เนชั่นแนล รัตนาธิเบศร์โรงพยาบาลทั่วไปขนาดใหญ่","0","0","0","0.00"
"12256  :  สถาบันโรคทรวงอก","0","0","0","0.00"
"12257  :  สถาบันบำราศนราดูร","0","0","0","0.00"
"12258  :  สถาบันสิรินธรเพื่อการฟื้นฟูสมรรถภาพทางการแพทย์แห่งชาติ","0","0","0","0.00"
"12260  :  โรงพยาบาลศรีธัญญา","0","0","0","0.00"
"13815  :  ศูนย์การแพทย์ปัญญานันทภิกขุ ชลประทาน มหาวิทยาลัยศรีนครินทรวิโรฒ","13","0","0","0.00"
"22127  :  โรงพยาบาลชลลดา","0","0","0","0.00"
"28875  :  โรงพยาบาลบางบัวทอง ๒","46","0","0","0.00"
"10687  :  โรงพยาบาลปทุมธานี","0","0","0","0.00"
"10761  :  โรงพยาบาลคลองหลวง","70","0","0","0.00"
"10762  :  โรงพยาบาลธัญบุรี","192","0","0","0.00"
"10763  :  โรงพยาบาลประชาธิปัตย์","121","9","9","100.00"
"10764  :  โรงพยาบาลหนองเสือ","56","0","0","0.00"
"10765  :  โรงพยาบาลลาดหลุมแก้ว","95","0","0","0.00"
"10766  :  โรงพยาบาลลำลูกกา","0","0","0","0.00"
"10767  :  โรงพยาบาลสามโคก","57","0","0","0.00"
"12262  :  สถาบันบำบัดรักษาและฟื้นฟูผู้ติดยาเสพติดแห่งชาติบรมราชชนนี","0","0","0","0.00"
"14923  :  โรงพยาบาลมหาวชิราลงกรณ ธัญบุรี","0","0","0","0.00"
"10660  :  โรงพยาบาลพระนครศรีอยุธยา","0","0","0","0.00"
"10688  :  โรงพยาบาลเสนา","0","0","0","0.00"
"10768  :  โรงพยาบาลท่าเรือ","137","1","0","0.00"
"10769  :  โรงพยาบาลสมเด็จพระสังฆราชเจ้า กรมหลวงชินวราลงกรณ (วาสนมหาเถร)","29","0","0","0.00"
"10770  :  โรงพยาบาลบางไทร","51","1","1","100.00"
"10771  :  โรงพยาบาลบางบาล","20","0","0","0.00"
"10772  :  โรงพยาบาลบางปะอิน","84","1","1","100.00"
"10773  :  โรงพยาบาลบางปะหัน","10","1","1","100.00"
"10774  :  โรงพยาบาลผักไห่","3","0","0","0.00"
"10775  :  โรงพยาบาลภาชี","77","0","0","0.00"
"10776  :  โรงพยาบาลลาดบัวหลวง","19","0","0","0.00"
"10777  :  โรงพยาบาลวังน้อย","124","0","0","0.00"
"10778  :  โรงพยาบาลบางซ้าย","49","16","9","56.25"
"10779  :  โรงพยาบาลอุทัย","9","0","0","0.00"
"10780  :  โรงพยาบาลมหาราช","14","0","0","0.00"
"10781  :  โรงพยาบาลบ้านแพรก","11","0","0","0.00"
"10689  :  โรงพยาบาลอ่างทอง","8","0","0","0.00"
"10782  :  โรงพยาบาลไชโย","27","0","0","0.00"
"10784  :  โรงพยาบาลป่าโมก","43","0","0","0.00"
"10785  :  โรงพยาบาลโพธิ์ทอง","31","0","0","0.00"
"10786  :  โรงพยาบาลแสวงหา","81","0","0","0.00"
"10787  :  โรงพยาบาลวิเศษชัยชาญ","62","0","0","0.00"
"10788  :  โรงพยาบาลสามโก้","28","0","0","0.00"
"10690  :  โรงพยาบาลพระนารายณ์มหาราช","0","0","0","0.00"
"10691  :  โรงพยาบาลบ้านหมี่","0","0","0","0.00"
"10789  :  โรงพยาบาลพัฒนานิคม","74","0","0","0.00"
"10790  :  โรงพยาบาลโคกสำโรง","111","0","0","0.00"
"10791  :  โรงพยาบาลชัยบาดาล","163","2","2","100.00"
"10792  :  โรงพยาบาลท่าวุ้ง","43","0","0","0.00"
"10793  :  โรงพยาบาลท่าหลวง","77","1","1","100.00"
"10794  :  โรงพยาบาลสระโบสถ์","105","2","2","100.00"
"10795  :  โรงพยาบาลโคกเจริญ","69","0","0","0.00"
"10796  :  โรงพยาบาลลำสนธิ","86","1","1","100.00"
"10797  :  โรงพยาบาลหนองม่วง","52","0","0","0.00"
"14199  :  โรงพยาบาลมะเร็งลพบุรี","0","0","0","0.00"
"14928  :  โรงพยาบาลกองบิน 2","0","0","0","0.00"
"10692  :  โรงพยาบาลสิงห์บุรี","95","0","0","0.00"
"10693  :  โรงพยาบาลอินทร์บุรี","14","0","0","0.00"
"10798  :  โรงพยาบาลบางระจัน","39","10","5","50.00"
"10799  :  โรงพยาบาลค่ายบางระจัน","78","5","4","80.00"
"10800  :  โรงพยาบาลพรหมบุรี","49","0","0","0.00"
"10801  :  โรงพยาบาลท่าช้าง","29","8","3","37.50"
"10694  :  โรงพยาบาลชัยนาทนเรนทร","0","0","0","0.00"
"10802  :  โรงพยาบาลมโนรมย์","58","1","1","100.00"
"10803  :  โรงพยาบาลวัดสิงห์","56","31","30","96.77"
"10804  :  โรงพยาบาลสรรพยา","28","8","8","100.00"
"10805  :  โรงพยาบาลสรรคบุรี","60","26","20","76.92"
"10806  :  โรงพยาบาลหันคา","96","63","59","93.65"
"27974  :  โรงพยาบาลหนองมะโมง","10","5","4","80.00"
"27975  :  โรงพยาบาลเนินขาม","0","0","0","0.00"
"10661  :  โรงพยาบาลสระบุรี","0","0","0","0.00"
"10695  :  โรงพยาบาลพระพุทธบาท","0","0","0","0.00"
"10807  :  โรงพยาบาลแก่งคอย","145","0","0","0.00"
"10808  :  โรงพยาบาลหนองแค","20","0","0","0.00"
"10809  :  โรงพยาบาลวิหารแดง","0","0","0","0.00"
"10810  :  โรงพยาบาลหนองแซง","28","1","1","100.00"
"10811  :  โรงพยาบาลบ้านหมอ","62","0","0","0.00"
"10812  :  โรงพยาบาลดอนพุด","0","0","0","0.00"
"10813  :  โรงพยาบาลหนองโดน","28","4","2","50.00"
"10814  :  โรงพยาบาลเสาไห้เฉลิมพระเกียรติ80พรรษา","24","2","2","100.00"
"10815  :  โรงพยาบาลมวกเหล็ก","107","22","17","77.27"
"10816  :  โรงพยาบาลวังม่วงสัทธรรม","47","0","0","0.00"
"11485  :  โรงพยาบาลค่ายอดิศร","76","1","1","100.00"
"10662  :  โรงพยาบาลชลบุรี","0","0","0","0.00"
"10817  :  โรงพยาบาลบ้านบึง","509","3","0","0.00"
"10818  :  โรงพยาบาลหนองใหญ่","107","34","14","41.18"
"10819  :  โรงพยาบาลบางละมุง","463","3","3","100.00"
"10820  :  โรงพยาบาลวัดญาณสังวราราม","31","1","0","0.00"
"10821  :  โรงพยาบาลพานทอง","132","2","2","100.00"
"10822  :  โรงพยาบาลพนัสนิคม","129","2","1","50.00"
"10823  :  โรงพยาบาลแหลมฉบัง","962","10","7","70.00"
"10824  :  โรงพยาบาลเกาะสีชัง","49","0","0","0.00"
"10825  :  โรงพยาบาลสัตหีบกม10","514","3","2","66.67"
"10826  :  โรงพยาบาลบ่อทอง","87","20","10","50.00"
"11486  :  โรงพยาบาลค่ายนวมินทราชินี","29","0","0","0.00"
"11487  :  โรงพยาบาลอาภากรเกียรติวงศ์","0","0","0","0.00"
"13754  :  โรงพยาบาลสมเด็จพระบรมราชเทวี ณ ศรีราชา","1,887","16","12","75.00"
"13758  :  โรงพยาบาลสมเด็จพระนางเจ้าสิริกิติ์","0","0","0","0.00"
"13760  :  โรงพยาบาลมะเร็งชลบุรี","0","0","0","0.00"
"13766  :  โรงพยาบาลมหาวิทยาลัยบูรพา","1","0","0","0.00"
"28005  :  โรงพยาบาลเมืองพัทยา","249","0","0","0.00"
"28006  :  โรงพยาบาลเกาะจันทร์","36","1","0","0.00"
"10663  :  โรงพยาบาลระยอง","0","0","0","0.00"
"10827  :  โรงพยาบาลเฉลิมพระเกียรติสมเด็จพระเทพรัตนราชสุดาฯ สยามบรมราชกุมารี ระยอง","63","0","0","0.00"
"10828  :  โรงพยาบาลบ้านฉาง","365","1","0","0.00"
"10829  :  โรงพยาบาลแกลง","65","1","0","0.00"
"10830  :  โรงพยาบาลวังจันทร์","64","0","0","0.00"
"10831  :  โรงพยาบาลบ้านค่าย","37","0","0","0.00"
"10832  :  โรงพยาบาลปลวกแดง","780","1","0","0.00"
"22734  :  โรงพยาบาลเขาชะเมา เฉลิมพระเกียรติ 80 พรรษา","30","1","1","100.00"
"23962  :  โรงพยาบาลนิคมพัฒนา","27","0","0","0.00"
"10664  :  โรงพยาบาลพระปกเกล้า","0","0","0","0.00"
"10834  :  โรงพยาบาลขลุง","111","1","1","100.00"
"10835  :  โรงพยาบาลท่าใหม่","0","0","0","0.00"
"10836  :  โรงพยาบาลเขาสุกิม","74","2","2","100.00"
"10837  :  โรงพยาบาลสองพี่น้อง","52","1","0","0.00"
"10838  :  โรงพยาบาลโป่งน้ำร้อน","184","1","1","100.00"
"10839  :  โรงพยาบาลมะขาม","0","0","0","0.00"
"10840  :  โรงพยาบาลแหลมสิงห์","0","0","0","0.00"
"10841  :  โรงพยาบาลสอยดาว","0","0","0","0.00"
"10842  :  โรงพยาบาลแก่งหางแมว","123","15","12","80.00"
"10843  :  โรงพยาบาลนายายอาม","37","4","3","75.00"
"10844  :  โรงพยาบาลเขาคิชฌกูฏ","61","2","1","50.00"
"10696  :  โรงพยาบาลตราด","51","0","0","0.00"
"10845  :  โรงพยาบาลคลองใหญ่","121","1","1","100.00"
"10846  :  โรงพยาบาลเขาสมิง","66","0","0","0.00"
"10847  :  โรงพยาบาลบ่อไร่","90","7","6","85.71"
"10848  :  โรงพยาบาลแหลมงอบ","63","20","7","35.00"
"10849  :  โรงพยาบาลเกาะกูด","21","2","1","50.00"
"13816  :  โรงพยาบาลเกาะช้าง","8","6","3","50.00"
"10697  :  โรงพยาบาลพุทธโสธร","0","0","0","0.00"
"10833  :  โรงพยาบาลท่าตะเกียบ","106","30","22","73.33"
"10850  :  โรงพยาบาลบางคล้า","195","3","1","33.33"
"10851  :  โรงพยาบาลบางน้ำเปรี้ยว","0","0","0","0.00"
"10852  :  โรงพยาบาลบางปะกง","0","0","0","0.00"
"10853  :  โรงพยาบาลบ้านโพธิ์","34","1","1","100.00"
"10854  :  โรงพยาบาลพนมสารคาม","107","0","0","0.00"
"10855  :  โรงพยาบาลสนามชัยเขต","0","0","0","0.00"
"10856  :  โรงพยาบาลแปลงยาว","124","2","1","50.00"
"13747  :  โรงพยาบาลราชสาส์น","85","1","1","100.00"
"31327  :  โรงพยาบาลคลองเขื่อน","0","0","0","0.00"
"10665  :  โรงพยาบาลเจ้าพระยาอภัยภูเบศร","6","0","0","0.00"
"10857  :  โรงพยาบาลกบินทร์บุรี","139","0","0","0.00"
"10858  :  โรงพยาบาลนาดี","70","1","1","100.00"
"10859  :  โรงพยาบาลบ้านสร้าง","39","0","0","0.00"
"10860  :  โรงพยาบาลประจันตคาม","68","0","0","0.00"
"10861  :  โรงพยาบาลศรีมหาโพธิ","113","1","1","100.00"
"10862  :  โรงพยาบาลศรีมโหสถ","92","6","6","100.00"
"11490  :  โรงพยาบาลค่ายจักรพงษ์","16","0","0","0.00"
"10698  :  โรงพยาบาลนครนายก","135","0","0","0.00"
"10863  :  โรงพยาบาลปากพลี","20","0","0","0.00"
"10864  :  โรงพยาบาลบ้านนา","56","3","1","33.33"
"10865  :  โรงพยาบาลองครักษ์","44","5","0","0.00"
"11491  :  โรงพยาบาลรร.นายร้อยพระจุลจอมเกล้า","0","0","0","0.00"
"14904  :  โรงพยาบาลศูนย์การแพทย์สมเด็จพระเทพรัตนราชสุดาฯ","0","0","0","0.00"
"10699  :  โรงพยาบาลสมเด็จพระยุพราชสระแก้ว","0","0","0","0.00"
"10866  :  โรงพยาบาลคลองหาด","107","50","43","86.00"
"10867  :  โรงพยาบาลตาพระยา","92","2","2","100.00"
"10868  :  โรงพยาบาลวังน้ำเย็น","302","4","2","50.00"
"10869  :  โรงพยาบาลวัฒนานคร","118","3","3","100.00"
"10870  :  โรงพยาบาลอรัญประเทศ","131","3","2","66.67"
"13817  :  โรงพยาบาลเขาฉกรรจ์","54","17","8","47.06"
"14717  :  โรงพยาบาลจิตเวชสระแก้วราชนครินทร์","0","0","0","0.00"
"10666  :  โรงพยาบาลมหาราชนครราชสีมา","0","0","0","0.00"
"10871  :  โรงพยาบาลครบุรี","122","25","11","44.00"
"10872  :  โรงพยาบาลเสิงสาง","142","16","12","75.00"
"10873  :  โรงพยาบาลคง","114","50","36","72.00"
"10874  :  โรงพยาบาลบ้านเหลื่อม","50","23","10","43.48"
"10875  :  โรงพยาบาลจักราช","123","48","40","83.33"
"10876  :  โรงพยาบาลโชคชัย","101","14","10","71.43"
"10877  :  โรงพยาบาลด่านขุนทด","121","57","29","50.88"
"10878  :  โรงพยาบาลโนนไทย","98","56","36","64.29"
"10879  :  โรงพยาบาลโนนสูง","86","43","29","67.44"
"10880  :  โรงพยาบาลขามสะแกแสง","120","20","16","80.00"
"10881  :  โรงพยาบาลบัวใหญ่","74","18","9","50.00"
"10882  :  โรงพยาบาลประทาย","86","24","20","83.33"
"10883  :  โรงพยาบาลปักธงชัย","56","13","10","76.92"
"10884  :  โรงพยาบาลพิมาย","97","1","1","100.00"
"10885  :  โรงพยาบาลห้วยแถลง","121","2","2","100.00"
"10886  :  โรงพยาบาลชุมพวง","140","72","58","80.56"
"10887  :  โรงพยาบาลสูงเนิน","223","60","30","50.00"
"10888  :  โรงพยาบาลขามทะเลสอ","59","0","0","0.00"
"10889  :  โรงพยาบาลสีคิ้ว","129","23","10","43.48"
"10890  :  โรงพยาบาลปากช่องนานา","65","4","3","75.00"
"10891  :  โรงพยาบาลหนองบุญมาก","48","17","8","47.06"
"10892  :  โรงพยาบาลแก้งสนามนาง","75","38","14","36.84"
"10893  :  โรงพยาบาลโนนแดง","82","38","31","81.58"
"10894  :  โรงพยาบาลวังน้ำเขียว","55","18","12","66.67"
"11492  :  โรงพยาบาลค่ายสุรนารี นครราชสีมา","0","0","0","0.00"
"11602  :  โรงพยาบาลเฉลิมพระเกียรติสมเด็จย่า 100 ปี","28","24","11","45.83"
"11608  :  โรงพยาบาลลำทะเมนชัย","75","47","42","89.36"
"11885  :  โรงพยาบาลเดอะโกลเดนเกท","235","141","137","97.16"
"11891  :  โรงพยาบาลราชสีมาฮอสพิทอล","117","2","2","100.00"
"12267  :  ศูนย์อนามัยที่ 9 นครราชสีมา","0","0","0","0.00"
"12268  :  โรงพยาบาลจิตเวชนครราชสีมาราชนครินทร์","0","0","0","0.00"
"14161  :  โรงพยาบาลกองบิน กองบิน1","20","1","1","100.00"
"22456  :  โรงพยาบาลพระทองคำ เฉลิมพระเกียรติ 80 พรรษา","70","10","5","50.00"
"23839  :  โรงพยาบาลเทพรัตน์นครราชสีมา","21","0","0","0.00"
"24060  :  โรงพยาบาลมหาวิทยาลัยเทคโนโลยีสุรนารี","11","3","3","100.00"
"24692  :  โรงพยาบาลเฉลิมพระเกียรติ","38","13","9","69.23"
"27839  :  โรงพยาบาลบัวลาย","45","21","11","52.38"
"27840  :  โรงพยาบาลสีดา","45","14","8","57.14"
"27841  :  โรงพยาบาลเทพารักษ์","98","47","19","40.43"
"10667  :  โรงพยาบาลบุรีรัมย์","0","0","0","0.00"
"10895  :  โรงพยาบาลคูเมือง","157","0","0","0.00"
"10896  :  โรงพยาบาลกระสัง","99","48","41","85.42"
"10897  :  โรงพยาบาลนางรอง","0","0","0","0.00"
"10898  :  โรงพยาบาลหนองกี่","97","0","0","0.00"
"10899  :  โรงพยาบาลละหานทราย","153","5","3","60.00"
"10900  :  โรงพยาบาลประโคนชัย","96","0","0","0.00"
"10901  :  โรงพยาบาลบ้านกรวด","176","7","3","42.86"
"10902  :  โรงพยาบาลพุทไธสง","101","20","13","65.00"
"10904  :  โรงพยาบาลลำปลายมาศ","0","0","0","0.00"
"10905  :  โรงพยาบาลสตึก","85","23","13","56.52"
"10906  :  โรงพยาบาลปะคำ","78","22","15","68.18"
"10907  :  โรงพยาบาลนาโพธิ์","52","26","23","88.46"
"10908  :  โรงพยาบาลหนองหงส์","70","20","12","60.00"
"10909  :  โรงพยาบาลพลับพลาชัย","98","1","0","0.00"
"10910  :  โรงพยาบาลห้วยราช","30","8","7","87.50"
"10911  :  โรงพยาบาลโนนสุวรรณ","62","17","10","58.82"
"10912  :  โรงพยาบาลชำนิ","40","0","0","0.00"
"10913  :  โรงพยาบาลบ้านใหม่ไชยพจน์","36","13","13","100.00"
"10914  :  โรงพยาบาลโนนดินแดง","122","34","19","55.88"
"11493  :  โรงพยาบาลค่ายสมเด็จเจ้าพระยามหากษัตริย์ศึก","2","0","0","0.00"
"11619  :  โรงพยาบาลเฉลิมพระเกียรติ","59","1","1","100.00"
"23578  :  โรงพยาบาลแคนดง","90","32","11","34.38"
"28020  :  โรงพยาบาลบ้านด่าน","84","39","14","35.90"
"10668  :  โรงพยาบาลสุรินทร์","0","0","0","0.00"
"10915  :  โรงพยาบาลชุมพลบุรี","110","35","29","82.86"
"10916  :  โรงพยาบาลท่าตูม","249","18","2","11.11"
"10917  :  โรงพยาบาลจอมพระ","97","54","40","74.07"
"10918  :  โรงพยาบาลปราสาท","105","0","0","0.00"
"10919  :  โรงพยาบาลกาบเชิง","102","2","2","100.00"
"10920  :  โรงพยาบาลรัตนบุรี","134","2","0","0.00"
"10921  :  โรงพยาบาลสนม","70","1","1","100.00"
"10922  :  โรงพยาบาลศีขรภูมิ","123","0","0","0.00"
"10923  :  โรงพยาบาลสังขะ","116","58","36","62.07"
"10924  :  โรงพยาบาลลำดวน","84","50","44","88.00"
"10925  :  โรงพยาบาลสำโรงทาบ","106","47","26","55.32"
"10926  :  โรงพยาบาลบัวเชด","110","61","53","86.89"
"11494  :  โรงพยาบาลค่ายวีรวัฒน์โยธิน","2","0","0","0.00"
"22302  :  โรงพยาบาลพนมดงรัก เฉลิมพระเกียรติ 80 พรรษา","52","0","0","0.00"
"27842  :  โรงพยาบาลเขวาสินรินทร์","33","0","0","0.00"
"27843  :  โรงพยาบาลศรีณรงค์","46","26","19","73.08"
"27844  :  โรงพยาบาลโนนนารายณ์","26","1","1","100.00"
"10700  :  โรงพยาบาลศรีสะเกษ","6","0","0","0.00"
"10927  :  โรงพยาบาลยางชุมน้อย","67","29","23","79.31"
"10928  :  โรงพยาบาลกันทรารมย์","105","43","38","88.37"
"10929  :  โรงพยาบาลกันทรลักษ์","190","0","0","0.00"
"10930  :  โรงพยาบาลขุขันธ์","153","4","3","75.00"
"10931  :  โรงพยาบาลไพรบึง","154","0","0","0.00"
"10932  :  โรงพยาบาลปรางค์กู่","68","0","0","0.00"
"10933  :  โรงพยาบาลขุนหาญ","85","1","1","100.00"
"10934  :  โรงพยาบาลราษีไศล","73","1","0","0.00"
"10935  :  โรงพยาบาลอุทุมพรพิสัย","86","0","0","0.00"
"10936  :  โรงพยาบาลบึงบูรพ์","37","25","22","88.00"
"10937  :  โรงพยาบาลห้วยทับทัน","61","37","36","97.30"
"10938  :  โรงพยาบาลโนนคูณ","34","14","14","100.00"
"10939  :  โรงพยาบาลศรีรัตนะ","51","1","1","100.00"
"10940  :  โรงพยาบาลวังหิน","39","34","34","100.00"
"10941  :  โรงพยาบาลน้ำเกลี้ยง","25","17","9","52.94"
"10942  :  โรงพยาบาลภูสิงห์","72","0","0","0.00"
"10943  :  โรงพยาบาลเมืองจันทร์","18","0","0","0.00"
"23125  :  โรงพยาบาลเบญจลักษ์เฉลิมพระเกียรติ 80 พรรษา","46","0","0","0.00"
"28014  :  โรงพยาบาลพยุห์","31","0","0","0.00"
"28015  :  โรงพยาบาลโพธิ์ศรีสุวรรณ","21","14","14","100.00"
"28016  :  โรงพยาบาลศิลาลาด","46","0","0","0.00"
"10669  :  โรงพยาบาลสรรพสิทธิประสงค์","0","0","0","0.00"
"10944  :  โรงพยาบาลศรีเมืองใหม่","95","1","0","0.00"
"10945  :  โรงพยาบาลโขงเจียม","105","7","3","42.86"
"10946  :  โรงพยาบาลเขื่องใน","0","0","0","0.00"
"10947  :  โรงพยาบาลเขมราฐ","229","2","2","100.00"
"10948  :  โรงพยาบาลนาจะหลวย","176","2","1","50.00"
"10949  :  โรงพยาบาลน้ำยืน","0","0","0","0.00"
"10950  :  โรงพยาบาลบุณฑริก","93","14","4","28.57"
"10951  :  โรงพยาบาลตระการพืชผล","67","3","1","33.33"
"10952  :  โรงพยาบาลกุดข้าวปุ้น","81","0","0","0.00"
"10953  :  โรงพยาบาลม่วงสามสิบ","76","22","10","45.45"
"10954  :  โรงพยาบาลวารินชำราบ","25","0","0","0.00"
"10956  :  โรงพยาบาลพิบูลมังสาหาร","88","0","0","0.00"
"10957  :  โรงพยาบาลตาลสุม","65","0","0","0.00"
"10958  :  โรงพยาบาลโพธิ์ไทร","64","0","0","0.00"
"10959  :  โรงพยาบาลสำโรง","57","0","0","0.00"
"10960  :  โรงพยาบาลดอนมดแดง","47","3","2","66.67"
"10961  :  โรงพยาบาลสิรินธร","89","0","0","0.00"
"10962  :  โรงพยาบาลทุ่งศรีอุดม","70","1","1","100.00"
"11443  :  โรงพยาบาลสมเด็จพระยุพราชเดชอุดม","0","0","0","0.00"
"11495  :  โรงพยาบาลกองบิน 21","0","0","0","0.00"
"11496  :  โรงพยาบาลค่ายสรรพสิทธิประสงค์","52","0","0","0.00"
"11918  :  โรงพยาบาลเอกชนร่มเกล้า","24","0","0","0.00"
"12269  :  โรงพยาบาลพระศรีมหาโพธิ์","0","0","0","0.00"
"12270  :  โรงพยาบาลส่งเสริมสุขภาพ ศูนย์อนามัยที่ 10","0","0","0","0.00"
"21984  :  โรงพยาบาล 50 พรรษา มหาวชิราลงกรณ","0","0","0","0.00"
"24032  :  โรงพยาบาลนาตาล","17","0","0","0.00"
"24821  :  โรงพยาบาลนาเยีย","0","0","0","0.00"
"27967  :  โรงพยาบาลสว่างวีระวงศ์","0","0","0","0.00"
"27968  :  โรงพยาบาลน้ำขุ่น","37","0","0","0.00"
"27976  :  โรงพยาบาลเหล่าเสือโก้ก","14","2","2","100.00"
"10701  :  โรงพยาบาลยโสธร","0","0","0","0.00"
"10963  :  โรงพยาบาลทรายมูล","0","0","0","0.00"
"10964  :  โรงพยาบาลกุดชุม","0","0","0","0.00"
"10965  :  โรงพยาบาลคำเขื่อนแก้ว","78","1","1","100.00"
"10966  :  โรงพยาบาลป่าติ้ว","77","1","1","100.00"
"10967  :  โรงพยาบาลมหาชนะชัย","51","1","0","0.00"
"10968  :  โรงพยาบาลค้อวัง","53","22","10","45.45"
"10969  :  โรงพยาบาลไทยเจริญ","52","3","2","66.67"
"11444  :  โรงพยาบาลสมเด็จพระยุพราชเลิงนกทา","141","19","17","89.47"
"11921  :  โรงพยาบาลนายแพทย์หาญ","7","0","0","0.00"
"04007  :  โรงพยาบาลซับใหญ่","53","1","1","100.00"
"10702  :  โรงพยาบาลชัยภูมิ","0","0","0","0.00"
"10970  :  โรงพยาบาลบ้านเขว้า","115","28","28","100.00"
"10971  :  โรงพยาบาลคอนสวรรค์","67","0","0","0.00"
"10972  :  โรงพยาบาลเกษตรสมบูรณ์","105","0","0","0.00"
"10973  :  โรงพยาบาลหนองบัวแดง","164","2","2","100.00"
"10974  :  โรงพยาบาลจัตุรัส","105","27","22","81.48"
"10975  :  โรงพยาบาลบำเหน็จณรงค์","134","63","47","74.60"
"10976  :  โรงพยาบาลหนองบัวระเหว","49","2","2","100.00"
"10977  :  โรงพยาบาลเทพสถิต","158","1","1","100.00"
"10978  :  โรงพยาบาลภูเขียวเฉลิมพระเกียรติ","197","2","2","100.00"
"10979  :  โรงพยาบาลบ้านแท่น","106","22","22","100.00"
"10980  :  โรงพยาบาลแก้งคร้อ","154","121","120","99.17"
"10981  :  โรงพยาบาลคอนสาร","81","14","9","64.29"
"10982  :  โรงพยาบาลภักดีชุมพล","61","0","0","0.00"
"10983  :  โรงพยาบาลเนินสง่า","35","0","0","0.00"
"10703  :  โรงพยาบาลอำนาจเจริญ","0","0","0","0.00"
"10985  :  โรงพยาบาลชานุมาน","67","36","29","80.56"
"10986  :  โรงพยาบาลปทุมราชวงศา","102","4","4","100.00"
"10987  :  โรงพยาบาลพนา","43","32","30","93.75"
"10988  :  โรงพยาบาลเสนางคนิคม","115","76","59","77.63"
"10989  :  โรงพยาบาลหัวตะพาน","39","0","0","0.00"
"10990  :  โรงพยาบาลลืออำนาจ","32","23","13","56.52"
"11040  :  โรงพยาบาลบึงกาฬ","77","23","22","95.65"
"11041  :  โรงพยาบาลพรเจริญ","101","1","1","100.00"
"11043  :  โรงพยาบาลโซ่พิสัย","167","37","10","27.03"
"11046  :  โรงพยาบาลเซกา","221","2","2","100.00"
"11047  :  โรงพยาบาลปากคาด","111","0","0","0.00"
"11048  :  โรงพยาบาลบึงโขงหลง","0","0","0","0.00"
"11049  :  โรงพยาบาลศรีวิไล","132","94","43","45.74"
"11050  :  โรงพยาบาลบุ่งคล้า","24","0","0","0.00"
"10704  :  โรงพยาบาลหนองบัวลำภู","0","0","0","0.00"
"10991  :  โรงพยาบาลนากลาง","0","0","0","0.00"
"10992  :  โรงพยาบาลโนนสัง","0","0","0","0.00"
"10993  :  โรงพยาบาลศรีบุญเรือง","0","0","0","0.00"
"10994  :  โรงพยาบาลสุวรรณคูหา","0","0","0","0.00"
"23367  :  โรงพยาบาลนาวัง เฉลิมพระเกียรติ 80 พรรษา","0","0","0","0.00"
"10670  :  โรงพยาบาลขอนแก่น","0","0","0","0.00"
"10995  :  โรงพยาบาลบ้านฝาง","0","0","0","0.00"
"10996  :  โรงพยาบาลพระยืน","0","0","0","0.00"
"10997  :  โรงพยาบาลหนองเรือ","0","0","0","0.00"
"10998  :  โรงพยาบาลชุมแพ","0","0","0","0.00"
"10999  :  โรงพยาบาลสีชมพู","91","0","0","0.00"
"11000  :  โรงพยาบาลน้ำพอง","71","0","0","0.00"
"11001  :  โรงพยาบาลอุบลรัตน์","89","0","0","0.00"
"11002  :  โรงพยาบาลบ้านไผ่","0","0","0","0.00"
"11003  :  โรงพยาบาลเปือยน้อย","37","1","1","100.00"
"11004  :  โรงพยาบาลพล","0","0","0","0.00"
"11005  :  โรงพยาบาลแวงใหญ่","42","1","0","0.00"
"11006  :  โรงพยาบาลแวงน้อย","90","3","2","66.67"
"11007  :  โรงพยาบาลหนองสองห้อง","0","0","0","0.00"
"11008  :  โรงพยาบาลภูเวียง","0","0","0","0.00"
"11009  :  โรงพยาบาลมัญจาคีรี","118","55","37","67.27"
"11010  :  โรงพยาบาลชนบท","0","0","0","0.00"
"11011  :  โรงพยาบาลเขาสวนกวาง","0","0","0","0.00"
"11012  :  โรงพยาบาลภูผาม่าน","0","0","0","0.00"
"11445  :  โรงพยาบาลสมเด็จพระยุพราชกระนวน","158","1","1","100.00"
"11497  :  โรงพยาบาลค่ายศรีพัชรินทร","0","0","0","0.00"
"11936  :  โรงพยาบาลขอนแก่นราม","0","0","0","0.00"
"12272  :  โรงพยาบาลจิตเวชขอนแก่นราชนครินทร์","0","0","0","0.00"
"12273  :  โรงพยาบาลส่งเสริมสุขภาพ ศูนย์อนามัยที่ 7","0","0","0","0.00"
"12275  :  โรงพยาบาลสิรินธร(ภาคตะวันออกเฉียงเหนือ)","0","0","0","0.00"
"13777  :  โรงพยาบาลศรีนครินทร์ มหาวิทยาลัยขอนแก่น","0","0","0","0.00"
"14132  :  โรงพยาบาลซำสูง","0","0","0","0.00"
"14196  :  โรงพยาบาลธัญญรักษ์ขอนแก่น","0","0","0","0.00"
"24746  :  สถาบันสุขภาพจิตเด็กและวัยรุ่นภาคตะวันออกเฉียงเหนือ","0","0","0","0.00"
"77649  :  โรงพยาบาลหนองนาคำ","14","0","0","0.00"
"77650  :  โรงพยาบาลเวียงเก่า","5","0","0","0.00"
"77651  :  โรงพยาบาลโคกโพธิ์ไชย","24","0","0","0.00"
"77652  :  โรงพยาบาลโนนศิลา","4","0","0","0.00"
"10671  :  โรงพยาบาลอุดรธานี","0","0","0","0.00"
"11013  :  โรงพยาบาลกุดจับ","65","6","5","83.33"
"11014  :  โรงพยาบาลหนองวัวซอ","68","0","0","0.00"
"11015  :  โรงพยาบาลกุมภวาปี","147","5","3","60.00"
"11016  :  โรงพยาบาลห้วยเกิ้ง","0","0","0","0.00"
"11017  :  โรงพยาบาลโนนสะอาด","100","0","0","0.00"
"11018  :  โรงพยาบาลหนองหาน","161","99","72","72.73"
"11019  :  โรงพยาบาลทุ่งฝน","95","0","0","0.00"
"11020  :  โรงพยาบาลไชยวาน","137","0","0","0.00"
"11021  :  โรงพยาบาลศรีธาตุ","49","0","0","0.00"
"11022  :  โรงพยาบาลวังสามหมอ","110","103","103","100.00"
"11023  :  โรงพยาบาลบ้านผือ","148","3","2","66.67"
"11024  :  โรงพยาบาลน้ำโสม","186","2","2","100.00"
"11025  :  โรงพยาบาลเพ็ญ","149","4","3","75.00"
"11026  :  โรงพยาบาลสร้างคอม","73","0","0","0.00"
"11027  :  โรงพยาบาลหนองแสง","104","0","0","0.00"
"11028  :  โรงพยาบาลนายูง","51","16","5","31.25"
"11029  :  โรงพยาบาลพิบูลย์รักษ์","26","0","0","0.00"
"11446  :  โรงพยาบาลสมเด็จพระยุพราชบ้านดุง","206","58","56","96.55"
"11501  :  โรงพยาบาลค่ายประจักษ์ศิลปาคม","0","0","0","0.00"
"12276  :  โรงพยาบาลมะเร็งอุดรธานี","0","0","0","0.00"
"23951  :  โรงพยาบาลธัญญารักษ์อุดรธานี","0","0","0","0.00"
"25058  :  โรงพยาบาลกู่แก้ว","0","0","0","0.00"
"25059  :  โรงพยาบาลประจักษ์ศิลปาคม","0","0","0","0.00"
"10705  :  โรงพยาบาลเลย","150","76","63","82.89"
"11030  :  โรงพยาบาลนาด้วง","119","71","57","80.28"
"11031  :  โรงพยาบาลเชียงคาน","97","16","12","75.00"
"11032  :  โรงพยาบาลปากชม","54","28","22","78.57"
"11033  :  โรงพยาบาลนาแห้ว","22","10","5","50.00"
"11034  :  โรงพยาบาลภูเรือ","44","34","26","76.47"
"11035  :  โรงพยาบาลท่าลี่","27","6","4","66.67"
"11036  :  โรงพยาบาลวังสะพุง","116","79","69","87.34"
"11037  :  โรงพยาบาลภูกระดึง","132","10","10","100.00"
"11038  :  โรงพยาบาลภูหลวง","48","26","21","80.77"
"11039  :  โรงพยาบาลผาขาว","154","101","84","83.17"
"11447  :  โรงพยาบาลสมเด็จพระยุพราชด่านซ้าย","87","23","21","91.30"
"14133  :  โรงพยาบาลเอราวัณ","71","60","45","75.00"
"14644  :  โรงพยาบาลจิตเวชเลยราชนครินทร์","0","0","0","0.00"
"28861  :  โรงพยาบาลหนองหิน","13","0","0","0.00"
"10706  :  โรงพยาบาลหนองคาย","222","5","1","20.00"
"11042  :  โรงพยาบาลโพนพิสัย","63","30","26","86.67"
"11044  :  โรงพยาบาลศรีเชียงใหม่","84","4","3","75.00"
"11045  :  โรงพยาบาลสังคม","40","21","6","28.57"
"11448  :  โรงพยาบาลสมเด็จพระยุพราชท่าบ่อ","135","13","5","38.46"
"14558  :  โรงพยาบาลพิสัยเวช","133","47","39","82.98"
"21356  :  โรงพยาบาลสระใคร","28","11","8","72.73"
"28778  :  โรงพยาบาลโพธิ์ตาก","10","4","2","50.00"
"28811  :  โรงพยาบาลเฝ้าไร่","44","21","18","85.71"
"28815  :  โรงพยาบาลรัตนวาปี","2","1","1","100.00"
"10707  :  โรงพยาบาลมหาสารคาม","0","0","0","0.00"
"11051  :  โรงพยาบาลแกดำ","49","1","0","0.00"
"11052  :  โรงพยาบาลโกสุมพิสัย","161","2","2","100.00"
"11053  :  โรงพยาบาลกันทรวิชัย","76","4","4","100.00"
"11054  :  โรงพยาบาลเชียงยืน","136","2","1","50.00"
"11055  :  โรงพยาบาลบรบือ","168","2","2","100.00"
"11056  :  โรงพยาบาลนาเชือก","49","4","4","100.00"
"11057  :  โรงพยาบาลพยัคฆภูมิพิสัย","116","71","66","92.96"
"11058  :  โรงพยาบาลวาปีปทุม","132","7","4","57.14"
"11059  :  โรงพยาบาลนาดูน","51","24","22","91.67"
"11060  :  โรงพยาบาลยางสีสุราช","43","41","27","65.85"
"22953  :  โรงพยาบาลสุทธาเวช คณะแพทยศาสตร์ มหาวิทยาลัยมหาสารคาม","74","4","1","25.00"
"24704  :  โรงพยาบาลกุดรัง","30","17","15","88.24"
"28843  :  โรงพยาบาลชื่นชม","2","0","0","0.00"
"10708  :  โรงพยาบาลร้อยเอ็ด","0","0","0","0.00"
"11061  :  โรงพยาบาลเกษตรวิสัย","131","0","0","0.00"
"11062  :  โรงพยาบาลปทุมรัตต์","97","1","1","100.00"
"11063  :  โรงพยาบาลจตุรพักตรพิมาน","120","27","16","59.26"
"11064  :  โรงพยาบาลธวัชบุรี","83","26","15","57.69"
"11065  :  โรงพยาบาลพนมไพร","81","40","31","77.50"
"11066  :  โรงพยาบาลโพนทอง","142","3","2","66.67"
"11067  :  โรงพยาบาลโพธิ์ชัย","102","0","0","0.00"
"11068  :  โรงพยาบาลหนองพอก","111","84","82","97.62"
"11069  :  โรงพยาบาลเสลภูมิ","107","56","47","83.93"
"11070  :  โรงพยาบาลสุวรรณภูมิ","167","0","0","0.00"
"11071  :  โรงพยาบาลเมืองสรวง","23","1","1","100.00"
"11072  :  โรงพยาบาลโพนทราย","70","38","32","84.21"
"11073  :  โรงพยาบาลอาจสามารถ","97","2","1","50.00"
"11074  :  โรงพยาบาลเมยวดี","64","2","2","100.00"
"11075  :  โรงพยาบาลศรีสมเด็จ","46","0","0","0.00"
"11076  :  โรงพยาบาลจังหาร","49","15","9","60.00"
"11504  :  โรงพยาบาลค่ายสมเด็จพระพุทธยอดฟ้าจุฬาโลกมหาราช","14","1","1","100.00"
"11964  :  โรงพยาบาลทั่วไปขนาดใหญ่จุรีเวช","119","6","6","100.00"
"27988  :  โรงพยาบาลทุ่งเขาหลวง","13","1","0","0.00"
"27989  :  โรงพยาบาลเชียงขวัญ","23","5","1","20.00"
"27990  :  โรงพยาบาลหนองฮี","26","2","1","50.00"
"10709  :  โรงพยาบาลกาฬสินธุ์","41","0","0","0.00"
"11077  :  โรงพยาบาลนามน","111","1","0","0.00"
"11078  :  โรงพยาบาลกมลาไสย","116","0","0","0.00"
"11079  :  โรงพยาบาลร่องคำ","53","0","0","0.00"
"11080  :  โรงพยาบาลเขาวง","139","2","2","100.00"
"11081  :  โรงพยาบาลยางตลาด","175","0","0","0.00"
"11082  :  โรงพยาบาลห้วยเม็ก","89","0","0","0.00"
"11083  :  โรงพยาบาลสหัสขันธ์","50","0","0","0.00"
"11084  :  โรงพยาบาลคำม่วง","107","0","0","0.00"
"11085  :  โรงพยาบาลท่าคันโท","127","0","0","0.00"
"11086  :  โรงพยาบาลหนองกุงศรี","87","0","0","0.00"
"11087  :  โรงพยาบาลสมเด็จ","98","0","0","0.00"
"11088  :  โรงพยาบาลห้วยผึ้ง","82","54","35","64.81"
"11449  :  โรงพยาบาลสมเด็จพระยุพราชกุฉินารายณ์","204","4","2","50.00"
"11965  :  โรงพยาบาลธีรวัฒน์","0","0","0","0.00"
"28017  :  โรงพยาบาลนาคู","39","27","15","55.56"
"28789  :  โรงพยาบาลฆ้องชัย","34","17","17","100.00"
"28790  :  โรงพยาบาลดอนจาน","45","0","0","0.00"
"28791  :  โรงพยาบาลสามชัย","22","1","0","0.00"
"10710  :  โรงพยาบาลสกลนคร","0","0","0","0.00"
"11089  :  โรงพยาบาลกุสุมาลย์","106","0","0","0.00"
"11090  :  โรงพยาบาลกุดบาก","57","0","0","0.00"
"11091  :  โรงพยาบาลพระอาจารย์ฝั้นอาจาโร","49","0","0","0.00"
"11092  :  โรงพยาบาลพังโคน","139","2","2","100.00"
"11093  :  โรงพยาบาลวาริชภูมิ","85","0","0","0.00"
"11094  :  โรงพยาบาลนิคมน้ำอูน","50","0","0","0.00"
"11095  :  โรงพยาบาลวานรนิวาส","171","120","118","98.33"
"11096  :  โรงพยาบาลคำตากล้า","217","2","2","100.00"
"11097  :  โรงพยาบาลบ้านม่วง","100","1","1","100.00"
"11098  :  โรงพยาบาลอากาศอำนวย","134","1","1","100.00"
"11099  :  โรงพยาบาลส่องดาว","86","2","2","100.00"
"11100  :  โรงพยาบาลเต่างอย","25","0","0","0.00"
"11101  :  โรงพยาบาลโคกศรีสุพรรณ","61","33","32","96.97"
"11102  :  โรงพยาบาลเจริญศิลป์","115","2","1","50.00"
"11103  :  โรงพยาบาลโพนนาแก้ว","50","2","2","100.00"
"11450  :  โรงพยาบาลสมเด็จพระยุพราชสว่างแดนดิน","277","134","115","85.82"
"11505  :  โรงพยาบาลค่ายกฤษณ์สีวะรา","21","0","0","0.00"
"21323  :  โรงพยาบาลพระอาจารย์แบน  ธนากโร","23","1","1","100.00"
"24976  :  โรงพยาบาลการแพทย์แผนไทยสกลนคร หลวงปู่แฟ๊ป สุภัทโท","0","0","0","0.00"
"10711  :  โรงพยาบาลนครพนม","9","0","0","0.00"
"11104  :  โรงพยาบาลปลาปาก","128","36","21","58.33"
"11105  :  โรงพยาบาลท่าอุเทน","35","1","0","0.00"
"11106  :  โรงพยาบาลบ้านแพง","94","6","6","100.00"
"11107  :  โรงพยาบาลนาทม","32","13","10","76.92"
"11108  :  โรงพยาบาลเรณูนคร","90","0","0","0.00"
"11109  :  โรงพยาบาลนาแก","59","0","0","0.00"
"11110  :  โรงพยาบาลศรีสงคราม","124","74","30","40.54"
"11111  :  โรงพยาบาลนาหว้า","168","4","2","50.00"
"11112  :  โรงพยาบาลโพนสวรรค์","126","2","0","0.00"
"11451  :  โรงพยาบาลสมเด็จพระยุพราชธาตุพนม","20","7","5","71.43"
"12277  :  โรงพยาบาลจิตเวชนครพนมราชนครินทร์","0","0","0","0.00"
"40840  :  โรงพยาบาลวังยาง","49","8","5","62.50"
"10712  :  โรงพยาบาลมุกดาหาร","279","5","5","100.00"
"11113  :  โรงพยาบาลนิคมคำสร้อย","64","0","0","0.00"
"11114  :  โรงพยาบาลดอนตาล","26","19","16","84.21"
"11115  :  โรงพยาบาลดงหลวง","88","0","0","0.00"
"11116  :  โรงพยาบาลคำชะอี","50","0","0","0.00"
"11117  :  โรงพยาบาลหว้านใหญ่","19","7","6","85.71"
"11118  :  โรงพยาบาลหนองสูง","15","2","2","100.00"
"06009  :  โรงพยาบาลแม่ตื่น","63","3","0","0.00"
"10713  :  โรงพยาบาลนครพิงค์","6","0","0","0.00"
"11119  :  โรงพยาบาลจอมทอง","124","0","0","0.00"
"11120  :  โรงพยาบาลเทพรัตนเวชชานุกูล เฉลิมพระเกียรติ ๖๐ พรรษา","88","11","10","90.91"
"11121  :  โรงพยาบาลเชียงดาว","100","1","1","100.00"
"11122  :  โรงพยาบาลดอยสะเก็ด","0","0","0","0.00"
"11123  :  โรงพยาบาลแม่แตง","0","0","0","0.00"
"11124  :  โรงพยาบาลสะเมิง","39","3","0","0.00"
"11125  :  โรงพยาบาลฝาง","33","0","0","0.00"
"11126  :  โรงพยาบาลแม่อาย","30","2","2","100.00"
"11127  :  โรงพยาบาลพร้าว","0","0","0","0.00"
"11128  :  โรงพยาบาลสันป่าตอง","54","39","30","76.92"
"11129  :  โรงพยาบาลสันกำแพง","0","0","0","0.00"
"11130  :  โรงพยาบาลสันทราย","0","0","0","0.00"
"11131  :  โรงพยาบาลหางดง","0","0","0","0.00"
"11132  :  โรงพยาบาลฮอด","97","0","0","0.00"
"11133  :  โรงพยาบาลดอยเต่า","43","0","0","0.00"
"11134  :  โรงพยาบาลอมก๋อย","138","17","10","58.82"
"11135  :  โรงพยาบาลสารภี","0","0","0","0.00"
"11136  :  โรงพยาบาลเวียงแหง","1","0","0","0.00"
"11137  :  โรงพยาบาลไชยปราการ","20","1","1","100.00"
"11138  :  โรงพยาบาลแม่วาง","32","1","1","100.00"
"11139  :  โรงพยาบาลแม่ออน","0","0","0","0.00"
"11507  :  โรงพยาบาลกองบิน 41","2","0","0","0.00"
"11508  :  โรงพยาบาลค่ายกาวิละ เชียงใหม่","0","0","0","0.00"
"11643  :  โรงพยาบาลดอยหล่อ","0","0","0","0.00"
"11978  :  โรงพยาบาลดารารัศมี","0","0","0","0.00"
"11992  :  โรงพยาบาลเทพปัญญา 2 โรงพยาบาลทั่วไปขนาดกลาง","0","0","0","0.00"
"11995  :  โรงพยาบาลทั่วไปขนาดใหญ่เซ็นทรัลเชียงใหม่ เมโมเรียล","13","0","0","0.00"
"11999  :  โรงพยาบาลทั่วไปขนาดใหญ่เชียงใหม่เมดิคอลเซ็นเตอร์","55","0","0","0.00"
"12279  :  โรงพยาบาลส่งเสริมสุขภาพ ศูนย์อนามัยที่ 1","0","0","0","0.00"
"12280  :  โรงพยาบาลสวนปรุง","0","0","0","0.00"
"12281  :  โรงพยาบาลประสาทเชียงใหม่","0","0","0","0.00"
"13775  :  สถาบันพัฒนาการเด็กราชนครินทร์","0","0","0","0.00"
"13780  :  โรงพยาบาลมหาราชนครเชียงใหม่  มหาวิทยาลัยเชียงใหม่","0","0","0","0.00"
"13785  :  โรงพยาบาลธัญญารักษ์เชียงใหม่","0","0","0","0.00"
"14550  :  โรงพยาบาลทั่วไปขนาดใหญ่ เชียงใหม่ใกล้หมอ","228","0","0","0.00"
"14916  :  โรงพยาบาลทั่วไปขนาดกลางเชียงใหม่ฮอสพิทอล","210","0","0","0.00"
"23736  :  โรงพยาบาลวัดจันทร์ เฉลิมพระเกียรติ 80 พรรษา","27","0","0","0.00"
"10714  :  โรงพยาบาลลำพูน","0","0","0","0.00"
"11140  :  โรงพยาบาลแม่ทา","64","23","20","86.96"
"11141  :  โรงพยาบาลบ้านโฮ่ง","44","39","39","100.00"
"11142  :  โรงพยาบาลลี้","0","0","0","0.00"
"11143  :  โรงพยาบาลทุ่งหัวช้าง","45","16","16","100.00"
"11144  :  โรงพยาบาลป่าซาง","64","1","1","100.00"
"11145  :  โรงพยาบาลบ้านธิ","67","2","2","100.00"
"12000  :  โรงพยาบาลหริภุญชัยเมโมเรียล","0","0","0","0.00"
"14555  :  โรงพยาบาลทั่วไปขนาดกลางศิริเวช ลำพูน","65","2","2","100.00"
"24956  :  โรงพยาบาลเวียงหนองล่อง","18","5","5","100.00"
"10672  :  โรงพยาบาลลำปาง","0","0","0","0.00"
"11146  :  โรงพยาบาลแม่เมาะ","104","9","6","66.67"
"11147  :  โรงพยาบาลเกาะคา","14","1","0","0.00"
"11148  :  โรงพยาบาลเสริมงาม","50","15","14","93.33"
"11149  :  โรงพยาบาลงาว","35","0","0","0.00"
"11150  :  โรงพยาบาลแจ้ห่ม","43","14","12","85.71"
"11151  :  โรงพยาบาลวังเหนือ","48","0","0","0.00"
"11152  :  โรงพยาบาลเถิน","50","7","7","100.00"
"11153  :  โรงพยาบาลแม่พริก","59","36","29","80.56"
"11154  :  โรงพยาบาลแม่ทะ","49","1","1","100.00"
"11155  :  โรงพยาบาลสบปราบ","58","2","2","100.00"
"11156  :  โรงพยาบาลห้างฉัตร","48","1","0","0.00"
"11157  :  โรงพยาบาลเมืองปาน","44","21","17","80.95"
"11512  :  โรงพยาบาลค่ายสุรศักดิ์มนตรี","0","0","0","0.00"
"12283  :  โรงพยาบาลมะเร็งลำปาง","0","0","0","0.00"
"10673  :  โรงพยาบาลอุตรดิตถ์","398","34","31","91.18"
"11158  :  โรงพยาบาลตรอน","61","48","46","95.83"
"11159  :  โรงพยาบาลท่าปลา","81","58","55","94.83"
"11160  :  โรงพยาบาลน้ำปาด","46","38","37","97.37"
"11161  :  โรงพยาบาลฟากท่า","32","32","32","100.00"
"11162  :  โรงพยาบาลบ้านโคก","46","5","5","100.00"
"11163  :  โรงพยาบาลพิชัย","74","5","4","80.00"
"11164  :  โรงพยาบาลลับแล","58","8","8","100.00"
"11165  :  โรงพยาบาลทองแสนขัน","45","26","25","96.15"
"11509  :  โรงพยาบาลค่ายพิชัยดาบหัก","5","0","0","0.00"
"10715  :  โรงพยาบาลแพร่","0","0","0","0.00"
"11166  :  โรงพยาบาลร้องกวาง","36","22","20","90.91"
"11167  :  โรงพยาบาลลอง","86","5","1","20.00"
"11169  :  โรงพยาบาลสูงเม่น","0","0","0","0.00"
"11170  :  โรงพยาบาลสอง","66","4","4","100.00"
"11171  :  โรงพยาบาลวังชิ้น","36","5","4","80.00"
"11172  :  โรงพยาบาลหนองม่วงไข่","21","1","0","0.00"
"11452  :  โรงพยาบาลสมเด็จพระยุพราชเด่นชัย","68","35","29","82.86"
"10716  :  โรงพยาบาลน่าน","189","3","2","66.67"
"11173  :  โรงพยาบาลแม่จริม","23","1","0","0.00"
"11174  :  โรงพยาบาลบ้านหลวง","26","1","1","100.00"
"11175  :  โรงพยาบาลนาน้อย","53","16","11","68.75"
"11176  :  โรงพยาบาลท่าวังผา","34","0","0","0.00"
"11177  :  โรงพยาบาลเวียงสา","100","4","4","100.00"
"11178  :  โรงพยาบาลทุ่งช้าง","23","0","0","0.00"
"11179  :  โรงพยาบาลเชียงกลาง","25","13","8","61.54"
"11180  :  โรงพยาบาลนาหมื่น","29","23","22","95.65"
"11181  :  โรงพยาบาลสันติสุข","56","16","13","81.25"
"11182  :  โรงพยาบาลบ่อเกลือ","30","0","0","0.00"
"11183  :  โรงพยาบาลสองแคว","28","22","14","63.64"
"11453  :  โรงพยาบาลสมเด็จพระยุพราชปัว","39","3","1","33.33"
"11510  :  โรงพยาบาลค่ายสุริยพงษ์","2","0","0","0.00"
"11625  :  โรงพยาบาลเฉลิมพระเกียรติ","10","3","3","100.00"
"25017  :  โรงพยาบาลภูเพียง","9","2","2","100.00"
"10717  :  โรงพยาบาลพะเยา","0","0","0","0.00"
"10718  :  โรงพยาบาลเชียงคำ","0","0","0","0.00"
"11184  :  โรงพยาบาลจุน","58","1","1","100.00"
"11185  :  โรงพยาบาลเชียงม่วน","0","0","0","0.00"
"11186  :  โรงพยาบาลดอกคำใต้","33","0","0","0.00"
"11187  :  โรงพยาบาลปง","22","7","6","85.71"
"11188  :  โรงพยาบาลแม่ใจ","0","0","0","0.00"
"15140  :  โรงพยาบาลค่ายขุนเจืองธรรมิกราช","0","0","0","0.00"
"40744  :  โรงพยาบาลภูซาง","0","0","0","0.00"
"40745  :  โรงพยาบาลภูกามยาว","0","0","0","0.00"
"41347  :  โรงพยาบาลมหาวิทยาลัยพะเยา","0","0","0","0.00"
"10674  :  โรงพยาบาลเชียงรายประชานุเคราะห์","180","55","40","72.73"
"11189  :  โรงพยาบาลเทิง","81","10","8","80.00"
"11190  :  โรงพยาบาลพาน","0","0","0","0.00"
"11191  :  โรงพยาบาลป่าแดด","17","1","1","100.00"
"11192  :  โรงพยาบาลแม่จัน","0","0","0","0.00"
"11193  :  โรงพยาบาลเชียงแสน","45","13","12","92.31"
"11194  :  โรงพยาบาลแม่สาย","399","211","166","78.67"
"11195  :  โรงพยาบาลแม่สรวย","53","11","9","81.82"
"11196  :  โรงพยาบาลเวียงป่าเป้า","108","2","1","50.00"
"11197  :  โรงพยาบาลพญาเม็งราย","28","14","9","64.29"
"11198  :  โรงพยาบาลเวียงแก่น","102","50","28","56.00"
"11199  :  โรงพยาบาลขุนตาล","50","11","7","63.64"
"11200  :  โรงพยาบาลแม่ฟ้าหลวง","83","19","17","89.47"
"11201  :  โรงพยาบาลแม่ลาว","15","10","10","100.00"
"11202  :  โรงพยาบาลเวียงเชียงรุ้ง","46","28","27","96.43"
"11454  :  โรงพยาบาลสมเด็จพระยุพราชเชียงของ","206","65","47","72.31"
"15012  :  โรงพยาบาลสมเด็จพระญาณสังวร","31","12","11","91.67"
"23429  :  โรงพยาบาลมหาวิทยาลัยแม่ฟ้าหลวง","0","0","0","0.00"
"28823  :  โรงพยาบาลดอยหลวง","11","0","0","0.00"
"41509  :  โรงพยาบาลศูนย์การแพทย์มหาวิทยาลัยแม่ฟ้าหลวง","0","0","0","0.00"
"10719  :  โรงพยาบาลศรีสังวาลย์","58","0","0","0.00"
"11203  :  โรงพยาบาลขุนยวม","57","2","1","50.00"
"11204  :  โรงพยาบาลปาย","80","0","0","0.00"
"11205  :  โรงพยาบาลแม่สะเรียง","117","0","0","0.00"
"11206  :  โรงพยาบาลแม่ลาน้อย","47","0","0","0.00"
"11207  :  โรงพยาบาลสบเมย","35","0","0","0.00"
"11208  :  โรงพยาบาลปางมะผ้า","50","4","3","75.00"
"14197  :  โรงพยาบาลธัญญรักษ์แม่ฮ่องสอน","0","0","0","0.00"
"10675  :  โรงพยาบาลสวรรค์ประชารักษ์","0","0","0","0.00"
"11209  :  โรงพยาบาลโกรกพระ","61","26","13","50.00"
"11210  :  โรงพยาบาลชุมแสง","34","0","0","0.00"
"11211  :  โรงพยาบาลหนองบัว","94","0","0","0.00"
"11212  :  โรงพยาบาลบรรพตพิสัย","34","1","0","0.00"
"11213  :  โรงพยาบาลเก้าเลี้ยว","44","3","2","66.67"
"11214  :  โรงพยาบาลตาคลี","103","0","0","0.00"
"11215  :  โรงพยาบาลท่าตะโก","79","3","2","66.67"
"11216  :  โรงพยาบาลไพศาลี","86","0","0","0.00"
"11217  :  โรงพยาบาลพยุหะคีรี","64","2","1","50.00"
"11218  :  โรงพยาบาลลาดยาว","63","1","0","0.00"
"11219  :  โรงพยาบาลตากฟ้า","95","23","23","100.00"
"11220  :  โรงพยาบาลแม่วงก์","40","0","0","0.00"
"11513  :  โรงพยาบาลค่ายจิรประวัติ","18","0","0","0.00"
"12030  :  โรงพยาบาลพริ้นซ์ ปากน้ำโพ 1 โรงพยาบาลทั่วไปขนาดใหญ่","0","0","0","0.00"
"12033  :  โรงพยาบาลรวมแพทย์นครสวรรค์","0","0","0","0.00"
"12034  :  โรงพยาบาลพริ้นซ์ ปากน้ำโพ 2 โรงพยาบาลทั่วไปขนาดใหญ่","0","0","0","0.00"
"12042  :  โรงพยาบาลร่มฉัตร","1","0","0","0.00"
"12044  :  โรงพยาบาลศรีสวรรค์","0","0","0","0.00"
"12284  :  โรงพยาบาลส่งเสริมสุขภาพ ศูนย์อนามัยที่ 3","0","0","0","0.00"
"14171  :  โรงพยาบาลจิตเวชนครสวรรค์ราชนครินทร์","0","0","0","0.00"
"40749  :  โรงพยาบาลชุมตาบง","30","0","0","0.00"
"10720  :  โรงพยาบาลอุทัยธานี","10","0","0","0.00"
"11221  :  โรงพยาบาลทัพทัน","52","8","7","87.50"
"11222  :  โรงพยาบาลสว่างอารมณ์","29","5","5","100.00"
"11223  :  โรงพยาบาลหนองฉาง","29","15","14","93.33"
"11224  :  โรงพยาบาลหนองขาหย่าง","28","17","17","100.00"
"11225  :  โรงพยาบาลบ้านไร่","91","69","65","94.20"
"11226  :  โรงพยาบาลลานสัก","110","13","13","100.00"
"11227  :  โรงพยาบาลห้วยคต","72","35","30","85.71"
"10721  :  โรงพยาบาลกำแพงเพชร","0","0","0","0.00"
"11228  :  โรงพยาบาลทุ่งโพธิ์ทะเล","128","60","54","90.00"
"11229  :  โรงพยาบาลไทรงาม","104","3","3","100.00"
"11230  :  โรงพยาบาลคลองลาน","177","135","128","94.81"
"11231  :  โรงพยาบาลขาณุวรลักษบุรี","67","18","12","66.67"
"11232  :  โรงพยาบาลคลองขลุง","69","4","3","75.00"
"11233  :  โรงพยาบาลพรานกระต่าย","111","35","31","88.57"
"11234  :  โรงพยาบาลลานกระบือ","76","39","27","69.23"
"11235  :  โรงพยาบาลทรายทองวัฒนา","55","27","26","96.30"
"11236  :  โรงพยาบาลปางศิลาทอง","34","14","12","85.71"
"14135  :  โรงพยาบาลบึงสามัคคี","43","1","1","100.00"
"28010  :  โรงพยาบาลโกสัมพีนคร","26","0","0","0.00"
"10722  :  โรงพยาบาลสมเด็จพระเจ้าตากสินมหาราช","111","0","0","0.00"
"10723  :  โรงพยาบาลแม่สอด","127","0","0","0.00"
"11238  :  โรงพยาบาลบ้านตาก","67","29","17","58.62"
"11239  :  โรงพยาบาลสามเงา","40","2","1","50.00"
"11240  :  โรงพยาบาลแม่ระมาด","113","1","1","100.00"
"11241  :  โรงพยาบาลท่าสองยาง","152","1","1","100.00"
"11242  :  โรงพยาบาลพบพระ","229","84","41","48.81"
"11243  :  โรงพยาบาลอุ้มผาง","51","0","0","0.00"
"27443  :  โรงพยาบาลวังเจ้า","7","2","2","100.00"
"10724  :  โรงพยาบาลสุโขทัย","44","6","5","83.33"
"10725  :  โรงพยาบาลศรีสังวรสุโขทัย","23","1","0","0.00"
"11244  :  โรงพยาบาลบ้านด่านลานหอย","76","35","35","100.00"
"11245  :  โรงพยาบาลคีรีมาศ","57","30","27","90.00"
"11246  :  โรงพยาบาลกงไกรลาศ","70","24","17","70.83"
"11247  :  โรงพยาบาลศรีสัชนาลัย","53","22","14","63.64"
"11248  :  โรงพยาบาลสวรรคโลก","0","0","0","0.00"
"11249  :  โรงพยาบาลศรีนคร","34","20","9","45.00"
"11250  :  โรงพยาบาลทุ่งเสลี่ยม","123","57","20","35.09"
"10676  :  โรงพยาบาลพุทธชินราช","0","0","0","0.00"
"11251  :  โรงพยาบาลชาติตระการ","51","5","4","80.00"
"11252  :  โรงพยาบาลบางระกำ","164","2","0","0.00"
"11253  :  โรงพยาบาลบางกระทุ่ม","53","0","0","0.00"
"11254  :  โรงพยาบาลพรหมพิราม","96","0","0","0.00"
"11255  :  โรงพยาบาลวัดโบสถ์","98","17","16","94.12"
"11256  :  โรงพยาบาลวังทอง","0","0","0","0.00"
"11257  :  โรงพยาบาลเนินมะปราง","0","0","0","0.00"
"11455  :  โรงพยาบาลสมเด็จพระยุพราชนครไทย","61","21","19","90.48"
"11517  :  โรงพยาบาลค่ายสมเด็จพระนเรศวร","23","0","0","0.00"
"14972  :  โรงพยาบาลมหาวิทยาลัยนเรศวร","0","0","0","0.00"
"41429  :  โรงพยาบาลจิตเวชพิษณุโลก","0","0","0","0.00"
"10726  :  โรงพยาบาลพิจิตร","0","0","0","0.00"
"11258  :  โรงพยาบาลวังทรายพูน","36","16","16","100.00"
"11259  :  โรงพยาบาลโพธิ์ประทับช้าง","56","0","0","0.00"
"11260  :  โรงพยาบาลบางมูลนาก","45","6","5","83.33"
"11261  :  โรงพยาบาลโพทะเล","61","32","32","100.00"
"11262  :  โรงพยาบาลสามง่าม","51","11","11","100.00"
"11263  :  โรงพยาบาลทับคล้อ","66","58","55","94.83"
"11456  :  โรงพยาบาลสมเด็จพระยุพราชตะพานหิน","76","26","20","76.92"
"11631  :  โรงพยาบาลวชิรบารมี","57","3","3","100.00"
"27978  :  โรงพยาบาลสากเหล็ก","43","17","12","70.59"
"27979  :  โรงพยาบาลบึงนาราง","7","3","3","100.00"
"27980  :  โรงพยาบาลดงเจริญ","10","6","6","100.00"
"10727  :  โรงพยาบาลเพชรบูรณ์","200","3","1","33.33"
"11264  :  โรงพยาบาลชนแดน","117","2","2","100.00"
"11265  :  โรงพยาบาลหล่มสัก","95","1","1","100.00"
"11266  :  โรงพยาบาลวิเชียรบุรี","60","0","0","0.00"
"11267  :  โรงพยาบาลศรีเทพ","101","1","0","0.00"
"11268  :  โรงพยาบาลหนองไผ่","143","0","0","0.00"
"11269  :  โรงพยาบาลบึงสามพัน","119","0","0","0.00"
"11270  :  โรงพยาบาลน้ำหนาว","57","4","2","50.00"
"11271  :  โรงพยาบาลวังโป่ง","95","0","0","0.00"
"11272  :  โรงพยาบาลเขาค้อ","37","1","1","100.00"
"11457  :  โรงพยาบาลสมเด็จพระยุพราชหล่มเก่า","90","0","0","0.00"
"11946  :  โรงพยาบาลค่ายพ่อขุนผาเมือง","41","1","1","100.00"
"10677  :  โรงพยาบาลราชบุรี","0","0","0","0.00"
"10728  :  โรงพยาบาลดำเนินสะดวก","0","0","0","0.00"
"10729  :  โรงพยาบาลบ้านโป่ง","78","0","0","0.00"
"10730  :  โรงพยาบาลโพธาราม","0","0","0","0.00"
"11273  :  โรงพยาบาลสวนผึ้ง","89","0","0","0.00"
"11274  :  โรงพยาบาลบางแพ","72","16","12","75.00"
"11275  :  โรงพยาบาลเจ็ดเสมียน","39","1","0","0.00"
"11276  :  โรงพยาบาลปากท่อ","89","0","0","0.00"
"11277  :  โรงพยาบาลวัดเพลง","28","0","0","0.00"
"11458  :  โรงพยาบาลสมเด็จพระยุพราชจอมบึง","143","3","2","66.67"
"11519  :  โรงพยาบาลค่ายภาณุรังษี","41","0","0","0.00"
"12093  :  สถานพยาบาลแพทย์ประดิษฐ์","0","0","0","0.00"
"12097  :  มหาชัยพร้อมแพทย์โรงพยาบาลทั่วไปขนาดกลาง","0","0","0","0.00"
"12098  :  โรงพยาบาลกรุงเทพเมืองราชโรงพยาบาลทั่วไปขนาดใหญ่","0","0","0","0.00"
"12103  :  โรงพยาบาลซานคามิลโล","0","0","0","0.00"
"12286  :  โรงพยาบาลส่งเสริมสุขภาพ ศูนย์อนามัยที่ 5","0","0","0","0.00"
"28858  :  โรงพยาบาลบ้านคา","5","0","0","0.00"
"10731  :  โรงพยาบาลพหลพลพยุหเสนา","108","3","2","66.67"
"10732  :  โรงพยาบาลมะการักษ์","121","14","12","85.71"
"11278  :  โรงพยาบาลไทรโยค","59","14","10","71.43"
"11279  :  โรงพยาบาลสมเด็จพระปิยมหาราชรมณียเขต","91","1","1","100.00"
"11280  :  โรงพยาบาลบ่อพลอย","127","0","0","0.00"
"11281  :  โรงพยาบาลท่ากระดาน","54","2","1","50.00"
"11282  :  โรงพยาบาลสมเด็จพระสังฆราชองค์ที่ ๑๙","125","45","24","53.33"
"11283  :  โรงพยาบาลทองผาภูมิ","158","3","2","66.67"
"11284  :  โรงพยาบาลสังขละบุรี","399","7","6","85.71"
"11285  :  โรงพยาบาลเจ้าคุณไพบูลย์พนมทวน","45","1","0","0.00"
"11286  :  โรงพยาบาลเลาขวัญ","26","0","0","0.00"
"11287  :  โรงพยาบาลด่านมะขามเตี้ย","88","2","2","100.00"
"11288  :  โรงพยาบาลสถานพระบารมี","30","0","0","0.00"
"11520  :  โรงพยาบาลค่ายสุรสีห์","39","3","2","66.67"
"14136  :  โรงพยาบาลศุกร์ศิริศรีสวัสดิ์","35","0","0","0.00"
"21948  :  โรงพยาบาลห้วยกระเจา เฉลิมพระเกียรติ 80 พรรษา","45","0","0","0.00"
"41701  :  โรงพยาบาลหนองปรือ","54","1","0","0.00"
"10678  :  โรงพยาบาลเจ้าพระยายมราช","222","0","0","0.00"
"10733  :  โรงพยาบาลสมเด็จพระสังฆราชองค์ที่17","126","0","0","0.00"
"11289  :  โรงพยาบาลเดิมบางนางบวช","44","2","1","50.00"
"11290  :  โรงพยาบาลด่านช้าง","60","1","1","100.00"
"11291  :  โรงพยาบาลบางปลาม้า","49","1","1","100.00"
"11292  :  โรงพยาบาลศรีประจันต์","70","0","0","0.00"
"11293  :  โรงพยาบาลดอนเจดีย์","86","1","1","100.00"
"11294  :  โรงพยาบาลสามชุก","72","0","0","0.00"
"11295  :  โรงพยาบาลอู่ทอง","181","1","0","0.00"
"11296  :  โรงพยาบาลหนองหญ้าไซ","87","0","0","0.00"
"12123  :  โรงพยาบาลวิภาวดี-ปิยราษฎร์","0","0","0","0.00"
"10679  :  โรงพยาบาลนครปฐม","0","0","0","0.00"
"11297  :  โรงพยาบาลกำแพงแสน","80","0","0","0.00"
"11298  :  โรงพยาบาลนครชัยศรี","84","19","10","52.63"
"11299  :  โรงพยาบาลห้วยพลู","61","1","0","0.00"
"11300  :  โรงพยาบาลดอนตูม","62","1","1","100.00"
"11301  :  โรงพยาบาลบางเลน","129","10","9","90.00"
"11302  :  โรงพยาบาลสามพราน","174","4","4","100.00"
"11303  :  โรงพยาบาลพุทธมณฑล","38","1","0","0.00"
"11473  :  โรงพยาบาลเมตตาประชารักษ์(วัดไร่ขิง)","0","0","0","0.00"
"11521  :  โรงพยาบาลจันทรุเบกษา","0","0","0","0.00"
"13819  :  โรงพยาบาลหลวงพ่อเปิ่น","13","0","0","0.00"
"10734  :  โรงพยาบาลสมุทรสาคร","531","32","18","56.25"
"11304  :  โรงพยาบาลกระทุ่มแบน","0","0","0","0.00"
"11305  :  โรงพยาบาลบ้านแพ้ว","171","22","13","59.09"
"12137  :  โรงพยาบาลทั่วไปขนาดเล็กเจษฎา","52","13","12","92.31"
"10735  :  โรงพยาบาลสมเด็จพระพุทธเลิศหล้า","0","0","0","0.00"
"11306  :  โรงพยาบาลนภาลัย","0","0","0","0.00"
"11307  :  โรงพยาบาลอัมพวา","14","0","0","0.00"
"10736  :  โรงพยาบาลพระจอมเกล้า","157","0","0","0.00"
"11308  :  โรงพยาบาลเขาย้อย","52","1","1","100.00"
"11309  :  โรงพยาบาลหนองหญ้าปล้อง","10","2","2","100.00"
"11310  :  โรงพยาบาลชะอำ","293","0","0","0.00"
"11311  :  โรงพยาบาลท่ายาง","99","0","0","0.00"
"11312  :  โรงพยาบาลบ้านลาด","10","0","0","0.00"
"11313  :  โรงพยาบาลบ้านแหลม","131","33","27","81.82"
"11314  :  โรงพยาบาลแก่งกระจาน","11","0","0","0.00"
"10737  :  โรงพยาบาลประจวบคีรีขันธ์","0","0","0","0.00"
"11315  :  โรงพยาบาลกุยบุรี","62","1","0","0.00"
"11316  :  โรงพยาบาลทับสะแก","45","0","0","0.00"
"11317  :  โรงพยาบาลบางสะพาน","78","2","2","100.00"
"11318  :  โรงพยาบาลบางสะพานน้อย","0","0","0","0.00"
"11319  :  โรงพยาบาลปราณบุรี","0","0","0","0.00"
"11320  :  โรงพยาบาลหัวหิน","0","0","0","0.00"
"11321  :  โรงพยาบาลสามร้อยยอด","77","23","16","69.57"
"11500  :  โรงพยาบาลกองบิน 5","0","0","0","0.00"
"11522  :  โรงพยาบาลค่ายธนะรัชต์","0","0","0","0.00"
"12471  :  สถานีกาชาดหัวหินเฉลิมพระเกียรติ","71","0","0","0.00"
"10680  :  โรงพยาบาลมหาราชนครศรีธรรมราช","0","0","0","0.00"
"11322  :  โรงพยาบาลพรหมคีรี","77","5","5","100.00"
"11324  :  โรงพยาบาลลานสะกา","60","2","2","100.00"
"11325  :  โรงพยาบาลสมเด็จพระยุพราชฉวาง","81","40","32","80.00"
"11326  :  โรงพยาบาลพิปูน","62","4","2","50.00"
"11327  :  โรงพยาบาลเชียรใหญ่","30","12","9","75.00"
"11328  :  โรงพยาบาลชะอวด","87","9","6","66.67"
"11329  :  โรงพยาบาลท่าศาลา","360","46","29","63.04"
"11330  :  โรงพยาบาลทุ่งสง","91","1","1","100.00"
"11331  :  โรงพยาบาลนาบอน","48","1","0","0.00"
"11332  :  โรงพยาบาลทุ่งใหญ่","226","2","1","50.00"
"11333  :  โรงพยาบาลปากพนัง","26","1","1","100.00"
"11334  :  โรงพยาบาลร่อนพิบูลย์","0","0","0","0.00"
"11335  :  โรงพยาบาลสิชล","160","70","56","80.00"
"11336  :  โรงพยาบาลขนอม","165","2","0","0.00"
"11337  :  โรงพยาบาลหัวไทร","48","12","8","66.67"
"11338  :  โรงพยาบาลบางขัน","121","2","1","50.00"
"11339  :  โรงพยาบาลถ้ำพรรณรา","53","14","12","85.71"
"11523  :  โรงพยาบาลค่ายวชิราวุธ","117","2","2","100.00"
"11660  :  โรงพยาบาลจุฬาภรณ์","69","0","0","0.00"
"12287  :  โรงพยาบาลส่งเสริมสุขภาพ ศูนย์อนามัยที่ 11","0","0","0","0.00"
"12472  :  สถานีกาชาดสิริธร (สถานีกาชาดที่ 12 ทุ่งสง)","133","7","7","100.00"
"14918  :  โรงพยาบาลค่ายเทพสตรีศรีสุนทร","30","0","0","0.00"
"21771  :  โรงพยาบาลเทศบาลนครนครศรีธรรมราช","214","3","3","100.00"
"40491  :  โรงพยาบาลเฉลิมพระเกียรติ","77","12","8","66.67"
"40492  :  โรงพยาบาลพ่อท่านคล้ายวาจาสิทธิ์","53","0","0","0.00"
"40742  :  โรงพยาบาลนบพิตำ","30","7","5","71.43"
"40743  :  โรงพยาบาลพระพรหม","70","20","18","90.00"
"40970  :  โรงพยาบาลศูนย์การแพทย์มหาวิทยาลัยวลัยลักษณ์","0","0","0","0.00"
"10738  :  โรงพยาบาลกระบี่","0","0","0","0.00"
"11340  :  โรงพยาบาลเขาพนม","0","0","0","0.00"
"11341  :  โรงพยาบาลเกาะลันตา","0","0","0","0.00"
"11342  :  โรงพยาบาลคลองท่อม","0","0","0","0.00"
"11343  :  โรงพยาบาลอ่าวลึก","0","0","0","0.00"
"11344  :  โรงพยาบาลปลายพระยา","0","0","0","0.00"
"11345  :  โรงพยาบาลลำทับ","0","0","0","0.00"
"11346  :  โรงพยาบาลเหนือคลอง","0","0","0","0.00"
"77753  :  โรงพยาบาลเกาะพีพี","3","0","0","0.00"
"10739  :  โรงพยาบาลพังงา","0","0","0","0.00"
"10740  :  โรงพยาบาลตะกั่วป่า","0","0","0","0.00"
"11347  :  โรงพยาบาลเกาะยาวชัยพัฒน์","65","49","33","67.35"
"11348  :  โรงพยาบาลกะปงชัยพัฒน์","34","11","9","81.82"
"11349  :  โรงพยาบาลตะกั่วทุ่ง","83","1","1","100.00"
"11350  :  โรงพยาบาลบางไทร","31","16","16","100.00"
"11352  :  โรงพยาบาลคุระบุรีชัยพัฒน์","97","9","6","66.67"
"11353  :  โรงพยาบาลทับปุด","59","36","28","77.78"
"11354  :  โรงพยาบาลท้ายเหมืองชัยพัฒน์","136","15","9","60.00"
"10741  :  โรงพยาบาลวชิระภูเก็ต","574","251","217","86.45"
"11355  :  โรงพยาบาลป่าตอง","168","90","68","75.56"
"11356  :  โรงพยาบาลถลาง","0","0","0","0.00"
"24678  :  โรงพยาบาลองค์การบริหารส่วนจังหวัดภูเก็ต","111","29","24","82.76"
"41436  :  โรงพยาบาลฉลอง","0","0","0","0.00"
"09192  :  โรงพยาบาลเกาะเต่า","11","9","9","100.00"
"10681  :  โรงพยาบาลสุราษฎร์ธานี","0","0","0","0.00"
"10742  :  โรงพยาบาลเกาะสมุย","19","4","4","100.00"
"11357  :  โรงพยาบาลกาญจนดิษฐ์","0","0","0","0.00"
"11358  :  โรงพยาบาลดอนสัก","181","62","46","74.19"
"11359  :  โรงพยาบาลเกาะพงัน","49","26","25","96.15"
"11360  :  โรงพยาบาลไชยา","32","6","6","100.00"
"11361  :  โรงพยาบาลท่าชนะ","103","49","42","85.71"
"11362  :  โรงพยาบาลคีรีรัฐนิคม","0","0","0","0.00"
"11363  :  โรงพยาบาลบ้านตาขุน","40","21","20","95.24"
"11364  :  โรงพยาบาลพนม","30","20","20","100.00"
"11365  :  โรงพยาบาลท่าฉาง","60","23","11","47.83"
"11366  :  โรงพยาบาลบ้านนาสาร","0","0","0","0.00"
"11367  :  โรงพยาบาลบ้านนาเดิม","49","18","17","94.44"
"11368  :  โรงพยาบาลเคียนซา","126","9","7","77.78"
"11369  :  โรงพยาบาลพระแสง","87","60","59","98.33"
"11370  :  โรงพยาบาลพุนพิน","235","39","28","71.79"
"11371  :  โรงพยาบาลชัยบุรี","34","15","11","73.33"
"11459  :  โรงพยาบาลสมเด็จพระยุพราชเวียงสระ","100","74","62","83.78"
"11654  :  โรงพยาบาลวิภาวดี","36","16","13","81.25"
"12289  :  โรงพยาบาลสวนสราญรมย์","0","0","0","0.00"
"14138  :  โรงพยาบาลท่าโรงช้าง","36","19","18","94.74"
"14203  :  โรงพยาบาลมะเร็งสุราษฎร์ธานี","0","0","0","0.00"
"14862  :  โรงพยาบาลกองบิน7","5","0","0","0.00"
"14901  :  โรงพยาบาลค่ายวิภาวดีรังสิต","11","0","0","0.00"
"40915  :  สถาบันสุขภาพจิตเด็กและวัยรุ่นภาคใต้","0","0","0","0.00"
"10743  :  โรงพยาบาลระนอง","0","0","0","0.00"
"11323  :  โรงพยาบาลละอุ่น","10","5","5","100.00"
"11372  :  โรงพยาบาลกะเปอร์","117","24","21","87.50"
"11373  :  โรงพยาบาลกระบุรี","63","8","6","75.00"
"11374  :  โรงพยาบาลสุขสำราญ","34","15","10","66.67"
"10744  :  โรงพยาบาลชุมพรเขตรอุดมศักดิ์","0","0","0","0.00"
"11375  :  โรงพยาบาลปากน้ำชุมพร","114","0","0","0.00"
"11376  :  โรงพยาบาลท่าแซะ","44","5","5","100.00"
"11377  :  โรงพยาบาลปะทิว","20","0","0","0.00"
"11378  :  โรงพยาบาลมาบอำมฤต","126","9","4","44.44"
"11379  :  โรงพยาบาลหลังสวน","73","1","0","0.00"
"11380  :  โรงพยาบาลปากน้ำหลังสวน","44","0","0","0.00"
"11381  :  โรงพยาบาลละแม","57","6","6","100.00"
"11382  :  โรงพยาบาลพะโต๊ะ","126","1","0","0.00"
"11383  :  โรงพยาบาลสวี","83","2","2","100.00"
"11385  :  โรงพยาบาลทุ่งตะโก","60","1","0","0.00"
"11525  :  โรงพยาบาลค่ายเขตอุดมศักดิ์","15","1","0","0.00"
"10682  :  โรงพยาบาลหาดใหญ่","0","0","0","0.00"
"10745  :  โรงพยาบาลสงขลา","0","0","0","0.00"
"11386  :  โรงพยาบาลสทิงพระ","0","0","0","0.00"
"11387  :  โรงพยาบาลจะนะ","0","0","0","0.00"
"11388  :  โรงพยาบาลสมเด็จพระบรมราชินีนาถ ณ  อำเภอนาทวี","0","0","0","0.00"
"11390  :  โรงพยาบาลเทพา","0","0","0","0.00"
"11391  :  โรงพยาบาลสะบ้าย้อย","0","0","0","0.00"
"11392  :  โรงพยาบาลระโนด","0","0","0","0.00"
"11393  :  โรงพยาบาลกระแสสินธุ์","0","0","0","0.00"
"11394  :  โรงพยาบาลรัตภูมิ","0","0","0","0.00"
"11395  :  โรงพยาบาลสะเดา","0","0","0","0.00"
"11396  :  โรงพยาบาลนาหม่อม","0","0","0","0.00"
"11397  :  โรงพยาบาลควนเนียง","0","0","0","0.00"
"11398  :  โรงพยาบาลปาดังเบซาร์","0","0","0","0.00"
"11399  :  โรงพยาบาลบางกล่ำ","0","0","0","0.00"
"11400  :  โรงพยาบาลสิงหนคร","0","0","0","0.00"
"11401  :  โรงพยาบาลคลองหอยโข่ง","0","0","0","0.00"
"12290  :  โรงพยาบาลจิตเวชสงขลาราชนครินทร์","0","0","0","0.00"
"14194  :  โรงพยาบาลธัญญารักษ์สงขลา","0","0","0","0.00"
"10746  :  โรงพยาบาลสตูล","0","0","0","0.00"
"11402  :  โรงพยาบาลควนโดน","81","19","8","42.11"
"11403  :  โรงพยาบาลควนกาหลง","59","26","23","88.46"
"11404  :  โรงพยาบาลท่าแพ","0","0","0","0.00"
"11405  :  โรงพยาบาลละงู","0","0","0","0.00"
"11406  :  โรงพยาบาลทุ่งหว้า","45","22","13","59.09"
"28786  :  โรงพยาบาลมะนัง","62","9","4","44.44"
"10683  :  โรงพยาบาลตรัง","0","0","0","0.00"
"11407  :  โรงพยาบาลกันตัง","52","0","0","0.00"
"11408  :  โรงพยาบาลย่านตาขาว","82","6","5","83.33"
"11409  :  โรงพยาบาลปะเหลียน","0","0","0","0.00"
"11410  :  โรงพยาบาลสิเกา","61","35","30","85.71"
"11411  :  โรงพยาบาลห้วยยอด","0","0","0","0.00"
"11412  :  โรงพยาบาลวังวิเศษ","114","1","0","0.00"
"11413  :  โรงพยาบาลนาโยง","0","0","0","0.00"
"12226  :  โรงพยาบาลวัฒนแพทย์","0","0","0","0.00"
"12230  :  โรงพยาบาล ทีอาร์พีเอช โรงพยาบาลทั่วไปขนาดใหญ่","0","0","0","0.00"
"13755  :  โรงพยาบาลโรคผิวหนังเขตร้อนภาคใต้ จังหวัดตรัง","0","0","0","0.00"
"14139  :  โรงพยาบาลรัษฎา","18","0","0","0.00"
"28817  :  โรงพยาบาลหาดสำราญเฉลิมพระเกียรติ 80 พรรษา","8","1","0","0.00"
"10747  :  โรงพยาบาลพัทลุง","0","0","0","0.00"
"11414  :  โรงพยาบาลกงหรา","52","3","2","66.67"
"11415  :  โรงพยาบาลเขาชัยสน","0","0","0","0.00"
"11416  :  โรงพยาบาลตะโหมด","135","78","72","92.31"
"11417  :  โรงพยาบาลควนขนุน","0","0","0","0.00"
"11418  :  โรงพยาบาลปากพะยูน","0","0","0","0.00"
"11419  :  โรงพยาบาลศรีบรรพต","46","5","2","40.00"
"11420  :  โรงพยาบาลป่าบอน","47","4","1","25.00"
"11421  :  โรงพยาบาลบางแก้ว","0","0","0","0.00"
"11422  :  โรงพยาบาลป่าพะยอม","0","0","0","0.00"
"24673  :  โรงพยาบาลศรีนครินทร์(ปัญญานันทภิขุ)","55","0","0","0.00"
"10748  :  โรงพยาบาลปัตตานี","0","0","0","0.00"
"11423  :  โรงพยาบาลโคกโพธิ์","0","0","0","0.00"
"11424  :  โรงพยาบาลหนองจิก","0","0","0","0.00"
"11425  :  โรงพยาบาลปะนาเระ","0","0","0","0.00"
"11426  :  โรงพยาบาลมายอ","0","0","0","0.00"
"11427  :  โรงพยาบาลทุ่งยางแดง","0","0","0","0.00"
"11428  :  โรงพยาบาลไม้แก่น","0","0","0","0.00"
"11429  :  โรงพยาบาลยะหริ่ง","0","0","0","0.00"
"11430  :  โรงพยาบาลยะรัง","0","0","0","0.00"
"11431  :  โรงพยาบาลแม่ลาน","0","0","0","0.00"
"11460  :  โรงพยาบาลสมเด็จพระยุพราชสายบุรี","0","0","0","0.00"
"11464  :  โรงพยาบาลกะพ้อ","0","0","0","0.00"
"11529  :  โรงพยาบาลค่ายอิงคยุทธบริหาร","0","0","0","0.00"
"14195  :  โรงพยาบาลธัญญรักษ์ปัตตานี","0","0","0","0.00"
"10684  :  โรงพยาบาลยะลา","0","0","0","0.00"
"10749  :  โรงพยาบาลเบตง","0","0","0","0.00"
"11432  :  โรงพยาบาลบันนังสตา","0","0","0","0.00"
"11433  :  โรงพยาบาลธารโต","17","0","0","0.00"
"11434  :  โรงพยาบาลรามัน","0","0","0","0.00"
"11461  :  โรงพยาบาลสมเด็จพระยุพราชยะหา","0","0","0","0.00"
"12238  :  โรงพยาบาลสิโรรส","0","0","0","0.00"
"13806  :  โรงพยาบาลกาบัง","0","0","0","0.00"
"14663  :  โรงพยาบาลส่งเสริมสุขภาพ ศูนย์อนามัยที่ 12","0","0","0","0.00"
"24689  :  โรงพยาบาลกรงปินัง","0","0","0","0.00"
"10750  :  โรงพยาบาลนราธิวาสราชนครินทร์","0","0","0","0.00"
"10751  :  โรงพยาบาลสุไหงโก-ลก","1","0","0","0.00"
"11435  :  โรงพยาบาลตากใบ","278","60","56","93.33"
"11436  :  โรงพยาบาลบาเจาะ","184","1","1","100.00"
"11437  :  โรงพยาบาลระแงะ","261","0","0","0.00"
"11438  :  โรงพยาบาลรือเสาะ","161","81","55","67.90"
"11439  :  โรงพยาบาลศรีสาคร","234","39","14","35.90"
"11440  :  โรงพยาบาลแว้ง","126","27","18","66.67"
"11441  :  โรงพยาบาลสุคิริน","80","1","1","100.00"
"11442  :  โรงพยาบาลสุไหงปาดี","198","15","5","33.33"
"13818  :  โรงพยาบาลจะแนะ","271","2","0","0.00"
"15010  :  โรงพยาบาลเจาะไอร้อง","170","2","1","50.00"
"23771  :  โรงพยาบาลยี่งอเฉลิมพระเกียรติ 80 พรรษา","91","1","1","100.00"