"โรงพยาบาล","ประชากรที่เป็นโรคเรื้อรัง(คน)","จำนวนที่คัดกรอง (คน)","อัตรา (ร้อยละ)","คัดกรองความเครียด"
"อายุ 15-19 ปี","อายุ 20 - 59 ปี","อายุ 60 ปีขึ้นไป"
"ปกติ","มีปัญหาความเครียด","มีความเครียดสูง","ปกติ","มีปัญหาความเครียด","มีความเครียดสูง","ปกติ","มีปัญหาความเครียด","มีความเครียดสูง"
"11468  :  ทัณฑสถานโรงพยาบาลราชทัณฑ์","0","0","0.00","0","0","0","0","0","0","0","0","0"
"11469  :  โรงพยาบาลเลิดสิน","0","0","0.00","0","0","0","0","0","0","0","0","0"
"11470  :  โรงพยาบาลนพรัตนราชธานี","0","0","0.00","0","0","0","0","0","0","0","0","0"
"11471  :  โรงพยาบาลสงฆ์","0","0","0.00","0","0","0","0","0","0","0","0","0"
"11472  :  โรงพยาบาลราชวิถี","0","0","0.00","0","0","0","0","0","0","0","0","0"
"11477  :  โรงพยาบาลทหารผ่านศึก","0","0","0.00","0","0","0","0","0","0","0","0","0"
"11478  :  โรงพยาบาลสมเด็จพระปิ่นเกล้า","0","0","0.00","0","0","0","0","0","0","0","0","0"
"11481  :  โรงพยาบาลพระมงกุฎเกล้า","0","0","0.00","0","0","0","0","0","0","0","0","0"
"11482  :  โรงพยาบาลภูมิพลอดุลยเดช","0","0","0.00","0","0","0","0","0","0","0","0","0"
"11532  :  โรงพยาบาลสวนเบญจกิติเฉลิมพระเกียรติ84พรรษา","0","0","0.00","0","0","0","0","0","0","0","0","0"
"11534  :  โรงพยาบาลบุรฉัตรไชยากร (รถไฟ)","0","0","0.00","0","0","0","0","0","0","0","0","0"
"11535  :  คณะแพทย์ศาสตร์วชิรพยาบาล มหาวิทยาลัยกรุงเทพมหานคร","0","0","0.00","0","0","0","0","0","0","0","0","0"
"11536  :  โรงพยาบาลเวชการุณย์รัศมิ์","0","0","0.00","0","0","0","0","0","0","0","0","0"
"11537  :  โรงพยาบาลกลาง","0","0","0.00","0","0","0","0","0","0","0","0","0"
"11538  :  โรงพยาบาลลาดกระบังกรุงเทพมหานคร","0","0","0.00","0","0","0","0","0","0","0","0","0"
"11539  :  โรงพยาบาลตากสิน","0","0","0.00","0","0","0","0","0","0","0","0","0"
"11540  :  โรงพยาบาลหลวงพ่อทวีศักดิ์ฯ ชุตินธโร อุทิศ","0","0","0.00","0","0","0","0","0","0","0","0","0"
"11541  :  โรงพยาบาลเจริญกรุงประชารักษ์","0","0","0.00","0","0","0","0","0","0","0","0","0"
"11546  :  โรงพยาบาลบี เอ็น เอช","0","0","0.00","0","0","0","0","0","0","0","0","0"
"11548  :  โรงพยาบาลกรุงเทพคริสเตียน","0","0","0.00","0","0","0","0","0","0","0","0","0"
"11552  :  โรงพยาบาลมเหสักข์","0","0","0.00","0","0","0","0","0","0","0","0","0"
"11559  :  สถานพยาบาลชินเขตงามวงศ์วาน","0","0","0.00","0","0","0","0","0","0","0","0","0"
"11560  :  โรงพยาบาลทั่วไปขนาดใหญ่เปาโล เกษตร","0","0","0.00","0","0","0","0","0","0","0","0","0"
"11565  :  โรงพยาบาลรามคำแหง","0","0","0.00","0","0","0","0","0","0","0","0","0"
"11581  :  โรงพยาบาลผู้สูงอายุขนาดกลางกล้วยน้ำไท 2","0","0","0.00","0","0","0","0","0","0","0","0","0"
"11583  :  โรงพยาบาลกล้วยน้ำไท","0","0","0.00","0","0","0","0","0","0","0","0","0"
"11592  :  โรงพยาบาลบางนา1","0","0","0.00","0","0","0","0","0","0","0","0","0"
"11595  :  นวมินทร์โรงพยาบาลทั่วไปขนาดใหญ่","0","0","0.00","0","0","0","0","0","0","0","0","0"
"11597  :  สถาบันกัลยาณ์ราชนครินทร์","1","0","0.00","0","0","0","0","0","0","0","0","0"
"11600  :  โรงพยาบาลเซนต์หลุยส์","0","0","0.00","0","0","0","0","0","0","0","0","0"
"11603  :  โรงพยาบาลเทียนฟ้ามูลนิธิโรงพยาบาลทั่วไปขนาดกลาง","0","0","0.00","0","0","0","0","0","0","0","0","0"
"11607  :  โรงพยาบาลเปาโลเมโมเรียล","0","0","0.00","0","0","0","0","0","0","0","0","0"
"11609  :  โรงพยาบาลพญาไท 2","0","0","0.00","0","0","0","0","0","0","0","0","0"
"11616  :  โรงพยาบาลสมิติเวชธนบุรี","0","0","0.00","0","0","0","0","0","0","0","0","0"
"11621  :  โรงพยาบาลบางไผ่","0","0","0.00","0","0","0","0","0","0","0","0","0"
"11626  :  โรงพยาบาลคลองตัน","0","0","0.00","0","0","0","0","0","0","0","0","0"
"11628  :  โรงพยาบาลพระราม 9","0","0","0.00","0","0","0","0","0","0","0","0","0"
"11629  :  โรงพยาบาลเพชรเวช","0","0","0.00","0","0","0","0","0","0","0","0","0"
"11640  :  โรงพยาบาลธนบุรี 2","0","0","0.00","0","0","0","0","0","0","0","0","0"
"11641  :  โรงพยาบาลทั่วไปขนาดกลางโรงพยาบาลวิชัยเวช แยกไฟฉาย","0","0","0.00","0","0","0","0","0","0","0","0","0"
"11644  :  โรงพยาบาลเจ้าพระยา","0","0","0.00","0","0","0","0","0","0","0","0","0"
"11645  :  โรงพยาบาลทั่วไปขนาดใหญ่ธนบุรี","0","0","0.00","0","0","0","0","0","0","0","0","0"
"11656  :  โรงพยาบาลเกษมราษฎร์ บางแค","0","0","0.00","0","0","0","0","0","0","0","0","0"
"11661  :  โรงพยาบาลวิชัยเวช อินเตอร์เนชั่นแนล หนองแขม","0","0","0.00","0","0","0","0","0","0","0","0","0"
"11667  :  โรงพยาบาลประชาพัฒน์","0","0","0.00","0","0","0","0","0","0","0","0","0"
"11668  :  โรงพยาบาลสุขสวัสดิ์","0","0","0.00","0","0","0","0","0","0","0","0","0"
"11669  :  โรงพยาบาลราษฏร์บูรณะ","0","0","0.00","0","0","0","0","0","0","0","0","0"
"11670  :  โรงพยาบาลบางปะกอก 1","0","0","0.00","0","0","0","0","0","0","0","0","0"
"11676  :  โรงพยาบาลยันฮี","0","0","0.00","0","0","0","0","0","0","0","0","0"
"11686  :  โรงพยาบาลบางโพ","0","0","0.00","0","0","0","0","0","0","0","0","0"
"11687  :  โรงพยาบาลเกษมราษฎร์ประชาชื่น","0","0","0.00","0","0","0","0","0","0","0","0","0"
"11691  :  โรงพยาบาลวิภาวดี","0","0","0.00","0","0","0","0","0","0","0","0","0"
"11694  :  โรงพยาบาลจักษุรัตนิน","0","0","0.00","0","0","0","0","0","0","0","0","0"
"11697  :  โรงพยาบาลคามิลเลียน","0","0","0.00","0","0","0","0","0","0","0","0","0"
"11699  :  โรงพยาบาลบำรุงราษฎร์","0","0","0.00","0","0","0","0","0","0","0","0","0"
"11703  :  โรงพยาบาลแพทย์ปัญญา","0","0","0.00","0","0","0","0","0","0","0","0","0"
"11708  :  โรงพยาบาลบางมดโรงพยาบาลทั่วไปขนาดใหญ่","0","0","0.00","0","0","0","0","0","0","0","0","0"
"11715  :  โรงพยาบาลพญาไท 1","0","0","0.00","0","0","0","0","0","0","0","0","0"
"11721  :  โรงพยาบาลเปาโลเมโมเรียล โชคชัย 4","0","0","0.00","0","0","0","0","0","0","0","0","0"
"11729  :  โรงพยาบาลลาดพร้าว","0","0","0.00","0","0","0","0","0","0","0","0","0"
"11730  :  โรงพยาบาลไทยนครินทร์","0","0","0.00","0","0","0","0","0","0","0","0","0"
"11750  :  โรงพยาบาลหัวเฉียวโรงพยาบาลทั่วไปขนาดใหญ่","0","0","0.00","0","0","0","0","0","0","0","0","0"
"11811  :  โรงพยาบาลสมิติเวช","0","0","0.00","0","0","0","0","0","0","0","0","0"
"12243  :  สถาบันพัฒนาสุขภาวะเขตเมือง","0","0","0.00","0","0","0","0","0","0","0","0","0"
"12244  :  สถาบันจิตเวชศาสตร์สมเด็จเจ้าพระยา","6","0","0.00","0","0","0","0","0","0","0","0","0"
"12246  :  สถาบันราชานุกูล","0","0","0.00","0","0","0","0","0","0","0","0","0"
"12249  :  สถาบันโรคผิวหนัง","1","0","0.00","0","0","0","0","0","0","0","0","0"
"12250  :  สถาบันมะเร็งแห่งชาติ","0","0","0.00","0","0","0","0","0","0","0","0","0"
"12438  :  สถาบันสุขภาพเด็กแห่งชาติมหาราชินี","0","0","0.00","0","0","0","0","0","0","0","0","0"
"12439  :  สถาบันประสาทวิทยา","0","0","0.00","0","0","0","0","0","0","0","0","0"
"13756  :  โรงพยาบาลจุฬาลงกรณ์สภากาชาดไทย","0","0","0.00","0","0","0","0","0","0","0","0","0"
"13757  :  โรงพยาบาลเวชศาสตร์เขตร้อน มหาวิทยาลัยมหิดล","0","0","0.00","0","0","0","0","0","0","0","0","0"
"13814  :  โรงพยาบาลศิริราช","0","0","0.00","0","0","0","0","0","0","0","0","0"
"14173  :  โรงพยาบาลตำรวจ","0","0","0.00","0","0","0","0","0","0","0","0","0"
"14572  :  โรงพยาบาลบี.แคร์.เมดิคอลเซ็นเตอร์","0","0","0.00","0","0","0","0","0","0","0","0","0"
"14574  :  โรงพยาบาลพญาไท 3","0","0","0.00","0","0","0","0","0","0","0","0","0"
"14577  :  โรงพยาบาลวิภาราม","0","0","0.00","0","0","0","0","0","0","0","0","0"
"14641  :  โรงพยาบาลราชพิพัฒน์","0","0","0.00","0","0","0","0","0","0","0","0","0"
"14908  :  โรงพยาบาลการุญเวช สุขาภิบาล3","0","0","0.00","0","0","0","0","0","0","0","0","0"
"15049  :  โรงพยาบาลสิรินธร","0","0","0.00","0","0","0","0","0","0","0","0","0"
"15147  :  โรงพยาบาลบางปะกอก 8 โรงพยาบาลทั่วไปขนาดใหญ่","0","0","0.00","0","0","0","0","0","0","0","0","0"
"21673  :  โรงพยาบาลซีจีเอช สายไหม โรงพยาบาลทั่วไปขนาดใหญ่","0","0","0.00","0","0","0","0","0","0","0","0","0"
"22155  :  โรงพยาบาลครู","0","0","0.00","0","0","0","0","0","0","0","0","0"
"22737  :  โรงพยาบาลจุฬาภรณ์","0","0","0.00","0","0","0","0","0","0","0","0","0"
"23762  :  โรงพยาบาลนวุติสมเด็จย่า","0","0","0.00","0","0","0","0","0","0","0","0","0"
"23781  :  นวมินทร์ 9โรงพยาบาลทั่วไปขนาดใหญ่","0","0","0.00","0","0","0","0","0","0","0","0","0"
"23783  :  โรงพยาบาลเสรีรักษ์","0","0","0.00","0","0","0","0","0","0","0","0","0"
"24085  :  สถาบันวิจัยการแพทย์แผนไทย","0","0","0.00","0","0","0","0","0","0","0","0","0"
"24748  :  โรงพยาบาลศิริราช ปิยมหาราชการุณย์","0","0","0.00","0","0","0","0","0","0","0","0","0"
"25015  :  โรงพยาบาลทั่วไปขนาดใหญ่มิตรประชา","0","0","0.00","0","0","0","0","0","0","0","0","0"
"25060  :  โรงพยาบาลผู้สูงอายุบางขุนเทียน","0","0","0.00","0","0","0","0","0","0","0","0","0"
"41329  :  โรงพยาบาลเฉพาะประเภทผู้ป่วยสูงอายุ เฌ้อสเซอรี่โฮมขนาดเล็ก","0","0","0.00","0","0","0","0","0","0","0","0","0"
"41414  :  โรงพยาบาลทหารอากาศ (สีกัน)","0","0","0.00","0","0","0","0","0","0","0","0","0"
"77665  :  โรงพยาบาลการแพทย์แผนไทยและการแพทย์ผสมผสาน","0","0","0.00","0","0","0","0","0","0","0","0","0"
"10685  :  โรงพยาบาลสมุทรปราการ","85","0","0.00","0","0","0","0","0","0","0","0","0"
"10752  :  โรงพยาบาลบางบ่อ","0","0","0.00","0","0","0","0","0","0","0","0","0"
"10753  :  โรงพยาบาลบางพลี","29","0","0.00","0","0","0","0","0","0","0","0","0"
"10754  :  โรงพยาบาลบางจาก","426","0","0.00","0","0","0","0","0","0","0","0","0"
"10755  :  โรงพยาบาลพระสมุทรเจดีย์สวาทยานนท์","2,122","0","0.00","0","0","0","0","0","0","0","0","0"
"11769  :  โรงพยาบาลเซ็นทรัลปาร์ค","1,736","0","0.00","0","0","0","0","0","0","0","0","0"
"11775  :  โรงพยาบาลเมืองสมุทรปู่เจ้าสมิงพราย","0","0","0.00","0","0","0","0","0","0","0","0","0"
"12251  :  โรงพยาบาลยุวประสาทไวทโยปถัมภ์","9","0","0.00","0","0","0","0","0","0","0","0","0"
"15138  :  โรงพยาบาลเมืองสมุทรบางปูโรงพยาบาลทั่วไปขนาดเล็ก","1,581","0","0.00","0","0","0","0","0","0","0","0","0"
"28785  :  โรงพยาบาลบางเสาธง","194","0","0.00","0","0","0","0","0","0","0","0","0"
"10686  :  โรงพยาบาลพระนั่งเกล้า","0","0","0.00","0","0","0","0","0","0","0","0","0"
"10756  :  โรงพยาบาลบางกรวย","939","12","1.28","0","0","0","1","0","0","11","0","0"
"10757  :  โรงพยาบาลบางใหญ่","1,200","0","0.00","0","0","0","0","0","0","0","0","0"
"10758  :  โรงพยาบาลบางบัวทอง","1,046","7","0.67","0","0","0","0","0","0","7","0","0"
"10759  :  โรงพยาบาลไทรน้อย","2,378","0","0.00","0","0","0","0","0","0","0","0","0"
"10760  :  โรงพยาบาลปากเกร็ด","3,229","0","0.00","0","0","0","0","0","0","0","0","0"
"11781  :  โรงพยาบาลนนทเวช","0","0","0.00","0","0","0","0","0","0","0","0","0"
"11786  :  โรงพยาบาลอนันต์พัฒนา 2","0","0","0.00","0","0","0","0","0","0","0","0","0"
"11787  :  โรงพยาบาลเกษมราษฎร์อินเตอร์เนชั่นแนล รัตนาธิเบศร์โรงพยาบาลทั่วไปขนาดใหญ่","0","0","0.00","0","0","0","0","0","0","0","0","0"
"12256  :  สถาบันโรคทรวงอก","0","0","0.00","0","0","0","0","0","0","0","0","0"
"12257  :  สถาบันบำราศนราดูร","0","0","0.00","0","0","0","0","0","0","0","0","0"
"12258  :  สถาบันสิรินธรเพื่อการฟื้นฟูสมรรถภาพทางการแพทย์แห่งชาติ","0","0","0.00","0","0","0","0","0","0","0","0","0"
"12260  :  โรงพยาบาลศรีธัญญา","1","0","0.00","0","0","0","0","0","0","0","0","0"
"13815  :  ศูนย์การแพทย์ปัญญานันทภิกขุ ชลประทาน มหาวิทยาลัยศรีนครินทรวิโรฒ","5,231","6","0.11","0","0","0","0","0","0","6","0","0"
"22127  :  โรงพยาบาลชลลดา","0","0","0.00","0","0","0","0","0","0","0","0","0"
"28875  :  โรงพยาบาลบางบัวทอง ๒","467","1","0.21","0","0","0","0","0","0","1","0","0"
"10687  :  โรงพยาบาลปทุมธานี","0","0","0.00","0","0","0","0","0","0","0","0","0"
"10761  :  โรงพยาบาลคลองหลวง","612","320","52.29","0","0","0","0","0","0","209","111","0"
"10762  :  โรงพยาบาลธัญบุรี","788","0","0.00","0","0","0","0","0","0","0","0","0"
"10763  :  โรงพยาบาลประชาธิปัตย์","1,732","0","0.00","0","0","0","0","0","0","0","0","0"
"10764  :  โรงพยาบาลหนองเสือ","781","156","19.97","0","0","0","0","0","0","156","0","0"
"10765  :  โรงพยาบาลลาดหลุมแก้ว","886","10","1.13","0","0","0","0","0","0","10","0","0"
"10766  :  โรงพยาบาลลำลูกกา","1","0","0.00","0","0","0","0","0","0","0","0","0"
"10767  :  โรงพยาบาลสามโคก","616","3","0.49","0","0","0","1","0","0","1","1","0"
"12262  :  สถาบันบำบัดรักษาและฟื้นฟูผู้ติดยาเสพติดแห่งชาติบรมราชชนนี","25","0","0.00","0","0","0","0","0","0","0","0","0"
"14923  :  โรงพยาบาลมหาวชิราลงกรณ ธัญบุรี","0","0","0.00","0","0","0","0","0","0","0","0","0"
"10660  :  โรงพยาบาลพระนครศรีอยุธยา","0","0","0.00","0","0","0","0","0","0","0","0","0"
"10688  :  โรงพยาบาลเสนา","580","72","12.41","0","0","0","0","0","0","72","0","0"
"10768  :  โรงพยาบาลท่าเรือ","2,551","0","0.00","0","0","0","0","0","0","0","0","0"
"10769  :  โรงพยาบาลสมเด็จพระสังฆราชเจ้า กรมหลวงชินวราลงกรณ (วาสนมหาเถร)","93","1","1.08","0","0","0","1","0","0","0","0","0"
"10770  :  โรงพยาบาลบางไทร","776","0","0.00","0","0","0","0","0","0","0","0","0"
"10771  :  โรงพยาบาลบางบาล","386","0","0.00","0","0","0","0","0","0","0","0","0"
"10772  :  โรงพยาบาลบางปะอิน","1,518","1","0.07","0","0","0","1","0","0","0","0","0"
"10773  :  โรงพยาบาลบางปะหัน","471","0","0.00","0","0","0","0","0","0","0","0","0"
"10774  :  โรงพยาบาลผักไห่","373","0","0.00","0","0","0","0","0","0","0","0","0"
"10775  :  โรงพยาบาลภาชี","1,236","0","0.00","0","0","0","0","0","0","0","0","0"
"10776  :  โรงพยาบาลลาดบัวหลวง","380","53","13.95","0","0","0","35","0","0","18","0","0"
"10777  :  โรงพยาบาลวังน้อย","794","0","0.00","0","0","0","0","0","0","0","0","0"
"10778  :  โรงพยาบาลบางซ้าย","726","2","0.28","0","0","0","0","1","0","1","0","0"
"10779  :  โรงพยาบาลอุทัย","201","0","0.00","0","0","0","0","0","0","0","0","0"
"10780  :  โรงพยาบาลมหาราช","369","0","0.00","0","0","0","0","0","0","0","0","0"
"10781  :  โรงพยาบาลบ้านแพรก","355","0","0.00","0","0","0","0","0","0","0","0","0"
"10689  :  โรงพยาบาลอ่างทอง","433","0","0.00","0","0","0","0","0","0","0","0","0"
"10782  :  โรงพยาบาลไชโย","551","311","56.44","0","0","0","0","0","0","311","0","0"
"10784  :  โรงพยาบาลป่าโมก","942","0","0.00","0","0","0","0","0","0","0","0","0"
"10785  :  โรงพยาบาลโพธิ์ทอง","772","3","0.39","0","0","0","0","0","0","3","0","0"
"10786  :  โรงพยาบาลแสวงหา","1,754","0","0.00","0","0","0","0","0","0","0","0","0"
"10787  :  โรงพยาบาลวิเศษชัยชาญ","1,232","0","0.00","0","0","0","0","0","0","0","0","0"
"10788  :  โรงพยาบาลสามโก้","581","0","0.00","0","0","0","0","0","0","0","0","0"
"10690  :  โรงพยาบาลพระนารายณ์มหาราช","0","0","0.00","0","0","0","0","0","0","0","0","0"
"10691  :  โรงพยาบาลบ้านหมี่","504","1","0.20","0","0","0","0","0","0","1","0","0"
"10789  :  โรงพยาบาลพัฒนานิคม","1,716","669","38.99","0","0","0","0","0","0","662","7","0"
"10790  :  โรงพยาบาลโคกสำโรง","1,689","2","0.12","0","0","0","0","0","0","2","0","0"
"10791  :  โรงพยาบาลชัยบาดาล","3,071","27","0.88","0","0","0","0","0","0","27","0","0"
"10792  :  โรงพยาบาลท่าวุ้ง","884","2","0.23","0","0","0","0","0","0","2","0","0"
"10793  :  โรงพยาบาลท่าหลวง","1,487","426","28.65","0","0","0","0","0","0","405","21","0"
"10794  :  โรงพยาบาลสระโบสถ์","1,775","6","0.34","0","0","0","0","0","0","6","0","0"
"10795  :  โรงพยาบาลโคกเจริญ","1,155","1","0.09","0","0","0","0","0","0","1","0","0"
"10796  :  โรงพยาบาลลำสนธิ","1,176","1","0.09","0","0","0","0","0","0","1","0","0"
"10797  :  โรงพยาบาลหนองม่วง","1,220","244","20.00","0","0","0","0","0","0","244","0","0"
"14199  :  โรงพยาบาลมะเร็งลพบุรี","0","0","0.00","0","0","0","0","0","0","0","0","0"
"14928  :  โรงพยาบาลกองบิน 2","0","0","0.00","0","0","0","0","0","0","0","0","0"
"10692  :  โรงพยาบาลสิงห์บุรี","2,470","0","0.00","0","0","0","0","0","0","0","0","0"
"10693  :  โรงพยาบาลอินทร์บุรี","628","3","0.48","0","0","0","2","0","0","1","0","0"
"10798  :  โรงพยาบาลบางระจัน","1,024","0","0.00","0","0","0","0","0","0","0","0","0"
"10799  :  โรงพยาบาลค่ายบางระจัน","1,356","3","0.22","0","0","0","0","0","0","3","0","0"
"10800  :  โรงพยาบาลพรหมบุรี","1,304","179","13.73","0","0","0","0","0","0","179","0","0"
"10801  :  โรงพยาบาลท่าช้าง","892","0","0.00","0","0","0","0","0","0","0","0","0"
"10694  :  โรงพยาบาลชัยนาทนเรนทร","0","0","0.00","0","0","0","0","0","0","0","0","0"
"10802  :  โรงพยาบาลมโนรมย์","994","1","0.10","0","0","0","0","0","0","1","0","0"
"10803  :  โรงพยาบาลวัดสิงห์","1,045","0","0.00","0","0","0","0","0","0","0","0","0"
"10804  :  โรงพยาบาลสรรพยา","524","0","0.00","0","0","0","0","0","0","0","0","0"
"10805  :  โรงพยาบาลสรรคบุรี","1,624","3","0.18","0","0","0","0","0","0","3","0","0"
"10806  :  โรงพยาบาลหันคา","1,713","0","0.00","0","0","0","0","0","0","0","0","0"
"27974  :  โรงพยาบาลหนองมะโมง","291","0","0.00","0","0","0","0","0","0","0","0","0"
"27975  :  โรงพยาบาลเนินขาม","0","0","0.00","0","0","0","0","0","0","0","0","0"
"10661  :  โรงพยาบาลสระบุรี","0","0","0.00","0","0","0","0","0","0","0","0","0"
"10695  :  โรงพยาบาลพระพุทธบาท","0","0","0.00","0","0","0","0","0","0","0","0","0"
"10807  :  โรงพยาบาลแก่งคอย","2,621","0","0.00","0","0","0","0","0","0","0","0","0"
"10808  :  โรงพยาบาลหนองแค","480","1","0.21","0","0","0","0","0","0","1","0","0"
"10809  :  โรงพยาบาลวิหารแดง","1,060","31","2.92","0","0","0","11","0","0","20","0","0"
"10810  :  โรงพยาบาลหนองแซง","918","0","0.00","0","0","0","0","0","0","0","0","0"
"10811  :  โรงพยาบาลบ้านหมอ","1,578","0","0.00","0","0","0","0","0","0","0","0","0"
"10812  :  โรงพยาบาลดอนพุด","0","0","0.00","0","0","0","0","0","0","0","0","0"
"10813  :  โรงพยาบาลหนองโดน","1,204","0","0.00","0","0","0","0","0","0","0","0","0"
"10814  :  โรงพยาบาลเสาไห้เฉลิมพระเกียรติ80พรรษา","636","0","0.00","0","0","0","0","0","0","0","0","0"
"10815  :  โรงพยาบาลมวกเหล็ก","1,247","0","0.00","0","0","0","0","0","0","0","0","0"
"10816  :  โรงพยาบาลวังม่วงสัทธรรม","840","0","0.00","0","0","0","0","0","0","0","0","0"
"11485  :  โรงพยาบาลค่ายอดิศร","1,894","0","0.00","0","0","0","0","0","0","0","0","0"
"10662  :  โรงพยาบาลชลบุรี","0","0","0.00","0","0","0","0","0","0","0","0","0"
"10817  :  โรงพยาบาลบ้านบึง","3,943","1","0.03","0","0","0","0","0","0","1","0","0"
"10818  :  โรงพยาบาลหนองใหญ่","895","0","0.00","0","0","0","0","0","0","0","0","0"
"10819  :  โรงพยาบาลบางละมุง","5,640","42","0.74","0","0","0","0","0","0","42","0","0"
"10820  :  โรงพยาบาลวัดญาณสังวราราม","421","159","37.77","0","0","0","0","0","0","159","0","0"
"10821  :  โรงพยาบาลพานทอง","1,338","4","0.30","0","0","0","0","0","0","4","0","0"
"10822  :  โรงพยาบาลพนัสนิคม","2,467","0","0.00","0","0","0","0","0","0","0","0","0"
"10823  :  โรงพยาบาลแหลมฉบัง","8,328","12","0.14","0","0","0","0","10","0","2","0","0"
"10824  :  โรงพยาบาลเกาะสีชัง","833","0","0.00","0","0","0","0","0","0","0","0","0"
"10825  :  โรงพยาบาลสัตหีบกม10","2,695","289","10.72","0","0","0","2","0","0","287","0","0"
"10826  :  โรงพยาบาลบ่อทอง","636","0","0.00","0","0","0","0","0","0","0","0","0"
"11486  :  โรงพยาบาลค่ายนวมินทราชินี","849","3","0.35","0","0","0","0","0","0","3","0","0"
"11487  :  โรงพยาบาลอาภากรเกียรติวงศ์","36","0","0.00","0","0","0","0","0","0","0","0","0"
"13754  :  โรงพยาบาลสมเด็จพระบรมราชเทวี ณ ศรีราชา","9,291","31","0.33","0","0","0","0","0","0","31","0","0"
"13758  :  โรงพยาบาลสมเด็จพระนางเจ้าสิริกิติ์","0","0","0.00","0","0","0","0","0","0","0","0","0"
"13760  :  โรงพยาบาลมะเร็งชลบุรี","0","0","0.00","0","0","0","0","0","0","0","0","0"
"13766  :  โรงพยาบาลมหาวิทยาลัยบูรพา","199","0","0.00","0","0","0","0","0","0","0","0","0"
"28005  :  โรงพยาบาลเมืองพัทยา","2,135","0","0.00","0","0","0","0","0","0","0","0","0"
"28006  :  โรงพยาบาลเกาะจันทร์","633","0","0.00","0","0","0","0","0","0","0","0","0"
"10663  :  โรงพยาบาลระยอง","0","0","0.00","0","0","0","0","0","0","0","0","0"
"10827  :  โรงพยาบาลเฉลิมพระเกียรติสมเด็จพระเทพรัตนราชสุดาฯ สยามบรมราชกุมารี ระยอง","658","0","0.00","0","0","0","0","0","0","0","0","0"
"10828  :  โรงพยาบาลบ้านฉาง","2,540","1","0.04","0","0","0","0","0","0","1","0","0"
"10829  :  โรงพยาบาลแกลง","827","0","0.00","0","0","0","0","0","0","0","0","0"
"10830  :  โรงพยาบาลวังจันทร์","851","4","0.47","0","0","0","0","0","0","4","0","0"
"10831  :  โรงพยาบาลบ้านค่าย","1,072","0","0.00","0","0","0","0","0","0","0","0","0"
"10832  :  โรงพยาบาลปลวกแดง","1,659","0","0.00","0","0","0","0","0","0","0","0","0"
"22734  :  โรงพยาบาลเขาชะเมา เฉลิมพระเกียรติ 80 พรรษา","328","0","0.00","0","0","0","0","0","0","0","0","0"
"23962  :  โรงพยาบาลนิคมพัฒนา","564","0","0.00","0","0","0","0","0","0","0","0","0"
"10664  :  โรงพยาบาลพระปกเกล้า","0","0","0.00","0","0","0","0","0","0","0","0","0"
"10834  :  โรงพยาบาลขลุง","0","0","0.00","0","0","0","0","0","0","0","0","0"
"10835  :  โรงพยาบาลท่าใหม่","7","0","0.00","0","0","0","0","0","0","0","0","0"
"10836  :  โรงพยาบาลเขาสุกิม","1,226","0","0.00","0","0","0","0","0","0","0","0","0"
"10837  :  โรงพยาบาลสองพี่น้อง","1,123","0","0.00","0","0","0","0","0","0","0","0","0"
"10838  :  โรงพยาบาลโป่งน้ำร้อน","1,918","0","0.00","0","0","0","0","0","0","0","0","0"
"10839  :  โรงพยาบาลมะขาม","279","0","0.00","0","0","0","0","0","0","0","0","0"
"10840  :  โรงพยาบาลแหลมสิงห์","0","0","0.00","0","0","0","0","0","0","0","0","0"
"10841  :  โรงพยาบาลสอยดาว","0","0","0.00","0","0","0","0","0","0","0","0","0"
"10842  :  โรงพยาบาลแก่งหางแมว","703","0","0.00","0","0","0","0","0","0","0","0","0"
"10843  :  โรงพยาบาลนายายอาม","693","0","0.00","0","0","0","0","0","0","0","0","0"
"10844  :  โรงพยาบาลเขาคิชฌกูฏ","901","0","0.00","0","0","0","0","0","0","0","0","0"
"10696  :  โรงพยาบาลตราด","1,436","0","0.00","0","0","0","0","0","0","0","0","0"
"10845  :  โรงพยาบาลคลองใหญ่","1,782","0","0.00","0","0","0","0","0","0","0","0","0"
"10846  :  โรงพยาบาลเขาสมิง","1,147","1","0.09","0","0","0","1","0","0","0","0","0"
"10847  :  โรงพยาบาลบ่อไร่","1,172","0","0.00","0","0","0","0","0","0","0","0","0"
"10848  :  โรงพยาบาลแหลมงอบ","1,011","0","0.00","0","0","0","0","0","0","0","0","0"
"10849  :  โรงพยาบาลเกาะกูด","216","0","0.00","0","0","0","0","0","0","0","0","0"
"13816  :  โรงพยาบาลเกาะช้าง","211","0","0.00","0","0","0","0","0","0","0","0","0"
"10697  :  โรงพยาบาลพุทธโสธร","5","0","0.00","0","0","0","0","0","0","0","0","0"
"10833  :  โรงพยาบาลท่าตะเกียบ","538","36","6.69","0","0","0","14","0","0","22","0","0"
"10850  :  โรงพยาบาลบางคล้า","2,278","11","0.48","1","0","0","4","0","0","5","1","0"
"10851  :  โรงพยาบาลบางน้ำเปรี้ยว","9","0","0.00","0","0","0","0","0","0","0","0","0"
"10852  :  โรงพยาบาลบางปะกง","0","0","0.00","0","0","0","0","0","0","0","0","0"
"10853  :  โรงพยาบาลบ้านโพธิ์","591","5","0.85","0","0","0","3","1","0","1","0","0"
"10854  :  โรงพยาบาลพนมสารคาม","1,859","3","0.16","0","0","0","1","0","0","2","0","0"
"10855  :  โรงพยาบาลสนามชัยเขต","795","0","0.00","0","0","0","0","0","0","0","0","0"
"10856  :  โรงพยาบาลแปลงยาว","960","525","54.69","1","0","0","229","0","0","295","0","0"
"13747  :  โรงพยาบาลราชสาส์น","1,383","1","0.07","0","0","0","0","0","0","1","0","0"
"31327  :  โรงพยาบาลคลองเขื่อน","0","0","0.00","0","0","0","0","0","0","0","0","0"
"10665  :  โรงพยาบาลเจ้าพระยาอภัยภูเบศร","273","0","0.00","0","0","0","0","0","0","0","0","0"
"10857  :  โรงพยาบาลกบินทร์บุรี","1,497","15","1.00","0","0","0","0","0","0","15","0","0"
"10858  :  โรงพยาบาลนาดี","1,390","0","0.00","0","0","0","0","0","0","0","0","0"
"10859  :  โรงพยาบาลบ้านสร้าง","1,057","0","0.00","0","0","0","0","0","0","0","0","0"
"10860  :  โรงพยาบาลประจันตคาม","1,663","3","0.18","0","0","0","0","0","0","3","0","0"
"10861  :  โรงพยาบาลศรีมหาโพธิ","1,177","3","0.25","0","0","0","0","0","0","3","0","0"
"10862  :  โรงพยาบาลศรีมโหสถ","1,583","0","0.00","0","0","0","0","0","0","0","0","0"
"11490  :  โรงพยาบาลค่ายจักรพงษ์","909","0","0.00","0","0","0","0","0","0","0","0","0"
"10698  :  โรงพยาบาลนครนายก","2,286","0","0.00","0","0","0","0","0","0","0","0","0"
"10863  :  โรงพยาบาลปากพลี","511","0","0.00","0","0","0","0","0","0","0","0","0"
"10864  :  โรงพยาบาลบ้านนา","1,330","0","0.00","0","0","0","0","0","0","0","0","0"
"10865  :  โรงพยาบาลองครักษ์","693","0","0.00","0","0","0","0","0","0","0","0","0"
"11491  :  โรงพยาบาลรร.นายร้อยพระจุลจอมเกล้า","58","0","0.00","0","0","0","0","0","0","0","0","0"
"14904  :  โรงพยาบาลศูนย์การแพทย์สมเด็จพระเทพรัตนราชสุดาฯ","0","0","0.00","0","0","0","0","0","0","0","0","0"
"10699  :  โรงพยาบาลสมเด็จพระยุพราชสระแก้ว","6","0","0.00","0","0","0","0","0","0","0","0","0"
"10866  :  โรงพยาบาลคลองหาด","1,353","1","0.07","0","0","0","0","0","0","1","0","0"
"10867  :  โรงพยาบาลตาพระยา","793","0","0.00","0","0","0","0","0","0","0","0","0"
"10868  :  โรงพยาบาลวังน้ำเย็น","2,583","1,122","43.44","0","0","0","0","0","0","1,122","0","0"
"10869  :  โรงพยาบาลวัฒนานคร","2,087","2","0.10","0","0","0","0","0","0","2","0","0"
"10870  :  โรงพยาบาลอรัญประเทศ","1,556","0","0.00","0","0","0","0","0","0","0","0","0"
"13817  :  โรงพยาบาลเขาฉกรรจ์","795","1","0.13","0","0","0","0","0","0","1","0","0"
"14717  :  โรงพยาบาลจิตเวชสระแก้วราชนครินทร์","1","0","0.00","0","0","0","0","0","0","0","0","0"
"10666  :  โรงพยาบาลมหาราชนครราชสีมา","0","0","0.00","0","0","0","0","0","0","0","0","0"
"10871  :  โรงพยาบาลครบุรี","1,658","0","0.00","0","0","0","0","0","0","0","0","0"
"10872  :  โรงพยาบาลเสิงสาง","1,353","1","0.07","0","0","0","0","1","0","0","0","0"
"10873  :  โรงพยาบาลคง","1,536","0","0.00","0","0","0","0","0","0","0","0","0"
"10874  :  โรงพยาบาลบ้านเหลื่อม","845","0","0.00","0","0","0","0","0","0","0","0","0"
"10875  :  โรงพยาบาลจักราช","1,240","0","0.00","0","0","0","0","0","0","0","0","0"
"10876  :  โรงพยาบาลโชคชัย","2,011","0","0.00","0","0","0","0","0","0","0","0","0"
"10877  :  โรงพยาบาลด่านขุนทด","3,577","2","0.06","0","0","0","0","0","0","2","0","0"
"10878  :  โรงพยาบาลโนนไทย","1,873","0","0.00","0","0","0","0","0","0","0","0","0"
"10879  :  โรงพยาบาลโนนสูง","1,510","0","0.00","0","0","0","0","0","0","0","0","0"
"10880  :  โรงพยาบาลขามสะแกแสง","1,860","0","0.00","0","0","0","0","0","0","0","0","0"
"10881  :  โรงพยาบาลบัวใหญ่","841","0","0.00","0","0","0","0","0","0","0","0","0"
"10882  :  โรงพยาบาลประทาย","1,293","0","0.00","0","0","0","0","0","0","0","0","0"
"10883  :  โรงพยาบาลปักธงชัย","992","0","0.00","0","0","0","0","0","0","0","0","0"
"10884  :  โรงพยาบาลพิมาย","1,748","0","0.00","0","0","0","0","0","0","0","0","0"
"10885  :  โรงพยาบาลห้วยแถลง","1,334","0","0.00","0","0","0","0","0","0","0","0","0"
"10886  :  โรงพยาบาลชุมพวง","1,820","0","0.00","0","0","0","0","0","0","0","0","0"
"10887  :  โรงพยาบาลสูงเนิน","3,440","0","0.00","0","0","0","0","0","0","0","0","0"
"10888  :  โรงพยาบาลขามทะเลสอ","1,238","0","0.00","0","0","0","0","0","0","0","0","0"
"10889  :  โรงพยาบาลสีคิ้ว","4,004","0","0.00","0","0","0","0","0","0","0","0","0"
"10890  :  โรงพยาบาลปากช่องนานา","1,456","0","0.00","0","0","0","0","0","0","0","0","0"
"10891  :  โรงพยาบาลหนองบุญมาก","715","1","0.14","0","0","0","0","1","0","0","0","0"
"10892  :  โรงพยาบาลแก้งสนามนาง","94","0","0.00","0","0","0","0","0","0","0","0","0"
"10893  :  โรงพยาบาลโนนแดง","1,141","0","0.00","0","0","0","0","0","0","0","0","0"
"10894  :  โรงพยาบาลวังน้ำเขียว","546","0","0.00","0","0","0","0","0","0","0","0","0"
"11492  :  โรงพยาบาลค่ายสุรนารี นครราชสีมา","3,655","1","0.03","0","0","0","0","1","0","0","0","0"
"11602  :  โรงพยาบาลเฉลิมพระเกียรติสมเด็จย่า 100 ปี","436","0","0.00","0","0","0","0","0","0","0","0","0"
"11608  :  โรงพยาบาลลำทะเมนชัย","735","0","0.00","0","0","0","0","0","0","0","0","0"
"11885  :  โรงพยาบาลเดอะโกลเดนเกท","1,995","0","0.00","0","0","0","0","0","0","0","0","0"
"11891  :  โรงพยาบาลราชสีมาฮอสพิทอล","3,019","0","0.00","0","0","0","0","0","0","0","0","0"
"12267  :  ศูนย์อนามัยที่ 9 นครราชสีมา","219","0","0.00","0","0","0","0","0","0","0","0","0"
"12268  :  โรงพยาบาลจิตเวชนครราชสีมาราชนครินทร์","7","0","0.00","0","0","0","0","0","0","0","0","0"
"14161  :  โรงพยาบาลกองบิน กองบิน1","483","0","0.00","0","0","0","0","0","0","0","0","0"
"22456  :  โรงพยาบาลพระทองคำ เฉลิมพระเกียรติ 80 พรรษา","1,017","0","0.00","0","0","0","0","0","0","0","0","0"
"23839  :  โรงพยาบาลเทพรัตน์นครราชสีมา","1,324","0","0.00","0","0","0","0","0","0","0","0","0"
"24060  :  โรงพยาบาลมหาวิทยาลัยเทคโนโลยีสุรนารี","202","0","0.00","0","0","0","0","0","0","0","0","0"
"24692  :  โรงพยาบาลเฉลิมพระเกียรติ","854","0","0.00","0","0","0","0","0","0","0","0","0"
"27839  :  โรงพยาบาลบัวลาย","505","0","0.00","0","0","0","0","0","0","0","0","0"
"27840  :  โรงพยาบาลสีดา","505","0","0.00","0","0","0","0","0","0","0","0","0"
"27841  :  โรงพยาบาลเทพารักษ์","919","0","0.00","0","0","0","0","0","0","0","0","0"
"10667  :  โรงพยาบาลบุรีรัมย์","0","0","0.00","0","0","0","0","0","0","0","0","0"
"10895  :  โรงพยาบาลคูเมือง","1,381","0","0.00","0","0","0","0","0","0","0","0","0"
"10896  :  โรงพยาบาลกระสัง","1,104","0","0.00","0","0","0","0","0","0","0","0","0"
"10897  :  โรงพยาบาลนางรอง","4,449","201","4.52","0","0","0","0","0","0","200","1","0"
"10898  :  โรงพยาบาลหนองกี่","1,263","0","0.00","0","0","0","0","0","0","0","0","0"
"10899  :  โรงพยาบาลละหานทราย","1,231","0","0.00","0","0","0","0","0","0","0","0","0"
"10900  :  โรงพยาบาลประโคนชัย","2,526","0","0.00","0","0","0","0","0","0","0","0","0"
"10901  :  โรงพยาบาลบ้านกรวด","1,970","0","0.00","0","0","0","0","0","0","0","0","0"
"10902  :  โรงพยาบาลพุทไธสง","1,891","0","0.00","0","0","0","0","0","0","0","0","0"
"10904  :  โรงพยาบาลลำปลายมาศ","1","0","0.00","0","0","0","0","0","0","0","0","0"
"10905  :  โรงพยาบาลสตึก","1,619","0","0.00","0","0","0","0","0","0","0","0","0"
"10906  :  โรงพยาบาลปะคำ","965","0","0.00","0","0","0","0","0","0","0","0","0"
"10907  :  โรงพยาบาลนาโพธิ์","918","0","0.00","0","0","0","0","0","0","0","0","0"
"10908  :  โรงพยาบาลหนองหงส์","738","0","0.00","0","0","0","0","0","0","0","0","0"
"10909  :  โรงพยาบาลพลับพลาชัย","871","0","0.00","0","0","0","0","0","0","0","0","0"
"10910  :  โรงพยาบาลห้วยราช","513","1","0.19","0","0","0","0","0","0","1","0","0"
"10911  :  โรงพยาบาลโนนสุวรรณ","847","0","0.00","0","0","0","0","0","0","0","0","0"
"10912  :  โรงพยาบาลชำนิ","655","0","0.00","0","0","0","0","0","0","0","0","0"
"10913  :  โรงพยาบาลบ้านใหม่ไชยพจน์","629","0","0.00","0","0","0","0","0","0","0","0","0"
"10914  :  โรงพยาบาลโนนดินแดง","1,277","0","0.00","0","0","0","0","0","0","0","0","0"
"11493  :  โรงพยาบาลค่ายสมเด็จเจ้าพระยามหากษัตริย์ศึก","357","0","0.00","0","0","0","0","0","0","0","0","0"
"11619  :  โรงพยาบาลเฉลิมพระเกียรติ","922","0","0.00","0","0","0","0","0","0","0","0","0"
"23578  :  โรงพยาบาลแคนดง","1,057","0","0.00","0","0","0","0","0","0","0","0","0"
"28020  :  โรงพยาบาลบ้านด่าน","1,169","0","0.00","0","0","0","0","0","0","0","0","0"
"10668  :  โรงพยาบาลสุรินทร์","268","1","0.37","0","0","0","0","0","0","1","0","0"
"10915  :  โรงพยาบาลชุมพลบุรี","1,183","1","0.08","0","0","0","0","0","0","1","0","0"
"10916  :  โรงพยาบาลท่าตูม","2,298","368","16.01","0","0","0","0","0","0","368","0","0"
"10917  :  โรงพยาบาลจอมพระ","1,468","0","0.00","0","0","0","0","0","0","0","0","0"
"10918  :  โรงพยาบาลปราสาท","1,853","33","1.78","0","0","0","0","0","0","33","0","0"
"10919  :  โรงพยาบาลกาบเชิง","800","0","0.00","0","0","0","0","0","0","0","0","0"
"10920  :  โรงพยาบาลรัตนบุรี","1,780","0","0.00","0","0","0","0","0","0","0","0","0"
"10921  :  โรงพยาบาลสนม","931","0","0.00","0","0","0","0","0","0","0","0","0"
"10922  :  โรงพยาบาลศีขรภูมิ","1,517","0","0.00","0","0","0","0","0","0","0","0","0"
"10923  :  โรงพยาบาลสังขะ","1,301","0","0.00","0","0","0","0","0","0","0","0","0"
"10924  :  โรงพยาบาลลำดวน","1,446","0","0.00","0","0","0","0","0","0","0","0","0"
"10925  :  โรงพยาบาลสำโรงทาบ","918","0","0.00","0","0","0","0","0","0","0","0","0"
"10926  :  โรงพยาบาลบัวเชด","1,007","0","0.00","0","0","0","0","0","0","0","0","0"
"11494  :  โรงพยาบาลค่ายวีรวัฒน์โยธิน","133","0","0.00","0","0","0","0","0","0","0","0","0"
"22302  :  โรงพยาบาลพนมดงรัก เฉลิมพระเกียรติ 80 พรรษา","437","13","2.97","0","0","0","0","0","0","11","2","0"
"27842  :  โรงพยาบาลเขวาสินรินทร์","519","20","3.85","0","0","0","0","0","0","20","0","0"
"27843  :  โรงพยาบาลศรีณรงค์","468","0","0.00","0","0","0","0","0","0","0","0","0"
"27844  :  โรงพยาบาลโนนนารายณ์","347","0","0.00","0","0","0","0","0","0","0","0","0"
"10700  :  โรงพยาบาลศรีสะเกษ","1,548","71","4.59","0","0","0","71","0","0","0","0","0"
"10927  :  โรงพยาบาลยางชุมน้อย","963","5","0.52","0","0","0","5","0","0","0","0","0"
"10928  :  โรงพยาบาลกันทรารมย์","1,356","5","0.37","0","0","0","5","0","0","0","0","0"
"10929  :  โรงพยาบาลกันทรลักษ์","1,590","5","0.31","0","0","0","5","0","0","0","0","0"
"10930  :  โรงพยาบาลขุขันธ์","1,316","5","0.38","0","0","0","4","0","0","1","0","0"
"10931  :  โรงพยาบาลไพรบึง","1,450","10","0.69","0","0","0","6","3","0","1","0","0"
"10932  :  โรงพยาบาลปรางค์กู่","698","3","0.43","0","0","0","3","0","0","0","0","0"
"10933  :  โรงพยาบาลขุนหาญ","1,182","5","0.42","0","0","0","5","0","0","0","0","0"
"10934  :  โรงพยาบาลราษีไศล","1,020","9","0.88","0","0","0","9","0","0","0","0","0"
"10935  :  โรงพยาบาลอุทุมพรพิสัย","1,168","7","0.60","0","0","0","7","0","0","0","0","0"
"10936  :  โรงพยาบาลบึงบูรพ์","878","1","0.11","0","0","0","1","0","0","0","0","0"
"10937  :  โรงพยาบาลห้วยทับทัน","616","4","0.65","0","0","0","2","0","0","2","0","0"
"10938  :  โรงพยาบาลโนนคูณ","288","1","0.35","0","0","0","1","0","0","0","0","0"
"10939  :  โรงพยาบาลศรีรัตนะ","512","3","0.59","0","0","0","3","0","0","0","0","0"
"10940  :  โรงพยาบาลวังหิน","361","4","1.11","0","0","0","3","0","0","1","0","0"
"10941  :  โรงพยาบาลน้ำเกลี้ยง","258","1","0.39","0","0","0","1","0","0","0","0","0"
"10942  :  โรงพยาบาลภูสิงห์","875","15","1.71","0","0","0","15","0","0","0","0","0"
"10943  :  โรงพยาบาลเมืองจันทร์","250","0","0.00","0","0","0","0","0","0","0","0","0"
"23125  :  โรงพยาบาลเบญจลักษ์เฉลิมพระเกียรติ 80 พรรษา","657","1","0.15","0","0","0","1","0","0","0","0","0"
"28014  :  โรงพยาบาลพยุห์","338","4","1.18","0","0","0","3","0","0","1","0","0"
"28015  :  โรงพยาบาลโพธิ์ศรีสุวรรณ","224","141","62.95","0","0","0","2","0","0","139","0","0"
"28016  :  โรงพยาบาลศิลาลาด","664","0","0.00","0","0","0","0","0","0","0","0","0"
"10669  :  โรงพยาบาลสรรพสิทธิประสงค์","0","0","0.00","0","0","0","0","0","0","0","0","0"
"10944  :  โรงพยาบาลศรีเมืองใหม่","0","0","0.00","0","0","0","0","0","0","0","0","0"
"10945  :  โรงพยาบาลโขงเจียม","601","1","0.17","0","0","0","0","0","0","1","0","0"
"10946  :  โรงพยาบาลเขื่องใน","0","0","0.00","0","0","0","0","0","0","0","0","0"
"10947  :  โรงพยาบาลเขมราฐ","1,748","0","0.00","0","0","0","0","0","0","0","0","0"
"10948  :  โรงพยาบาลนาจะหลวย","1,507","1","0.07","0","0","0","1","0","0","0","0","0"
"10949  :  โรงพยาบาลน้ำยืน","0","0","0.00","0","0","0","0","0","0","0","0","0"
"10950  :  โรงพยาบาลบุณฑริก","1,370","0","0.00","0","0","0","0","0","0","0","0","0"
"10951  :  โรงพยาบาลตระการพืชผล","2,112","0","0.00","0","0","0","0","0","0","0","0","0"
"10952  :  โรงพยาบาลกุดข้าวปุ้น","1,364","1","0.07","0","0","0","0","0","0","1","0","0"
"10953  :  โรงพยาบาลม่วงสามสิบ","1,381","1","0.07","0","0","0","0","0","0","1","0","0"
"10954  :  โรงพยาบาลวารินชำราบ","0","0","0.00","0","0","0","0","0","0","0","0","0"
"10956  :  โรงพยาบาลพิบูลมังสาหาร","0","0","0.00","0","0","0","0","0","0","0","0","0"
"10957  :  โรงพยาบาลตาลสุม","901","0","0.00","0","0","0","0","0","0","0","0","0"
"10958  :  โรงพยาบาลโพธิ์ไทร","1,443","0","0.00","0","0","0","0","0","0","0","0","0"
"10959  :  โรงพยาบาลสำโรง","1,091","0","0.00","0","0","0","0","0","0","0","0","0"
"10960  :  โรงพยาบาลดอนมดแดง","664","0","0.00","0","0","0","0","0","0","0","0","0"
"10961  :  โรงพยาบาลสิรินธร","1,287","1","0.08","0","0","0","0","0","0","1","0","0"
"10962  :  โรงพยาบาลทุ่งศรีอุดม","792","44","5.56","0","0","0","42","0","0","2","0","0"
"11443  :  โรงพยาบาลสมเด็จพระยุพราชเดชอุดม","0","0","0.00","0","0","0","0","0","0","0","0","0"
"11495  :  โรงพยาบาลกองบิน 21","0","0","0.00","0","0","0","0","0","0","0","0","0"
"11496  :  โรงพยาบาลค่ายสรรพสิทธิประสงค์","0","0","0.00","0","0","0","0","0","0","0","0","0"
"11918  :  โรงพยาบาลเอกชนร่มเกล้า","1,352","2","0.15","0","0","0","2","0","0","0","0","0"
"12269  :  โรงพยาบาลพระศรีมหาโพธิ์","0","0","0.00","0","0","0","0","0","0","0","0","0"
"12270  :  โรงพยาบาลส่งเสริมสุขภาพ ศูนย์อนามัยที่ 10","4","0","0.00","0","0","0","0","0","0","0","0","0"
"21984  :  โรงพยาบาล 50 พรรษา มหาวชิราลงกรณ","0","0","0.00","0","0","0","0","0","0","0","0","0"
"24032  :  โรงพยาบาลนาตาล","161","0","0.00","0","0","0","0","0","0","0","0","0"
"24821  :  โรงพยาบาลนาเยีย","0","0","0.00","0","0","0","0","0","0","0","0","0"
"27967  :  โรงพยาบาลสว่างวีระวงศ์","0","0","0.00","0","0","0","0","0","0","0","0","0"
"27968  :  โรงพยาบาลน้ำขุ่น","0","0","0.00","0","0","0","0","0","0","0","0","0"
"27976  :  โรงพยาบาลเหล่าเสือโก้ก","254","131","51.57","0","0","0","0","4","0","127","0","0"
"10701  :  โรงพยาบาลยโสธร","0","0","0.00","0","0","0","0","0","0","0","0","0"
"10963  :  โรงพยาบาลทรายมูล","0","0","0.00","0","0","0","0","0","0","0","0","0"
"10964  :  โรงพยาบาลกุดชุม","0","0","0.00","0","0","0","0","0","0","0","0","0"
"10965  :  โรงพยาบาลคำเขื่อนแก้ว","1,743","0","0.00","0","0","0","0","0","0","0","0","0"
"10966  :  โรงพยาบาลป่าติ้ว","1,250","2","0.16","0","0","0","0","0","0","0","2","0"
"10967  :  โรงพยาบาลมหาชนะชัย","960","625","65.10","5","1","0","379","1","0","232","7","0"
"10968  :  โรงพยาบาลค้อวัง","710","299","42.11","0","0","0","10","0","0","287","2","0"
"10969  :  โรงพยาบาลไทยเจริญ","524","0","0.00","0","0","0","0","0","0","0","0","0"
"11444  :  โรงพยาบาลสมเด็จพระยุพราชเลิงนกทา","1,667","1","0.06","0","0","0","1","0","0","0","0","0"
"11921  :  โรงพยาบาลนายแพทย์หาญ","361","17","4.71","0","0","0","0","0","0","17","0","0"
"04007  :  โรงพยาบาลซับใหญ่","529","2","0.38","0","0","0","0","0","0","2","0","0"
"10702  :  โรงพยาบาลชัยภูมิ","4","0","0.00","0","0","0","0","0","0","0","0","0"
"10970  :  โรงพยาบาลบ้านเขว้า","3,141","1","0.03","0","0","0","0","0","0","1","0","0"
"10971  :  โรงพยาบาลคอนสวรรค์","1,526","92","6.03","0","0","0","0","0","0","92","0","0"
"10972  :  โรงพยาบาลเกษตรสมบูรณ์","1,620","114","7.04","0","0","0","1","0","0","113","0","0"
"10973  :  โรงพยาบาลหนองบัวแดง","2,259","0","0.00","0","0","0","0","0","0","0","0","0"
"10974  :  โรงพยาบาลจัตุรัส","1,596","0","0.00","0","0","0","0","0","0","0","0","0"
"10975  :  โรงพยาบาลบำเหน็จณรงค์","2,434","0","0.00","0","0","0","0","0","0","0","0","0"
"10976  :  โรงพยาบาลหนองบัวระเหว","929","0","0.00","0","0","0","0","0","0","0","0","0"
"10977  :  โรงพยาบาลเทพสถิต","1,576","0","0.00","0","0","0","0","0","0","0","0","0"
"10978  :  โรงพยาบาลภูเขียวเฉลิมพระเกียรติ","2,832","36","1.27","1","0","0","32","0","0","3","0","0"
"10979  :  โรงพยาบาลบ้านแท่น","1,647","4","0.24","0","0","0","0","1","1","2","0","0"
"10980  :  โรงพยาบาลแก้งคร้อ","1,957","0","0.00","0","0","0","0","0","0","0","0","0"
"10981  :  โรงพยาบาลคอนสาร","1,089","1","0.09","0","0","0","0","0","0","1","0","0"
"10982  :  โรงพยาบาลภักดีชุมพล","936","0","0.00","0","0","0","0","0","0","0","0","0"
"10983  :  โรงพยาบาลเนินสง่า","549","0","0.00","0","0","0","0","0","0","0","0","0"
"10703  :  โรงพยาบาลอำนาจเจริญ","0","0","0.00","0","0","0","0","0","0","0","0","0"
"10985  :  โรงพยาบาลชานุมาน","795","303","38.11","0","0","0","0","0","0","301","2","0"
"10986  :  โรงพยาบาลปทุมราชวงศา","985","0","0.00","0","0","0","0","0","0","0","0","0"
"10987  :  โรงพยาบาลพนา","854","44","5.15","0","0","0","26","0","0","18","0","0"
"10988  :  โรงพยาบาลเสนางคนิคม","1,430","1","0.07","0","0","0","0","0","0","0","1","0"
"10989  :  โรงพยาบาลหัวตะพาน","597","8","1.34","0","0","0","2","1","0","5","0","0"
"10990  :  โรงพยาบาลลืออำนาจ","874","0","0.00","0","0","0","0","0","0","0","0","0"
"11040  :  โรงพยาบาลบึงกาฬ","0","0","0.00","0","0","0","0","0","0","0","0","0"
"11041  :  โรงพยาบาลพรเจริญ","1,205","0","0.00","0","0","0","0","0","0","0","0","0"
"11043  :  โรงพยาบาลโซ่พิสัย","0","0","0.00","0","0","0","0","0","0","0","0","0"
"11046  :  โรงพยาบาลเซกา","0","0","0.00","0","0","0","0","0","0","0","0","0"
"11047  :  โรงพยาบาลปากคาด","1,088","0","0.00","0","0","0","0","0","0","0","0","0"
"11048  :  โรงพยาบาลบึงโขงหลง","0","0","0.00","0","0","0","0","0","0","0","0","0"
"11049  :  โรงพยาบาลศรีวิไล","1,367","0","0.00","0","0","0","0","0","0","0","0","0"
"11050  :  โรงพยาบาลบุ่งคล้า","358","1","0.28","0","0","0","0","0","0","1","0","0"
"10704  :  โรงพยาบาลหนองบัวลำภู","0","0","0.00","0","0","0","0","0","0","0","0","0"
"10991  :  โรงพยาบาลนากลาง","1","0","0.00","0","0","0","0","0","0","0","0","0"
"10992  :  โรงพยาบาลโนนสัง","4","0","0.00","0","0","0","0","0","0","0","0","0"
"10993  :  โรงพยาบาลศรีบุญเรือง","0","0","0.00","0","0","0","0","0","0","0","0","0"
"10994  :  โรงพยาบาลสุวรรณคูหา","1","0","0.00","0","0","0","0","0","0","0","0","0"
"23367  :  โรงพยาบาลนาวัง เฉลิมพระเกียรติ 80 พรรษา","0","0","0.00","0","0","0","0","0","0","0","0","0"
"10670  :  โรงพยาบาลขอนแก่น","693","0","0.00","0","0","0","0","0","0","0","0","0"
"10995  :  โรงพยาบาลบ้านฝาง","0","0","0.00","0","0","0","0","0","0","0","0","0"
"10996  :  โรงพยาบาลพระยืน","0","0","0.00","0","0","0","0","0","0","0","0","0"
"10997  :  โรงพยาบาลหนองเรือ","0","0","0.00","0","0","0","0","0","0","0","0","0"
"10998  :  โรงพยาบาลชุมแพ","0","0","0.00","0","0","0","0","0","0","0","0","0"
"10999  :  โรงพยาบาลสีชมพู","1,124","0","0.00","0","0","0","0","0","0","0","0","0"
"11000  :  โรงพยาบาลน้ำพอง","1,488","611","41.06","0","0","0","0","0","0","611","0","0"
"11001  :  โรงพยาบาลอุบลรัตน์","0","0","0.00","0","0","0","0","0","0","0","0","0"
"11002  :  โรงพยาบาลบ้านไผ่","0","0","0.00","0","0","0","0","0","0","0","0","0"
"11003  :  โรงพยาบาลเปือยน้อย","565","184","32.57","0","0","0","23","0","0","161","0","0"
"11004  :  โรงพยาบาลพล","0","0","0.00","0","0","0","0","0","0","0","0","0"
"11005  :  โรงพยาบาลแวงใหญ่","0","0","0.00","0","0","0","0","0","0","0","0","0"
"11006  :  โรงพยาบาลแวงน้อย","3","0","0.00","0","0","0","0","0","0","0","0","0"
"11007  :  โรงพยาบาลหนองสองห้อง","0","0","0.00","0","0","0","0","0","0","0","0","0"
"11008  :  โรงพยาบาลภูเวียง","0","0","0.00","0","0","0","0","0","0","0","0","0"
"11009  :  โรงพยาบาลมัญจาคีรี","1,790","0","0.00","0","0","0","0","0","0","0","0","0"
"11010  :  โรงพยาบาลชนบท","0","0","0.00","0","0","0","0","0","0","0","0","0"
"11011  :  โรงพยาบาลเขาสวนกวาง","0","0","0.00","0","0","0","0","0","0","0","0","0"
"11012  :  โรงพยาบาลภูผาม่าน","0","0","0.00","0","0","0","0","0","0","0","0","0"
"11445  :  โรงพยาบาลสมเด็จพระยุพราชกระนวน","0","0","0.00","0","0","0","0","0","0","0","0","0"
"11497  :  โรงพยาบาลค่ายศรีพัชรินทร","0","0","0.00","0","0","0","0","0","0","0","0","0"
"11936  :  โรงพยาบาลขอนแก่นราม","0","0","0.00","0","0","0","0","0","0","0","0","0"
"12272  :  โรงพยาบาลจิตเวชขอนแก่นราชนครินทร์","139","0","0.00","0","0","0","0","0","0","0","0","0"
"12273  :  โรงพยาบาลส่งเสริมสุขภาพ ศูนย์อนามัยที่ 7","0","0","0.00","0","0","0","0","0","0","0","0","0"
"12275  :  โรงพยาบาลสิรินธร(ภาคตะวันออกเฉียงเหนือ)","0","0","0.00","0","0","0","0","0","0","0","0","0"
"13777  :  โรงพยาบาลศรีนครินทร์ มหาวิทยาลัยขอนแก่น","0","0","0.00","0","0","0","0","0","0","0","0","0"
"14132  :  โรงพยาบาลซำสูง","0","0","0.00","0","0","0","0","0","0","0","0","0"
"14196  :  โรงพยาบาลธัญญรักษ์ขอนแก่น","0","0","0.00","0","0","0","0","0","0","0","0","0"
"24746  :  สถาบันสุขภาพจิตเด็กและวัยรุ่นภาคตะวันออกเฉียงเหนือ","19","0","0.00","0","0","0","0","0","0","0","0","0"
"77649  :  โรงพยาบาลหนองนาคำ","0","0","0.00","0","0","0","0","0","0","0","0","0"
"77650  :  โรงพยาบาลเวียงเก่า","0","0","0.00","0","0","0","0","0","0","0","0","0"
"77651  :  โรงพยาบาลโคกโพธิ์ไชย","336","0","0.00","0","0","0","0","0","0","0","0","0"
"77652  :  โรงพยาบาลโนนศิลา","0","0","0.00","0","0","0","0","0","0","0","0","0"
"10671  :  โรงพยาบาลอุดรธานี","0","0","0.00","0","0","0","0","0","0","0","0","0"
"11013  :  โรงพยาบาลกุดจับ","877","0","0.00","0","0","0","0","0","0","0","0","0"
"11014  :  โรงพยาบาลหนองวัวซอ","923","0","0.00","0","0","0","0","0","0","0","0","0"
"11015  :  โรงพยาบาลกุมภวาปี","2,061","1","0.05","0","0","0","0","0","0","1","0","0"
"11016  :  โรงพยาบาลห้วยเกิ้ง","211","0","0.00","0","0","0","0","0","0","0","0","0"
"11017  :  โรงพยาบาลโนนสะอาด","1,051","0","0.00","0","0","0","0","0","0","0","0","0"
"11018  :  โรงพยาบาลหนองหาน","2,242","394","17.57","0","0","0","0","0","0","394","0","0"
"11019  :  โรงพยาบาลทุ่งฝน","1,405","0","0.00","0","0","0","0","0","0","0","0","0"
"11020  :  โรงพยาบาลไชยวาน","1,374","0","0.00","0","0","0","0","0","0","0","0","0"
"11021  :  โรงพยาบาลศรีธาตุ","615","0","0.00","0","0","0","0","0","0","0","0","0"
"11022  :  โรงพยาบาลวังสามหมอ","977","0","0.00","0","0","0","0","0","0","0","0","0"
"11023  :  โรงพยาบาลบ้านผือ","1,856","0","0.00","0","0","0","0","0","0","0","0","0"
"11024  :  โรงพยาบาลน้ำโสม","1,867","0","0.00","0","0","0","0","0","0","0","0","0"
"11025  :  โรงพยาบาลเพ็ญ","1,467","0","0.00","0","0","0","0","0","0","0","0","0"
"11026  :  โรงพยาบาลสร้างคอม","1,240","0","0.00","0","0","0","0","0","0","0","0","0"
"11027  :  โรงพยาบาลหนองแสง","832","0","0.00","0","0","0","0","0","0","0","0","0"
"11028  :  โรงพยาบาลนายูง","485","1","0.21","0","0","0","0","0","0","1","0","0"
"11029  :  โรงพยาบาลพิบูลย์รักษ์","544","3","0.55","0","0","0","2","0","0","1","0","0"
"11446  :  โรงพยาบาลสมเด็จพระยุพราชบ้านดุง","2,211","1","0.05","0","0","0","0","0","1","0","0","0"
"11501  :  โรงพยาบาลค่ายประจักษ์ศิลปาคม","2,941","3","0.10","0","0","0","0","0","0","3","0","0"
"12276  :  โรงพยาบาลมะเร็งอุดรธานี","1,145","1","0.09","0","0","0","0","0","0","1","0","0"
"23951  :  โรงพยาบาลธัญญารักษ์อุดรธานี","0","0","0.00","0","0","0","0","0","0","0","0","0"
"25058  :  โรงพยาบาลกู่แก้ว","0","0","0.00","0","0","0","0","0","0","0","0","0"
"25059  :  โรงพยาบาลประจักษ์ศิลปาคม","4","0","0.00","0","0","0","0","0","0","0","0","0"
"10705  :  โรงพยาบาลเลย","3,466","1","0.03","0","0","0","0","1","0","0","0","0"
"11030  :  โรงพยาบาลนาด้วง","1,255","0","0.00","0","0","0","0","0","0","0","0","0"
"11031  :  โรงพยาบาลเชียงคาน","1,795","1","0.06","0","0","0","0","0","0","1","0","0"
"11032  :  โรงพยาบาลปากชม","826","9","1.09","0","0","0","0","0","0","9","0","0"
"11033  :  โรงพยาบาลนาแห้ว","289","1","0.35","0","0","0","0","0","0","0","1","0"
"11034  :  โรงพยาบาลภูเรือ","879","1","0.11","0","0","0","0","0","0","1","0","0"
"11035  :  โรงพยาบาลท่าลี่","727","25","3.44","0","0","0","0","0","0","24","1","0"
"11036  :  โรงพยาบาลวังสะพุง","2,185","0","0.00","0","0","0","0","0","0","0","0","0"
"11037  :  โรงพยาบาลภูกระดึง","1,781","0","0.00","0","0","0","0","0","0","0","0","0"
"11038  :  โรงพยาบาลภูหลวง","917","0","0.00","0","0","0","0","0","0","0","0","0"
"11039  :  โรงพยาบาลผาขาว","1,494","0","0.00","0","0","0","0","0","0","0","0","0"
"11447  :  โรงพยาบาลสมเด็จพระยุพราชด่านซ้าย","1,749","0","0.00","0","0","0","0","0","0","0","0","0"
"14133  :  โรงพยาบาลเอราวัณ","1,097","0","0.00","0","0","0","0","0","0","0","0","0"
"14644  :  โรงพยาบาลจิตเวชเลยราชนครินทร์","0","0","0.00","0","0","0","0","0","0","0","0","0"
"28861  :  โรงพยาบาลหนองหิน","128","16","12.50","0","0","0","0","0","0","16","0","0"
"10706  :  โรงพยาบาลหนองคาย","3,009","0","0.00","0","0","0","0","0","0","0","0","0"
"11042  :  โรงพยาบาลโพนพิสัย","904","0","0.00","0","0","0","0","0","0","0","0","0"
"11044  :  โรงพยาบาลศรีเชียงใหม่","1,707","142","8.32","0","0","0","0","0","0","142","0","0"
"11045  :  โรงพยาบาลสังคม","674","0","0.00","0","0","0","0","0","0","0","0","0"
"11448  :  โรงพยาบาลสมเด็จพระยุพราชท่าบ่อ","2,727","2","0.07","0","0","0","0","0","0","2","0","0"
"14558  :  โรงพยาบาลพิสัยเวช","1,273","0","0.00","0","0","0","0","0","0","0","0","0"
"21356  :  โรงพยาบาลสระใคร","279","0","0.00","0","0","0","0","0","0","0","0","0"
"28778  :  โรงพยาบาลโพธิ์ตาก","199","0","0.00","0","0","0","0","0","0","0","0","0"
"28811  :  โรงพยาบาลเฝ้าไร่","472","0","0.00","0","0","0","0","0","0","0","0","0"
"28815  :  โรงพยาบาลรัตนวาปี","174","0","0.00","0","0","0","0","0","0","0","0","0"
"10707  :  โรงพยาบาลมหาสารคาม","0","0","0.00","0","0","0","0","0","0","0","0","0"
"11051  :  โรงพยาบาลแกดำ","1,021","9","0.88","0","0","0","1","0","0","8","0","0"
"11052  :  โรงพยาบาลโกสุมพิสัย","2,861","0","0.00","0","0","0","0","0","0","0","0","0"
"11053  :  โรงพยาบาลกันทรวิชัย","1,175","2","0.17","0","0","0","0","0","0","2","0","0"
"11054  :  โรงพยาบาลเชียงยืน","1,683","0","0.00","0","0","0","0","0","0","0","0","0"
"11055  :  โรงพยาบาลบรบือ","1,751","2","0.11","0","0","0","0","0","0","2","0","0"
"11056  :  โรงพยาบาลนาเชือก","824","1","0.12","0","0","0","1","0","0","0","0","0"
"11057  :  โรงพยาบาลพยัคฆภูมิพิสัย","1,603","0","0.00","0","0","0","0","0","0","0","0","0"
"11058  :  โรงพยาบาลวาปีปทุม","2,201","16","0.73","0","0","0","0","0","0","16","0","0"
"11059  :  โรงพยาบาลนาดูน","677","201","29.69","0","0","0","0","0","0","201","0","0"
"11060  :  โรงพยาบาลยางสีสุราช","909","0","0.00","0","0","0","0","0","0","0","0","0"
"22953  :  โรงพยาบาลสุทธาเวช คณะแพทยศาสตร์ มหาวิทยาลัยมหาสารคาม","1,578","4","0.25","0","0","0","0","0","0","4","0","0"
"24704  :  โรงพยาบาลกุดรัง","299","0","0.00","0","0","0","0","0","0","0","0","0"
"28843  :  โรงพยาบาลชื่นชม","10","0","0.00","0","0","0","0","0","0","0","0","0"
"10708  :  โรงพยาบาลร้อยเอ็ด","6","0","0.00","0","0","0","0","0","0","0","0","0"
"11061  :  โรงพยาบาลเกษตรวิสัย","2,094","0","0.00","0","0","0","0","0","0","0","0","0"
"11062  :  โรงพยาบาลปทุมรัตต์","1,277","0","0.00","0","0","0","0","0","0","0","0","0"
"11063  :  โรงพยาบาลจตุรพักตรพิมาน","1,871","1","0.05","0","0","0","0","0","0","1","0","0"
"11064  :  โรงพยาบาลธวัชบุรี","897","1","0.11","0","0","0","0","0","0","0","1","0"
"11065  :  โรงพยาบาลพนมไพร","1,705","0","0.00","0","0","0","0","0","0","0","0","0"
"11066  :  โรงพยาบาลโพนทอง","1,827","0","0.00","0","0","0","0","0","0","0","0","0"
"11067  :  โรงพยาบาลโพธิ์ชัย","941","0","0.00","0","0","0","0","0","0","0","0","0"
"11068  :  โรงพยาบาลหนองพอก","1,219","1","0.08","0","0","0","0","0","0","1","0","0"
"11069  :  โรงพยาบาลเสลภูมิ","1,920","0","0.00","0","0","0","0","0","0","0","0","0"
"11070  :  โรงพยาบาลสุวรรณภูมิ","2,809","0","0.00","0","0","0","0","0","0","0","0","0"
"11071  :  โรงพยาบาลเมืองสรวง","497","0","0.00","0","0","0","0","0","0","0","0","0"
"11072  :  โรงพยาบาลโพนทราย","1,267","0","0.00","0","0","0","0","0","0","0","0","0"
"11073  :  โรงพยาบาลอาจสามารถ","1,263","0","0.00","0","0","0","0","0","0","0","0","0"
"11074  :  โรงพยาบาลเมยวดี","715","0","0.00","0","0","0","0","0","0","0","0","0"
"11075  :  โรงพยาบาลศรีสมเด็จ","749","0","0.00","0","0","0","0","0","0","0","0","0"
"11076  :  โรงพยาบาลจังหาร","782","0","0.00","0","0","0","0","0","0","0","0","0"
"11504  :  โรงพยาบาลค่ายสมเด็จพระพุทธยอดฟ้าจุฬาโลกมหาราช","352","9","2.56","0","0","0","0","0","0","9","0","0"
"11964  :  โรงพยาบาลทั่วไปขนาดใหญ่จุรีเวช","579","0","0.00","0","0","0","0","0","0","0","0","0"
"27988  :  โรงพยาบาลทุ่งเขาหลวง","232","0","0.00","0","0","0","0","0","0","0","0","0"
"27989  :  โรงพยาบาลเชียงขวัญ","312","0","0.00","0","0","0","0","0","0","0","0","0"
"27990  :  โรงพยาบาลหนองฮี","546","0","0.00","0","0","0","0","0","0","0","0","0"
"10709  :  โรงพยาบาลกาฬสินธุ์","837","0","0.00","0","0","0","0","0","0","0","0","0"
"11077  :  โรงพยาบาลนามน","1,076","0","0.00","0","0","0","0","0","0","0","0","0"
"11078  :  โรงพยาบาลกมลาไสย","1,694","0","0.00","0","0","0","0","0","0","0","0","0"
"11079  :  โรงพยาบาลร่องคำ","950","1","0.11","0","0","0","0","0","0","0","1","0"
"11080  :  โรงพยาบาลเขาวง","1,935","0","0.00","0","0","0","0","0","0","0","0","0"
"11081  :  โรงพยาบาลยางตลาด","1,900","0","0.00","0","0","0","0","0","0","0","0","0"
"11082  :  โรงพยาบาลห้วยเม็ก","1,256","0","0.00","0","0","0","0","0","0","0","0","0"
"11083  :  โรงพยาบาลสหัสขันธ์","812","0","0.00","0","0","0","0","0","0","0","0","0"
"11084  :  โรงพยาบาลคำม่วง","1,171","15","1.28","0","0","0","0","0","0","12","3","0"
"11085  :  โรงพยาบาลท่าคันโท","1,537","0","0.00","0","0","0","0","0","0","0","0","0"
"11086  :  โรงพยาบาลหนองกุงศรี","878","0","0.00","0","0","0","0","0","0","0","0","0"
"11087  :  โรงพยาบาลสมเด็จ","1,437","0","0.00","0","0","0","0","0","0","0","0","0"
"11088  :  โรงพยาบาลห้วยผึ้ง","1,207","0","0.00","0","0","0","0","0","0","0","0","0"
"11449  :  โรงพยาบาลสมเด็จพระยุพราชกุฉินารายณ์","2,762","0","0.00","0","0","0","0","0","0","0","0","0"
"11965  :  โรงพยาบาลธีรวัฒน์","5","0","0.00","0","0","0","0","0","0","0","0","0"
"28017  :  โรงพยาบาลนาคู","641","0","0.00","0","0","0","0","0","0","0","0","0"
"28789  :  โรงพยาบาลฆ้องชัย","553","0","0.00","0","0","0","0","0","0","0","0","0"
"28790  :  โรงพยาบาลดอนจาน","564","8","1.42","0","0","0","4","0","0","3","1","0"
"28791  :  โรงพยาบาลสามชัย","235","0","0.00","0","0","0","0","0","0","0","0","0"
"10710  :  โรงพยาบาลสกลนคร","0","0","0.00","0","0","0","0","0","0","0","0","0"
"11089  :  โรงพยาบาลกุสุมาลย์","1,068","1","0.09","0","0","0","0","0","0","1","0","0"
"11090  :  โรงพยาบาลกุดบาก","627","0","0.00","0","0","0","0","0","0","0","0","0"
"11091  :  โรงพยาบาลพระอาจารย์ฝั้นอาจาโร","1,110","1","0.09","0","0","0","0","0","0","1","0","0"
"11092  :  โรงพยาบาลพังโคน","2,112","0","0.00","0","0","0","0","0","0","0","0","0"
"11093  :  โรงพยาบาลวาริชภูมิ","1,442","0","0.00","0","0","0","0","0","0","0","0","0"
"11094  :  โรงพยาบาลนิคมน้ำอูน","459","0","0.00","0","0","0","0","0","0","0","0","0"
"11095  :  โรงพยาบาลวานรนิวาส","188","1","0.53","0","0","0","0","0","0","1","0","0"
"11096  :  โรงพยาบาลคำตากล้า","1,590","1","0.06","0","0","0","1","0","0","0","0","0"
"11097  :  โรงพยาบาลบ้านม่วง","1,071","1","0.09","0","0","0","0","0","0","1","0","0"
"11098  :  โรงพยาบาลอากาศอำนวย","1,779","2","0.11","0","0","0","0","0","1","1","0","0"
"11099  :  โรงพยาบาลส่องดาว","1,066","0","0.00","0","0","0","0","0","0","0","0","0"
"11100  :  โรงพยาบาลเต่างอย","315","1","0.32","0","0","0","0","0","0","1","0","0"
"11101  :  โรงพยาบาลโคกศรีสุพรรณ","1,044","1","0.10","0","0","0","0","0","0","1","0","0"
"11102  :  โรงพยาบาลเจริญศิลป์","1,135","447","39.38","0","0","0","0","0","0","446","1","0"
"11103  :  โรงพยาบาลโพนนาแก้ว","371","0","0.00","0","0","0","0","0","0","0","0","0"
"11450  :  โรงพยาบาลสมเด็จพระยุพราชสว่างแดนดิน","3,255","1","0.03","0","0","0","0","0","0","1","0","0"
"11505  :  โรงพยาบาลค่ายกฤษณ์สีวะรา","1,127","13","1.15","0","0","0","0","0","0","13","0","0"
"21323  :  โรงพยาบาลพระอาจารย์แบน  ธนากโร","292","0","0.00","0","0","0","0","0","0","0","0","0"
"24976  :  โรงพยาบาลการแพทย์แผนไทยสกลนคร หลวงปู่แฟ๊ป สุภัทโท","2","0","0.00","0","0","0","0","0","0","0","0","0"
"10711  :  โรงพยาบาลนครพนม","37","0","0.00","0","0","0","0","0","0","0","0","0"
"11104  :  โรงพยาบาลปลาปาก","743","0","0.00","0","0","0","0","0","0","0","0","0"
"11105  :  โรงพยาบาลท่าอุเทน","666","0","0.00","0","0","0","0","0","0","0","0","0"
"11106  :  โรงพยาบาลบ้านแพง","1,290","0","0.00","0","0","0","0","0","0","0","0","0"
"11107  :  โรงพยาบาลนาทม","345","0","0.00","0","0","0","0","0","0","0","0","0"
"11108  :  โรงพยาบาลเรณูนคร","1,389","1","0.07","0","0","0","1","0","0","0","0","0"
"11109  :  โรงพยาบาลนาแก","1,050","0","0.00","0","0","0","0","0","0","0","0","0"
"11110  :  โรงพยาบาลศรีสงคราม","901","3","0.33","0","0","0","0","0","0","2","1","0"
"11111  :  โรงพยาบาลนาหว้า","1,556","0","0.00","0","0","0","0","0","0","0","0","0"
"11112  :  โรงพยาบาลโพนสวรรค์","1,216","526","43.26","0","0","0","0","0","0","522","4","0"
"11451  :  โรงพยาบาลสมเด็จพระยุพราชธาตุพนม","356","0","0.00","0","0","0","0","0","0","0","0","0"
"12277  :  โรงพยาบาลจิตเวชนครพนมราชนครินทร์","0","0","0.00","0","0","0","0","0","0","0","0","0"
"40840  :  โรงพยาบาลวังยาง","379","0","0.00","0","0","0","0","0","0","0","0","0"
"10712  :  โรงพยาบาลมุกดาหาร","3,439","999","29.05","0","0","0","193","0","1","805","0","0"
"11113  :  โรงพยาบาลนิคมคำสร้อย","840","0","0.00","0","0","0","0","0","0","0","0","0"
"11114  :  โรงพยาบาลดอนตาล","922","229","24.84","0","0","0","0","0","229","0","0","0"
"11115  :  โรงพยาบาลดงหลวง","718","1","0.14","0","0","0","0","0","0","1","0","0"
"11116  :  โรงพยาบาลคำชะอี","776","0","0.00","0","0","0","0","0","0","0","0","0"
"11117  :  โรงพยาบาลหว้านใหญ่","269","0","0.00","0","0","0","0","0","0","0","0","0"
"11118  :  โรงพยาบาลหนองสูง","457","0","0.00","0","0","0","0","0","0","0","0","0"
"06009  :  โรงพยาบาลแม่ตื่น","544","296","54.41","0","0","0","116","0","0","180","0","0"
"10713  :  โรงพยาบาลนครพิงค์","0","0","0.00","0","0","0","0","0","0","0","0","0"
"11119  :  โรงพยาบาลจอมทอง","3,693","2,402","65.04","0","0","0","497","4","2","1,898","1","0"
"11120  :  โรงพยาบาลเทพรัตนเวชชานุกูล เฉลิมพระเกียรติ ๖๐ พรรษา","2,416","7","0.29","0","0","0","1","3","0","3","0","0"
"11121  :  โรงพยาบาลเชียงดาว","2,889","1","0.03","0","0","0","0","0","0","1","0","0"
"11122  :  โรงพยาบาลดอยสะเก็ด","0","0","0.00","0","0","0","0","0","0","0","0","0"
"11123  :  โรงพยาบาลแม่แตง","0","0","0.00","0","0","0","0","0","0","0","0","0"
"11124  :  โรงพยาบาลสะเมิง","1,225","1","0.08","0","0","0","0","0","0","1","0","0"
"11125  :  โรงพยาบาลฝาง","2,918","14","0.48","0","0","0","1","0","0","12","1","0"
"11126  :  โรงพยาบาลแม่อาย","865","49","5.66","0","0","0","19","3","0","27","0","0"
"11127  :  โรงพยาบาลพร้าว","0","0","0.00","0","0","0","0","0","0","0","0","0"
"11128  :  โรงพยาบาลสันป่าตอง","2,069","610","29.48","0","0","0","0","0","0","605","5","0"
"11129  :  โรงพยาบาลสันกำแพง","0","0","0.00","0","0","0","0","0","0","0","0","0"
"11130  :  โรงพยาบาลสันทราย","0","0","0.00","0","0","0","0","0","0","0","0","0"
"11131  :  โรงพยาบาลหางดง","0","0","0.00","0","0","0","0","0","0","0","0","0"
"11132  :  โรงพยาบาลฮอด","2,071","1,096","52.92","1","0","0","458","10","0","625","2","0"
"11133  :  โรงพยาบาลดอยเต่า","382","135","35.34","0","0","0","81","0","0","54","0","0"
"11134  :  โรงพยาบาลอมก๋อย","745","386","51.81","1","0","0","134","0","2","249","0","0"
"11135  :  โรงพยาบาลสารภี","0","0","0.00","0","0","0","0","0","0","0","0","0"
"11136  :  โรงพยาบาลเวียงแหง","0","0","0.00","0","0","0","0","0","0","0","0","0"
"11137  :  โรงพยาบาลไชยปราการ","859","0","0.00","0","0","0","0","0","0","0","0","0"
"11138  :  โรงพยาบาลแม่วาง","1,372","399","29.08","0","0","0","0","0","0","396","3","0"
"11139  :  โรงพยาบาลแม่ออน","0","0","0.00","0","0","0","0","0","0","0","0","0"
"11507  :  โรงพยาบาลกองบิน 41","208","2","0.96","0","0","0","1","0","0","1","0","0"
"11508  :  โรงพยาบาลค่ายกาวิละ เชียงใหม่","0","0","0.00","0","0","0","0","0","0","0","0","0"
"11643  :  โรงพยาบาลดอยหล่อ","681","2","0.29","0","0","0","0","0","0","2","0","0"
"11978  :  โรงพยาบาลดารารัศมี","0","0","0.00","0","0","0","0","0","0","0","0","0"
"11992  :  โรงพยาบาลเทพปัญญา 2 โรงพยาบาลทั่วไปขนาดกลาง","0","0","0.00","0","0","0","0","0","0","0","0","0"
"11995  :  โรงพยาบาลทั่วไปขนาดใหญ่เซ็นทรัลเชียงใหม่ เมโมเรียล","3,855","9","0.23","0","0","0","0","0","0","9","0","0"
"11999  :  โรงพยาบาลทั่วไปขนาดใหญ่เชียงใหม่เมดิคอลเซ็นเตอร์","1,320","7","0.53","0","0","0","0","0","0","7","0","0"
"12279  :  โรงพยาบาลส่งเสริมสุขภาพ ศูนย์อนามัยที่ 1","0","0","0.00","0","0","0","0","0","0","0","0","0"
"12280  :  โรงพยาบาลสวนปรุง","0","0","0.00","0","0","0","0","0","0","0","0","0"
"12281  :  โรงพยาบาลประสาทเชียงใหม่","0","0","0.00","0","0","0","0","0","0","0","0","0"
"13775  :  สถาบันพัฒนาการเด็กราชนครินทร์","0","0","0.00","0","0","0","0","0","0","0","0","0"
"13780  :  โรงพยาบาลมหาราชนครเชียงใหม่  มหาวิทยาลัยเชียงใหม่","0","0","0.00","0","0","0","0","0","0","0","0","0"
"13785  :  โรงพยาบาลธัญญารักษ์เชียงใหม่","0","0","0.00","0","0","0","0","0","0","0","0","0"
"14550  :  โรงพยาบาลทั่วไปขนาดใหญ่ เชียงใหม่ใกล้หมอ","2,255","8","0.35","0","0","0","0","0","0","7","1","0"
"14916  :  โรงพยาบาลทั่วไปขนาดกลางเชียงใหม่ฮอสพิทอล","1,699","10","0.59","0","0","0","0","0","0","10","0","0"
"23736  :  โรงพยาบาลวัดจันทร์ เฉลิมพระเกียรติ 80 พรรษา","228","2","0.88","0","0","0","0","0","0","2","0","0"
"10714  :  โรงพยาบาลลำพูน","5","0","0.00","0","0","0","0","0","0","0","0","0"
"11140  :  โรงพยาบาลแม่ทา","1,592","0","0.00","0","0","0","0","0","0","0","0","0"
"11141  :  โรงพยาบาลบ้านโฮ่ง","2,365","0","0.00","0","0","0","0","0","0","0","0","0"
"11142  :  โรงพยาบาลลี้","0","0","0.00","0","0","0","0","0","0","0","0","0"
"11143  :  โรงพยาบาลทุ่งหัวช้าง","814","0","0.00","0","0","0","0","0","0","0","0","0"
"11144  :  โรงพยาบาลป่าซาง","1,518","0","0.00","0","0","0","0","0","0","0","0","0"
"11145  :  โรงพยาบาลบ้านธิ","2,376","0","0.00","0","0","0","0","0","0","0","0","0"
"12000  :  โรงพยาบาลหริภุญชัยเมโมเรียล","0","0","0.00","0","0","0","0","0","0","0","0","0"
"14555  :  โรงพยาบาลทั่วไปขนาดกลางศิริเวช ลำพูน","940","1","0.11","0","0","0","0","0","0","1","0","0"
"24956  :  โรงพยาบาลเวียงหนองล่อง","476","0","0.00","0","0","0","0","0","0","0","0","0"
"10672  :  โรงพยาบาลลำปาง","9,246","14","0.15","0","0","0","7","0","0","7","0","0"
"11146  :  โรงพยาบาลแม่เมาะ","2,428","3","0.12","0","0","0","1","0","0","2","0","0"
"11147  :  โรงพยาบาลเกาะคา","474","3","0.63","0","0","0","3","0","0","0","0","0"
"11148  :  โรงพยาบาลเสริมงาม","1,586","0","0.00","0","0","0","0","0","0","0","0","0"
"11149  :  โรงพยาบาลงาว","906","27","2.98","0","0","0","26","0","0","1","0","0"
"11150  :  โรงพยาบาลแจ้ห่ม","1,633","0","0.00","0","0","0","0","0","0","0","0","0"
"11151  :  โรงพยาบาลวังเหนือ","1,460","0","0.00","0","0","0","0","0","0","0","0","0"
"11152  :  โรงพยาบาลเถิน","1,190","0","0.00","0","0","0","0","0","0","0","0","0"
"11153  :  โรงพยาบาลแม่พริก","1,263","778","61.60","0","0","0","0","0","0","778","0","0"
"11154  :  โรงพยาบาลแม่ทะ","1,475","347","23.53","0","0","0","1","0","0","346","0","0"
"11155  :  โรงพยาบาลสบปราบ","2,332","0","0.00","0","0","0","0","0","0","0","0","0"
"11156  :  โรงพยาบาลห้างฉัตร","2,147","1","0.05","0","0","0","1","0","0","0","0","0"
"11157  :  โรงพยาบาลเมืองปาน","1,001","2","0.20","0","0","0","0","0","0","2","0","0"
"11512  :  โรงพยาบาลค่ายสุรศักดิ์มนตรี","0","0","0.00","0","0","0","0","0","0","0","0","0"
"12283  :  โรงพยาบาลมะเร็งลำปาง","0","0","0.00","0","0","0","0","0","0","0","0","0"
"10673  :  โรงพยาบาลอุตรดิตถ์","4,507","3","0.07","0","0","0","1","0","0","2","0","0"
"11158  :  โรงพยาบาลตรอน","1,792","0","0.00","0","0","0","0","0","0","0","0","0"
"11159  :  โรงพยาบาลท่าปลา","1,391","0","0.00","0","0","0","0","0","0","0","0","0"
"11160  :  โรงพยาบาลน้ำปาด","1,339","0","0.00","0","0","0","0","0","0","0","0","0"
"11161  :  โรงพยาบาลฟากท่า","918","0","0.00","0","0","0","0","0","0","0","0","0"
"11162  :  โรงพยาบาลบ้านโคก","600","1","0.17","0","0","0","0","0","0","1","0","0"
"11163  :  โรงพยาบาลพิชัย","1,541","191","12.39","0","0","0","0","0","0","189","2","0"
"11164  :  โรงพยาบาลลับแล","983","0","0.00","0","0","0","0","0","0","0","0","0"
"11165  :  โรงพยาบาลทองแสนขัน","1,172","2","0.17","0","0","0","0","0","0","2","0","0"
"11509  :  โรงพยาบาลค่ายพิชัยดาบหัก","220","0","0.00","0","0","0","0","0","0","0","0","0"
"10715  :  โรงพยาบาลแพร่","0","0","0.00","0","0","0","0","0","0","0","0","0"
"11166  :  โรงพยาบาลร้องกวาง","1,104","1","0.09","0","0","0","0","0","0","1","0","0"
"11167  :  โรงพยาบาลลอง","1,948","0","0.00","0","0","0","0","0","0","0","0","0"
"11169  :  โรงพยาบาลสูงเม่น","0","0","0.00","0","0","0","0","0","0","0","0","0"
"11170  :  โรงพยาบาลสอง","2,347","0","0.00","0","0","0","0","0","0","0","0","0"
"11171  :  โรงพยาบาลวังชิ้น","1,130","0","0.00","0","0","0","0","0","0","0","0","0"
"11172  :  โรงพยาบาลหนองม่วงไข่","685","0","0.00","0","0","0","0","0","0","0","0","0"
"11452  :  โรงพยาบาลสมเด็จพระยุพราชเด่นชัย","2,199","1","0.05","0","0","0","0","0","0","1","0","0"
"10716  :  โรงพยาบาลน่าน","4,212","0","0.00","0","0","0","0","0","0","0","0","0"
"11173  :  โรงพยาบาลแม่จริม","594","0","0.00","0","0","0","0","0","0","0","0","0"
"11174  :  โรงพยาบาลบ้านหลวง","496","0","0.00","0","0","0","0","0","0","0","0","0"
"11175  :  โรงพยาบาลนาน้อย","1,312","0","0.00","0","0","0","0","0","0","0","0","0"
"11176  :  โรงพยาบาลท่าวังผา","1,081","0","0.00","0","0","0","0","0","0","0","0","0"
"11177  :  โรงพยาบาลเวียงสา","2,362","0","0.00","0","0","0","0","0","0","0","0","0"
"11178  :  โรงพยาบาลทุ่งช้าง","631","0","0.00","0","0","0","0","0","0","0","0","0"
"11179  :  โรงพยาบาลเชียงกลาง","1,036","1","0.10","0","0","0","1","0","0","0","0","0"
"11180  :  โรงพยาบาลนาหมื่น","1,153","0","0.00","0","0","0","0","0","0","0","0","0"
"11181  :  โรงพยาบาลสันติสุข","800","0","0.00","0","0","0","0","0","0","0","0","0"
"11182  :  โรงพยาบาลบ่อเกลือ","224","1","0.45","0","0","0","0","0","0","1","0","0"
"11183  :  โรงพยาบาลสองแคว","546","0","0.00","0","0","0","0","0","0","0","0","0"
"11453  :  โรงพยาบาลสมเด็จพระยุพราชปัว","1,041","14","1.34","0","0","0","8","2","2","2","0","0"
"11510  :  โรงพยาบาลค่ายสุริยพงษ์","130","0","0.00","0","0","0","0","0","0","0","0","0"
"11625  :  โรงพยาบาลเฉลิมพระเกียรติ","106","0","0.00","0","0","0","0","0","0","0","0","0"
"25017  :  โรงพยาบาลภูเพียง","211","0","0.00","0","0","0","0","0","0","0","0","0"
"10717  :  โรงพยาบาลพะเยา","0","0","0.00","0","0","0","0","0","0","0","0","0"
"10718  :  โรงพยาบาลเชียงคำ","1","0","0.00","0","0","0","0","0","0","0","0","0"
"11184  :  โรงพยาบาลจุน","1,724","0","0.00","0","0","0","0","0","0","0","0","0"
"11185  :  โรงพยาบาลเชียงม่วน","0","0","0.00","0","0","0","0","0","0","0","0","0"
"11186  :  โรงพยาบาลดอกคำใต้","1,321","0","0.00","0","0","0","0","0","0","0","0","0"
"11187  :  โรงพยาบาลปง","1,001","0","0.00","0","0","0","0","0","0","0","0","0"
"11188  :  โรงพยาบาลแม่ใจ","0","0","0.00","0","0","0","0","0","0","0","0","0"
"15140  :  โรงพยาบาลค่ายขุนเจืองธรรมิกราช","384","0","0.00","0","0","0","0","0","0","0","0","0"
"40744  :  โรงพยาบาลภูซาง","0","0","0.00","0","0","0","0","0","0","0","0","0"
"40745  :  โรงพยาบาลภูกามยาว","0","0","0.00","0","0","0","0","0","0","0","0","0"
"41347  :  โรงพยาบาลมหาวิทยาลัยพะเยา","0","0","0.00","0","0","0","0","0","0","0","0","0"
"10674  :  โรงพยาบาลเชียงรายประชานุเคราะห์","5,306","60","1.13","0","0","0","1","0","0","50","9","0"
"11189  :  โรงพยาบาลเทิง","2,392","5","0.21","0","0","0","0","0","0","3","2","0"
"11190  :  โรงพยาบาลพาน","0","0","0.00","0","0","0","0","0","0","0","0","0"
"11191  :  โรงพยาบาลป่าแดด","611","38","6.22","0","0","0","9","0","0","29","0","0"
"11192  :  โรงพยาบาลแม่จัน","0","0","0.00","0","0","0","0","0","0","0","0","0"
"11193  :  โรงพยาบาลเชียงแสน","590","1","0.17","0","0","0","0","0","0","1","0","0"
"11194  :  โรงพยาบาลแม่สาย","1,994","1","0.05","0","0","0","1","0","0","0","0","0"
"11195  :  โรงพยาบาลแม่สรวย","1,245","239","19.20","1","0","0","237","1","0","0","0","0"
"11196  :  โรงพยาบาลเวียงป่าเป้า","2,087","453","21.71","0","0","0","161","0","0","292","0","0"
"11197  :  โรงพยาบาลพญาเม็งราย","698","10","1.43","0","0","0","0","0","0","10","0","0"
"11198  :  โรงพยาบาลเวียงแก่น","613","2","0.33","0","0","0","0","1","0","1","0","0"
"11199  :  โรงพยาบาลขุนตาล","270","140","51.85","1","0","0","8","0","0","126","5","0"
"11200  :  โรงพยาบาลแม่ฟ้าหลวง","445","21","4.72","0","0","0","13","0","0","8","0","0"
"11201  :  โรงพยาบาลแม่ลาว","460","0","0.00","0","0","0","0","0","0","0","0","0"
"11202  :  โรงพยาบาลเวียงเชียงรุ้ง","1,085","0","0.00","0","0","0","0","0","0","0","0","0"
"11454  :  โรงพยาบาลสมเด็จพระยุพราชเชียงของ","1,995","10","0.50","0","0","0","2","0","0","7","1","0"
"15012  :  โรงพยาบาลสมเด็จพระญาณสังวร","773","2","0.26","0","0","0","1","0","0","1","0","0"
"23429  :  โรงพยาบาลมหาวิทยาลัยแม่ฟ้าหลวง","0","0","0.00","0","0","0","0","0","0","0","0","0"
"28823  :  โรงพยาบาลดอยหลวง","219","0","0.00","0","0","0","0","0","0","0","0","0"
"41509  :  โรงพยาบาลศูนย์การแพทย์มหาวิทยาลัยแม่ฟ้าหลวง","0","0","0.00","0","0","0","0","0","0","0","0","0"
"10719  :  โรงพยาบาลศรีสังวาลย์","1,439","4","0.28","0","0","0","1","2","0","1","0","0"
"11203  :  โรงพยาบาลขุนยวม","1,007","7","0.70","0","0","0","1","0","0","6","0","0"
"11204  :  โรงพยาบาลปาย","967","0","0.00","0","0","0","0","0","0","0","0","0"
"11205  :  โรงพยาบาลแม่สะเรียง","1,975","0","0.00","0","0","0","0","0","0","0","0","0"
"11206  :  โรงพยาบาลแม่ลาน้อย","909","0","0.00","0","0","0","0","0","0","0","0","0"
"11207  :  โรงพยาบาลสบเมย","543","60","11.05","0","0","0","16","3","0","34","7","0"
"11208  :  โรงพยาบาลปางมะผ้า","448","0","0.00","0","0","0","0","0","0","0","0","0"
"14197  :  โรงพยาบาลธัญญรักษ์แม่ฮ่องสอน","7","0","0.00","0","0","0","0","0","0","0","0","0"
"10675  :  โรงพยาบาลสวรรค์ประชารักษ์","0","0","0.00","0","0","0","0","0","0","0","0","0"
"11209  :  โรงพยาบาลโกรกพระ","1,497","0","0.00","0","0","0","0","0","0","0","0","0"
"11210  :  โรงพยาบาลชุมแสง","892","0","0.00","0","0","0","0","0","0","0","0","0"
"11211  :  โรงพยาบาลหนองบัว","2,832","5","0.18","0","0","0","3","0","0","2","0","0"
"11212  :  โรงพยาบาลบรรพตพิสัย","744","0","0.00","0","0","0","0","0","0","0","0","0"
"11213  :  โรงพยาบาลเก้าเลี้ยว","1,076","6","0.56","0","0","0","2","1","0","3","0","0"
"11214  :  โรงพยาบาลตาคลี","1,561","0","0.00","0","0","0","0","0","0","0","0","0"
"11215  :  โรงพยาบาลท่าตะโก","1,693","0","0.00","0","0","0","0","0","0","0","0","0"
"11216  :  โรงพยาบาลไพศาลี","1,616","157","9.72","0","0","0","56","1","0","99","1","0"
"11217  :  โรงพยาบาลพยุหะคีรี","1,646","42","2.55","0","0","0","41","0","0","0","1","0"
"11218  :  โรงพยาบาลลาดยาว","2,052","0","0.00","0","0","0","0","0","0","0","0","0"
"11219  :  โรงพยาบาลตากฟ้า","1,408","0","0.00","0","0","0","0","0","0","0","0","0"
"11220  :  โรงพยาบาลแม่วงก์","652","48","7.36","0","0","0","0","0","0","48","0","0"
"11513  :  โรงพยาบาลค่ายจิรประวัติ","1,525","2","0.13","0","0","0","1","0","0","1","0","0"
"12030  :  โรงพยาบาลพริ้นซ์ ปากน้ำโพ 1 โรงพยาบาลทั่วไปขนาดใหญ่","0","0","0.00","0","0","0","0","0","0","0","0","0"
"12033  :  โรงพยาบาลรวมแพทย์นครสวรรค์","0","0","0.00","0","0","0","0","0","0","0","0","0"
"12034  :  โรงพยาบาลพริ้นซ์ ปากน้ำโพ 2 โรงพยาบาลทั่วไปขนาดใหญ่","0","0","0.00","0","0","0","0","0","0","0","0","0"
"12042  :  โรงพยาบาลร่มฉัตร","0","0","0.00","0","0","0","0","0","0","0","0","0"
"12044  :  โรงพยาบาลศรีสวรรค์","0","0","0.00","0","0","0","0","0","0","0","0","0"
"12284  :  โรงพยาบาลส่งเสริมสุขภาพ ศูนย์อนามัยที่ 3","0","0","0.00","0","0","0","0","0","0","0","0","0"
"14171  :  โรงพยาบาลจิตเวชนครสวรรค์ราชนครินทร์","0","0","0.00","0","0","0","0","0","0","0","0","0"
"40749  :  โรงพยาบาลชุมตาบง","442","0","0.00","0","0","0","0","0","0","0","0","0"
"10720  :  โรงพยาบาลอุทัยธานี","221","0","0.00","0","0","0","0","0","0","0","0","0"
"11221  :  โรงพยาบาลทัพทัน","893","1","0.11","0","0","0","0","0","0","1","0","0"
"11222  :  โรงพยาบาลสว่างอารมณ์","1,082","0","0.00","0","0","0","0","0","0","0","0","0"
"11223  :  โรงพยาบาลหนองฉาง","1,091","0","0.00","0","0","0","0","0","0","0","0","0"
"11224  :  โรงพยาบาลหนองขาหย่าง","613","1","0.16","0","0","0","0","0","0","1","0","0"
"11225  :  โรงพยาบาลบ้านไร่","1,314","7","0.53","0","0","0","3","0","0","4","0","0"
"11226  :  โรงพยาบาลลานสัก","1,507","0","0.00","0","0","0","0","0","0","0","0","0"
"11227  :  โรงพยาบาลห้วยคต","934","0","0.00","0","0","0","0","0","0","0","0","0"
"10721  :  โรงพยาบาลกำแพงเพชร","3","0","0.00","0","0","0","0","0","0","0","0","0"
"11228  :  โรงพยาบาลทุ่งโพธิ์ทะเล","1,895","0","0.00","0","0","0","0","0","0","0","0","0"
"11229  :  โรงพยาบาลไทรงาม","1,357","0","0.00","0","0","0","0","0","0","0","0","0"
"11230  :  โรงพยาบาลคลองลาน","2,541","2","0.08","0","0","0","1","0","0","1","0","0"
"11231  :  โรงพยาบาลขาณุวรลักษบุรี","1,218","0","0.00","0","0","0","0","0","0","0","0","0"
"11232  :  โรงพยาบาลคลองขลุง","1,314","0","0.00","0","0","0","0","0","0","0","0","0"
"11233  :  โรงพยาบาลพรานกระต่าย","1,785","0","0.00","0","0","0","0","0","0","0","0","0"
"11234  :  โรงพยาบาลลานกระบือ","1,387","0","0.00","0","0","0","0","0","0","0","0","0"
"11235  :  โรงพยาบาลทรายทองวัฒนา","1,185","0","0.00","0","0","0","0","0","0","0","0","0"
"11236  :  โรงพยาบาลปางศิลาทอง","369","0","0.00","0","0","0","0","0","0","0","0","0"
"14135  :  โรงพยาบาลบึงสามัคคี","1,081","529","48.94","0","0","0","0","0","0","529","0","0"
"28010  :  โรงพยาบาลโกสัมพีนคร","563","1","0.18","0","0","0","0","0","0","1","0","0"
"10722  :  โรงพยาบาลสมเด็จพระเจ้าตากสินมหาราช","3,450","1","0.03","0","0","0","0","0","0","1","0","0"
"10723  :  โรงพยาบาลแม่สอด","2,415","0","0.00","0","0","0","0","0","0","0","0","0"
"11238  :  โรงพยาบาลบ้านตาก","1,527","0","0.00","0","0","0","0","0","0","0","0","0"
"11239  :  โรงพยาบาลสามเงา","1,282","0","0.00","0","0","0","0","0","0","0","0","0"
"11240  :  โรงพยาบาลแม่ระมาด","1,944","0","0.00","0","0","0","0","0","0","0","0","0"
"11241  :  โรงพยาบาลท่าสองยาง","918","0","0.00","0","0","0","0","0","0","0","0","0"
"11242  :  โรงพยาบาลพบพระ","1,723","1","0.06","0","0","0","0","0","0","1","0","0"
"11243  :  โรงพยาบาลอุ้มผาง","647","0","0.00","0","0","0","0","0","0","0","0","0"
"27443  :  โรงพยาบาลวังเจ้า","266","0","0.00","0","0","0","0","0","0","0","0","0"
"10724  :  โรงพยาบาลสุโขทัย","719","0","0.00","0","0","0","0","0","0","0","0","0"
"10725  :  โรงพยาบาลศรีสังวรสุโขทัย","831","0","0.00","0","0","0","0","0","0","0","0","0"
"11244  :  โรงพยาบาลบ้านด่านลานหอย","1,211","1","0.08","0","0","0","0","0","0","1","0","0"
"11245  :  โรงพยาบาลคีรีมาศ","1,338","0","0.00","0","0","0","0","0","0","0","0","0"
"11246  :  โรงพยาบาลกงไกรลาศ","0","0","0.00","0","0","0","0","0","0","0","0","0"
"11247  :  โรงพยาบาลศรีสัชนาลัย","2,118","0","0.00","0","0","0","0","0","0","0","0","0"
"11248  :  โรงพยาบาลสวรรคโลก","0","0","0.00","0","0","0","0","0","0","0","0","0"
"11249  :  โรงพยาบาลศรีนคร","1,246","0","0.00","0","0","0","0","0","0","0","0","0"
"11250  :  โรงพยาบาลทุ่งเสลี่ยม","2,528","0","0.00","0","0","0","0","0","0","0","0","0"
"10676  :  โรงพยาบาลพุทธชินราช","0","0","0.00","0","0","0","0","0","0","0","0","0"
"11251  :  โรงพยาบาลชาติตระการ","1,018","0","0.00","0","0","0","0","0","0","0","0","0"
"11252  :  โรงพยาบาลบางระกำ","2,996","1,375","45.89","0","0","0","0","0","0","1,375","0","0"
"11253  :  โรงพยาบาลบางกระทุ่ม","1,277","0","0.00","0","0","0","0","0","0","0","0","0"
"11254  :  โรงพยาบาลพรหมพิราม","2,169","0","0.00","0","0","0","0","0","0","0","0","0"
"11255  :  โรงพยาบาลวัดโบสถ์","1,687","0","0.00","0","0","0","0","0","0","0","0","0"
"11256  :  โรงพยาบาลวังทอง","0","0","0.00","0","0","0","0","0","0","0","0","0"
"11257  :  โรงพยาบาลเนินมะปราง","0","0","0.00","0","0","0","0","0","0","0","0","0"
"11455  :  โรงพยาบาลสมเด็จพระยุพราชนครไทย","1,805","1","0.06","0","0","0","0","0","0","1","0","0"
"11517  :  โรงพยาบาลค่ายสมเด็จพระนเรศวร","1,579","1","0.06","0","0","0","0","0","0","1","0","0"
"14972  :  โรงพยาบาลมหาวิทยาลัยนเรศวร","31","0","0.00","0","0","0","0","0","0","0","0","0"
"41429  :  โรงพยาบาลจิตเวชพิษณุโลก","0","0","0.00","0","0","0","0","0","0","0","0","0"
"10726  :  โรงพยาบาลพิจิตร","4,652","0","0.00","0","0","0","0","0","0","0","0","0"
"11258  :  โรงพยาบาลวังทรายพูน","738","11","1.49","0","0","0","5","0","0","6","0","0"
"11259  :  โรงพยาบาลโพธิ์ประทับช้าง","944","0","0.00","0","0","0","0","0","0","0","0","0"
"11260  :  โรงพยาบาลบางมูลนาก","1,251","1","0.08","0","0","0","0","0","0","1","0","0"
"11261  :  โรงพยาบาลโพทะเล","1,269","3","0.24","0","0","0","2","0","0","1","0","0"
"11262  :  โรงพยาบาลสามง่าม","1,155","0","0.00","0","0","0","0","0","0","0","0","0"
"11263  :  โรงพยาบาลทับคล้อ","1,500","0","0.00","0","0","0","0","0","0","0","0","0"
"11456  :  โรงพยาบาลสมเด็จพระยุพราชตะพานหิน","2,389","0","0.00","0","0","0","0","0","0","0","0","0"
"11631  :  โรงพยาบาลวชิรบารมี","663","0","0.00","0","0","0","0","0","0","0","0","0"
"27978  :  โรงพยาบาลสากเหล็ก","759","1","0.13","0","0","0","0","0","0","1","0","0"
"27979  :  โรงพยาบาลบึงนาราง","63","0","0.00","0","0","0","0","0","0","0","0","0"
"27980  :  โรงพยาบาลดงเจริญ","116","0","0.00","0","0","0","0","0","0","0","0","0"
"10727  :  โรงพยาบาลเพชรบูรณ์","3,920","0","0.00","0","0","0","0","0","0","0","0","0"
"11264  :  โรงพยาบาลชนแดน","1,570","0","0.00","0","0","0","0","0","0","0","0","0"
"11265  :  โรงพยาบาลหล่มสัก","2,534","437","17.25","0","0","0","0","0","0","437","0","0"
"11266  :  โรงพยาบาลวิเชียรบุรี","1,042","0","0.00","0","0","0","0","0","0","0","0","0"
"11267  :  โรงพยาบาลศรีเทพ","1,548","0","0.00","0","0","0","0","0","0","0","0","0"
"11268  :  โรงพยาบาลหนองไผ่","2,049","0","0.00","0","0","0","0","0","0","0","0","0"
"11269  :  โรงพยาบาลบึงสามพัน","2,129","0","0.00","0","0","0","0","0","0","0","0","0"
"11270  :  โรงพยาบาลน้ำหนาว","789","0","0.00","0","0","0","0","0","0","0","0","0"
"11271  :  โรงพยาบาลวังโป่ง","1,451","11","0.76","0","0","0","0","0","0","11","0","0"
"11272  :  โรงพยาบาลเขาค้อ","286","2","0.70","0","0","0","0","0","0","2","0","0"
"11457  :  โรงพยาบาลสมเด็จพระยุพราชหล่มเก่า","2,048","0","0.00","0","0","0","0","0","0","0","0","0"
"11946  :  โรงพยาบาลค่ายพ่อขุนผาเมือง","1,184","0","0.00","0","0","0","0","0","0","0","0","0"
"10677  :  โรงพยาบาลราชบุรี","0","0","0.00","0","0","0","0","0","0","0","0","0"
"10728  :  โรงพยาบาลดำเนินสะดวก","0","0","0.00","0","0","0","0","0","0","0","0","0"
"10729  :  โรงพยาบาลบ้านโป่ง","2,331","4","0.17","0","0","0","0","0","0","4","0","0"
"10730  :  โรงพยาบาลโพธาราม","0","0","0.00","0","0","0","0","0","0","0","0","0"
"11273  :  โรงพยาบาลสวนผึ้ง","1,239","0","0.00","0","0","0","0","0","0","0","0","0"
"11274  :  โรงพยาบาลบางแพ","1,441","1","0.07","0","0","0","0","0","0","1","0","0"
"11275  :  โรงพยาบาลเจ็ดเสมียน","1,005","7","0.70","0","0","0","0","0","0","7","0","0"
"11276  :  โรงพยาบาลปากท่อ","1,208","0","0.00","0","0","0","0","0","0","0","0","0"
"11277  :  โรงพยาบาลวัดเพลง","977","0","0.00","0","0","0","0","0","0","0","0","0"
"11458  :  โรงพยาบาลสมเด็จพระยุพราชจอมบึง","2,067","0","0.00","0","0","0","0","0","0","0","0","0"
"11519  :  โรงพยาบาลค่ายภาณุรังษี","519","0","0.00","0","0","0","0","0","0","0","0","0"
"12093  :  สถานพยาบาลแพทย์ประดิษฐ์","0","0","0.00","0","0","0","0","0","0","0","0","0"
"12097  :  มหาชัยพร้อมแพทย์โรงพยาบาลทั่วไปขนาดกลาง","0","0","0.00","0","0","0","0","0","0","0","0","0"
"12098  :  โรงพยาบาลกรุงเทพเมืองราชโรงพยาบาลทั่วไปขนาดใหญ่","0","0","0.00","0","0","0","0","0","0","0","0","0"
"12103  :  โรงพยาบาลซานคามิลโล","0","0","0.00","0","0","0","0","0","0","0","0","0"
"12286  :  โรงพยาบาลส่งเสริมสุขภาพ ศูนย์อนามัยที่ 5","1","0","0.00","0","0","0","0","0","0","0","0","0"
"28858  :  โรงพยาบาลบ้านคา","126","0","0.00","0","0","0","0","0","0","0","0","0"
"10731  :  โรงพยาบาลพหลพลพยุหเสนา","2,157","0","0.00","0","0","0","0","0","0","0","0","0"
"10732  :  โรงพยาบาลมะการักษ์","1,777","37","2.08","0","0","0","0","0","0","37","0","0"
"11278  :  โรงพยาบาลไทรโยค","956","1","0.10","0","0","0","0","0","0","0","1","0"
"11279  :  โรงพยาบาลสมเด็จพระปิยมหาราชรมณียเขต","189","0","0.00","0","0","0","0","0","0","0","0","0"
"11280  :  โรงพยาบาลบ่อพลอย","1,919","0","0.00","0","0","0","0","0","0","0","0","0"
"11281  :  โรงพยาบาลท่ากระดาน","411","2","0.49","0","0","0","0","2","0","0","0","0"
"11282  :  โรงพยาบาลสมเด็จพระสังฆราชองค์ที่ ๑๙","1,873","0","0.00","0","0","0","0","0","0","0","0","0"
"11283  :  โรงพยาบาลทองผาภูมิ","1,119","0","0.00","0","0","0","0","0","0","0","0","0"
"11284  :  โรงพยาบาลสังขละบุรี","1,031","0","0.00","0","0","0","0","0","0","0","0","0"
"11285  :  โรงพยาบาลเจ้าคุณไพบูลย์พนมทวน","1,146","0","0.00","0","0","0","0","0","0","0","0","0"
"11286  :  โรงพยาบาลเลาขวัญ","877","0","0.00","0","0","0","0","0","0","0","0","0"
"11287  :  โรงพยาบาลด่านมะขามเตี้ย","893","0","0.00","0","0","0","0","0","0","0","0","0"
"11288  :  โรงพยาบาลสถานพระบารมี","588","0","0.00","0","0","0","0","0","0","0","0","0"
"11520  :  โรงพยาบาลค่ายสุรสีห์","1,236","0","0.00","0","0","0","0","0","0","0","0","0"
"14136  :  โรงพยาบาลศุกร์ศิริศรีสวัสดิ์","308","0","0.00","0","0","0","0","0","0","0","0","0"
"21948  :  โรงพยาบาลห้วยกระเจา เฉลิมพระเกียรติ 80 พรรษา","897","85","9.48","0","0","0","0","0","0","85","0","0"
"41701  :  โรงพยาบาลหนองปรือ","0","0","0.00","0","0","0","0","0","0","0","0","0"
"10678  :  โรงพยาบาลเจ้าพระยายมราช","4,863","1","0.02","0","0","0","0","0","0","1","0","0"
"10733  :  โรงพยาบาลสมเด็จพระสังฆราชองค์ที่17","1,910","0","0.00","0","0","0","0","0","0","0","0","0"
"11289  :  โรงพยาบาลเดิมบางนางบวช","1,159","1","0.09","0","0","0","1","0","0","0","0","0"
"11290  :  โรงพยาบาลด่านช้าง","1,210","267","22.07","0","0","0","0","0","0","267","0","0"
"11291  :  โรงพยาบาลบางปลาม้า","1,383","0","0.00","0","0","0","0","0","0","0","0","0"
"11292  :  โรงพยาบาลศรีประจันต์","1,710","0","0.00","0","0","0","0","0","0","0","0","0"
"11293  :  โรงพยาบาลดอนเจดีย์","2,196","0","0.00","0","0","0","0","0","0","0","0","0"
"11294  :  โรงพยาบาลสามชุก","2,104","0","0.00","0","0","0","0","0","0","0","0","0"
"11295  :  โรงพยาบาลอู่ทอง","3,108","0","0.00","0","0","0","0","0","0","0","0","0"
"11296  :  โรงพยาบาลหนองหญ้าไซ","2,367","0","0.00","0","0","0","0","0","0","0","0","0"
"12123  :  โรงพยาบาลวิภาวดี-ปิยราษฎร์","224","0","0.00","0","0","0","0","0","0","0","0","0"
"10679  :  โรงพยาบาลนครปฐม","0","0","0.00","0","0","0","0","0","0","0","0","0"
"11297  :  โรงพยาบาลกำแพงแสน","1,208","0","0.00","0","0","0","0","0","0","0","0","0"
"11298  :  โรงพยาบาลนครชัยศรี","1,506","179","11.89","0","0","0","0","0","0","179","0","0"
"11299  :  โรงพยาบาลห้วยพลู","849","0","0.00","0","0","0","0","0","0","0","0","0"
"11300  :  โรงพยาบาลดอนตูม","1,333","0","0.00","0","0","0","0","0","0","0","0","0"
"11301  :  โรงพยาบาลบางเลน","1,215","0","0.00","0","0","0","0","0","0","0","0","0"
"11302  :  โรงพยาบาลสามพราน","2,101","0","0.00","0","0","0","0","0","0","0","0","0"
"11303  :  โรงพยาบาลพุทธมณฑล","281","3","1.07","0","0","0","0","0","0","3","0","0"
"11473  :  โรงพยาบาลเมตตาประชารักษ์(วัดไร่ขิง)","1","0","0.00","0","0","0","0","0","0","0","0","0"
"11521  :  โรงพยาบาลจันทรุเบกษา","921","0","0.00","0","0","0","0","0","0","0","0","0"
"13819  :  โรงพยาบาลหลวงพ่อเปิ่น","456","0","0.00","0","0","0","0","0","0","0","0","0"
"10734  :  โรงพยาบาลสมุทรสาคร","8,617","0","0.00","0","0","0","0","0","0","0","0","0"
"11304  :  โรงพยาบาลกระทุ่มแบน","0","0","0.00","0","0","0","0","0","0","0","0","0"
"11305  :  โรงพยาบาลบ้านแพ้ว","3,108","0","0.00","0","0","0","0","0","0","0","0","0"
"12137  :  โรงพยาบาลทั่วไปขนาดเล็กเจษฎา","758","0","0.00","0","0","0","0","0","0","0","0","0"
"10735  :  โรงพยาบาลสมเด็จพระพุทธเลิศหล้า","0","0","0.00","0","0","0","0","0","0","0","0","0"
"11306  :  โรงพยาบาลนภาลัย","0","0","0.00","0","0","0","0","0","0","0","0","0"
"11307  :  โรงพยาบาลอัมพวา","481","2","0.42","0","0","0","0","0","0","2","0","0"
"10736  :  โรงพยาบาลพระจอมเกล้า","3,461","0","0.00","0","0","0","0","0","0","0","0","0"
"11308  :  โรงพยาบาลเขาย้อย","749","0","0.00","0","0","0","0","0","0","0","0","0"
"11309  :  โรงพยาบาลหนองหญ้าปล้อง","230","36","15.65","0","0","0","0","0","0","36","0","0"
"11310  :  โรงพยาบาลชะอำ","3,128","4","0.13","0","0","0","0","0","0","4","0","0"
"11311  :  โรงพยาบาลท่ายาง","1,432","0","0.00","0","0","0","0","0","0","0","0","0"
"11312  :  โรงพยาบาลบ้านลาด","206","1","0.49","0","0","0","0","0","0","1","0","0"
"11313  :  โรงพยาบาลบ้านแหลม","2,886","0","0.00","0","0","0","0","0","0","0","0","0"
"11314  :  โรงพยาบาลแก่งกระจาน","198","0","0.00","0","0","0","0","0","0","0","0","0"
"10737  :  โรงพยาบาลประจวบคีรีขันธ์","0","0","0.00","0","0","0","0","0","0","0","0","0"
"11315  :  โรงพยาบาลกุยบุรี","1,074","2","0.19","0","0","0","2","0","0","0","0","0"
"11316  :  โรงพยาบาลทับสะแก","1,219","127","10.42","0","0","0","124","0","0","3","0","0"
"11317  :  โรงพยาบาลบางสะพาน","1,321","0","0.00","0","0","0","0","0","0","0","0","0"
"11318  :  โรงพยาบาลบางสะพานน้อย","0","0","0.00","0","0","0","0","0","0","0","0","0"
"11319  :  โรงพยาบาลปราณบุรี","0","0","0.00","0","0","0","0","0","0","0","0","0"
"11320  :  โรงพยาบาลหัวหิน","0","0","0.00","0","0","0","0","0","0","0","0","0"
"11321  :  โรงพยาบาลสามร้อยยอด","1,586","205","12.93","0","0","0","205","0","0","0","0","0"
"11500  :  โรงพยาบาลกองบิน 5","0","0","0.00","0","0","0","0","0","0","0","0","0"
"11522  :  โรงพยาบาลค่ายธนะรัชต์","0","0","0.00","0","0","0","0","0","0","0","0","0"
"12471  :  สถานีกาชาดหัวหินเฉลิมพระเกียรติ","975","1","0.10","0","0","0","0","0","0","1","0","0"
"10680  :  โรงพยาบาลมหาราชนครศรีธรรมราช","0","0","0.00","0","0","0","0","0","0","0","0","0"
"11322  :  โรงพยาบาลพรหมคีรี","955","1","0.10","0","0","0","0","0","0","1","0","0"
"11324  :  โรงพยาบาลลานสะกา","1,133","0","0.00","0","0","0","0","0","0","0","0","0"
"11325  :  โรงพยาบาลสมเด็จพระยุพราชฉวาง","1,058","0","0.00","0","0","0","0","0","0","0","0","0"
"11326  :  โรงพยาบาลพิปูน","1,042","0","0.00","0","0","0","0","0","0","0","0","0"
"11327  :  โรงพยาบาลเชียรใหญ่","907","2","0.22","0","0","0","0","0","0","2","0","0"
"11328  :  โรงพยาบาลชะอวด","1,348","0","0.00","0","0","0","0","0","0","0","0","0"
"11329  :  โรงพยาบาลท่าศาลา","3,440","1","0.03","0","0","0","0","0","0","1","0","0"
"11330  :  โรงพยาบาลทุ่งสง","0","0","0.00","0","0","0","0","0","0","0","0","0"
"11331  :  โรงพยาบาลนาบอน","762","0","0.00","0","0","0","0","0","0","0","0","0"
"11332  :  โรงพยาบาลทุ่งใหญ่","1,717","0","0.00","0","0","0","0","0","0","0","0","0"
"11333  :  โรงพยาบาลปากพนัง","2,262","0","0.00","0","0","0","0","0","0","0","0","0"
"11334  :  โรงพยาบาลร่อนพิบูลย์","1","0","0.00","0","0","0","0","0","0","0","0","0"
"11335  :  โรงพยาบาลสิชล","2,379","1","0.04","0","0","0","0","0","0","1","0","0"
"11336  :  โรงพยาบาลขนอม","2,653","1","0.04","0","0","0","0","0","0","1","0","0"
"11337  :  โรงพยาบาลหัวไทร","607","2","0.33","0","0","0","0","0","0","2","0","0"
"11338  :  โรงพยาบาลบางขัน","746","0","0.00","0","0","0","0","0","0","0","0","0"
"11339  :  โรงพยาบาลถ้ำพรรณรา","512","1","0.20","0","0","0","0","0","0","0","1","0"
"11523  :  โรงพยาบาลค่ายวชิราวุธ","878","0","0.00","0","0","0","0","0","0","0","0","0"
"11660  :  โรงพยาบาลจุฬาภรณ์","656","1","0.15","0","0","0","0","0","0","1","0","0"
"12287  :  โรงพยาบาลส่งเสริมสุขภาพ ศูนย์อนามัยที่ 11","0","0","0.00","0","0","0","0","0","0","0","0","0"
"12472  :  สถานีกาชาดสิริธร (สถานีกาชาดที่ 12 ทุ่งสง)","591","0","0.00","0","0","0","0","0","0","0","0","0"
"14918  :  โรงพยาบาลค่ายเทพสตรีศรีสุนทร","409","0","0.00","0","0","0","0","0","0","0","0","0"
"21771  :  โรงพยาบาลเทศบาลนครนครศรีธรรมราช","2,688","4","0.15","0","0","0","0","0","0","4","0","0"
"40491  :  โรงพยาบาลเฉลิมพระเกียรติ","772","0","0.00","0","0","0","0","0","0","0","0","0"
"40492  :  โรงพยาบาลพ่อท่านคล้ายวาจาสิทธิ์","655","0","0.00","0","0","0","0","0","0","0","0","0"
"40742  :  โรงพยาบาลนบพิตำ","470","0","0.00","0","0","0","0","0","0","0","0","0"
"40743  :  โรงพยาบาลพระพรหม","822","19","2.31","0","0","0","0","0","0","19","0","0"
"40970  :  โรงพยาบาลศูนย์การแพทย์มหาวิทยาลัยวลัยลักษณ์","0","0","0.00","0","0","0","0","0","0","0","0","0"
"10738  :  โรงพยาบาลกระบี่","0","0","0.00","0","0","0","0","0","0","0","0","0"
"11340  :  โรงพยาบาลเขาพนม","0","0","0.00","0","0","0","0","0","0","0","0","0"
"11341  :  โรงพยาบาลเกาะลันตา","0","0","0.00","0","0","0","0","0","0","0","0","0"
"11342  :  โรงพยาบาลคลองท่อม","0","0","0.00","0","0","0","0","0","0","0","0","0"
"11343  :  โรงพยาบาลอ่าวลึก","116","1","0.86","0","0","0","1","0","0","0","0","0"
"11344  :  โรงพยาบาลปลายพระยา","0","0","0.00","0","0","0","0","0","0","0","0","0"
"11345  :  โรงพยาบาลลำทับ","7","0","0.00","0","0","0","0","0","0","0","0","0"
"11346  :  โรงพยาบาลเหนือคลอง","0","0","0.00","0","0","0","0","0","0","0","0","0"
"77753  :  โรงพยาบาลเกาะพีพี","229","0","0.00","0","0","0","0","0","0","0","0","0"
"10739  :  โรงพยาบาลพังงา","0","0","0.00","0","0","0","0","0","0","0","0","0"
"10740  :  โรงพยาบาลตะกั่วป่า","9","0","0.00","0","0","0","0","0","0","0","0","0"
"11347  :  โรงพยาบาลเกาะยาวชัยพัฒน์","878","0","0.00","0","0","0","0","0","0","0","0","0"
"11348  :  โรงพยาบาลกะปงชัยพัฒน์","933","0","0.00","0","0","0","0","0","0","0","0","0"
"11349  :  โรงพยาบาลตะกั่วทุ่ง","1,495","0","0.00","0","0","0","0","0","0","0","0","0"
"11350  :  โรงพยาบาลบางไทร","662","0","0.00","0","0","0","0","0","0","0","0","0"
"11352  :  โรงพยาบาลคุระบุรีชัยพัฒน์","1,124","0","0.00","0","0","0","0","0","0","0","0","0"
"11353  :  โรงพยาบาลทับปุด","870","0","0.00","0","0","0","0","0","0","0","0","0"
"11354  :  โรงพยาบาลท้ายเหมืองชัยพัฒน์","2,014","1","0.05","0","0","0","1","0","0","0","0","0"
"10741  :  โรงพยาบาลวชิระภูเก็ต","2,066","36","1.74","0","0","0","3","0","0","33","0","0"
"11355  :  โรงพยาบาลป่าตอง","3,050","2","0.07","0","0","0","2","0","0","0","0","0"
"11356  :  โรงพยาบาลถลาง","0","0","0.00","0","0","0","0","0","0","0","0","0"
"24678  :  โรงพยาบาลองค์การบริหารส่วนจังหวัดภูเก็ต","2,099","4","0.19","0","0","0","0","0","0","4","0","0"
"41436  :  โรงพยาบาลฉลอง","0","0","0.00","0","0","0","0","0","0","0","0","0"
"09192  :  โรงพยาบาลเกาะเต่า","232","0","0.00","0","0","0","0","0","0","0","0","0"
"10681  :  โรงพยาบาลสุราษฎร์ธานี","0","0","0.00","0","0","0","0","0","0","0","0","0"
"10742  :  โรงพยาบาลเกาะสมุย","394","0","0.00","0","0","0","0","0","0","0","0","0"
"11357  :  โรงพยาบาลกาญจนดิษฐ์","2","1","50.00","0","0","0","0","0","0","1","0","0"
"11358  :  โรงพยาบาลดอนสัก","1,510","268","17.75","0","0","0","116","1","0","147","4","0"
"11359  :  โรงพยาบาลเกาะพงัน","571","1","0.18","0","0","0","0","0","0","1","0","0"
"11360  :  โรงพยาบาลไชยา","758","8","1.06","0","0","0","2","1","0","4","1","0"
"11361  :  โรงพยาบาลท่าชนะ","1,061","23","2.17","0","0","0","1","0","0","16","6","0"
"11362  :  โรงพยาบาลคีรีรัฐนิคม","240","0","0.00","0","0","0","0","0","0","0","0","0"
"11363  :  โรงพยาบาลบ้านตาขุน","499","1","0.20","0","0","0","0","0","0","1","0","0"
"11364  :  โรงพยาบาลพนม","355","173","48.73","5","0","0","94","1","0","73","0","0"
"11365  :  โรงพยาบาลท่าฉาง","972","2","0.21","0","0","0","0","0","0","2","0","0"
"11366  :  โรงพยาบาลบ้านนาสาร","0","0","0.00","0","0","0","0","0","0","0","0","0"
"11367  :  โรงพยาบาลบ้านนาเดิม","1,003","0","0.00","0","0","0","0","0","0","0","0","0"
"11368  :  โรงพยาบาลเคียนซา","1,113","88","7.91","0","0","0","41","3","0","39","5","0"
"11369  :  โรงพยาบาลพระแสง","1,447","5","0.35","0","0","0","3","0","0","1","1","0"
"11370  :  โรงพยาบาลพุนพิน","2,883","384","13.32","0","0","0","367","0","0","17","0","0"
"11371  :  โรงพยาบาลชัยบุรี","374","1","0.27","0","0","0","0","0","0","1","0","0"
"11459  :  โรงพยาบาลสมเด็จพระยุพราชเวียงสระ","2,210","16","0.72","0","0","0","10","0","1","5","0","0"
"11654  :  โรงพยาบาลวิภาวดี","358","1","0.28","0","0","0","1","0","0","0","0","0"
"12289  :  โรงพยาบาลสวนสราญรมย์","0","0","0.00","0","0","0","0","0","0","0","0","0"
"14138  :  โรงพยาบาลท่าโรงช้าง","600","0","0.00","0","0","0","0","0","0","0","0","0"
"14203  :  โรงพยาบาลมะเร็งสุราษฎร์ธานี","0","0","0.00","0","0","0","0","0","0","0","0","0"
"14862  :  โรงพยาบาลกองบิน7","323","1","0.31","0","0","0","1","0","0","0","0","0"
"14901  :  โรงพยาบาลค่ายวิภาวดีรังสิต","758","5","0.66","0","0","0","4","0","0","1","0","0"
"40915  :  สถาบันสุขภาพจิตเด็กและวัยรุ่นภาคใต้","0","0","0.00","0","0","0","0","0","0","0","0","0"
"10743  :  โรงพยาบาลระนอง","0","0","0.00","0","0","0","0","0","0","0","0","0"
"11323  :  โรงพยาบาลละอุ่น","199","1","0.50","0","0","0","0","0","0","1","0","0"
"11372  :  โรงพยาบาลกะเปอร์","1,149","0","0.00","0","0","0","0","0","0","0","0","0"
"11373  :  โรงพยาบาลกระบุรี","1,220","0","0.00","0","0","0","0","0","0","0","0","0"
"11374  :  โรงพยาบาลสุขสำราญ","279","0","0.00","0","0","0","0","0","0","0","0","0"
"10744  :  โรงพยาบาลชุมพรเขตรอุดมศักดิ์","0","0","0.00","0","0","0","0","0","0","0","0","0"
"11375  :  โรงพยาบาลปากน้ำชุมพร","1,739","268","15.41","0","0","0","266","1","0","1","0","0"
"11376  :  โรงพยาบาลท่าแซะ","229","0","0.00","0","0","0","0","0","0","0","0","0"
"11377  :  โรงพยาบาลปะทิว","395","1","0.25","0","0","0","1","0","0","0","0","0"
"11378  :  โรงพยาบาลมาบอำมฤต","1,151","2","0.17","0","0","0","0","0","0","0","2","0"
"11379  :  โรงพยาบาลหลังสวน","1,169","22","1.88","0","0","0","8","0","0","14","0","0"
"11380  :  โรงพยาบาลปากน้ำหลังสวน","1,095","19","1.74","0","0","0","13","0","0","6","0","0"
"11381  :  โรงพยาบาลละแม","939","2","0.21","0","0","0","1","0","0","1","0","0"
"11382  :  โรงพยาบาลพะโต๊ะ","1,308","0","0.00","0","0","0","0","0","0","0","0","0"
"11383  :  โรงพยาบาลสวี","1,212","1","0.08","0","0","0","0","0","0","1","0","0"
"11385  :  โรงพยาบาลทุ่งตะโก","877","0","0.00","0","0","0","0","0","0","0","0","0"
"11525  :  โรงพยาบาลค่ายเขตอุดมศักดิ์","361","0","0.00","0","0","0","0","0","0","0","0","0"
"10682  :  โรงพยาบาลหาดใหญ่","0","0","0.00","0","0","0","0","0","0","0","0","0"
"10745  :  โรงพยาบาลสงขลา","0","0","0.00","0","0","0","0","0","0","0","0","0"
"11386  :  โรงพยาบาลสทิงพระ","0","0","0.00","0","0","0","0","0","0","0","0","0"
"11387  :  โรงพยาบาลจะนะ","0","0","0.00","0","0","0","0","0","0","0","0","0"
"11388  :  โรงพยาบาลสมเด็จพระบรมราชินีนาถ ณ  อำเภอนาทวี","0","0","0.00","0","0","0","0","0","0","0","0","0"
"11390  :  โรงพยาบาลเทพา","0","0","0.00","0","0","0","0","0","0","0","0","0"
"11391  :  โรงพยาบาลสะบ้าย้อย","0","0","0.00","0","0","0","0","0","0","0","0","0"
"11392  :  โรงพยาบาลระโนด","0","0","0.00","0","0","0","0","0","0","0","0","0"
"11393  :  โรงพยาบาลกระแสสินธุ์","0","0","0.00","0","0","0","0","0","0","0","0","0"
"11394  :  โรงพยาบาลรัตภูมิ","0","0","0.00","0","0","0","0","0","0","0","0","0"
"11395  :  โรงพยาบาลสะเดา","0","0","0.00","0","0","0","0","0","0","0","0","0"
"11396  :  โรงพยาบาลนาหม่อม","0","0","0.00","0","0","0","0","0","0","0","0","0"
"11397  :  โรงพยาบาลควนเนียง","0","0","0.00","0","0","0","0","0","0","0","0","0"
"11398  :  โรงพยาบาลปาดังเบซาร์","0","0","0.00","0","0","0","0","0","0","0","0","0"
"11399  :  โรงพยาบาลบางกล่ำ","0","0","0.00","0","0","0","0","0","0","0","0","0"
"11400  :  โรงพยาบาลสิงหนคร","0","0","0.00","0","0","0","0","0","0","0","0","0"
"11401  :  โรงพยาบาลคลองหอยโข่ง","0","0","0.00","0","0","0","0","0","0","0","0","0"
"12290  :  โรงพยาบาลจิตเวชสงขลาราชนครินทร์","0","0","0.00","0","0","0","0","0","0","0","0","0"
"14194  :  โรงพยาบาลธัญญารักษ์สงขลา","0","0","0.00","0","0","0","0","0","0","0","0","0"
"10746  :  โรงพยาบาลสตูล","0","0","0.00","0","0","0","0","0","0","0","0","0"
"11402  :  โรงพยาบาลควนโดน","745","0","0.00","0","0","0","0","0","0","0","0","0"
"11403  :  โรงพยาบาลควนกาหลง","526","0","0.00","0","0","0","0","0","0","0","0","0"
"11404  :  โรงพยาบาลท่าแพ","0","0","0.00","0","0","0","0","0","0","0","0","0"
"11405  :  โรงพยาบาลละงู","1","0","0.00","0","0","0","0","0","0","0","0","0"
"11406  :  โรงพยาบาลทุ่งหว้า","568","0","0.00","0","0","0","0","0","0","0","0","0"
"28786  :  โรงพยาบาลมะนัง","412","0","0.00","0","0","0","0","0","0","0","0","0"
"10683  :  โรงพยาบาลตรัง","0","0","0.00","0","0","0","0","0","0","0","0","0"
"11407  :  โรงพยาบาลกันตัง","667","0","0.00","0","0","0","0","0","0","0","0","0"
"11408  :  โรงพยาบาลย่านตาขาว","1,467","0","0.00","0","0","0","0","0","0","0","0","0"
"11409  :  โรงพยาบาลปะเหลียน","0","0","0.00","0","0","0","0","0","0","0","0","0"
"11410  :  โรงพยาบาลสิเกา","792","0","0.00","0","0","0","0","0","0","0","0","0"
"11411  :  โรงพยาบาลห้วยยอด","0","0","0.00","0","0","0","0","0","0","0","0","0"
"11412  :  โรงพยาบาลวังวิเศษ","903","0","0.00","0","0","0","0","0","0","0","0","0"
"11413  :  โรงพยาบาลนาโยง","0","0","0.00","0","0","0","0","0","0","0","0","0"
"12226  :  โรงพยาบาลวัฒนแพทย์","0","0","0.00","0","0","0","0","0","0","0","0","0"
"12230  :  โรงพยาบาล ทีอาร์พีเอช โรงพยาบาลทั่วไปขนาดใหญ่","0","0","0.00","0","0","0","0","0","0","0","0","0"
"13755  :  โรงพยาบาลโรคผิวหนังเขตร้อนภาคใต้ จังหวัดตรัง","0","0","0.00","0","0","0","0","0","0","0","0","0"
"14139  :  โรงพยาบาลรัษฎา","132","0","0.00","0","0","0","0","0","0","0","0","0"
"28817  :  โรงพยาบาลหาดสำราญเฉลิมพระเกียรติ 80 พรรษา","117","0","0.00","0","0","0","0","0","0","0","0","0"
"10747  :  โรงพยาบาลพัทลุง","0","0","0.00","0","0","0","0","0","0","0","0","0"
"11414  :  โรงพยาบาลกงหรา","508","0","0.00","0","0","0","0","0","0","0","0","0"
"11415  :  โรงพยาบาลเขาชัยสน","1","0","0.00","0","0","0","0","0","0","0","0","0"
"11416  :  โรงพยาบาลตะโหมด","1,339","1","0.07","0","0","0","0","0","0","1","0","0"
"11417  :  โรงพยาบาลควนขนุน","0","0","0.00","0","0","0","0","0","0","0","0","0"
"11418  :  โรงพยาบาลปากพะยูน","0","0","0.00","0","0","0","0","0","0","0","0","0"
"11419  :  โรงพยาบาลศรีบรรพต","0","0","0.00","0","0","0","0","0","0","0","0","0"
"11420  :  โรงพยาบาลป่าบอน","548","121","22.08","0","0","0","14","0","0","107","0","0"
"11421  :  โรงพยาบาลบางแก้ว","0","0","0.00","0","0","0","0","0","0","0","0","0"
"11422  :  โรงพยาบาลป่าพะยอม","0","0","0.00","0","0","0","0","0","0","0","0","0"
"24673  :  โรงพยาบาลศรีนครินทร์(ปัญญานันทภิขุ)","933","0","0.00","0","0","0","0","0","0","0","0","0"
"10748  :  โรงพยาบาลปัตตานี","3","0","0.00","0","0","0","0","0","0","0","0","0"
"11423  :  โรงพยาบาลโคกโพธิ์","0","0","0.00","0","0","0","0","0","0","0","0","0"
"11424  :  โรงพยาบาลหนองจิก","0","0","0.00","0","0","0","0","0","0","0","0","0"
"11425  :  โรงพยาบาลปะนาเระ","0","0","0.00","0","0","0","0","0","0","0","0","0"
"11426  :  โรงพยาบาลมายอ","0","0","0.00","0","0","0","0","0","0","0","0","0"
"11427  :  โรงพยาบาลทุ่งยางแดง","0","0","0.00","0","0","0","0","0","0","0","0","0"
"11428  :  โรงพยาบาลไม้แก่น","0","0","0.00","0","0","0","0","0","0","0","0","0"
"11429  :  โรงพยาบาลยะหริ่ง","0","0","0.00","0","0","0","0","0","0","0","0","0"
"11430  :  โรงพยาบาลยะรัง","0","0","0.00","0","0","0","0","0","0","0","0","0"
"11431  :  โรงพยาบาลแม่ลาน","0","0","0.00","0","0","0","0","0","0","0","0","0"
"11460  :  โรงพยาบาลสมเด็จพระยุพราชสายบุรี","0","0","0.00","0","0","0","0","0","0","0","0","0"
"11464  :  โรงพยาบาลกะพ้อ","0","0","0.00","0","0","0","0","0","0","0","0","0"
"11529  :  โรงพยาบาลค่ายอิงคยุทธบริหาร","0","0","0.00","0","0","0","0","0","0","0","0","0"
"14195  :  โรงพยาบาลธัญญรักษ์ปัตตานี","0","0","0.00","0","0","0","0","0","0","0","0","0"
"10684  :  โรงพยาบาลยะลา","0","0","0.00","0","0","0","0","0","0","0","0","0"
"10749  :  โรงพยาบาลเบตง","0","0","0.00","0","0","0","0","0","0","0","0","0"
"11432  :  โรงพยาบาลบันนังสตา","0","0","0.00","0","0","0","0","0","0","0","0","0"
"11433  :  โรงพยาบาลธารโต","447","0","0.00","0","0","0","0","0","0","0","0","0"
"11434  :  โรงพยาบาลรามัน","0","0","0.00","0","0","0","0","0","0","0","0","0"
"11461  :  โรงพยาบาลสมเด็จพระยุพราชยะหา","0","0","0.00","0","0","0","0","0","0","0","0","0"
"12238  :  โรงพยาบาลสิโรรส","0","0","0.00","0","0","0","0","0","0","0","0","0"
"13806  :  โรงพยาบาลกาบัง","331","0","0.00","0","0","0","0","0","0","0","0","0"
"14663  :  โรงพยาบาลส่งเสริมสุขภาพ ศูนย์อนามัยที่ 12","0","0","0.00","0","0","0","0","0","0","0","0","0"
"24689  :  โรงพยาบาลกรงปินัง","0","0","0.00","0","0","0","0","0","0","0","0","0"
"10750  :  โรงพยาบาลนราธิวาสราชนครินทร์","0","0","0.00","0","0","0","0","0","0","0","0","0"
"10751  :  โรงพยาบาลสุไหงโก-ลก","3","0","0.00","0","0","0","0","0","0","0","0","0"
"11435  :  โรงพยาบาลตากใบ","2,357","0","0.00","0","0","0","0","0","0","0","0","0"
"11436  :  โรงพยาบาลบาเจาะ","1,421","0","0.00","0","0","0","0","0","0","0","0","0"
"11437  :  โรงพยาบาลระแงะ","2,054","1","0.05","0","0","0","0","0","0","1","0","0"
"11438  :  โรงพยาบาลรือเสาะ","619","0","0.00","0","0","0","0","0","0","0","0","0"
"11439  :  โรงพยาบาลศรีสาคร","925","1","0.11","0","0","0","0","0","0","1","0","0"
"11440  :  โรงพยาบาลแว้ง","1,015","1","0.10","0","0","0","0","1","0","0","0","0"
"11441  :  โรงพยาบาลสุคิริน","768","0","0.00","0","0","0","0","0","0","0","0","0"
"11442  :  โรงพยาบาลสุไหงปาดี","1,472","0","0.00","0","0","0","0","0","0","0","0","0"
"13818  :  โรงพยาบาลจะแนะ","1,157","1","0.09","0","0","0","0","0","0","1","0","0"
"15010  :  โรงพยาบาลเจาะไอร้อง","1,001","0","0.00","0","0","0","0","0","0","0","0","0"
"23771  :  โรงพยาบาลยี่งอเฉลิมพระเกียรติ 80 พรรษา","825","0","0.00","0","0","0","0","0","0","0","0","0"