"โรงพยาบาล","ประชากรที่สิ้นสุดการตั้งครรภ์(คน)","คัดกรอง(คน)","ร้อยละ","คัดกรองก่อนสิ้นสุดการตั้งครรภ์ (คน)","คัดกรองหลังสิ้นสุดการตั้งครรภ์ (คน)"
"ทั้งหมด","ร้อยละ","ปกติ","ผิดปกติ","ทั้งหมด","ร้อยละ","ปกติ","ผิดปกติ"
"11468  :  ทัณฑสถานโรงพยาบาลราชทัณฑ์","0","0","0.00","0","0.00","0","0","0","0.00","0","0"
"11469  :  โรงพยาบาลเลิดสิน","0","0","0.00","0","0.00","0","0","0","0.00","0","0"
"11470  :  โรงพยาบาลนพรัตนราชธานี","0","0","0.00","0","0.00","0","0","0","0.00","0","0"
"11471  :  โรงพยาบาลสงฆ์","0","0","0.00","0","0.00","0","0","0","0.00","0","0"
"11472  :  โรงพยาบาลราชวิถี","0","0","0.00","0","0.00","0","0","0","0.00","0","0"
"11477  :  โรงพยาบาลทหารผ่านศึก","0","0","0.00","0","0.00","0","0","0","0.00","0","0"
"11478  :  โรงพยาบาลสมเด็จพระปิ่นเกล้า","0","0","0.00","0","0.00","0","0","0","0.00","0","0"
"11481  :  โรงพยาบาลพระมงกุฎเกล้า","0","0","0.00","0","0.00","0","0","0","0.00","0","0"
"11482  :  โรงพยาบาลภูมิพลอดุลยเดช","0","0","0.00","0","0.00","0","0","0","0.00","0","0"
"11532  :  โรงพยาบาลสวนเบญจกิติเฉลิมพระเกียรติ84พรรษา","0","0","0.00","0","0.00","0","0","0","0.00","0","0"
"11534  :  โรงพยาบาลบุรฉัตรไชยากร (รถไฟ)","0","0","0.00","0","0.00","0","0","0","0.00","0","0"
"11535  :  คณะแพทย์ศาสตร์วชิรพยาบาล มหาวิทยาลัยกรุงเทพมหานคร","0","0","0.00","0","0.00","0","0","0","0.00","0","0"
"11536  :  โรงพยาบาลเวชการุณย์รัศมิ์","0","0","0.00","0","0.00","0","0","0","0.00","0","0"
"11537  :  โรงพยาบาลกลาง","0","0","0.00","0","0.00","0","0","0","0.00","0","0"
"11538  :  โรงพยาบาลลาดกระบังกรุงเทพมหานคร","0","0","0.00","0","0.00","0","0","0","0.00","0","0"
"11539  :  โรงพยาบาลตากสิน","0","0","0.00","0","0.00","0","0","0","0.00","0","0"
"11540  :  โรงพยาบาลหลวงพ่อทวีศักดิ์ฯ ชุตินธโร อุทิศ","0","0","0.00","0","0.00","0","0","0","0.00","0","0"
"11541  :  โรงพยาบาลเจริญกรุงประชารักษ์","0","0","0.00","0","0.00","0","0","0","0.00","0","0"
"11546  :  โรงพยาบาลบี เอ็น เอช","0","0","0.00","0","0.00","0","0","0","0.00","0","0"
"11548  :  โรงพยาบาลกรุงเทพคริสเตียน","0","0","0.00","0","0.00","0","0","0","0.00","0","0"
"11552  :  โรงพยาบาลมเหสักข์","0","0","0.00","0","0.00","0","0","0","0.00","0","0"
"11559  :  สถานพยาบาลชินเขตงามวงศ์วาน","0","0","0.00","0","0.00","0","0","0","0.00","0","0"
"11560  :  โรงพยาบาลทั่วไปขนาดใหญ่เปาโล เกษตร","0","0","0.00","0","0.00","0","0","0","0.00","0","0"
"11565  :  โรงพยาบาลรามคำแหง","0","0","0.00","0","0.00","0","0","0","0.00","0","0"
"11581  :  โรงพยาบาลผู้สูงอายุขนาดกลางกล้วยน้ำไท 2","0","0","0.00","0","0.00","0","0","0","0.00","0","0"
"11583  :  โรงพยาบาลกล้วยน้ำไท","0","0","0.00","0","0.00","0","0","0","0.00","0","0"
"11592  :  โรงพยาบาลบางนา1","0","0","0.00","0","0.00","0","0","0","0.00","0","0"
"11595  :  นวมินทร์โรงพยาบาลทั่วไปขนาดใหญ่","0","0","0.00","0","0.00","0","0","0","0.00","0","0"
"11597  :  สถาบันกัลยาณ์ราชนครินทร์","0","0","0.00","0","0.00","0","0","0","0.00","0","0"
"11600  :  โรงพยาบาลเซนต์หลุยส์","0","0","0.00","0","0.00","0","0","0","0.00","0","0"
"11603  :  โรงพยาบาลเทียนฟ้ามูลนิธิโรงพยาบาลทั่วไปขนาดกลาง","0","0","0.00","0","0.00","0","0","0","0.00","0","0"
"11607  :  โรงพยาบาลเปาโลเมโมเรียล","0","0","0.00","0","0.00","0","0","0","0.00","0","0"
"11609  :  โรงพยาบาลพญาไท 2","0","0","0.00","0","0.00","0","0","0","0.00","0","0"
"11616  :  โรงพยาบาลสมิติเวชธนบุรี","0","0","0.00","0","0.00","0","0","0","0.00","0","0"
"11621  :  โรงพยาบาลบางไผ่","0","0","0.00","0","0.00","0","0","0","0.00","0","0"
"11626  :  โรงพยาบาลคลองตัน","0","0","0.00","0","0.00","0","0","0","0.00","0","0"
"11628  :  โรงพยาบาลพระราม 9","0","0","0.00","0","0.00","0","0","0","0.00","0","0"
"11629  :  โรงพยาบาลเพชรเวช","0","0","0.00","0","0.00","0","0","0","0.00","0","0"
"11640  :  โรงพยาบาลธนบุรี 2","0","0","0.00","0","0.00","0","0","0","0.00","0","0"
"11641  :  โรงพยาบาลทั่วไปขนาดกลางโรงพยาบาลวิชัยเวช แยกไฟฉาย","0","0","0.00","0","0.00","0","0","0","0.00","0","0"
"11644  :  โรงพยาบาลเจ้าพระยา","0","0","0.00","0","0.00","0","0","0","0.00","0","0"
"11645  :  โรงพยาบาลทั่วไปขนาดใหญ่ธนบุรี","0","0","0.00","0","0.00","0","0","0","0.00","0","0"
"11656  :  โรงพยาบาลเกษมราษฎร์ บางแค","0","0","0.00","0","0.00","0","0","0","0.00","0","0"
"11661  :  โรงพยาบาลวิชัยเวช อินเตอร์เนชั่นแนล หนองแขม","0","0","0.00","0","0.00","0","0","0","0.00","0","0"
"11667  :  โรงพยาบาลประชาพัฒน์","0","0","0.00","0","0.00","0","0","0","0.00","0","0"
"11668  :  โรงพยาบาลสุขสวัสดิ์","0","0","0.00","0","0.00","0","0","0","0.00","0","0"
"11669  :  โรงพยาบาลราษฏร์บูรณะ","0","0","0.00","0","0.00","0","0","0","0.00","0","0"
"11670  :  โรงพยาบาลบางปะกอก 1","0","0","0.00","0","0.00","0","0","0","0.00","0","0"
"11676  :  โรงพยาบาลยันฮี","0","0","0.00","0","0.00","0","0","0","0.00","0","0"
"11686  :  โรงพยาบาลบางโพ","0","0","0.00","0","0.00","0","0","0","0.00","0","0"
"11687  :  โรงพยาบาลเกษมราษฎร์ประชาชื่น","0","0","0.00","0","0.00","0","0","0","0.00","0","0"
"11691  :  โรงพยาบาลวิภาวดี","0","0","0.00","0","0.00","0","0","0","0.00","0","0"
"11694  :  โรงพยาบาลจักษุรัตนิน","0","0","0.00","0","0.00","0","0","0","0.00","0","0"
"11697  :  โรงพยาบาลคามิลเลียน","0","0","0.00","0","0.00","0","0","0","0.00","0","0"
"11699  :  โรงพยาบาลบำรุงราษฎร์","0","0","0.00","0","0.00","0","0","0","0.00","0","0"
"11703  :  โรงพยาบาลแพทย์ปัญญา","0","0","0.00","0","0.00","0","0","0","0.00","0","0"
"11708  :  โรงพยาบาลบางมดโรงพยาบาลทั่วไปขนาดใหญ่","0","0","0.00","0","0.00","0","0","0","0.00","0","0"
"11715  :  โรงพยาบาลพญาไท 1","0","0","0.00","0","0.00","0","0","0","0.00","0","0"
"11721  :  โรงพยาบาลเปาโลเมโมเรียล โชคชัย 4","0","0","0.00","0","0.00","0","0","0","0.00","0","0"
"11729  :  โรงพยาบาลลาดพร้าว","0","0","0.00","0","0.00","0","0","0","0.00","0","0"
"11730  :  โรงพยาบาลไทยนครินทร์","0","0","0.00","0","0.00","0","0","0","0.00","0","0"
"11750  :  โรงพยาบาลหัวเฉียวโรงพยาบาลทั่วไปขนาดใหญ่","0","0","0.00","0","0.00","0","0","0","0.00","0","0"
"11811  :  โรงพยาบาลสมิติเวช","0","0","0.00","0","0.00","0","0","0","0.00","0","0"
"12243  :  สถาบันพัฒนาสุขภาวะเขตเมือง","0","0","0.00","0","0.00","0","0","0","0.00","0","0"
"12244  :  สถาบันจิตเวชศาสตร์สมเด็จเจ้าพระยา","0","0","0.00","0","0.00","0","0","0","0.00","0","0"
"12246  :  สถาบันราชานุกูล","0","0","0.00","0","0.00","0","0","0","0.00","0","0"
"12249  :  สถาบันโรคผิวหนัง","0","0","0.00","0","0.00","0","0","0","0.00","0","0"
"12250  :  สถาบันมะเร็งแห่งชาติ","0","0","0.00","0","0.00","0","0","0","0.00","0","0"
"12438  :  สถาบันสุขภาพเด็กแห่งชาติมหาราชินี","0","0","0.00","0","0.00","0","0","0","0.00","0","0"
"12439  :  สถาบันประสาทวิทยา","0","0","0.00","0","0.00","0","0","0","0.00","0","0"
"13756  :  โรงพยาบาลจุฬาลงกรณ์สภากาชาดไทย","0","0","0.00","0","0.00","0","0","0","0.00","0","0"
"13757  :  โรงพยาบาลเวชศาสตร์เขตร้อน มหาวิทยาลัยมหิดล","0","0","0.00","0","0.00","0","0","0","0.00","0","0"
"13814  :  โรงพยาบาลศิริราช","0","0","0.00","0","0.00","0","0","0","0.00","0","0"
"14173  :  โรงพยาบาลตำรวจ","0","0","0.00","0","0.00","0","0","0","0.00","0","0"
"14572  :  โรงพยาบาลบี.แคร์.เมดิคอลเซ็นเตอร์","0","0","0.00","0","0.00","0","0","0","0.00","0","0"
"14574  :  โรงพยาบาลพญาไท 3","0","0","0.00","0","0.00","0","0","0","0.00","0","0"
"14577  :  โรงพยาบาลวิภาราม","0","0","0.00","0","0.00","0","0","0","0.00","0","0"
"14641  :  โรงพยาบาลราชพิพัฒน์","0","0","0.00","0","0.00","0","0","0","0.00","0","0"
"14908  :  โรงพยาบาลการุญเวช สุขาภิบาล3","0","0","0.00","0","0.00","0","0","0","0.00","0","0"
"15049  :  โรงพยาบาลสิรินธร","0","0","0.00","0","0.00","0","0","0","0.00","0","0"
"15147  :  โรงพยาบาลบางปะกอก 8 โรงพยาบาลทั่วไปขนาดใหญ่","0","0","0.00","0","0.00","0","0","0","0.00","0","0"
"21673  :  โรงพยาบาลซีจีเอช สายไหม โรงพยาบาลทั่วไปขนาดใหญ่","0","0","0.00","0","0.00","0","0","0","0.00","0","0"
"22155  :  โรงพยาบาลครู","0","0","0.00","0","0.00","0","0","0","0.00","0","0"
"22737  :  โรงพยาบาลจุฬาภรณ์","0","0","0.00","0","0.00","0","0","0","0.00","0","0"
"23762  :  โรงพยาบาลนวุติสมเด็จย่า","0","0","0.00","0","0.00","0","0","0","0.00","0","0"
"23781  :  นวมินทร์ 9โรงพยาบาลทั่วไปขนาดใหญ่","0","0","0.00","0","0.00","0","0","0","0.00","0","0"
"23783  :  โรงพยาบาลเสรีรักษ์","0","0","0.00","0","0.00","0","0","0","0.00","0","0"
"24085  :  สถาบันวิจัยการแพทย์แผนไทย","0","0","0.00","0","0.00","0","0","0","0.00","0","0"
"24748  :  โรงพยาบาลศิริราช ปิยมหาราชการุณย์","0","0","0.00","0","0.00","0","0","0","0.00","0","0"
"25015  :  โรงพยาบาลทั่วไปขนาดใหญ่มิตรประชา","0","0","0.00","0","0.00","0","0","0","0.00","0","0"
"25060  :  โรงพยาบาลผู้สูงอายุบางขุนเทียน","0","0","0.00","0","0.00","0","0","0","0.00","0","0"
"41329  :  โรงพยาบาลเฉพาะประเภทผู้ป่วยสูงอายุ เฌ้อสเซอรี่โฮมขนาดเล็ก","0","0","0.00","0","0.00","0","0","0","0.00","0","0"
"41414  :  โรงพยาบาลทหารอากาศ (สีกัน)","0","0","0.00","0","0.00","0","0","0","0.00","0","0"
"77665  :  โรงพยาบาลการแพทย์แผนไทยและการแพทย์ผสมผสาน","0","0","0.00","0","0.00","0","0","0","0.00","0","0"
"10685  :  โรงพยาบาลสมุทรปราการ","11","2","18.18","2","18.18","2","0","0","0.00","0","0"
"10752  :  โรงพยาบาลบางบ่อ","0","0","0.00","0","0.00","0","0","0","0.00","0","0"
"10753  :  โรงพยาบาลบางพลี","2","0","0.00","0","0.00","0","0","0","0.00","0","0"
"10754  :  โรงพยาบาลบางจาก","5","0","0.00","0","0.00","0","0","0","0.00","0","0"
"10755  :  โรงพยาบาลพระสมุทรเจดีย์สวาทยานนท์","45","7","15.56","7","15.56","7","0","0","0.00","0","0"
"11769  :  โรงพยาบาลเซ็นทรัลปาร์ค","45","3","6.67","2","4.44","2","0","1","2.22","1","0"
"11775  :  โรงพยาบาลเมืองสมุทรปู่เจ้าสมิงพราย","0","0","0.00","0","0.00","0","0","0","0.00","0","0"
"12251  :  โรงพยาบาลยุวประสาทไวทโยปถัมภ์","0","0","0.00","0","0.00","0","0","0","0.00","0","0"
"15138  :  โรงพยาบาลเมืองสมุทรบางปูโรงพยาบาลทั่วไปขนาดเล็ก","24","2","8.33","1","4.17","1","0","1","4.17","1","0"
"28785  :  โรงพยาบาลบางเสาธง","1","0","0.00","0","0.00","0","0","0","0.00","0","0"
"10686  :  โรงพยาบาลพระนั่งเกล้า","0","0","0.00","0","0.00","0","0","0","0.00","0","0"
"10756  :  โรงพยาบาลบางกรวย","7","0","0.00","0","0.00","0","0","0","0.00","0","0"
"10757  :  โรงพยาบาลบางใหญ่","15","0","0.00","0","0.00","0","0","0","0.00","0","0"
"10758  :  โรงพยาบาลบางบัวทอง","12","0","0.00","0","0.00","0","0","0","0.00","0","0"
"10759  :  โรงพยาบาลไทรน้อย","100","2","2.00","2","2.00","2","0","0","0.00","0","0"
"10760  :  โรงพยาบาลปากเกร็ด","50","1","2.00","1","2.00","1","0","0","0.00","0","0"
"11781  :  โรงพยาบาลนนทเวช","0","0","0.00","0","0.00","0","0","0","0.00","0","0"
"11786  :  โรงพยาบาลอนันต์พัฒนา 2","0","0","0.00","0","0.00","0","0","0","0.00","0","0"
"11787  :  โรงพยาบาลเกษมราษฎร์อินเตอร์เนชั่นแนล รัตนาธิเบศร์โรงพยาบาลทั่วไปขนาดใหญ่","0","0","0.00","0","0.00","0","0","0","0.00","0","0"
"12256  :  สถาบันโรคทรวงอก","0","0","0.00","0","0.00","0","0","0","0.00","0","0"
"12257  :  สถาบันบำราศนราดูร","0","0","0.00","0","0.00","0","0","0","0.00","0","0"
"12258  :  สถาบันสิรินธรเพื่อการฟื้นฟูสมรรถภาพทางการแพทย์แห่งชาติ","0","0","0.00","0","0.00","0","0","0","0.00","0","0"
"12260  :  โรงพยาบาลศรีธัญญา","0","0","0.00","0","0.00","0","0","0","0.00","0","0"
"13815  :  ศูนย์การแพทย์ปัญญานันทภิกขุ ชลประทาน มหาวิทยาลัยศรีนครินทรวิโรฒ","17","0","0.00","0","0.00","0","0","0","0.00","0","0"
"22127  :  โรงพยาบาลชลลดา","0","0","0.00","0","0.00","0","0","0","0.00","0","0"
"28875  :  โรงพยาบาลบางบัวทอง ๒","12","0","0.00","0","0.00","0","0","0","0.00","0","0"
"10687  :  โรงพยาบาลปทุมธานี","0","0","0.00","0","0.00","0","0","0","0.00","0","0"
"10761  :  โรงพยาบาลคลองหลวง","5","0","0.00","0","0.00","0","0","0","0.00","0","0"
"10762  :  โรงพยาบาลธัญบุรี","15","0","0.00","0","0.00","0","0","0","0.00","0","0"
"10763  :  โรงพยาบาลประชาธิปัตย์","26","16","61.54","16","61.54","16","0","0","0.00","0","0"
"10764  :  โรงพยาบาลหนองเสือ","12","0","0.00","0","0.00","0","0","0","0.00","0","0"
"10765  :  โรงพยาบาลลาดหลุมแก้ว","19","0","0.00","0","0.00","0","0","0","0.00","0","0"
"10766  :  โรงพยาบาลลำลูกกา","0","0","0.00","0","0.00","0","0","0","0.00","0","0"
"10767  :  โรงพยาบาลสามโคก","14","0","0.00","0","0.00","0","0","0","0.00","0","0"
"12262  :  สถาบันบำบัดรักษาและฟื้นฟูผู้ติดยาเสพติดแห่งชาติบรมราชชนนี","0","0","0.00","0","0.00","0","0","0","0.00","0","0"
"14923  :  โรงพยาบาลมหาวชิราลงกรณ ธัญบุรี","0","0","0.00","0","0.00","0","0","0","0.00","0","0"
"10660  :  โรงพยาบาลพระนครศรีอยุธยา","0","0","0.00","0","0.00","0","0","0","0.00","0","0"
"10688  :  โรงพยาบาลเสนา","6","0","0.00","0","0.00","0","0","0","0.00","0","0"
"10768  :  โรงพยาบาลท่าเรือ","51","0","0.00","0","0.00","0","0","0","0.00","0","0"
"10769  :  โรงพยาบาลสมเด็จพระสังฆราชเจ้า กรมหลวงชินวราลงกรณ (วาสนมหาเถร)","1","0","0.00","0","0.00","0","0","0","0.00","0","0"
"10770  :  โรงพยาบาลบางไทร","28","0","0.00","0","0.00","0","0","0","0.00","0","0"
"10771  :  โรงพยาบาลบางบาล","6","2","33.33","2","33.33","2","0","0","0.00","0","0"
"10772  :  โรงพยาบาลบางปะอิน","56","1","1.79","1","1.79","1","0","0","0.00","0","0"
"10773  :  โรงพยาบาลบางปะหัน","9","0","0.00","0","0.00","0","0","0","0.00","0","0"
"10774  :  โรงพยาบาลผักไห่","9","0","0.00","0","0.00","0","0","0","0.00","0","0"
"10775  :  โรงพยาบาลภาชี","37","1","2.70","1","2.70","1","0","0","0.00","0","0"
"10776  :  โรงพยาบาลลาดบัวหลวง","15","8","53.33","8","53.33","8","0","0","0.00","0","0"
"10777  :  โรงพยาบาลวังน้อย","45","8","17.78","8","17.78","8","0","0","0.00","0","0"
"10778  :  โรงพยาบาลบางซ้าย","13","2","15.38","2","15.38","2","0","0","0.00","0","0"
"10779  :  โรงพยาบาลอุทัย","5","0","0.00","0","0.00","0","0","0","0.00","0","0"
"10780  :  โรงพยาบาลมหาราช","3","0","0.00","0","0.00","0","0","0","0.00","0","0"
"10781  :  โรงพยาบาลบ้านแพรก","9","0","0.00","0","0.00","0","0","0","0.00","0","0"
"10689  :  โรงพยาบาลอ่างทอง","6","1","16.67","0","0.00","0","0","1","16.67","1","0"
"10782  :  โรงพยาบาลไชโย","10","0","0.00","0","0.00","0","0","0","0.00","0","0"
"10784  :  โรงพยาบาลป่าโมก","18","0","0.00","0","0.00","0","0","0","0.00","0","0"
"10785  :  โรงพยาบาลโพธิ์ทอง","20","0","0.00","0","0.00","0","0","0","0.00","0","0"
"10786  :  โรงพยาบาลแสวงหา","36","0","0.00","0","0.00","0","0","0","0.00","0","0"
"10787  :  โรงพยาบาลวิเศษชัยชาญ","24","0","0.00","0","0.00","0","0","0","0.00","0","0"
"10788  :  โรงพยาบาลสามโก้","1","0","0.00","0","0.00","0","0","0","0.00","0","0"
"10690  :  โรงพยาบาลพระนารายณ์มหาราช","0","0","0.00","0","0.00","0","0","0","0.00","0","0"
"10691  :  โรงพยาบาลบ้านหมี่","3","0","0.00","0","0.00","0","0","0","0.00","0","0"
"10789  :  โรงพยาบาลพัฒนานิคม","58","0","0.00","0","0.00","0","0","0","0.00","0","0"
"10790  :  โรงพยาบาลโคกสำโรง","77","0","0.00","0","0.00","0","0","0","0.00","0","0"
"10791  :  โรงพยาบาลชัยบาดาล","65","0","0.00","0","0.00","0","0","0","0.00","0","0"
"10792  :  โรงพยาบาลท่าวุ้ง","23","0","0.00","0","0.00","0","0","0","0.00","0","0"
"10793  :  โรงพยาบาลท่าหลวง","34","24","70.59","18","52.94","18","0","10","29.41","10","0"
"10794  :  โรงพยาบาลสระโบสถ์","39","0","0.00","0","0.00","0","0","0","0.00","0","0"
"10795  :  โรงพยาบาลโคกเจริญ","21","0","0.00","0","0.00","0","0","0","0.00","0","0"
"10796  :  โรงพยาบาลลำสนธิ","22","0","0.00","0","0.00","0","0","0","0.00","0","0"
"10797  :  โรงพยาบาลหนองม่วง","28","0","0.00","0","0.00","0","0","0","0.00","0","0"
"14199  :  โรงพยาบาลมะเร็งลพบุรี","0","0","0.00","0","0.00","0","0","0","0.00","0","0"
"14928  :  โรงพยาบาลกองบิน 2","0","0","0.00","0","0.00","0","0","0","0.00","0","0"
"10692  :  โรงพยาบาลสิงห์บุรี","23","1","4.35","1","4.35","1","0","1","4.35","1","0"
"10693  :  โรงพยาบาลอินทร์บุรี","9","7","77.78","7","77.78","7","0","5","55.56","5","0"
"10798  :  โรงพยาบาลบางระจัน","20","1","5.00","1","5.00","1","0","1","5.00","1","0"
"10799  :  โรงพยาบาลค่ายบางระจัน","57","2","3.51","2","3.51","2","0","2","3.51","2","0"
"10800  :  โรงพยาบาลพรหมบุรี","37","1","2.70","1","2.70","1","0","1","2.70","1","0"
"10801  :  โรงพยาบาลท่าช้าง","14","0","0.00","0","0.00","0","0","0","0.00","0","0"
"10694  :  โรงพยาบาลชัยนาทนเรนทร","0","0","0.00","0","0.00","0","0","0","0.00","0","0"
"10802  :  โรงพยาบาลมโนรมย์","42","23","54.76","23","54.76","23","0","0","0.00","0","0"
"10803  :  โรงพยาบาลวัดสิงห์","23","0","0.00","0","0.00","0","0","0","0.00","0","0"
"10804  :  โรงพยาบาลสรรพยา","9","0","0.00","0","0.00","0","0","0","0.00","0","0"
"10805  :  โรงพยาบาลสรรคบุรี","40","0","0.00","0","0.00","0","0","0","0.00","0","0"
"10806  :  โรงพยาบาลหันคา","42","0","0.00","0","0.00","0","0","0","0.00","0","0"
"27974  :  โรงพยาบาลหนองมะโมง","8","0","0.00","0","0.00","0","0","0","0.00","0","0"
"27975  :  โรงพยาบาลเนินขาม","0","0","0.00","0","0.00","0","0","0","0.00","0","0"
"10661  :  โรงพยาบาลสระบุรี","0","0","0.00","0","0.00","0","0","0","0.00","0","0"
"10695  :  โรงพยาบาลพระพุทธบาท","0","0","0.00","0","0.00","0","0","0","0.00","0","0"
"10807  :  โรงพยาบาลแก่งคอย","77","10","12.99","10","12.99","9","1","0","0.00","0","0"
"10808  :  โรงพยาบาลหนองแค","75","5","6.67","4","5.33","4","0","1","1.33","1","0"
"10809  :  โรงพยาบาลวิหารแดง","42","0","0.00","0","0.00","0","0","0","0.00","0","0"
"10810  :  โรงพยาบาลหนองแซง","21","0","0.00","0","0.00","0","0","0","0.00","0","0"
"10811  :  โรงพยาบาลบ้านหมอ","27","1","3.70","0","0.00","0","0","1","3.70","1","0"
"10812  :  โรงพยาบาลดอนพุด","0","0","0.00","0","0.00","0","0","0","0.00","0","0"
"10813  :  โรงพยาบาลหนองโดน","35","0","0.00","0","0.00","0","0","0","0.00","0","0"
"10814  :  โรงพยาบาลเสาไห้เฉลิมพระเกียรติ80พรรษา","18","7","38.89","0","0.00","0","0","7","38.89","7","0"
"10815  :  โรงพยาบาลมวกเหล็ก","62","2","3.23","1","1.61","1","0","1","1.61","1","0"
"10816  :  โรงพยาบาลวังม่วงสัทธรรม","30","0","0.00","0","0.00","0","0","0","0.00","0","0"
"11485  :  โรงพยาบาลค่ายอดิศร","66","0","0.00","0","0.00","0","0","0","0.00","0","0"
"10662  :  โรงพยาบาลชลบุรี","0","0","0.00","0","0.00","0","0","0","0.00","0","0"
"10817  :  โรงพยาบาลบ้านบึง","268","122","45.52","18","6.72","18","0","111","41.42","111","0"
"10818  :  โรงพยาบาลหนองใหญ่","45","5","11.11","5","11.11","5","0","0","0.00","0","0"
"10819  :  โรงพยาบาลบางละมุง","96","33","34.38","31","32.29","29","2","6","6.25","6","0"
"10820  :  โรงพยาบาลวัดญาณสังวราราม","3","0","0.00","0","0.00","0","0","0","0.00","0","0"
"10821  :  โรงพยาบาลพานทอง","94","9","9.57","4","4.26","4","0","5","5.32","5","0"
"10822  :  โรงพยาบาลพนัสนิคม","45","11","24.44","11","24.44","10","1","0","0.00","0","0"
"10823  :  โรงพยาบาลแหลมฉบัง","589","140","23.77","62","10.53","62","0","98","16.64","98","0"
"10824  :  โรงพยาบาลเกาะสีชัง","26","14","53.85","14","53.85","14","0","1","3.85","1","0"
"10825  :  โรงพยาบาลสัตหีบกม10","111","1","0.90","1","0.90","1","0","1","0.90","1","0"
"10826  :  โรงพยาบาลบ่อทอง","35","3","8.57","3","8.57","3","0","0","0.00","0","0"
"11486  :  โรงพยาบาลค่ายนวมินทราชินี","20","0","0.00","0","0.00","0","0","0","0.00","0","0"
"11487  :  โรงพยาบาลอาภากรเกียรติวงศ์","0","0","0.00","0","0.00","0","0","0","0.00","0","0"
"13754  :  โรงพยาบาลสมเด็จพระบรมราชเทวี ณ ศรีราชา","467","50","10.71","45","9.64","45","0","9","1.93","9","0"
"13758  :  โรงพยาบาลสมเด็จพระนางเจ้าสิริกิติ์","0","0","0.00","0","0.00","0","0","0","0.00","0","0"
"13760  :  โรงพยาบาลมะเร็งชลบุรี","0","0","0.00","0","0.00","0","0","0","0.00","0","0"
"13766  :  โรงพยาบาลมหาวิทยาลัยบูรพา","30","2","6.67","2","6.67","2","0","0","0.00","0","0"
"28005  :  โรงพยาบาลเมืองพัทยา","62","8","12.90","8","12.90","8","0","2","3.23","2","0"
"28006  :  โรงพยาบาลเกาะจันทร์","39","15","38.46","15","38.46","15","0","0","0.00","0","0"
"10663  :  โรงพยาบาลระยอง","0","0","0.00","0","0.00","0","0","0","0.00","0","0"
"10827  :  โรงพยาบาลเฉลิมพระเกียรติสมเด็จพระเทพรัตนราชสุดาฯ สยามบรมราชกุมารี ระยอง","60","29","48.33","5","8.33","5","0","25","41.67","25","0"
"10828  :  โรงพยาบาลบ้านฉาง","77","4","5.19","2","2.60","2","0","2","2.60","2","0"
"10829  :  โรงพยาบาลแกลง","29","0","0.00","0","0.00","0","0","0","0.00","0","0"
"10830  :  โรงพยาบาลวังจันทร์","27","2","7.41","1","3.70","1","0","1","3.70","1","0"
"10831  :  โรงพยาบาลบ้านค่าย","23","4","17.39","4","17.39","4","0","0","0.00","0","0"
"10832  :  โรงพยาบาลปลวกแดง","156","1","0.64","0","0.00","0","0","1","0.64","1","0"
"22734  :  โรงพยาบาลเขาชะเมา เฉลิมพระเกียรติ 80 พรรษา","12","2","16.67","2","16.67","2","0","0","0.00","0","0"
"23962  :  โรงพยาบาลนิคมพัฒนา","19","2","10.53","0","0.00","0","0","2","10.53","2","0"
"10664  :  โรงพยาบาลพระปกเกล้า","0","0","0.00","0","0.00","0","0","0","0.00","0","0"
"10834  :  โรงพยาบาลขลุง","0","0","0.00","0","0.00","0","0","0","0.00","0","0"
"10835  :  โรงพยาบาลท่าใหม่","0","0","0.00","0","0.00","0","0","0","0.00","0","0"
"10836  :  โรงพยาบาลเขาสุกิม","19","2","10.53","2","10.53","2","0","0","0.00","0","0"
"10837  :  โรงพยาบาลสองพี่น้อง","30","0","0.00","0","0.00","0","0","0","0.00","0","0"
"10838  :  โรงพยาบาลโป่งน้ำร้อน","76","50","65.79","14","18.42","14","0","40","52.63","40","0"
"10839  :  โรงพยาบาลมะขาม","9","0","0.00","0","0.00","0","0","0","0.00","0","0"
"10840  :  โรงพยาบาลแหลมสิงห์","0","0","0.00","0","0.00","0","0","0","0.00","0","0"
"10841  :  โรงพยาบาลสอยดาว","0","0","0.00","0","0.00","0","0","0","0.00","0","0"
"10842  :  โรงพยาบาลแก่งหางแมว","28","0","0.00","0","0.00","0","0","0","0.00","0","0"
"10843  :  โรงพยาบาลนายายอาม","15","0","0.00","0","0.00","0","0","0","0.00","0","0"
"10844  :  โรงพยาบาลเขาคิชฌกูฏ","27","11","40.74","11","40.74","11","0","1","3.70","1","0"
"10696  :  โรงพยาบาลตราด","12","0","0.00","0","0.00","0","0","0","0.00","0","0"
"10845  :  โรงพยาบาลคลองใหญ่","70","0","0.00","0","0.00","0","0","0","0.00","0","0"
"10846  :  โรงพยาบาลเขาสมิง","66","0","0.00","0","0.00","0","0","0","0.00","0","0"
"10847  :  โรงพยาบาลบ่อไร่","42","1","2.38","1","2.38","1","0","0","0.00","0","0"
"10848  :  โรงพยาบาลแหลมงอบ","44","0","0.00","0","0.00","0","0","0","0.00","0","0"
"10849  :  โรงพยาบาลเกาะกูด","17","1","5.88","1","5.88","1","0","0","0.00","0","0"
"13816  :  โรงพยาบาลเกาะช้าง","5","0","0.00","0","0.00","0","0","0","0.00","0","0"
"10697  :  โรงพยาบาลพุทธโสธร","0","0","0.00","0","0.00","0","0","0","0.00","0","0"
"10833  :  โรงพยาบาลท่าตะเกียบ","30","3","10.00","3","10.00","3","0","1","3.33","1","0"
"10850  :  โรงพยาบาลบางคล้า","69","4","5.80","1","1.45","1","0","3","4.35","3","0"
"10851  :  โรงพยาบาลบางน้ำเปรี้ยว","1","0","0.00","0","0.00","0","0","0","0.00","0","0"
"10852  :  โรงพยาบาลบางปะกง","0","0","0.00","0","0.00","0","0","0","0.00","0","0"
"10853  :  โรงพยาบาลบ้านโพธิ์","11","7","63.64","7","63.64","7","0","2","18.18","2","0"
"10854  :  โรงพยาบาลพนมสารคาม","55","3","5.45","2","3.64","2","0","1","1.82","1","0"
"10855  :  โรงพยาบาลสนามชัยเขต","33","10","30.30","4","12.12","4","0","7","21.21","7","0"
"10856  :  โรงพยาบาลแปลงยาว","85","39","45.88","32","37.65","32","0","12","14.12","12","0"
"13747  :  โรงพยาบาลราชสาส์น","49","0","0.00","0","0.00","0","0","0","0.00","0","0"
"31327  :  โรงพยาบาลคลองเขื่อน","0","0","0.00","0","0.00","0","0","0","0.00","0","0"
"10665  :  โรงพยาบาลเจ้าพระยาอภัยภูเบศร","7","0","0.00","0","0.00","0","0","0","0.00","0","0"
"10857  :  โรงพยาบาลกบินทร์บุรี","45","0","0.00","0","0.00","0","0","0","0.00","0","0"
"10858  :  โรงพยาบาลนาดี","34","0","0.00","0","0.00","0","0","0","0.00","0","0"
"10859  :  โรงพยาบาลบ้านสร้าง","23","1","4.35","0","0.00","0","0","1","4.35","1","0"
"10860  :  โรงพยาบาลประจันตคาม","51","0","0.00","0","0.00","0","0","0","0.00","0","0"
"10861  :  โรงพยาบาลศรีมหาโพธิ","47","0","0.00","0","0.00","0","0","0","0.00","0","0"
"10862  :  โรงพยาบาลศรีมโหสถ","59","45","76.27","5","8.47","5","0","44","74.58","44","0"
"11490  :  โรงพยาบาลค่ายจักรพงษ์","9","0","0.00","0","0.00","0","0","0","0.00","0","0"
"10698  :  โรงพยาบาลนครนายก","57","29","50.88","29","50.88","29","0","5","8.77","5","0"
"10863  :  โรงพยาบาลปากพลี","6","4","66.67","4","66.67","4","0","1","16.67","1","0"
"10864  :  โรงพยาบาลบ้านนา","28","7","25.00","7","25.00","7","0","0","0.00","0","0"
"10865  :  โรงพยาบาลองครักษ์","7","2","28.57","2","28.57","2","0","0","0.00","0","0"
"11491  :  โรงพยาบาลรร.นายร้อยพระจุลจอมเกล้า","1","0","0.00","0","0.00","0","0","0","0.00","0","0"
"14904  :  โรงพยาบาลศูนย์การแพทย์สมเด็จพระเทพรัตนราชสุดาฯ","0","0","0.00","0","0.00","0","0","0","0.00","0","0"
"10699  :  โรงพยาบาลสมเด็จพระยุพราชสระแก้ว","2","1","50.00","1","50.00","1","0","0","0.00","0","0"
"10866  :  โรงพยาบาลคลองหาด","79","44","55.70","43","54.43","43","0","5","6.33","5","0"
"10867  :  โรงพยาบาลตาพระยา","18","0","0.00","0","0.00","0","0","0","0.00","0","0"
"10868  :  โรงพยาบาลวังน้ำเย็น","117","84","71.79","70","59.83","66","4","35","29.91","35","0"
"10869  :  โรงพยาบาลวัฒนานคร","66","48","72.73","48","72.73","48","0","1","1.52","1","0"
"10870  :  โรงพยาบาลอรัญประเทศ","36","1","2.78","1","2.78","1","0","0","0.00","0","0"
"13817  :  โรงพยาบาลเขาฉกรรจ์","37","18","48.65","13","35.14","13","0","15","40.54","15","0"
"14717  :  โรงพยาบาลจิตเวชสระแก้วราชนครินทร์","0","0","0.00","0","0.00","0","0","0","0.00","0","0"
"10666  :  โรงพยาบาลมหาราชนครราชสีมา","0","0","0.00","0","0.00","0","0","0","0.00","0","0"
"10871  :  โรงพยาบาลครบุรี","49","9","18.37","9","18.37","6","3","0","0.00","0","0"
"10872  :  โรงพยาบาลเสิงสาง","39","1","2.56","1","2.56","1","0","1","2.56","1","0"
"10873  :  โรงพยาบาลคง","25","0","0.00","0","0.00","0","0","0","0.00","0","0"
"10874  :  โรงพยาบาลบ้านเหลื่อม","30","20","66.67","14","46.67","14","0","9","30.00","9","0"
"10875  :  โรงพยาบาลจักราช","60","0","0.00","0","0.00","0","0","0","0.00","0","0"
"10876  :  โรงพยาบาลโชคชัย","82","13","15.85","10","12.20","1","9","3","3.66","3","0"
"10877  :  โรงพยาบาลด่านขุนทด","49","1","2.04","1","2.04","1","0","0","0.00","0","0"
"10878  :  โรงพยาบาลโนนไทย","45","4","8.89","1","2.22","1","0","3","6.67","3","0"
"10879  :  โรงพยาบาลโนนสูง","36","24","66.67","22","61.11","22","0","2","5.56","2","0"
"10880  :  โรงพยาบาลขามสะแกแสง","22","1","4.55","0","0.00","0","0","1","4.55","1","0"
"10881  :  โรงพยาบาลบัวใหญ่","25","2","8.00","2","8.00","2","0","0","0.00","0","0"
"10882  :  โรงพยาบาลประทาย","23","6","26.09","6","26.09","6","0","0","0.00","0","0"
"10883  :  โรงพยาบาลปักธงชัย","39","0","0.00","0","0.00","0","0","0","0.00","0","0"
"10884  :  โรงพยาบาลพิมาย","45","1","2.22","0","0.00","0","0","1","2.22","1","0"
"10885  :  โรงพยาบาลห้วยแถลง","34","2","5.88","1","2.94","0","1","1","2.94","1","0"
"10886  :  โรงพยาบาลชุมพวง","56","7","12.50","4","7.14","4","0","3","5.36","3","0"
"10887  :  โรงพยาบาลสูงเนิน","151","10","6.62","10","6.62","10","0","0","0.00","0","0"
"10888  :  โรงพยาบาลขามทะเลสอ","30","2","6.67","1","3.33","1","0","1","3.33","1","0"
"10889  :  โรงพยาบาลสีคิ้ว","109","43","39.45","38","34.86","38","0","14","12.84","14","0"
"10890  :  โรงพยาบาลปากช่องนานา","35","1","2.86","1","2.86","1","0","0","0.00","0","0"
"10891  :  โรงพยาบาลหนองบุญมาก","19","6","31.58","5","26.32","4","1","2","10.53","1","1"
"10892  :  โรงพยาบาลแก้งสนามนาง","1","0","0.00","0","0.00","0","0","0","0.00","0","0"
"10893  :  โรงพยาบาลโนนแดง","21","1","4.76","1","4.76","0","1","0","0.00","0","0"
"10894  :  โรงพยาบาลวังน้ำเขียว","18","2","11.11","0","0.00","0","0","2","11.11","0","2"
"11492  :  โรงพยาบาลค่ายสุรนารี นครราชสีมา","19","1","5.26","1","5.26","1","0","0","0.00","0","0"
"11602  :  โรงพยาบาลเฉลิมพระเกียรติสมเด็จย่า 100 ปี","4","0","0.00","0","0.00","0","0","0","0.00","0","0"
"11608  :  โรงพยาบาลลำทะเมนชัย","16","11","68.75","11","68.75","11","0","0","0.00","0","0"
"11885  :  โรงพยาบาลเดอะโกลเดนเกท","39","6","15.38","3","7.69","3","0","3","7.69","3","0"
"11891  :  โรงพยาบาลราชสีมาฮอสพิทอล","58","3","5.17","1","1.72","1","0","2","3.45","2","0"
"12267  :  ศูนย์อนามัยที่ 9 นครราชสีมา","7","0","0.00","0","0.00","0","0","0","0.00","0","0"
"12268  :  โรงพยาบาลจิตเวชนครราชสีมาราชนครินทร์","1","0","0.00","0","0.00","0","0","0","0.00","0","0"
"14161  :  โรงพยาบาลกองบิน กองบิน1","4","0","0.00","0","0.00","0","0","0","0.00","0","0"
"22456  :  โรงพยาบาลพระทองคำ เฉลิมพระเกียรติ 80 พรรษา","10","1","10.00","1","10.00","1","0","1","10.00","1","0"
"23839  :  โรงพยาบาลเทพรัตน์นครราชสีมา","39","0","0.00","0","0.00","0","0","0","0.00","0","0"
"24060  :  โรงพยาบาลมหาวิทยาลัยเทคโนโลยีสุรนารี","6","0","0.00","0","0.00","0","0","0","0.00","0","0"
"24692  :  โรงพยาบาลเฉลิมพระเกียรติ","14","1","7.14","1","7.14","1","0","0","0.00","0","0"
"27839  :  โรงพยาบาลบัวลาย","16","1","6.25","1","6.25","1","0","0","0.00","0","0"
"27840  :  โรงพยาบาลสีดา","9","0","0.00","0","0.00","0","0","0","0.00","0","0"
"27841  :  โรงพยาบาลเทพารักษ์","21","0","0.00","0","0.00","0","0","0","0.00","0","0"
"10667  :  โรงพยาบาลบุรีรัมย์","0","0","0.00","0","0.00","0","0","0","0.00","0","0"
"10895  :  โรงพยาบาลคูเมือง","97","0","0.00","0","0.00","0","0","0","0.00","0","0"
"10896  :  โรงพยาบาลกระสัง","32","0","0.00","0","0.00","0","0","0","0.00","0","0"
"10897  :  โรงพยาบาลนางรอง","102","1","0.98","0","0.00","0","0","1","0.98","1","0"
"10898  :  โรงพยาบาลหนองกี่","37","0","0.00","0","0.00","0","0","0","0.00","0","0"
"10899  :  โรงพยาบาลละหานทราย","37","0","0.00","0","0.00","0","0","0","0.00","0","0"
"10900  :  โรงพยาบาลประโคนชัย","43","0","0.00","0","0.00","0","0","0","0.00","0","0"
"10901  :  โรงพยาบาลบ้านกรวด","86","1","1.16","0","0.00","0","0","1","1.16","1","0"
"10902  :  โรงพยาบาลพุทไธสง","37","0","0.00","0","0.00","0","0","0","0.00","0","0"
"10904  :  โรงพยาบาลลำปลายมาศ","0","0","0.00","0","0.00","0","0","0","0.00","0","0"
"10905  :  โรงพยาบาลสตึก","92","0","0.00","0","0.00","0","0","0","0.00","0","0"
"10906  :  โรงพยาบาลปะคำ","28","0","0.00","0","0.00","0","0","0","0.00","0","0"
"10907  :  โรงพยาบาลนาโพธิ์","12","0","0.00","0","0.00","0","0","0","0.00","0","0"
"10908  :  โรงพยาบาลหนองหงส์","17","0","0.00","0","0.00","0","0","0","0.00","0","0"
"10909  :  โรงพยาบาลพลับพลาชัย","25","0","0.00","0","0.00","0","0","0","0.00","0","0"
"10910  :  โรงพยาบาลห้วยราช","17","0","0.00","0","0.00","0","0","0","0.00","0","0"
"10911  :  โรงพยาบาลโนนสุวรรณ","30","0","0.00","0","0.00","0","0","0","0.00","0","0"
"10912  :  โรงพยาบาลชำนิ","18","0","0.00","0","0.00","0","0","0","0.00","0","0"
"10913  :  โรงพยาบาลบ้านใหม่ไชยพจน์","11","0","0.00","0","0.00","0","0","0","0.00","0","0"
"10914  :  โรงพยาบาลโนนดินแดง","22","0","0.00","0","0.00","0","0","0","0.00","0","0"
"11493  :  โรงพยาบาลค่ายสมเด็จเจ้าพระยามหากษัตริย์ศึก","9","0","0.00","0","0.00","0","0","0","0.00","0","0"
"11619  :  โรงพยาบาลเฉลิมพระเกียรติ","11","0","0.00","0","0.00","0","0","0","0.00","0","0"
"23578  :  โรงพยาบาลแคนดง","33","0","0.00","0","0.00","0","0","0","0.00","0","0"
"28020  :  โรงพยาบาลบ้านด่าน","39","0","0.00","0","0.00","0","0","0","0.00","0","0"
"10668  :  โรงพยาบาลสุรินทร์","53","0","0.00","0","0.00","0","0","0","0.00","0","0"
"10915  :  โรงพยาบาลชุมพลบุรี","42","2","4.76","2","4.76","2","0","0","0.00","0","0"
"10916  :  โรงพยาบาลท่าตูม","94","1","1.06","0","0.00","0","0","1","1.06","0","1"
"10917  :  โรงพยาบาลจอมพระ","37","0","0.00","0","0.00","0","0","0","0.00","0","0"
"10918  :  โรงพยาบาลปราสาท","79","0","0.00","0","0.00","0","0","0","0.00","0","0"
"10919  :  โรงพยาบาลกาบเชิง","59","0","0.00","0","0.00","0","0","0","0.00","0","0"
"10920  :  โรงพยาบาลรัตนบุรี","57","0","0.00","0","0.00","0","0","0","0.00","0","0"
"10921  :  โรงพยาบาลสนม","21","0","0.00","0","0.00","0","0","0","0.00","0","0"
"10922  :  โรงพยาบาลศีขรภูมิ","61","0","0.00","0","0.00","0","0","0","0.00","0","0"
"10923  :  โรงพยาบาลสังขะ","59","0","0.00","0","0.00","0","0","0","0.00","0","0"
"10924  :  โรงพยาบาลลำดวน","50","0","0.00","0","0.00","0","0","0","0.00","0","0"
"10925  :  โรงพยาบาลสำโรงทาบ","22","0","0.00","0","0.00","0","0","0","0.00","0","0"
"10926  :  โรงพยาบาลบัวเชด","62","0","0.00","0","0.00","0","0","0","0.00","0","0"
"11494  :  โรงพยาบาลค่ายวีรวัฒน์โยธิน","4","0","0.00","0","0.00","0","0","0","0.00","0","0"
"22302  :  โรงพยาบาลพนมดงรัก เฉลิมพระเกียรติ 80 พรรษา","18","0","0.00","0","0.00","0","0","0","0.00","0","0"
"27842  :  โรงพยาบาลเขวาสินรินทร์","7","0","0.00","0","0.00","0","0","0","0.00","0","0"
"27843  :  โรงพยาบาลศรีณรงค์","11","0","0.00","0","0.00","0","0","0","0.00","0","0"
"27844  :  โรงพยาบาลโนนนารายณ์","5","0","0.00","0","0.00","0","0","0","0.00","0","0"
"10700  :  โรงพยาบาลศรีสะเกษ","29","0","0.00","0","0.00","0","0","0","0.00","0","0"
"10927  :  โรงพยาบาลยางชุมน้อย","8","0","0.00","0","0.00","0","0","0","0.00","0","0"
"10928  :  โรงพยาบาลกันทรารมย์","34","6","17.65","5","14.71","5","0","1","2.94","1","0"
"10929  :  โรงพยาบาลกันทรลักษ์","73","0","0.00","0","0.00","0","0","0","0.00","0","0"
"10930  :  โรงพยาบาลขุขันธ์","49","1","2.04","1","2.04","1","0","0","0.00","0","0"
"10931  :  โรงพยาบาลไพรบึง","77","0","0.00","0","0.00","0","0","0","0.00","0","0"
"10932  :  โรงพยาบาลปรางค์กู่","20","0","0.00","0","0.00","0","0","0","0.00","0","0"
"10933  :  โรงพยาบาลขุนหาญ","36","0","0.00","0","0.00","0","0","0","0.00","0","0"
"10934  :  โรงพยาบาลราษีไศล","28","0","0.00","0","0.00","0","0","0","0.00","0","0"
"10935  :  โรงพยาบาลอุทุมพรพิสัย","26","2","7.69","1","3.85","1","0","1","3.85","1","0"
"10936  :  โรงพยาบาลบึงบูรพ์","11","1","9.09","1","9.09","1","0","0","0.00","0","0"
"10937  :  โรงพยาบาลห้วยทับทัน","18","0","0.00","0","0.00","0","0","0","0.00","0","0"
"10938  :  โรงพยาบาลโนนคูณ","9","0","0.00","0","0.00","0","0","0","0.00","0","0"
"10939  :  โรงพยาบาลศรีรัตนะ","17","0","0.00","0","0.00","0","0","0","0.00","0","0"
"10940  :  โรงพยาบาลวังหิน","23","0","0.00","0","0.00","0","0","0","0.00","0","0"
"10941  :  โรงพยาบาลน้ำเกลี้ยง","12","0","0.00","0","0.00","0","0","0","0.00","0","0"
"10942  :  โรงพยาบาลภูสิงห์","40","0","0.00","0","0.00","0","0","0","0.00","0","0"
"10943  :  โรงพยาบาลเมืองจันทร์","7","0","0.00","0","0.00","0","0","0","0.00","0","0"
"23125  :  โรงพยาบาลเบญจลักษ์เฉลิมพระเกียรติ 80 พรรษา","12","0","0.00","0","0.00","0","0","0","0.00","0","0"
"28014  :  โรงพยาบาลพยุห์","11","0","0.00","0","0.00","0","0","0","0.00","0","0"
"28015  :  โรงพยาบาลโพธิ์ศรีสุวรรณ","2","0","0.00","0","0.00","0","0","0","0.00","0","0"
"28016  :  โรงพยาบาลศิลาลาด","8","0","0.00","0","0.00","0","0","0","0.00","0","0"
"10669  :  โรงพยาบาลสรรพสิทธิประสงค์","0","0","0.00","0","0.00","0","0","0","0.00","0","0"
"10944  :  โรงพยาบาลศรีเมืองใหม่","0","0","0.00","0","0.00","0","0","0","0.00","0","0"
"10945  :  โรงพยาบาลโขงเจียม","41","0","0.00","0","0.00","0","0","0","0.00","0","0"
"10946  :  โรงพยาบาลเขื่องใน","0","0","0.00","0","0.00","0","0","0","0.00","0","0"
"10947  :  โรงพยาบาลเขมราฐ","88","1","1.14","1","1.14","1","0","0","0.00","0","0"
"10948  :  โรงพยาบาลนาจะหลวย","58","0","0.00","0","0.00","0","0","0","0.00","0","0"
"10949  :  โรงพยาบาลน้ำยืน","0","0","0.00","0","0.00","0","0","0","0.00","0","0"
"10950  :  โรงพยาบาลบุณฑริก","55","0","0.00","0","0.00","0","0","0","0.00","0","0"
"10951  :  โรงพยาบาลตระการพืชผล","43","0","0.00","0","0.00","0","0","0","0.00","0","0"
"10952  :  โรงพยาบาลกุดข้าวปุ้น","33","0","0.00","0","0.00","0","0","0","0.00","0","0"
"10953  :  โรงพยาบาลม่วงสามสิบ","34","0","0.00","0","0.00","0","0","0","0.00","0","0"
"10954  :  โรงพยาบาลวารินชำราบ","0","0","0.00","0","0.00","0","0","0","0.00","0","0"
"10956  :  โรงพยาบาลพิบูลมังสาหาร","0","0","0.00","0","0.00","0","0","0","0.00","0","0"
"10957  :  โรงพยาบาลตาลสุม","29","0","0.00","0","0.00","0","0","0","0.00","0","0"
"10958  :  โรงพยาบาลโพธิ์ไทร","36","3","8.33","2","5.56","2","0","1","2.78","1","0"
"10959  :  โรงพยาบาลสำโรง","57","0","0.00","0","0.00","0","0","0","0.00","0","0"
"10960  :  โรงพยาบาลดอนมดแดง","23","0","0.00","0","0.00","0","0","0","0.00","0","0"
"10961  :  โรงพยาบาลสิรินธร","69","32","46.38","29","42.03","29","0","20","28.99","20","0"
"10962  :  โรงพยาบาลทุ่งศรีอุดม","35","29","82.86","26","74.29","26","0","27","77.14","27","0"
"11443  :  โรงพยาบาลสมเด็จพระยุพราชเดชอุดม","0","0","0.00","0","0.00","0","0","0","0.00","0","0"
"11495  :  โรงพยาบาลกองบิน 21","0","0","0.00","0","0.00","0","0","0","0.00","0","0"
"11496  :  โรงพยาบาลค่ายสรรพสิทธิประสงค์","0","0","0.00","0","0.00","0","0","0","0.00","0","0"
"11918  :  โรงพยาบาลเอกชนร่มเกล้า","59","0","0.00","0","0.00","0","0","0","0.00","0","0"
"12269  :  โรงพยาบาลพระศรีมหาโพธิ์","0","0","0.00","0","0.00","0","0","0","0.00","0","0"
"12270  :  โรงพยาบาลส่งเสริมสุขภาพ ศูนย์อนามัยที่ 10","0","0","0.00","0","0.00","0","0","0","0.00","0","0"
"21984  :  โรงพยาบาล 50 พรรษา มหาวชิราลงกรณ","0","0","0.00","0","0.00","0","0","0","0.00","0","0"
"24032  :  โรงพยาบาลนาตาล","7","0","0.00","0","0.00","0","0","0","0.00","0","0"
"24821  :  โรงพยาบาลนาเยีย","0","0","0.00","0","0.00","0","0","0","0.00","0","0"
"27967  :  โรงพยาบาลสว่างวีระวงศ์","0","0","0.00","0","0.00","0","0","0","0.00","0","0"
"27968  :  โรงพยาบาลน้ำขุ่น","0","0","0.00","0","0.00","0","0","0","0.00","0","0"
"27976  :  โรงพยาบาลเหล่าเสือโก้ก","12","3","25.00","0","0.00","0","0","3","25.00","3","0"
"10701  :  โรงพยาบาลยโสธร","0","0","0.00","0","0.00","0","0","0","0.00","0","0"
"10963  :  โรงพยาบาลทรายมูล","0","0","0.00","0","0.00","0","0","0","0.00","0","0"
"10964  :  โรงพยาบาลกุดชุม","0","0","0.00","0","0.00","0","0","0","0.00","0","0"
"10965  :  โรงพยาบาลคำเขื่อนแก้ว","21","0","0.00","0","0.00","0","0","0","0.00","0","0"
"10966  :  โรงพยาบาลป่าติ้ว","33","3","9.09","2","6.06","2","0","1","3.03","1","0"
"10967  :  โรงพยาบาลมหาชนะชัย","28","14","50.00","13","46.43","13","0","1","3.57","1","0"
"10968  :  โรงพยาบาลค้อวัง","18","17","94.44","14","77.78","14","0","16","88.89","16","0"
"10969  :  โรงพยาบาลไทยเจริญ","14","0","0.00","0","0.00","0","0","0","0.00","0","0"
"11444  :  โรงพยาบาลสมเด็จพระยุพราชเลิงนกทา","69","0","0.00","0","0.00","0","0","0","0.00","0","0"
"11921  :  โรงพยาบาลนายแพทย์หาญ","1","0","0.00","0","0.00","0","0","0","0.00","0","0"
"04007  :  โรงพยาบาลซับใหญ่","23","0","0.00","0","0.00","0","0","0","0.00","0","0"
"10702  :  โรงพยาบาลชัยภูมิ","0","0","0.00","0","0.00","0","0","0","0.00","0","0"
"10970  :  โรงพยาบาลบ้านเขว้า","64","0","0.00","0","0.00","0","0","0","0.00","0","0"
"10971  :  โรงพยาบาลคอนสวรรค์","36","0","0.00","0","0.00","0","0","0","0.00","0","0"
"10972  :  โรงพยาบาลเกษตรสมบูรณ์","20","0","0.00","0","0.00","0","0","0","0.00","0","0"
"10973  :  โรงพยาบาลหนองบัวแดง","90","0","0.00","0","0.00","0","0","0","0.00","0","0"
"10974  :  โรงพยาบาลจัตุรัส","40","0","0.00","0","0.00","0","0","0","0.00","0","0"
"10975  :  โรงพยาบาลบำเหน็จณรงค์","86","0","0.00","0","0.00","0","0","0","0.00","0","0"
"10976  :  โรงพยาบาลหนองบัวระเหว","24","0","0.00","0","0.00","0","0","0","0.00","0","0"
"10977  :  โรงพยาบาลเทพสถิต","86","0","0.00","0","0.00","0","0","0","0.00","0","0"
"10978  :  โรงพยาบาลภูเขียวเฉลิมพระเกียรติ","55","1","1.82","0","0.00","0","0","1","1.82","1","0"
"10979  :  โรงพยาบาลบ้านแท่น","33","0","0.00","0","0.00","0","0","0","0.00","0","0"
"10980  :  โรงพยาบาลแก้งคร้อ","36","0","0.00","0","0.00","0","0","0","0.00","0","0"
"10981  :  โรงพยาบาลคอนสาร","10","0","0.00","0","0.00","0","0","0","0.00","0","0"
"10982  :  โรงพยาบาลภักดีชุมพล","37","0","0.00","0","0.00","0","0","0","0.00","0","0"
"10983  :  โรงพยาบาลเนินสง่า","19","0","0.00","0","0.00","0","0","0","0.00","0","0"
"10703  :  โรงพยาบาลอำนาจเจริญ","0","0","0.00","0","0.00","0","0","0","0.00","0","0"
"10985  :  โรงพยาบาลชานุมาน","32","13","40.63","12","37.50","11","1","1","3.13","1","0"
"10986  :  โรงพยาบาลปทุมราชวงศา","31","0","0.00","0","0.00","0","0","0","0.00","0","0"
"10987  :  โรงพยาบาลพนา","14","2","14.29","2","14.29","2","0","0","0.00","0","0"
"10988  :  โรงพยาบาลเสนางคนิคม","45","0","0.00","0","0.00","0","0","0","0.00","0","0"
"10989  :  โรงพยาบาลหัวตะพาน","21","1","4.76","1","4.76","1","0","0","0.00","0","0"
"10990  :  โรงพยาบาลลืออำนาจ","23","0","0.00","0","0.00","0","0","0","0.00","0","0"
"11040  :  โรงพยาบาลบึงกาฬ","0","0","0.00","0","0.00","0","0","0","0.00","0","0"
"11041  :  โรงพยาบาลพรเจริญ","29","0","0.00","0","0.00","0","0","0","0.00","0","0"
"11043  :  โรงพยาบาลโซ่พิสัย","0","0","0.00","0","0.00","0","0","0","0.00","0","0"
"11046  :  โรงพยาบาลเซกา","0","0","0.00","0","0.00","0","0","0","0.00","0","0"
"11047  :  โรงพยาบาลปากคาด","48","0","0.00","0","0.00","0","0","0","0.00","0","0"
"11048  :  โรงพยาบาลบึงโขงหลง","0","0","0.00","0","0.00","0","0","0","0.00","0","0"
"11049  :  โรงพยาบาลศรีวิไล","52","2","3.85","0","0.00","0","0","2","3.85","2","0"
"11050  :  โรงพยาบาลบุ่งคล้า","14","1","7.14","1","7.14","1","0","0","0.00","0","0"
"10704  :  โรงพยาบาลหนองบัวลำภู","0","0","0.00","0","0.00","0","0","0","0.00","0","0"
"10991  :  โรงพยาบาลนากลาง","0","0","0.00","0","0.00","0","0","0","0.00","0","0"
"10992  :  โรงพยาบาลโนนสัง","0","0","0.00","0","0.00","0","0","0","0.00","0","0"
"10993  :  โรงพยาบาลศรีบุญเรือง","0","0","0.00","0","0.00","0","0","0","0.00","0","0"
"10994  :  โรงพยาบาลสุวรรณคูหา","2","0","0.00","0","0.00","0","0","0","0.00","0","0"
"23367  :  โรงพยาบาลนาวัง เฉลิมพระเกียรติ 80 พรรษา","0","0","0.00","0","0.00","0","0","0","0.00","0","0"
"10670  :  โรงพยาบาลขอนแก่น","24","0","0.00","0","0.00","0","0","0","0.00","0","0"
"10995  :  โรงพยาบาลบ้านฝาง","0","0","0.00","0","0.00","0","0","0","0.00","0","0"
"10996  :  โรงพยาบาลพระยืน","0","0","0.00","0","0.00","0","0","0","0.00","0","0"
"10997  :  โรงพยาบาลหนองเรือ","0","0","0.00","0","0.00","0","0","0","0.00","0","0"
"10998  :  โรงพยาบาลชุมแพ","0","0","0.00","0","0.00","0","0","0","0.00","0","0"
"10999  :  โรงพยาบาลสีชมพู","61","51","83.61","51","83.61","51","0","5","8.20","5","0"
"11000  :  โรงพยาบาลน้ำพอง","22","8","36.36","8","36.36","7","1","0","0.00","0","0"
"11001  :  โรงพยาบาลอุบลรัตน์","0","0","0.00","0","0.00","0","0","0","0.00","0","0"
"11002  :  โรงพยาบาลบ้านไผ่","0","0","0.00","0","0.00","0","0","0","0.00","0","0"
"11003  :  โรงพยาบาลเปือยน้อย","18","7","38.89","0","0.00","0","0","7","38.89","7","0"
"11004  :  โรงพยาบาลพล","0","0","0.00","0","0.00","0","0","0","0.00","0","0"
"11005  :  โรงพยาบาลแวงใหญ่","0","0","0.00","0","0.00","0","0","0","0.00","0","0"
"11006  :  โรงพยาบาลแวงน้อย","0","0","0.00","0","0.00","0","0","0","0.00","0","0"
"11007  :  โรงพยาบาลหนองสองห้อง","0","0","0.00","0","0.00","0","0","0","0.00","0","0"
"11008  :  โรงพยาบาลภูเวียง","0","0","0.00","0","0.00","0","0","0","0.00","0","0"
"11009  :  โรงพยาบาลมัญจาคีรี","50","2","4.00","1","2.00","1","0","2","4.00","2","0"
"11010  :  โรงพยาบาลชนบท","0","0","0.00","0","0.00","0","0","0","0.00","0","0"
"11011  :  โรงพยาบาลเขาสวนกวาง","0","0","0.00","0","0.00","0","0","0","0.00","0","0"
"11012  :  โรงพยาบาลภูผาม่าน","0","0","0.00","0","0.00","0","0","0","0.00","0","0"
"11445  :  โรงพยาบาลสมเด็จพระยุพราชกระนวน","0","0","0.00","0","0.00","0","0","0","0.00","0","0"
"11497  :  โรงพยาบาลค่ายศรีพัชรินทร","0","0","0.00","0","0.00","0","0","0","0.00","0","0"
"11936  :  โรงพยาบาลขอนแก่นราม","0","0","0.00","0","0.00","0","0","0","0.00","0","0"
"12272  :  โรงพยาบาลจิตเวชขอนแก่นราชนครินทร์","1","0","0.00","0","0.00","0","0","0","0.00","0","0"
"12273  :  โรงพยาบาลส่งเสริมสุขภาพ ศูนย์อนามัยที่ 7","0","0","0.00","0","0.00","0","0","0","0.00","0","0"
"12275  :  โรงพยาบาลสิรินธร(ภาคตะวันออกเฉียงเหนือ)","0","0","0.00","0","0.00","0","0","0","0.00","0","0"
"13777  :  โรงพยาบาลศรีนครินทร์ มหาวิทยาลัยขอนแก่น","0","0","0.00","0","0.00","0","0","0","0.00","0","0"
"14132  :  โรงพยาบาลซำสูง","0","0","0.00","0","0.00","0","0","0","0.00","0","0"
"14196  :  โรงพยาบาลธัญญรักษ์ขอนแก่น","0","0","0.00","0","0.00","0","0","0","0.00","0","0"
"24746  :  สถาบันสุขภาพจิตเด็กและวัยรุ่นภาคตะวันออกเฉียงเหนือ","3","1","33.33","0","0.00","0","0","1","33.33","1","0"
"77649  :  โรงพยาบาลหนองนาคำ","0","0","0.00","0","0.00","0","0","0","0.00","0","0"
"77650  :  โรงพยาบาลเวียงเก่า","0","0","0.00","0","0.00","0","0","0","0.00","0","0"
"77651  :  โรงพยาบาลโคกโพธิ์ไชย","9","0","0.00","0","0.00","0","0","0","0.00","0","0"
"77652  :  โรงพยาบาลโนนศิลา","0","0","0.00","0","0.00","0","0","0","0.00","0","0"
"10671  :  โรงพยาบาลอุดรธานี","0","0","0.00","0","0.00","0","0","0","0.00","0","0"
"11013  :  โรงพยาบาลกุดจับ","24","0","0.00","0","0.00","0","0","0","0.00","0","0"
"11014  :  โรงพยาบาลหนองวัวซอ","23","0","0.00","0","0.00","0","0","0","0.00","0","0"
"11015  :  โรงพยาบาลกุมภวาปี","44","1","2.27","0","0.00","0","0","1","2.27","1","0"
"11016  :  โรงพยาบาลห้วยเกิ้ง","8","0","0.00","0","0.00","0","0","0","0.00","0","0"
"11017  :  โรงพยาบาลโนนสะอาด","45","0","0.00","0","0.00","0","0","0","0.00","0","0"
"11018  :  โรงพยาบาลหนองหาน","50","0","0.00","0","0.00","0","0","0","0.00","0","0"
"11019  :  โรงพยาบาลทุ่งฝน","36","0","0.00","0","0.00","0","0","0","0.00","0","0"
"11020  :  โรงพยาบาลไชยวาน","42","1","2.38","1","2.38","1","0","0","0.00","0","0"
"11021  :  โรงพยาบาลศรีธาตุ","22","0","0.00","0","0.00","0","0","0","0.00","0","0"
"11022  :  โรงพยาบาลวังสามหมอ","46","0","0.00","0","0.00","0","0","0","0.00","0","0"
"11023  :  โรงพยาบาลบ้านผือ","39","0","0.00","0","0.00","0","0","0","0.00","0","0"
"11024  :  โรงพยาบาลน้ำโสม","68","0","0.00","0","0.00","0","0","0","0.00","0","0"
"11025  :  โรงพยาบาลเพ็ญ","41","0","0.00","0","0.00","0","0","0","0.00","0","0"
"11026  :  โรงพยาบาลสร้างคอม","31","0","0.00","0","0.00","0","0","0","0.00","0","0"
"11027  :  โรงพยาบาลหนองแสง","23","0","0.00","0","0.00","0","0","0","0.00","0","0"
"11028  :  โรงพยาบาลนายูง","36","0","0.00","0","0.00","0","0","0","0.00","0","0"
"11029  :  โรงพยาบาลพิบูลย์รักษ์","15","0","0.00","0","0.00","0","0","0","0.00","0","0"
"11446  :  โรงพยาบาลสมเด็จพระยุพราชบ้านดุง","86","61","70.93","61","70.93","61","0","2","2.33","2","0"
"11501  :  โรงพยาบาลค่ายประจักษ์ศิลปาคม","76","0","0.00","0","0.00","0","0","0","0.00","0","0"
"12276  :  โรงพยาบาลมะเร็งอุดรธานี","7","0","0.00","0","0.00","0","0","0","0.00","0","0"
"23951  :  โรงพยาบาลธัญญารักษ์อุดรธานี","0","0","0.00","0","0.00","0","0","0","0.00","0","0"
"25058  :  โรงพยาบาลกู่แก้ว","0","0","0.00","0","0.00","0","0","0","0.00","0","0"
"25059  :  โรงพยาบาลประจักษ์ศิลปาคม","0","0","0.00","0","0.00","0","0","0","0.00","0","0"
"10705  :  โรงพยาบาลเลย","72","1","1.39","0","0.00","0","0","1","1.39","1","0"
"11030  :  โรงพยาบาลนาด้วง","81","0","0.00","0","0.00","0","0","0","0.00","0","0"
"11031  :  โรงพยาบาลเชียงคาน","52","0","0.00","0","0.00","0","0","0","0.00","0","0"
"11032  :  โรงพยาบาลปากชม","32","0","0.00","0","0.00","0","0","0","0.00","0","0"
"11033  :  โรงพยาบาลนาแห้ว","8","0","0.00","0","0.00","0","0","0","0.00","0","0"
"11034  :  โรงพยาบาลภูเรือ","35","0","0.00","0","0.00","0","0","0","0.00","0","0"
"11035  :  โรงพยาบาลท่าลี่","20","0","0.00","0","0.00","0","0","0","0.00","0","0"
"11036  :  โรงพยาบาลวังสะพุง","62","1","1.61","0","0.00","0","0","1","1.61","1","0"
"11037  :  โรงพยาบาลภูกระดึง","49","0","0.00","0","0.00","0","0","0","0.00","0","0"
"11038  :  โรงพยาบาลภูหลวง","25","0","0.00","0","0.00","0","0","0","0.00","0","0"
"11039  :  โรงพยาบาลผาขาว","76","32","42.11","32","42.11","32","0","1","1.32","1","0"
"11447  :  โรงพยาบาลสมเด็จพระยุพราชด่านซ้าย","44","0","0.00","0","0.00","0","0","0","0.00","0","0"
"14133  :  โรงพยาบาลเอราวัณ","43","0","0.00","0","0.00","0","0","0","0.00","0","0"
"14644  :  โรงพยาบาลจิตเวชเลยราชนครินทร์","0","0","0.00","0","0.00","0","0","0","0.00","0","0"
"28861  :  โรงพยาบาลหนองหิน","5","0","0.00","0","0.00","0","0","0","0.00","0","0"
"10706  :  โรงพยาบาลหนองคาย","93","11","11.83","7","7.53","7","0","4","4.30","4","0"
"11042  :  โรงพยาบาลโพนพิสัย","31","27","87.10","26","83.87","26","0","20","64.52","20","0"
"11044  :  โรงพยาบาลศรีเชียงใหม่","22","10","45.45","8","36.36","8","0","3","13.64","3","0"
"11045  :  โรงพยาบาลสังคม","19","10","52.63","5","26.32","0","5","7","36.84","0","7"
"11448  :  โรงพยาบาลสมเด็จพระยุพราชท่าบ่อ","66","0","0.00","0","0.00","0","0","0","0.00","0","0"
"14558  :  โรงพยาบาลพิสัยเวช","39","1","2.56","1","2.56","0","1","0","0.00","0","0"
"21356  :  โรงพยาบาลสระใคร","11","0","0.00","0","0.00","0","0","0","0.00","0","0"
"28778  :  โรงพยาบาลโพธิ์ตาก","1","0","0.00","0","0.00","0","0","0","0.00","0","0"
"28811  :  โรงพยาบาลเฝ้าไร่","11","0","0.00","0","0.00","0","0","0","0.00","0","0"
"28815  :  โรงพยาบาลรัตนวาปี","3","0","0.00","0","0.00","0","0","0","0.00","0","0"
"10707  :  โรงพยาบาลมหาสารคาม","0","0","0.00","0","0.00","0","0","0","0.00","0","0"
"11051  :  โรงพยาบาลแกดำ","26","26","100.00","17","65.38","17","0","25","96.15","25","0"
"11052  :  โรงพยาบาลโกสุมพิสัย","101","0","0.00","0","0.00","0","0","0","0.00","0","0"
"11053  :  โรงพยาบาลกันทรวิชัย","24","0","0.00","0","0.00","0","0","0","0.00","0","0"
"11054  :  โรงพยาบาลเชียงยืน","39","0","0.00","0","0.00","0","0","0","0.00","0","0"
"11055  :  โรงพยาบาลบรบือ","73","0","0.00","0","0.00","0","0","0","0.00","0","0"
"11056  :  โรงพยาบาลนาเชือก","41","3","7.32","0","0.00","0","0","3","7.32","3","0"
"11057  :  โรงพยาบาลพยัคฆภูมิพิสัย","70","2","2.86","0","0.00","0","0","2","2.86","2","0"
"11058  :  โรงพยาบาลวาปีปทุม","80","3","3.75","2","2.50","2","0","1","1.25","1","0"
"11059  :  โรงพยาบาลนาดูน","20","0","0.00","0","0.00","0","0","0","0.00","0","0"
"11060  :  โรงพยาบาลยางสีสุราช","12","0","0.00","0","0.00","0","0","0","0.00","0","0"
"22953  :  โรงพยาบาลสุทธาเวช คณะแพทยศาสตร์ มหาวิทยาลัยมหาสารคาม","145","1","0.69","1","0.69","1","0","0","0.00","0","0"
"24704  :  โรงพยาบาลกุดรัง","13","0","0.00","0","0.00","0","0","0","0.00","0","0"
"28843  :  โรงพยาบาลชื่นชม","0","0","0.00","0","0.00","0","0","0","0.00","0","0"
"10708  :  โรงพยาบาลร้อยเอ็ด","0","0","0.00","0","0.00","0","0","0","0.00","0","0"
"11061  :  โรงพยาบาลเกษตรวิสัย","64","56","87.50","53","82.81","53","0","54","84.38","54","0"
"11062  :  โรงพยาบาลปทุมรัตต์","12","0","0.00","0","0.00","0","0","0","0.00","0","0"
"11063  :  โรงพยาบาลจตุรพักตรพิมาน","51","1","1.96","0","0.00","0","0","1","1.96","1","0"
"11064  :  โรงพยาบาลธวัชบุรี","24","0","0.00","0","0.00","0","0","0","0.00","0","0"
"11065  :  โรงพยาบาลพนมไพร","21","0","0.00","0","0.00","0","0","0","0.00","0","0"
"11066  :  โรงพยาบาลโพนทอง","52","0","0.00","0","0.00","0","0","0","0.00","0","0"
"11067  :  โรงพยาบาลโพธิ์ชัย","40","1","2.50","1","2.50","1","0","0","0.00","0","0"
"11068  :  โรงพยาบาลหนองพอก","54","0","0.00","0","0.00","0","0","0","0.00","0","0"
"11069  :  โรงพยาบาลเสลภูมิ","36","0","0.00","0","0.00","0","0","0","0.00","0","0"
"11070  :  โรงพยาบาลสุวรรณภูมิ","77","1","1.30","1","1.30","1","0","0","0.00","0","0"
"11071  :  โรงพยาบาลเมืองสรวง","12","0","0.00","0","0.00","0","0","0","0.00","0","0"
"11072  :  โรงพยาบาลโพนทราย","17","0","0.00","0","0.00","0","0","0","0.00","0","0"
"11073  :  โรงพยาบาลอาจสามารถ","44","0","0.00","0","0.00","0","0","0","0.00","0","0"
"11074  :  โรงพยาบาลเมยวดี","15","0","0.00","0","0.00","0","0","0","0.00","0","0"
"11075  :  โรงพยาบาลศรีสมเด็จ","25","22","88.00","22","88.00","22","0","11","44.00","11","0"
"11076  :  โรงพยาบาลจังหาร","19","0","0.00","0","0.00","0","0","0","0.00","0","0"
"11504  :  โรงพยาบาลค่ายสมเด็จพระพุทธยอดฟ้าจุฬาโลกมหาราช","3","1","33.33","0","0.00","0","0","1","33.33","1","0"
"11964  :  โรงพยาบาลทั่วไปขนาดใหญ่จุรีเวช","7","0","0.00","0","0.00","0","0","0","0.00","0","0"
"27988  :  โรงพยาบาลทุ่งเขาหลวง","5","0","0.00","0","0.00","0","0","0","0.00","0","0"
"27989  :  โรงพยาบาลเชียงขวัญ","12","0","0.00","0","0.00","0","0","0","0.00","0","0"
"27990  :  โรงพยาบาลหนองฮี","12","0","0.00","0","0.00","0","0","0","0.00","0","0"
"10709  :  โรงพยาบาลกาฬสินธุ์","26","0","0.00","0","0.00","0","0","0","0.00","0","0"
"11077  :  โรงพยาบาลนามน","79","57","72.15","53","67.09","53","0","10","12.66","10","0"
"11078  :  โรงพยาบาลกมลาไสย","56","0","0.00","0","0.00","0","0","0","0.00","0","0"
"11079  :  โรงพยาบาลร่องคำ","32","0","0.00","0","0.00","0","0","0","0.00","0","0"
"11080  :  โรงพยาบาลเขาวง","55","0","0.00","0","0.00","0","0","0","0.00","0","0"
"11081  :  โรงพยาบาลยางตลาด","70","1","1.43","0","0.00","0","0","1","1.43","1","0"
"11082  :  โรงพยาบาลห้วยเม็ก","22","0","0.00","0","0.00","0","0","0","0.00","0","0"
"11083  :  โรงพยาบาลสหัสขันธ์","25","0","0.00","0","0.00","0","0","0","0.00","0","0"
"11084  :  โรงพยาบาลคำม่วง","58","6","10.34","0","0.00","0","0","6","10.34","5","1"
"11085  :  โรงพยาบาลท่าคันโท","56","0","0.00","0","0.00","0","0","0","0.00","0","0"
"11086  :  โรงพยาบาลหนองกุงศรี","41","0","0.00","0","0.00","0","0","0","0.00","0","0"
"11087  :  โรงพยาบาลสมเด็จ","47","15","31.91","3","6.38","3","0","13","27.66","13","0"
"11088  :  โรงพยาบาลห้วยผึ้ง","32","16","50.00","2","6.25","2","0","16","50.00","16","0"
"11449  :  โรงพยาบาลสมเด็จพระยุพราชกุฉินารายณ์","60","0","0.00","0","0.00","0","0","0","0.00","0","0"
"11965  :  โรงพยาบาลธีรวัฒน์","0","0","0.00","0","0.00","0","0","0","0.00","0","0"
"28017  :  โรงพยาบาลนาคู","15","0","0.00","0","0.00","0","0","0","0.00","0","0"
"28789  :  โรงพยาบาลฆ้องชัย","15","0","0.00","0","0.00","0","0","0","0.00","0","0"
"28790  :  โรงพยาบาลดอนจาน","21","0","0.00","0","0.00","0","0","0","0.00","0","0"
"28791  :  โรงพยาบาลสามชัย","17","4","23.53","2","11.76","2","0","3","17.65","3","0"
"10710  :  โรงพยาบาลสกลนคร","0","0","0.00","0","0.00","0","0","0","0.00","0","0"
"11089  :  โรงพยาบาลกุสุมาลย์","64","1","1.56","0","0.00","0","0","1","1.56","1","0"
"11090  :  โรงพยาบาลกุดบาก","36","1","2.78","0","0.00","0","0","1","2.78","1","0"
"11091  :  โรงพยาบาลพระอาจารย์ฝั้นอาจาโร","60","1","1.67","0","0.00","0","0","1","1.67","1","0"
"11092  :  โรงพยาบาลพังโคน","93","1","1.08","0","0.00","0","0","1","1.08","1","0"
"11093  :  โรงพยาบาลวาริชภูมิ","40","2","5.00","2","5.00","2","0","0","0.00","0","0"
"11094  :  โรงพยาบาลนิคมน้ำอูน","14","0","0.00","0","0.00","0","0","0","0.00","0","0"
"11095  :  โรงพยาบาลวานรนิวาส","51","0","0.00","0","0.00","0","0","0","0.00","0","0"
"11096  :  โรงพยาบาลคำตากล้า","61","0","0.00","0","0.00","0","0","0","0.00","0","0"
"11097  :  โรงพยาบาลบ้านม่วง","30","0","0.00","0","0.00","0","0","0","0.00","0","0"
"11098  :  โรงพยาบาลอากาศอำนวย","99","0","0.00","0","0.00","0","0","0","0.00","0","0"
"11099  :  โรงพยาบาลส่องดาว","38","2","5.26","0","0.00","0","0","2","5.26","2","0"
"11100  :  โรงพยาบาลเต่างอย","16","0","0.00","0","0.00","0","0","0","0.00","0","0"
"11101  :  โรงพยาบาลโคกศรีสุพรรณ","23","0","0.00","0","0.00","0","0","0","0.00","0","0"
"11102  :  โรงพยาบาลเจริญศิลป์","86","52","60.47","21","24.42","21","0","44","51.16","44","0"
"11103  :  โรงพยาบาลโพนนาแก้ว","15","0","0.00","0","0.00","0","0","0","0.00","0","0"
"11450  :  โรงพยาบาลสมเด็จพระยุพราชสว่างแดนดิน","109","0","0.00","0","0.00","0","0","0","0.00","0","0"
"11505  :  โรงพยาบาลค่ายกฤษณ์สีวะรา","45","0","0.00","0","0.00","0","0","0","0.00","0","0"
"21323  :  โรงพยาบาลพระอาจารย์แบน  ธนากโร","15","0","0.00","0","0.00","0","0","0","0.00","0","0"
"24976  :  โรงพยาบาลการแพทย์แผนไทยสกลนคร หลวงปู่แฟ๊ป สุภัทโท","0","0","0.00","0","0.00","0","0","0","0.00","0","0"
"10711  :  โรงพยาบาลนครพนม","13","3","23.08","3","23.08","1","2","0","0.00","0","0"
"11104  :  โรงพยาบาลปลาปาก","44","13","29.55","6","13.64","6","0","10","22.73","10","0"
"11105  :  โรงพยาบาลท่าอุเทน","12","0","0.00","0","0.00","0","0","0","0.00","0","0"
"11106  :  โรงพยาบาลบ้านแพง","30","0","0.00","0","0.00","0","0","0","0.00","0","0"
"11107  :  โรงพยาบาลนาทม","13","1","7.69","1","7.69","1","0","0","0.00","0","0"
"11108  :  โรงพยาบาลเรณูนคร","25","17","68.00","16","64.00","16","0","2","8.00","2","0"
"11109  :  โรงพยาบาลนาแก","43","0","0.00","0","0.00","0","0","0","0.00","0","0"
"11110  :  โรงพยาบาลศรีสงคราม","51","0","0.00","0","0.00","0","0","0","0.00","0","0"
"11111  :  โรงพยาบาลนาหว้า","67","2","2.99","0","0.00","0","0","2","2.99","0","2"
"11112  :  โรงพยาบาลโพนสวรรค์","39","31","79.49","31","79.49","23","8","2","5.13","2","0"
"11451  :  โรงพยาบาลสมเด็จพระยุพราชธาตุพนม","11","1","9.09","1","9.09","1","0","0","0.00","0","0"
"12277  :  โรงพยาบาลจิตเวชนครพนมราชนครินทร์","0","0","0.00","0","0.00","0","0","0","0.00","0","0"
"40840  :  โรงพยาบาลวังยาง","15","0","0.00","0","0.00","0","0","0","0.00","0","0"
"10712  :  โรงพยาบาลมุกดาหาร","223","53","23.77","40","17.94","39","1","18","8.07","18","0"
"11113  :  โรงพยาบาลนิคมคำสร้อย","43","1","2.33","0","0.00","0","0","1","2.33","1","0"
"11114  :  โรงพยาบาลดอนตาล","27","1","3.70","1","3.70","1","0","0","0.00","0","0"
"11115  :  โรงพยาบาลดงหลวง","66","1","1.52","1","1.52","1","0","0","0.00","0","0"
"11116  :  โรงพยาบาลคำชะอี","28","26","92.86","17","60.71","17","0","26","92.86","26","0"
"11117  :  โรงพยาบาลหว้านใหญ่","12","0","0.00","0","0.00","0","0","0","0.00","0","0"
"11118  :  โรงพยาบาลหนองสูง","4","0","0.00","0","0.00","0","0","0","0.00","0","0"
"06009  :  โรงพยาบาลแม่ตื่น","17","7","41.18","7","41.18","7","0","2","11.76","2","0"
"10713  :  โรงพยาบาลนครพิงค์","0","0","0.00","0","0.00","0","0","0","0.00","0","0"
"11119  :  โรงพยาบาลจอมทอง","27","17","62.96","4","14.81","4","0","16","59.26","16","0"
"11120  :  โรงพยาบาลเทพรัตนเวชชานุกูล เฉลิมพระเกียรติ ๖๐ พรรษา","31","9","29.03","5","16.13","5","0","5","16.13","5","0"
"11121  :  โรงพยาบาลเชียงดาว","30","3","10.00","3","10.00","3","0","0","0.00","0","0"
"11122  :  โรงพยาบาลดอยสะเก็ด","0","0","0.00","0","0.00","0","0","0","0.00","0","0"
"11123  :  โรงพยาบาลแม่แตง","0","0","0.00","0","0.00","0","0","0","0.00","0","0"
"11124  :  โรงพยาบาลสะเมิง","15","1","6.67","1","6.67","1","0","0","0.00","0","0"
"11125  :  โรงพยาบาลฝาง","77","39","50.65","38","49.35","36","2","15","19.48","15","0"
"11126  :  โรงพยาบาลแม่อาย","15","4","26.67","4","26.67","4","0","0","0.00","0","0"
"11127  :  โรงพยาบาลพร้าว","0","0","0.00","0","0.00","0","0","0","0.00","0","0"
"11128  :  โรงพยาบาลสันป่าตอง","29","0","0.00","0","0.00","0","0","0","0.00","0","0"
"11129  :  โรงพยาบาลสันกำแพง","0","0","0.00","0","0.00","0","0","0","0.00","0","0"
"11130  :  โรงพยาบาลสันทราย","0","0","0.00","0","0.00","0","0","0","0.00","0","0"
"11131  :  โรงพยาบาลหางดง","0","0","0.00","0","0.00","0","0","0","0.00","0","0"
"11132  :  โรงพยาบาลฮอด","22","18","81.82","18","81.82","18","0","2","9.09","2","0"
"11133  :  โรงพยาบาลดอยเต่า","5","1","20.00","0","0.00","0","0","1","20.00","1","0"
"11134  :  โรงพยาบาลอมก๋อย","87","34","39.08","33","37.93","33","0","16","18.39","16","0"
"11135  :  โรงพยาบาลสารภี","0","0","0.00","0","0.00","0","0","0","0.00","0","0"
"11136  :  โรงพยาบาลเวียงแหง","0","0","0.00","0","0.00","0","0","0","0.00","0","0"
"11137  :  โรงพยาบาลไชยปราการ","7","4","57.14","3","42.86","3","0","2","28.57","2","0"
"11138  :  โรงพยาบาลแม่วาง","1","0","0.00","0","0.00","0","0","0","0.00","0","0"
"11139  :  โรงพยาบาลแม่ออน","0","0","0.00","0","0.00","0","0","0","0.00","0","0"
"11507  :  โรงพยาบาลกองบิน 41","0","0","0.00","0","0.00","0","0","0","0.00","0","0"
"11508  :  โรงพยาบาลค่ายกาวิละ เชียงใหม่","0","0","0.00","0","0.00","0","0","0","0.00","0","0"
"11643  :  โรงพยาบาลดอยหล่อ","3","1","33.33","1","33.33","1","0","0","0.00","0","0"
"11978  :  โรงพยาบาลดารารัศมี","0","0","0.00","0","0.00","0","0","0","0.00","0","0"
"11992  :  โรงพยาบาลเทพปัญญา 2 โรงพยาบาลทั่วไปขนาดกลาง","0","0","0.00","0","0.00","0","0","0","0.00","0","0"
"11995  :  โรงพยาบาลทั่วไปขนาดใหญ่เซ็นทรัลเชียงใหม่ เมโมเรียล","38","14","36.84","12","31.58","12","0","5","13.16","5","0"
"11999  :  โรงพยาบาลทั่วไปขนาดใหญ่เชียงใหม่เมดิคอลเซ็นเตอร์","0","0","0.00","0","0.00","0","0","0","0.00","0","0"
"12279  :  โรงพยาบาลส่งเสริมสุขภาพ ศูนย์อนามัยที่ 1","0","0","0.00","0","0.00","0","0","0","0.00","0","0"
"12280  :  โรงพยาบาลสวนปรุง","0","0","0.00","0","0.00","0","0","0","0.00","0","0"
"12281  :  โรงพยาบาลประสาทเชียงใหม่","0","0","0.00","0","0.00","0","0","0","0.00","0","0"
"13775  :  สถาบันพัฒนาการเด็กราชนครินทร์","0","0","0.00","0","0.00","0","0","0","0.00","0","0"
"13780  :  โรงพยาบาลมหาราชนครเชียงใหม่  มหาวิทยาลัยเชียงใหม่","0","0","0.00","0","0.00","0","0","0","0.00","0","0"
"13785  :  โรงพยาบาลธัญญารักษ์เชียงใหม่","0","0","0.00","0","0.00","0","0","0","0.00","0","0"
"14550  :  โรงพยาบาลทั่วไปขนาดใหญ่ เชียงใหม่ใกล้หมอ","21","0","0.00","0","0.00","0","0","0","0.00","0","0"
"14916  :  โรงพยาบาลทั่วไปขนาดกลางเชียงใหม่ฮอสพิทอล","29","6","20.69","5","17.24","5","0","3","10.34","3","0"
"23736  :  โรงพยาบาลวัดจันทร์ เฉลิมพระเกียรติ 80 พรรษา","5","0","0.00","0","0.00","0","0","0","0.00","0","0"
"10714  :  โรงพยาบาลลำพูน","0","0","0.00","0","0.00","0","0","0","0.00","0","0"
"11140  :  โรงพยาบาลแม่ทา","34","1","2.94","1","2.94","1","0","1","2.94","1","0"
"11141  :  โรงพยาบาลบ้านโฮ่ง","15","0","0.00","0","0.00","0","0","0","0.00","0","0"
"11142  :  โรงพยาบาลลี้","0","0","0.00","0","0.00","0","0","0","0.00","0","0"
"11143  :  โรงพยาบาลทุ่งหัวช้าง","22","0","0.00","0","0.00","0","0","0","0.00","0","0"
"11144  :  โรงพยาบาลป่าซาง","20","0","0.00","0","0.00","0","0","0","0.00","0","0"
"11145  :  โรงพยาบาลบ้านธิ","37","0","0.00","0","0.00","0","0","0","0.00","0","0"
"12000  :  โรงพยาบาลหริภุญชัยเมโมเรียล","0","0","0.00","0","0.00","0","0","0","0.00","0","0"
"14555  :  โรงพยาบาลทั่วไปขนาดกลางศิริเวช ลำพูน","12","0","0.00","0","0.00","0","0","0","0.00","0","0"
"24956  :  โรงพยาบาลเวียงหนองล่อง","2","0","0.00","0","0.00","0","0","0","0.00","0","0"
"10672  :  โรงพยาบาลลำปาง","236","31","13.14","14","5.93","13","1","19","8.05","19","0"
"11146  :  โรงพยาบาลแม่เมาะ","72","40","55.56","32","44.44","29","3","13","18.06","13","0"
"11147  :  โรงพยาบาลเกาะคา","4","1","25.00","1","25.00","1","0","1","25.00","1","0"
"11148  :  โรงพยาบาลเสริมงาม","33","2","6.06","2","6.06","2","0","0","0.00","0","0"
"11149  :  โรงพยาบาลงาว","12","8","66.67","8","66.67","8","0","2","16.67","2","0"
"11150  :  โรงพยาบาลแจ้ห่ม","16","8","50.00","8","50.00","8","0","0","0.00","0","0"
"11151  :  โรงพยาบาลวังเหนือ","22","16","72.73","16","72.73","12","4","0","0.00","0","0"
"11152  :  โรงพยาบาลเถิน","26","23","88.46","23","88.46","23","0","8","30.77","8","0"
"11153  :  โรงพยาบาลแม่พริก","21","20","95.24","20","95.24","20","0","4","19.05","4","0"
"11154  :  โรงพยาบาลแม่ทะ","13","0","0.00","0","0.00","0","0","0","0.00","0","0"
"11155  :  โรงพยาบาลสบปราบ","45","27","60.00","22","48.89","22","0","11","24.44","11","0"
"11156  :  โรงพยาบาลห้างฉัตร","20","1","5.00","1","5.00","1","0","1","5.00","1","0"
"11157  :  โรงพยาบาลเมืองปาน","14","0","0.00","0","0.00","0","0","0","0.00","0","0"
"11512  :  โรงพยาบาลค่ายสุรศักดิ์มนตรี","0","0","0.00","0","0.00","0","0","0","0.00","0","0"
"12283  :  โรงพยาบาลมะเร็งลำปาง","0","0","0.00","0","0.00","0","0","0","0.00","0","0"
"10673  :  โรงพยาบาลอุตรดิตถ์","59","0","0.00","0","0.00","0","0","0","0.00","0","0"
"11158  :  โรงพยาบาลตรอน","26","1","3.85","0","0.00","0","0","1","3.85","1","0"
"11159  :  โรงพยาบาลท่าปลา","37","0","0.00","0","0.00","0","0","0","0.00","0","0"
"11160  :  โรงพยาบาลน้ำปาด","24","0","0.00","0","0.00","0","0","0","0.00","0","0"
"11161  :  โรงพยาบาลฟากท่า","14","9","64.29","1","7.14","1","0","8","57.14","8","0"
"11162  :  โรงพยาบาลบ้านโคก","14","0","0.00","0","0.00","0","0","0","0.00","0","0"
"11163  :  โรงพยาบาลพิชัย","20","1","5.00","1","5.00","1","0","0","0.00","0","0"
"11164  :  โรงพยาบาลลับแล","17","0","0.00","0","0.00","0","0","0","0.00","0","0"
"11165  :  โรงพยาบาลทองแสนขัน","31","0","0.00","0","0.00","0","0","0","0.00","0","0"
"11509  :  โรงพยาบาลค่ายพิชัยดาบหัก","2","0","0.00","0","0.00","0","0","0","0.00","0","0"
"10715  :  โรงพยาบาลแพร่","0","0","0.00","0","0.00","0","0","0","0.00","0","0"
"11166  :  โรงพยาบาลร้องกวาง","19","0","0.00","0","0.00","0","0","0","0.00","0","0"
"11167  :  โรงพยาบาลลอง","30","24","80.00","1","3.33","1","0","24","80.00","24","0"
"11169  :  โรงพยาบาลสูงเม่น","0","0","0.00","0","0.00","0","0","0","0.00","0","0"
"11170  :  โรงพยาบาลสอง","28","0","0.00","0","0.00","0","0","0","0.00","0","0"
"11171  :  โรงพยาบาลวังชิ้น","23","7","30.43","7","30.43","7","0","0","0.00","0","0"
"11172  :  โรงพยาบาลหนองม่วงไข่","4","0","0.00","0","0.00","0","0","0","0.00","0","0"
"11452  :  โรงพยาบาลสมเด็จพระยุพราชเด่นชัย","28","0","0.00","0","0.00","0","0","0","0.00","0","0"
"10716  :  โรงพยาบาลน่าน","109","9","8.26","3","2.75","3","0","6","5.50","6","0"
"11173  :  โรงพยาบาลแม่จริม","4","0","0.00","0","0.00","0","0","0","0.00","0","0"
"11174  :  โรงพยาบาลบ้านหลวง","10","5","50.00","5","50.00","5","0","1","10.00","1","0"
"11175  :  โรงพยาบาลนาน้อย","11","0","0.00","0","0.00","0","0","0","0.00","0","0"
"11176  :  โรงพยาบาลท่าวังผา","4","4","100.00","4","100.00","4","0","1","25.00","1","0"
"11177  :  โรงพยาบาลเวียงสา","30","0","0.00","0","0.00","0","0","0","0.00","0","0"
"11178  :  โรงพยาบาลทุ่งช้าง","20","20","100.00","17","85.00","17","0","18","90.00","18","0"
"11179  :  โรงพยาบาลเชียงกลาง","13","5","38.46","5","38.46","5","0","0","0.00","0","0"
"11180  :  โรงพยาบาลนาหมื่น","10","0","0.00","0","0.00","0","0","0","0.00","0","0"
"11181  :  โรงพยาบาลสันติสุข","16","0","0.00","0","0.00","0","0","0","0.00","0","0"
"11182  :  โรงพยาบาลบ่อเกลือ","17","3","17.65","3","17.65","3","0","0","0.00","0","0"
"11183  :  โรงพยาบาลสองแคว","12","1","8.33","1","8.33","1","0","0","0.00","0","0"
"11453  :  โรงพยาบาลสมเด็จพระยุพราชปัว","28","27","96.43","23","82.14","23","0","23","82.14","23","0"
"11510  :  โรงพยาบาลค่ายสุริยพงษ์","6","0","0.00","0","0.00","0","0","0","0.00","0","0"
"11625  :  โรงพยาบาลเฉลิมพระเกียรติ","7","1","14.29","1","14.29","1","0","1","14.29","1","0"
"25017  :  โรงพยาบาลภูเพียง","2","0","0.00","0","0.00","0","0","0","0.00","0","0"
"10717  :  โรงพยาบาลพะเยา","0","0","0.00","0","0.00","0","0","0","0.00","0","0"
"10718  :  โรงพยาบาลเชียงคำ","1","0","0.00","0","0.00","0","0","0","0.00","0","0"
"11184  :  โรงพยาบาลจุน","23","0","0.00","0","0.00","0","0","0","0.00","0","0"
"11185  :  โรงพยาบาลเชียงม่วน","0","0","0.00","0","0.00","0","0","0","0.00","0","0"
"11186  :  โรงพยาบาลดอกคำใต้","14","1","7.14","0","0.00","0","0","1","7.14","1","0"
"11187  :  โรงพยาบาลปง","8","3","37.50","2","25.00","2","0","2","25.00","2","0"
"11188  :  โรงพยาบาลแม่ใจ","0","0","0.00","0","0.00","0","0","0","0.00","0","0"
"15140  :  โรงพยาบาลค่ายขุนเจืองธรรมิกราช","10","1","10.00","0","0.00","0","0","1","10.00","1","0"
"40744  :  โรงพยาบาลภูซาง","0","0","0.00","0","0.00","0","0","0","0.00","0","0"
"40745  :  โรงพยาบาลภูกามยาว","0","0","0.00","0","0.00","0","0","0","0.00","0","0"
"41347  :  โรงพยาบาลมหาวิทยาลัยพะเยา","0","0","0.00","0","0.00","0","0","0","0.00","0","0"
"10674  :  โรงพยาบาลเชียงรายประชานุเคราะห์","96","3","3.13","0","0.00","0","0","3","3.13","3","0"
"11189  :  โรงพยาบาลเทิง","24","0","0.00","0","0.00","0","0","0","0.00","0","0"
"11190  :  โรงพยาบาลพาน","0","0","0.00","0","0.00","0","0","0","0.00","0","0"
"11191  :  โรงพยาบาลป่าแดด","3","3","100.00","3","100.00","3","0","0","0.00","0","0"
"11192  :  โรงพยาบาลแม่จัน","0","0","0.00","0","0.00","0","0","0","0.00","0","0"
"11193  :  โรงพยาบาลเชียงแสน","24","11","45.83","11","45.83","11","0","0","0.00","0","0"
"11194  :  โรงพยาบาลแม่สาย","61","32","52.46","32","52.46","32","0","2","3.28","2","0"
"11195  :  โรงพยาบาลแม่สรวย","17","7","41.18","6","35.29","6","0","1","5.88","1","0"
"11196  :  โรงพยาบาลเวียงป่าเป้า","54","49","90.74","49","90.74","49","0","22","40.74","21","1"
"11197  :  โรงพยาบาลพญาเม็งราย","14","5","35.71","5","35.71","5","0","1","7.14","1","0"
"11198  :  โรงพยาบาลเวียงแก่น","46","6","13.04","1","2.17","1","0","5","10.87","5","0"
"11199  :  โรงพยาบาลขุนตาล","4","2","50.00","2","50.00","2","0","0","0.00","0","0"
"11200  :  โรงพยาบาลแม่ฟ้าหลวง","38","32","84.21","27","71.05","27","0","18","47.37","18","0"
"11201  :  โรงพยาบาลแม่ลาว","10","4","40.00","0","0.00","0","0","4","40.00","4","0"
"11202  :  โรงพยาบาลเวียงเชียงรุ้ง","15","2","13.33","2","13.33","2","0","1","6.67","1","0"
"11454  :  โรงพยาบาลสมเด็จพระยุพราชเชียงของ","26","0","0.00","0","0.00","0","0","0","0.00","0","0"
"15012  :  โรงพยาบาลสมเด็จพระญาณสังวร","16","4","25.00","4","25.00","4","0","0","0.00","0","0"
"23429  :  โรงพยาบาลมหาวิทยาลัยแม่ฟ้าหลวง","0","0","0.00","0","0.00","0","0","0","0.00","0","0"
"28823  :  โรงพยาบาลดอยหลวง","6","0","0.00","0","0.00","0","0","0","0.00","0","0"
"41509  :  โรงพยาบาลศูนย์การแพทย์มหาวิทยาลัยแม่ฟ้าหลวง","0","0","0.00","0","0.00","0","0","0","0.00","0","0"
"10719  :  โรงพยาบาลศรีสังวาลย์","36","6","16.67","6","16.67","6","0","0","0.00","0","0"
"11203  :  โรงพยาบาลขุนยวม","47","2","4.26","1","2.13","1","0","1","2.13","1","0"
"11204  :  โรงพยาบาลปาย","38","0","0.00","0","0.00","0","0","0","0.00","0","0"
"11205  :  โรงพยาบาลแม่สะเรียง","66","38","57.58","11","16.67","10","1","35","53.03","35","0"
"11206  :  โรงพยาบาลแม่ลาน้อย","46","16","34.78","13","28.26","12","1","4","8.70","4","0"
"11207  :  โรงพยาบาลสบเมย","23","22","95.65","10","43.48","10","0","20","86.96","20","0"
"11208  :  โรงพยาบาลปางมะผ้า","33","0","0.00","0","0.00","0","0","0","0.00","0","0"
"14197  :  โรงพยาบาลธัญญรักษ์แม่ฮ่องสอน","1","0","0.00","0","0.00","0","0","0","0.00","0","0"
"10675  :  โรงพยาบาลสวรรค์ประชารักษ์","0","0","0.00","0","0.00","0","0","0","0.00","0","0"
"11209  :  โรงพยาบาลโกรกพระ","27","0","0.00","0","0.00","0","0","0","0.00","0","0"
"11210  :  โรงพยาบาลชุมแสง","28","10","35.71","10","35.71","10","0","0","0.00","0","0"
"11211  :  โรงพยาบาลหนองบัว","40","5","12.50","5","12.50","5","0","0","0.00","0","0"
"11212  :  โรงพยาบาลบรรพตพิสัย","30","2","6.67","2","6.67","2","0","0","0.00","0","0"
"11213  :  โรงพยาบาลเก้าเลี้ยว","22","20","90.91","19","86.36","19","0","18","81.82","18","0"
"11214  :  โรงพยาบาลตาคลี","35","0","0.00","0","0.00","0","0","0","0.00","0","0"
"11215  :  โรงพยาบาลท่าตะโก","38","14","36.84","2","5.26","1","1","13","34.21","12","1"
"11216  :  โรงพยาบาลไพศาลี","33","13","39.39","13","39.39","13","0","10","30.30","10","0"
"11217  :  โรงพยาบาลพยุหะคีรี","17","4","23.53","3","17.65","3","0","1","5.88","1","0"
"11218  :  โรงพยาบาลลาดยาว","19","0","0.00","0","0.00","0","0","0","0.00","0","0"
"11219  :  โรงพยาบาลตากฟ้า","23","17","73.91","16","69.57","16","0","3","13.04","3","0"
"11220  :  โรงพยาบาลแม่วงก์","11","0","0.00","0","0.00","0","0","0","0.00","0","0"
"11513  :  โรงพยาบาลค่ายจิรประวัติ","30","1","3.33","1","3.33","1","0","0","0.00","0","0"
"12030  :  โรงพยาบาลพริ้นซ์ ปากน้ำโพ 1 โรงพยาบาลทั่วไปขนาดใหญ่","0","0","0.00","0","0.00","0","0","0","0.00","0","0"
"12033  :  โรงพยาบาลรวมแพทย์นครสวรรค์","0","0","0.00","0","0.00","0","0","0","0.00","0","0"
"12034  :  โรงพยาบาลพริ้นซ์ ปากน้ำโพ 2 โรงพยาบาลทั่วไปขนาดใหญ่","0","0","0.00","0","0.00","0","0","0","0.00","0","0"
"12042  :  โรงพยาบาลร่มฉัตร","0","0","0.00","0","0.00","0","0","0","0.00","0","0"
"12044  :  โรงพยาบาลศรีสวรรค์","0","0","0.00","0","0.00","0","0","0","0.00","0","0"
"12284  :  โรงพยาบาลส่งเสริมสุขภาพ ศูนย์อนามัยที่ 3","0","0","0.00","0","0.00","0","0","0","0.00","0","0"
"14171  :  โรงพยาบาลจิตเวชนครสวรรค์ราชนครินทร์","0","0","0.00","0","0.00","0","0","0","0.00","0","0"
"40749  :  โรงพยาบาลชุมตาบง","11","0","0.00","0","0.00","0","0","0","0.00","0","0"
"10720  :  โรงพยาบาลอุทัยธานี","4","0","0.00","0","0.00","0","0","0","0.00","0","0"
"11221  :  โรงพยาบาลทัพทัน","24","0","0.00","0","0.00","0","0","0","0.00","0","0"
"11222  :  โรงพยาบาลสว่างอารมณ์","19","0","0.00","0","0.00","0","0","0","0.00","0","0"
"11223  :  โรงพยาบาลหนองฉาง","21","0","0.00","0","0.00","0","0","0","0.00","0","0"
"11224  :  โรงพยาบาลหนองขาหย่าง","12","10","83.33","8","66.67","8","0","9","75.00","9","0"
"11225  :  โรงพยาบาลบ้านไร่","56","39","69.64","39","69.64","38","1","1","1.79","0","1"
"11226  :  โรงพยาบาลลานสัก","30","1","3.33","1","3.33","1","0","0","0.00","0","0"
"11227  :  โรงพยาบาลห้วยคต","36","0","0.00","0","0.00","0","0","0","0.00","0","0"
"10721  :  โรงพยาบาลกำแพงเพชร","0","0","0.00","0","0.00","0","0","0","0.00","0","0"
"11228  :  โรงพยาบาลทุ่งโพธิ์ทะเล","55","1","1.82","1","1.82","1","0","0","0.00","0","0"
"11229  :  โรงพยาบาลไทรงาม","27","0","0.00","0","0.00","0","0","0","0.00","0","0"
"11230  :  โรงพยาบาลคลองลาน","89","2","2.25","2","2.25","2","0","0","0.00","0","0"
"11231  :  โรงพยาบาลขาณุวรลักษบุรี","17","0","0.00","0","0.00","0","0","0","0.00","0","0"
"11232  :  โรงพยาบาลคลองขลุง","28","25","89.29","23","82.14","23","0","24","85.71","24","0"
"11233  :  โรงพยาบาลพรานกระต่าย","70","55","78.57","40","57.14","34","6","40","57.14","40","0"
"11234  :  โรงพยาบาลลานกระบือ","22","0","0.00","0","0.00","0","0","0","0.00","0","0"
"11235  :  โรงพยาบาลทรายทองวัฒนา","16","13","81.25","13","81.25","13","0","0","0.00","0","0"
"11236  :  โรงพยาบาลปางศิลาทอง","15","1","6.67","1","6.67","1","0","1","6.67","1","0"
"14135  :  โรงพยาบาลบึงสามัคคี","19","17","89.47","14","73.68","14","0","13","68.42","13","0"
"28010  :  โรงพยาบาลโกสัมพีนคร","17","0","0.00","0","0.00","0","0","0","0.00","0","0"
"10722  :  โรงพยาบาลสมเด็จพระเจ้าตากสินมหาราช","55","3","5.45","0","0.00","0","0","3","5.45","3","0"
"10723  :  โรงพยาบาลแม่สอด","63","0","0.00","0","0.00","0","0","0","0.00","0","0"
"11238  :  โรงพยาบาลบ้านตาก","21","1","4.76","0","0.00","0","0","1","4.76","1","0"
"11239  :  โรงพยาบาลสามเงา","35","0","0.00","0","0.00","0","0","0","0.00","0","0"
"11240  :  โรงพยาบาลแม่ระมาด","61","1","1.64","1","1.64","1","0","0","0.00","0","0"
"11241  :  โรงพยาบาลท่าสองยาง","61","1","1.64","1","1.64","1","0","0","0.00","0","0"
"11242  :  โรงพยาบาลพบพระ","85","41","48.24","40","47.06","40","0","2","2.35","2","0"
"11243  :  โรงพยาบาลอุ้มผาง","23","0","0.00","0","0.00","0","0","0","0.00","0","0"
"27443  :  โรงพยาบาลวังเจ้า","10","0","0.00","0","0.00","0","0","0","0.00","0","0"
"10724  :  โรงพยาบาลสุโขทัย","22","6","27.27","6","27.27","6","0","0","0.00","0","0"
"10725  :  โรงพยาบาลศรีสังวรสุโขทัย","14","0","0.00","0","0.00","0","0","0","0.00","0","0"
"11244  :  โรงพยาบาลบ้านด่านลานหอย","42","0","0.00","0","0.00","0","0","0","0.00","0","0"
"11245  :  โรงพยาบาลคีรีมาศ","29","0","0.00","0","0.00","0","0","0","0.00","0","0"
"11246  :  โรงพยาบาลกงไกรลาศ","0","0","0.00","0","0.00","0","0","0","0.00","0","0"
"11247  :  โรงพยาบาลศรีสัชนาลัย","30","27","90.00","14","46.67","14","0","26","86.67","25","1"
"11248  :  โรงพยาบาลสวรรคโลก","0","0","0.00","0","0.00","0","0","0","0.00","0","0"
"11249  :  โรงพยาบาลศรีนคร","16","1","6.25","0","0.00","0","0","1","6.25","1","0"
"11250  :  โรงพยาบาลทุ่งเสลี่ยม","37","0","0.00","0","0.00","0","0","0","0.00","0","0"
"10676  :  โรงพยาบาลพุทธชินราช","0","0","0.00","0","0.00","0","0","0","0.00","0","0"
"11251  :  โรงพยาบาลชาติตระการ","19","0","0.00","0","0.00","0","0","0","0.00","0","0"
"11252  :  โรงพยาบาลบางระกำ","90","0","0.00","0","0.00","0","0","0","0.00","0","0"
"11253  :  โรงพยาบาลบางกระทุ่ม","26","0","0.00","0","0.00","0","0","0","0.00","0","0"
"11254  :  โรงพยาบาลพรหมพิราม","59","1","1.69","1","1.69","1","0","0","0.00","0","0"
"11255  :  โรงพยาบาลวัดโบสถ์","37","0","0.00","0","0.00","0","0","0","0.00","0","0"
"11256  :  โรงพยาบาลวังทอง","0","0","0.00","0","0.00","0","0","0","0.00","0","0"
"11257  :  โรงพยาบาลเนินมะปราง","0","0","0.00","0","0.00","0","0","0","0.00","0","0"
"11455  :  โรงพยาบาลสมเด็จพระยุพราชนครไทย","19","0","0.00","0","0.00","0","0","0","0.00","0","0"
"11517  :  โรงพยาบาลค่ายสมเด็จพระนเรศวร","27","0","0.00","0","0.00","0","0","0","0.00","0","0"
"14972  :  โรงพยาบาลมหาวิทยาลัยนเรศวร","0","0","0.00","0","0.00","0","0","0","0.00","0","0"
"41429  :  โรงพยาบาลจิตเวชพิษณุโลก","0","0","0.00","0","0.00","0","0","0","0.00","0","0"
"10726  :  โรงพยาบาลพิจิตร","58","2","3.45","2","3.45","2","0","0","0.00","0","0"
"11258  :  โรงพยาบาลวังทรายพูน","7","7","100.00","7","100.00","7","0","7","100.00","7","0"
"11259  :  โรงพยาบาลโพธิ์ประทับช้าง","9","3","33.33","3","33.33","3","0","0","0.00","0","0"
"11260  :  โรงพยาบาลบางมูลนาก","15","1","6.67","1","6.67","1","0","0","0.00","0","0"
"11261  :  โรงพยาบาลโพทะเล","12","8","66.67","7","58.33","7","0","3","25.00","3","0"
"11262  :  โรงพยาบาลสามง่าม","15","0","0.00","0","0.00","0","0","0","0.00","0","0"
"11263  :  โรงพยาบาลทับคล้อ","32","8","25.00","8","25.00","7","1","2","6.25","1","1"
"11456  :  โรงพยาบาลสมเด็จพระยุพราชตะพานหิน","45","37","82.22","36","80.00","34","2","5","11.11","5","0"
"11631  :  โรงพยาบาลวชิรบารมี","26","4","15.38","2","7.69","2","0","3","11.54","3","0"
"27978  :  โรงพยาบาลสากเหล็ก","2","0","0.00","0","0.00","0","0","0","0.00","0","0"
"27979  :  โรงพยาบาลบึงนาราง","1","0","0.00","0","0.00","0","0","0","0.00","0","0"
"27980  :  โรงพยาบาลดงเจริญ","2","0","0.00","0","0.00","0","0","0","0.00","0","0"
"10727  :  โรงพยาบาลเพชรบูรณ์","78","3","3.85","3","3.85","3","0","1","1.28","1","0"
"11264  :  โรงพยาบาลชนแดน","29","1","3.45","1","3.45","1","0","0","0.00","0","0"
"11265  :  โรงพยาบาลหล่มสัก","41","0","0.00","0","0.00","0","0","0","0.00","0","0"
"11266  :  โรงพยาบาลวิเชียรบุรี","22","0","0.00","0","0.00","0","0","0","0.00","0","0"
"11267  :  โรงพยาบาลศรีเทพ","21","6","28.57","6","28.57","4","2","0","0.00","0","0"
"11268  :  โรงพยาบาลหนองไผ่","44","0","0.00","0","0.00","0","0","0","0.00","0","0"
"11269  :  โรงพยาบาลบึงสามพัน","32","0","0.00","0","0.00","0","0","0","0.00","0","0"
"11270  :  โรงพยาบาลน้ำหนาว","19","0","0.00","0","0.00","0","0","0","0.00","0","0"
"11271  :  โรงพยาบาลวังโป่ง","42","1","2.38","1","2.38","1","0","0","0.00","0","0"
"11272  :  โรงพยาบาลเขาค้อ","39","7","17.95","3","7.69","3","0","4","10.26","4","0"
"11457  :  โรงพยาบาลสมเด็จพระยุพราชหล่มเก่า","18","0","0.00","0","0.00","0","0","0","0.00","0","0"
"11946  :  โรงพยาบาลค่ายพ่อขุนผาเมือง","27","0","0.00","0","0.00","0","0","0","0.00","0","0"
"10677  :  โรงพยาบาลราชบุรี","0","0","0.00","0","0.00","0","0","0","0.00","0","0"
"10728  :  โรงพยาบาลดำเนินสะดวก","0","0","0.00","0","0.00","0","0","0","0.00","0","0"
"10729  :  โรงพยาบาลบ้านโป่ง","53","1","1.89","0","0.00","0","0","1","1.89","1","0"
"10730  :  โรงพยาบาลโพธาราม","0","0","0.00","0","0.00","0","0","0","0.00","0","0"
"11273  :  โรงพยาบาลสวนผึ้ง","37","0","0.00","0","0.00","0","0","0","0.00","0","0"
"11274  :  โรงพยาบาลบางแพ","21","0","0.00","0","0.00","0","0","0","0.00","0","0"
"11275  :  โรงพยาบาลเจ็ดเสมียน","24","0","0.00","0","0.00","0","0","0","0.00","0","0"
"11276  :  โรงพยาบาลปากท่อ","18","0","0.00","0","0.00","0","0","0","0.00","0","0"
"11277  :  โรงพยาบาลวัดเพลง","11","0","0.00","0","0.00","0","0","0","0.00","0","0"
"11458  :  โรงพยาบาลสมเด็จพระยุพราชจอมบึง","63","0","0.00","0","0.00","0","0","0","0.00","0","0"
"11519  :  โรงพยาบาลค่ายภาณุรังษี","15","0","0.00","0","0.00","0","0","0","0.00","0","0"
"12093  :  สถานพยาบาลแพทย์ประดิษฐ์","0","0","0.00","0","0.00","0","0","0","0.00","0","0"
"12097  :  มหาชัยพร้อมแพทย์โรงพยาบาลทั่วไปขนาดกลาง","0","0","0.00","0","0.00","0","0","0","0.00","0","0"
"12098  :  โรงพยาบาลกรุงเทพเมืองราชโรงพยาบาลทั่วไปขนาดใหญ่","0","0","0.00","0","0.00","0","0","0","0.00","0","0"
"12103  :  โรงพยาบาลซานคามิลโล","0","0","0.00","0","0.00","0","0","0","0.00","0","0"
"12286  :  โรงพยาบาลส่งเสริมสุขภาพ ศูนย์อนามัยที่ 5","0","0","0.00","0","0.00","0","0","0","0.00","0","0"
"28858  :  โรงพยาบาลบ้านคา","2","0","0.00","0","0.00","0","0","0","0.00","0","0"
"10731  :  โรงพยาบาลพหลพลพยุหเสนา","32","0","0.00","0","0.00","0","0","0","0.00","0","0"
"10732  :  โรงพยาบาลมะการักษ์","36","0","0.00","0","0.00","0","0","0","0.00","0","0"
"11278  :  โรงพยาบาลไทรโยค","24","0","0.00","0","0.00","0","0","0","0.00","0","0"
"11279  :  โรงพยาบาลสมเด็จพระปิยมหาราชรมณียเขต","8","1","12.50","1","12.50","1","0","0","0.00","0","0"
"11280  :  โรงพยาบาลบ่อพลอย","59","1","1.69","0","0.00","0","0","1","1.69","1","0"
"11281  :  โรงพยาบาลท่ากระดาน","17","0","0.00","0","0.00","0","0","0","0.00","0","0"
"11282  :  โรงพยาบาลสมเด็จพระสังฆราชองค์ที่ ๑๙","37","0","0.00","0","0.00","0","0","0","0.00","0","0"
"11283  :  โรงพยาบาลทองผาภูมิ","44","0","0.00","0","0.00","0","0","0","0.00","0","0"
"11284  :  โรงพยาบาลสังขละบุรี","73","0","0.00","0","0.00","0","0","0","0.00","0","0"
"11285  :  โรงพยาบาลเจ้าคุณไพบูลย์พนมทวน","18","0","0.00","0","0.00","0","0","0","0.00","0","0"
"11286  :  โรงพยาบาลเลาขวัญ","10","0","0.00","0","0.00","0","0","0","0.00","0","0"
"11287  :  โรงพยาบาลด่านมะขามเตี้ย","25","3","12.00","1","4.00","1","0","2","8.00","2","0"
"11288  :  โรงพยาบาลสถานพระบารมี","14","0","0.00","0","0.00","0","0","0","0.00","0","0"
"11520  :  โรงพยาบาลค่ายสุรสีห์","22","0","0.00","0","0.00","0","0","0","0.00","0","0"
"14136  :  โรงพยาบาลศุกร์ศิริศรีสวัสดิ์","8","0","0.00","0","0.00","0","0","0","0.00","0","0"
"21948  :  โรงพยาบาลห้วยกระเจา เฉลิมพระเกียรติ 80 พรรษา","18","0","0.00","0","0.00","0","0","0","0.00","0","0"
"41701  :  โรงพยาบาลหนองปรือ","0","0","0.00","0","0.00","0","0","0","0.00","0","0"
"10678  :  โรงพยาบาลเจ้าพระยายมราช","146","0","0.00","0","0.00","0","0","0","0.00","0","0"
"10733  :  โรงพยาบาลสมเด็จพระสังฆราชองค์ที่17","87","0","0.00","0","0.00","0","0","0","0.00","0","0"
"11289  :  โรงพยาบาลเดิมบางนางบวช","30","20","66.67","14","46.67","14","0","10","33.33","10","0"
"11290  :  โรงพยาบาลด่านช้าง","83","0","0.00","0","0.00","0","0","0","0.00","0","0"
"11291  :  โรงพยาบาลบางปลาม้า","28","0","0.00","0","0.00","0","0","0","0.00","0","0"
"11292  :  โรงพยาบาลศรีประจันต์","44","0","0.00","0","0.00","0","0","0","0.00","0","0"
"11293  :  โรงพยาบาลดอนเจดีย์","44","8","18.18","8","18.18","8","0","0","0.00","0","0"
"11294  :  โรงพยาบาลสามชุก","53","1","1.89","1","1.89","1","0","0","0.00","0","0"
"11295  :  โรงพยาบาลอู่ทอง","83","1","1.20","1","1.20","1","0","1","1.20","1","0"
"11296  :  โรงพยาบาลหนองหญ้าไซ","57","7","12.28","6","10.53","6","0","6","10.53","5","1"
"12123  :  โรงพยาบาลวิภาวดี-ปิยราษฎร์","1","0","0.00","0","0.00","0","0","0","0.00","0","0"
"10679  :  โรงพยาบาลนครปฐม","0","0","0.00","0","0.00","0","0","0","0.00","0","0"
"11297  :  โรงพยาบาลกำแพงแสน","38","0","0.00","0","0.00","0","0","0","0.00","0","0"
"11298  :  โรงพยาบาลนครชัยศรี","32","0","0.00","0","0.00","0","0","0","0.00","0","0"
"11299  :  โรงพยาบาลห้วยพลู","13","0","0.00","0","0.00","0","0","0","0.00","0","0"
"11300  :  โรงพยาบาลดอนตูม","35","0","0.00","0","0.00","0","0","0","0.00","0","0"
"11301  :  โรงพยาบาลบางเลน","42","0","0.00","0","0.00","0","0","0","0.00","0","0"
"11302  :  โรงพยาบาลสามพราน","40","0","0.00","0","0.00","0","0","0","0.00","0","0"
"11303  :  โรงพยาบาลพุทธมณฑล","5","0","0.00","0","0.00","0","0","0","0.00","0","0"
"11473  :  โรงพยาบาลเมตตาประชารักษ์(วัดไร่ขิง)","0","0","0.00","0","0.00","0","0","0","0.00","0","0"
"11521  :  โรงพยาบาลจันทรุเบกษา","6","0","0.00","0","0.00","0","0","0","0.00","0","0"
"13819  :  โรงพยาบาลหลวงพ่อเปิ่น","11","7","63.64","3","27.27","3","0","6","54.55","6","0"
"10734  :  โรงพยาบาลสมุทรสาคร","213","0","0.00","0","0.00","0","0","0","0.00","0","0"
"11304  :  โรงพยาบาลกระทุ่มแบน","0","0","0.00","0","0.00","0","0","0","0.00","0","0"
"11305  :  โรงพยาบาลบ้านแพ้ว","79","0","0.00","0","0.00","0","0","0","0.00","0","0"
"12137  :  โรงพยาบาลทั่วไปขนาดเล็กเจษฎา","24","0","0.00","0","0.00","0","0","0","0.00","0","0"
"10735  :  โรงพยาบาลสมเด็จพระพุทธเลิศหล้า","0","0","0.00","0","0.00","0","0","0","0.00","0","0"
"11306  :  โรงพยาบาลนภาลัย","0","0","0.00","0","0.00","0","0","0","0.00","0","0"
"11307  :  โรงพยาบาลอัมพวา","8","5","62.50","5","62.50","5","0","0","0.00","0","0"
"10736  :  โรงพยาบาลพระจอมเกล้า","67","6","8.96","1","1.49","1","0","6","8.96","6","0"
"11308  :  โรงพยาบาลเขาย้อย","29","2","6.90","1","3.45","1","0","1","3.45","1","0"
"11309  :  โรงพยาบาลหนองหญ้าปล้อง","13","4","30.77","4","30.77","3","1","0","0.00","0","0"
"11310  :  โรงพยาบาลชะอำ","109","0","0.00","0","0.00","0","0","0","0.00","0","0"
"11311  :  โรงพยาบาลท่ายาง","36","16","44.44","1","2.78","1","0","16","44.44","16","0"
"11312  :  โรงพยาบาลบ้านลาด","5","1","20.00","0","0.00","0","0","1","20.00","1","0"
"11313  :  โรงพยาบาลบ้านแหลม","78","0","0.00","0","0.00","0","0","0","0.00","0","0"
"11314  :  โรงพยาบาลแก่งกระจาน","7","0","0.00","0","0.00","0","0","0","0.00","0","0"
"10737  :  โรงพยาบาลประจวบคีรีขันธ์","0","0","0.00","0","0.00","0","0","0","0.00","0","0"
"11315  :  โรงพยาบาลกุยบุรี","33","3","9.09","3","9.09","3","0","1","3.03","1","0"
"11316  :  โรงพยาบาลทับสะแก","16","0","0.00","0","0.00","0","0","0","0.00","0","0"
"11317  :  โรงพยาบาลบางสะพาน","64","0","0.00","0","0.00","0","0","0","0.00","0","0"
"11318  :  โรงพยาบาลบางสะพานน้อย","0","0","0.00","0","0.00","0","0","0","0.00","0","0"
"11319  :  โรงพยาบาลปราณบุรี","0","0","0.00","0","0.00","0","0","0","0.00","0","0"
"11320  :  โรงพยาบาลหัวหิน","0","0","0.00","0","0.00","0","0","0","0.00","0","0"
"11321  :  โรงพยาบาลสามร้อยยอด","51","38","74.51","31","60.78","31","0","33","64.71","33","0"
"11500  :  โรงพยาบาลกองบิน 5","0","0","0.00","0","0.00","0","0","0","0.00","0","0"
"11522  :  โรงพยาบาลค่ายธนะรัชต์","0","0","0.00","0","0.00","0","0","0","0.00","0","0"
"12471  :  สถานีกาชาดหัวหินเฉลิมพระเกียรติ","31","0","0.00","0","0.00","0","0","0","0.00","0","0"
"10680  :  โรงพยาบาลมหาราชนครศรีธรรมราช","0","0","0.00","0","0.00","0","0","0","0.00","0","0"
"11322  :  โรงพยาบาลพรหมคีรี","27","1","3.70","0","0.00","0","0","1","3.70","1","0"
"11324  :  โรงพยาบาลลานสะกา","36","0","0.00","0","0.00","0","0","0","0.00","0","0"
"11325  :  โรงพยาบาลสมเด็จพระยุพราชฉวาง","64","0","0.00","0","0.00","0","0","0","0.00","0","0"
"11326  :  โรงพยาบาลพิปูน","16","0","0.00","0","0.00","0","0","0","0.00","0","0"
"11327  :  โรงพยาบาลเชียรใหญ่","12","0","0.00","0","0.00","0","0","0","0.00","0","0"
"11328  :  โรงพยาบาลชะอวด","36","0","0.00","0","0.00","0","0","0","0.00","0","0"
"11329  :  โรงพยาบาลท่าศาลา","214","1","0.47","1","0.47","1","0","0","0.00","0","0"
"11330  :  โรงพยาบาลทุ่งสง","0","0","0.00","0","0.00","0","0","0","0.00","0","0"
"11331  :  โรงพยาบาลนาบอน","21","1","4.76","1","4.76","1","0","0","0.00","0","0"
"11332  :  โรงพยาบาลทุ่งใหญ่","69","0","0.00","0","0.00","0","0","0","0.00","0","0"
"11333  :  โรงพยาบาลปากพนัง","96","0","0.00","0","0.00","0","0","0","0.00","0","0"
"11334  :  โรงพยาบาลร่อนพิบูลย์","1","0","0.00","0","0.00","0","0","0","0.00","0","0"
"11335  :  โรงพยาบาลสิชล","127","1","0.79","1","0.79","1","0","0","0.00","0","0"
"11336  :  โรงพยาบาลขนอม","130","1","0.77","0","0.00","0","0","1","0.77","1","0"
"11337  :  โรงพยาบาลหัวไทร","28","1","3.57","1","3.57","1","0","1","3.57","1","0"
"11338  :  โรงพยาบาลบางขัน","35","1","2.86","1","2.86","1","0","0","0.00","0","0"
"11339  :  โรงพยาบาลถ้ำพรรณรา","22","4","18.18","0","0.00","0","0","4","18.18","4","0"
"11523  :  โรงพยาบาลค่ายวชิราวุธ","9","0","0.00","0","0.00","0","0","0","0.00","0","0"
"11660  :  โรงพยาบาลจุฬาภรณ์","23","0","0.00","0","0.00","0","0","0","0.00","0","0"
"12287  :  โรงพยาบาลส่งเสริมสุขภาพ ศูนย์อนามัยที่ 11","1","0","0.00","0","0.00","0","0","0","0.00","0","0"
"12472  :  สถานีกาชาดสิริธร (สถานีกาชาดที่ 12 ทุ่งสง)","29","12","41.38","11","37.93","11","0","2","6.90","2","0"
"14918  :  โรงพยาบาลค่ายเทพสตรีศรีสุนทร","5","0","0.00","0","0.00","0","0","0","0.00","0","0"
"21771  :  โรงพยาบาลเทศบาลนครนครศรีธรรมราช","162","2","1.23","2","1.23","1","1","0","0.00","0","0"
"40491  :  โรงพยาบาลเฉลิมพระเกียรติ","42","5","11.90","5","11.90","5","0","2","4.76","2","0"
"40492  :  โรงพยาบาลพ่อท่านคล้ายวาจาสิทธิ์","19","0","0.00","0","0.00","0","0","0","0.00","0","0"
"40742  :  โรงพยาบาลนบพิตำ","12","1","8.33","1","8.33","1","0","0","0.00","0","0"
"40743  :  โรงพยาบาลพระพรหม","31","0","0.00","0","0.00","0","0","0","0.00","0","0"
"40970  :  โรงพยาบาลศูนย์การแพทย์มหาวิทยาลัยวลัยลักษณ์","0","0","0.00","0","0.00","0","0","0","0.00","0","0"
"10738  :  โรงพยาบาลกระบี่","0","0","0.00","0","0.00","0","0","0","0.00","0","0"
"11340  :  โรงพยาบาลเขาพนม","0","0","0.00","0","0.00","0","0","0","0.00","0","0"
"11341  :  โรงพยาบาลเกาะลันตา","0","0","0.00","0","0.00","0","0","0","0.00","0","0"
"11342  :  โรงพยาบาลคลองท่อม","0","0","0.00","0","0.00","0","0","0","0.00","0","0"
"11343  :  โรงพยาบาลอ่าวลึก","12","0","0.00","0","0.00","0","0","0","0.00","0","0"
"11344  :  โรงพยาบาลปลายพระยา","0","0","0.00","0","0.00","0","0","0","0.00","0","0"
"11345  :  โรงพยาบาลลำทับ","1","0","0.00","0","0.00","0","0","0","0.00","0","0"
"11346  :  โรงพยาบาลเหนือคลอง","0","0","0.00","0","0.00","0","0","0","0.00","0","0"
"77753  :  โรงพยาบาลเกาะพีพี","8","1","12.50","0","0.00","0","0","1","12.50","1","0"
"10739  :  โรงพยาบาลพังงา","0","0","0.00","0","0.00","0","0","0","0.00","0","0"
"10740  :  โรงพยาบาลตะกั่วป่า","0","0","0.00","0","0.00","0","0","0","0.00","0","0"
"11347  :  โรงพยาบาลเกาะยาวชัยพัฒน์","15","0","0.00","0","0.00","0","0","0","0.00","0","0"
"11348  :  โรงพยาบาลกะปงชัยพัฒน์","17","0","0.00","0","0.00","0","0","0","0.00","0","0"
"11349  :  โรงพยาบาลตะกั่วทุ่ง","31","2","6.45","2","6.45","2","0","0","0.00","0","0"
"11350  :  โรงพยาบาลบางไทร","17","1","5.88","1","5.88","1","0","0","0.00","0","0"
"11352  :  โรงพยาบาลคุระบุรีชัยพัฒน์","38","2","5.26","1","2.63","1","0","1","2.63","1","0"
"11353  :  โรงพยาบาลทับปุด","25","1","4.00","1","4.00","1","0","0","0.00","0","0"
"11354  :  โรงพยาบาลท้ายเหมืองชัยพัฒน์","38","18","47.37","18","47.37","18","0","0","0.00","0","0"
"10741  :  โรงพยาบาลวชิระภูเก็ต","133","1","0.75","0","0.00","0","0","1","0.75","1","0"
"11355  :  โรงพยาบาลป่าตอง","111","0","0.00","0","0.00","0","0","0","0.00","0","0"
"11356  :  โรงพยาบาลถลาง","0","0","0.00","0","0.00","0","0","0","0.00","0","0"
"24678  :  โรงพยาบาลองค์การบริหารส่วนจังหวัดภูเก็ต","127","52","40.94","2","1.57","2","0","50","39.37","50","0"
"41436  :  โรงพยาบาลฉลอง","0","0","0.00","0","0.00","0","0","0","0.00","0","0"
"09192  :  โรงพยาบาลเกาะเต่า","8","1","12.50","1","12.50","1","0","0","0.00","0","0"
"10681  :  โรงพยาบาลสุราษฎร์ธานี","0","0","0.00","0","0.00","0","0","0","0.00","0","0"
"10742  :  โรงพยาบาลเกาะสมุย","16","3","18.75","3","18.75","2","1","0","0.00","0","0"
"11357  :  โรงพยาบาลกาญจนดิษฐ์","0","0","0.00","0","0.00","0","0","0","0.00","0","0"
"11358  :  โรงพยาบาลดอนสัก","32","2","6.25","1","3.13","1","0","1","3.13","1","0"
"11359  :  โรงพยาบาลเกาะพงัน","28","2","7.14","2","7.14","2","0","0","0.00","0","0"
"11360  :  โรงพยาบาลไชยา","13","0","0.00","0","0.00","0","0","0","0.00","0","0"
"11361  :  โรงพยาบาลท่าชนะ","22","0","0.00","0","0.00","0","0","0","0.00","0","0"
"11362  :  โรงพยาบาลคีรีรัฐนิคม","7","1","14.29","1","14.29","1","0","0","0.00","0","0"
"11363  :  โรงพยาบาลบ้านตาขุน","15","1","6.67","1","6.67","1","0","0","0.00","0","0"
"11364  :  โรงพยาบาลพนม","8","6","75.00","5","62.50","5","0","2","25.00","2","0"
"11365  :  โรงพยาบาลท่าฉาง","32","21","65.63","20","62.50","13","7","1","3.13","1","0"
"11366  :  โรงพยาบาลบ้านนาสาร","0","0","0.00","0","0.00","0","0","0","0.00","0","0"
"11367  :  โรงพยาบาลบ้านนาเดิม","14","0","0.00","0","0.00","0","0","0","0.00","0","0"
"11368  :  โรงพยาบาลเคียนซา","40","9","22.50","9","22.50","9","0","1","2.50","1","0"
"11369  :  โรงพยาบาลพระแสง","54","22","40.74","18","33.33","18","0","17","31.48","17","0"
"11370  :  โรงพยาบาลพุนพิน","109","2","1.83","2","1.83","2","0","0","0.00","0","0"
"11371  :  โรงพยาบาลชัยบุรี","10","1","10.00","0","0.00","0","0","1","10.00","1","0"
"11459  :  โรงพยาบาลสมเด็จพระยุพราชเวียงสระ","59","1","1.69","1","1.69","1","0","0","0.00","0","0"
"11654  :  โรงพยาบาลวิภาวดี","14","0","0.00","0","0.00","0","0","0","0.00","0","0"
"12289  :  โรงพยาบาลสวนสราญรมย์","0","0","0.00","0","0.00","0","0","0","0.00","0","0"
"14138  :  โรงพยาบาลท่าโรงช้าง","7","1","14.29","1","14.29","1","0","1","14.29","1","0"
"14203  :  โรงพยาบาลมะเร็งสุราษฎร์ธานี","0","0","0.00","0","0.00","0","0","0","0.00","0","0"
"14862  :  โรงพยาบาลกองบิน7","2","0","0.00","0","0.00","0","0","0","0.00","0","0"
"14901  :  โรงพยาบาลค่ายวิภาวดีรังสิต","19","1","5.26","0","0.00","0","0","1","5.26","1","0"
"40915  :  สถาบันสุขภาพจิตเด็กและวัยรุ่นภาคใต้","0","0","0.00","0","0.00","0","0","0","0.00","0","0"
"10743  :  โรงพยาบาลระนอง","0","0","0.00","0","0.00","0","0","0","0.00","0","0"
"11323  :  โรงพยาบาลละอุ่น","3","1","33.33","1","33.33","0","1","0","0.00","0","0"
"11372  :  โรงพยาบาลกะเปอร์","34","28","82.35","15","44.12","15","0","25","73.53","25","0"
"11373  :  โรงพยาบาลกระบุรี","18","0","0.00","0","0.00","0","0","0","0.00","0","0"
"11374  :  โรงพยาบาลสุขสำราญ","22","1","4.55","1","4.55","1","0","1","4.55","1","0"
"10744  :  โรงพยาบาลชุมพรเขตรอุดมศักดิ์","0","0","0.00","0","0.00","0","0","0","0.00","0","0"
"11375  :  โรงพยาบาลปากน้ำชุมพร","82","46","56.10","46","56.10","46","0","3","3.66","3","0"
"11376  :  โรงพยาบาลท่าแซะ","18","0","0.00","0","0.00","0","0","0","0.00","0","0"
"11377  :  โรงพยาบาลปะทิว","18","0","0.00","0","0.00","0","0","0","0.00","0","0"
"11378  :  โรงพยาบาลมาบอำมฤต","46","0","0.00","0","0.00","0","0","0","0.00","0","0"
"11379  :  โรงพยาบาลหลังสวน","64","38","59.38","35","54.69","35","0","10","15.63","10","0"
"11380  :  โรงพยาบาลปากน้ำหลังสวน","30","4","13.33","4","13.33","4","0","1","3.33","1","0"
"11381  :  โรงพยาบาลละแม","36","3","8.33","3","8.33","3","0","0","0.00","0","0"
"11382  :  โรงพยาบาลพะโต๊ะ","49","8","16.33","7","14.29","7","0","2","4.08","2","0"
"11383  :  โรงพยาบาลสวี","39","8","20.51","8","20.51","8","0","0","0.00","0","0"
"11385  :  โรงพยาบาลทุ่งตะโก","45","7","15.56","7","15.56","7","0","1","2.22","1","0"
"11525  :  โรงพยาบาลค่ายเขตอุดมศักดิ์","2","0","0.00","0","0.00","0","0","0","0.00","0","0"
"10682  :  โรงพยาบาลหาดใหญ่","0","0","0.00","0","0.00","0","0","0","0.00","0","0"
"10745  :  โรงพยาบาลสงขลา","0","0","0.00","0","0.00","0","0","0","0.00","0","0"
"11386  :  โรงพยาบาลสทิงพระ","0","0","0.00","0","0.00","0","0","0","0.00","0","0"
"11387  :  โรงพยาบาลจะนะ","0","0","0.00","0","0.00","0","0","0","0.00","0","0"
"11388  :  โรงพยาบาลสมเด็จพระบรมราชินีนาถ ณ  อำเภอนาทวี","0","0","0.00","0","0.00","0","0","0","0.00","0","0"
"11390  :  โรงพยาบาลเทพา","0","0","0.00","0","0.00","0","0","0","0.00","0","0"
"11391  :  โรงพยาบาลสะบ้าย้อย","0","0","0.00","0","0.00","0","0","0","0.00","0","0"
"11392  :  โรงพยาบาลระโนด","0","0","0.00","0","0.00","0","0","0","0.00","0","0"
"11393  :  โรงพยาบาลกระแสสินธุ์","0","0","0.00","0","0.00","0","0","0","0.00","0","0"
"11394  :  โรงพยาบาลรัตภูมิ","0","0","0.00","0","0.00","0","0","0","0.00","0","0"
"11395  :  โรงพยาบาลสะเดา","0","0","0.00","0","0.00","0","0","0","0.00","0","0"
"11396  :  โรงพยาบาลนาหม่อม","0","0","0.00","0","0.00","0","0","0","0.00","0","0"
"11397  :  โรงพยาบาลควนเนียง","0","0","0.00","0","0.00","0","0","0","0.00","0","0"
"11398  :  โรงพยาบาลปาดังเบซาร์","0","0","0.00","0","0.00","0","0","0","0.00","0","0"
"11399  :  โรงพยาบาลบางกล่ำ","0","0","0.00","0","0.00","0","0","0","0.00","0","0"
"11400  :  โรงพยาบาลสิงหนคร","0","0","0.00","0","0.00","0","0","0","0.00","0","0"
"11401  :  โรงพยาบาลคลองหอยโข่ง","0","0","0.00","0","0.00","0","0","0","0.00","0","0"
"12290  :  โรงพยาบาลจิตเวชสงขลาราชนครินทร์","0","0","0.00","0","0.00","0","0","0","0.00","0","0"
"14194  :  โรงพยาบาลธัญญารักษ์สงขลา","0","0","0.00","0","0.00","0","0","0","0.00","0","0"
"10746  :  โรงพยาบาลสตูล","0","0","0.00","0","0.00","0","0","0","0.00","0","0"
"11402  :  โรงพยาบาลควนโดน","43","0","0.00","0","0.00","0","0","0","0.00","0","0"
"11403  :  โรงพยาบาลควนกาหลง","31","0","0.00","0","0.00","0","0","0","0.00","0","0"
"11404  :  โรงพยาบาลท่าแพ","0","0","0.00","0","0.00","0","0","0","0.00","0","0"
"11405  :  โรงพยาบาลละงู","0","0","0.00","0","0.00","0","0","0","0.00","0","0"
"11406  :  โรงพยาบาลทุ่งหว้า","48","0","0.00","0","0.00","0","0","0","0.00","0","0"
"28786  :  โรงพยาบาลมะนัง","32","0","0.00","0","0.00","0","0","0","0.00","0","0"
"10683  :  โรงพยาบาลตรัง","0","0","0.00","0","0.00","0","0","0","0.00","0","0"
"11407  :  โรงพยาบาลกันตัง","16","0","0.00","0","0.00","0","0","0","0.00","0","0"
"11408  :  โรงพยาบาลย่านตาขาว","40","0","0.00","0","0.00","0","0","0","0.00","0","0"
"11409  :  โรงพยาบาลปะเหลียน","0","0","0.00","0","0.00","0","0","0","0.00","0","0"
"11410  :  โรงพยาบาลสิเกา","32","0","0.00","0","0.00","0","0","0","0.00","0","0"
"11411  :  โรงพยาบาลห้วยยอด","0","0","0.00","0","0.00","0","0","0","0.00","0","0"
"11412  :  โรงพยาบาลวังวิเศษ","54","0","0.00","0","0.00","0","0","0","0.00","0","0"
"11413  :  โรงพยาบาลนาโยง","0","0","0.00","0","0.00","0","0","0","0.00","0","0"
"12226  :  โรงพยาบาลวัฒนแพทย์","0","0","0.00","0","0.00","0","0","0","0.00","0","0"
"12230  :  โรงพยาบาล ทีอาร์พีเอช โรงพยาบาลทั่วไปขนาดใหญ่","0","0","0.00","0","0.00","0","0","0","0.00","0","0"
"13755  :  โรงพยาบาลโรคผิวหนังเขตร้อนภาคใต้ จังหวัดตรัง","0","0","0.00","0","0.00","0","0","0","0.00","0","0"
"14139  :  โรงพยาบาลรัษฎา","2","0","0.00","0","0.00","0","0","0","0.00","0","0"
"28817  :  โรงพยาบาลหาดสำราญเฉลิมพระเกียรติ 80 พรรษา","10","0","0.00","0","0.00","0","0","0","0.00","0","0"
"10747  :  โรงพยาบาลพัทลุง","0","0","0.00","0","0.00","0","0","0","0.00","0","0"
"11414  :  โรงพยาบาลกงหรา","27","0","0.00","0","0.00","0","0","0","0.00","0","0"
"11415  :  โรงพยาบาลเขาชัยสน","0","0","0.00","0","0.00","0","0","0","0.00","0","0"
"11416  :  โรงพยาบาลตะโหมด","53","8","15.09","0","0.00","0","0","8","15.09","8","0"
"11417  :  โรงพยาบาลควนขนุน","0","0","0.00","0","0.00","0","0","0","0.00","0","0"
"11418  :  โรงพยาบาลปากพะยูน","0","0","0.00","0","0.00","0","0","0","0.00","0","0"
"11419  :  โรงพยาบาลศรีบรรพต","0","0","0.00","0","0.00","0","0","0","0.00","0","0"
"11420  :  โรงพยาบาลป่าบอน","14","14","100.00","12","85.71","12","0","13","92.86","13","0"
"11421  :  โรงพยาบาลบางแก้ว","0","0","0.00","0","0.00","0","0","0","0.00","0","0"
"11422  :  โรงพยาบาลป่าพะยอม","0","0","0.00","0","0.00","0","0","0","0.00","0","0"
"24673  :  โรงพยาบาลศรีนครินทร์(ปัญญานันทภิขุ)","36","0","0.00","0","0.00","0","0","0","0.00","0","0"
"10748  :  โรงพยาบาลปัตตานี","0","0","0.00","0","0.00","0","0","0","0.00","0","0"
"11423  :  โรงพยาบาลโคกโพธิ์","0","0","0.00","0","0.00","0","0","0","0.00","0","0"
"11424  :  โรงพยาบาลหนองจิก","0","0","0.00","0","0.00","0","0","0","0.00","0","0"
"11425  :  โรงพยาบาลปะนาเระ","0","0","0.00","0","0.00","0","0","0","0.00","0","0"
"11426  :  โรงพยาบาลมายอ","0","0","0.00","0","0.00","0","0","0","0.00","0","0"
"11427  :  โรงพยาบาลทุ่งยางแดง","1","0","0.00","0","0.00","0","0","0","0.00","0","0"
"11428  :  โรงพยาบาลไม้แก่น","0","0","0.00","0","0.00","0","0","0","0.00","0","0"
"11429  :  โรงพยาบาลยะหริ่ง","0","0","0.00","0","0.00","0","0","0","0.00","0","0"
"11430  :  โรงพยาบาลยะรัง","0","0","0.00","0","0.00","0","0","0","0.00","0","0"
"11431  :  โรงพยาบาลแม่ลาน","0","0","0.00","0","0.00","0","0","0","0.00","0","0"
"11460  :  โรงพยาบาลสมเด็จพระยุพราชสายบุรี","0","0","0.00","0","0.00","0","0","0","0.00","0","0"
"11464  :  โรงพยาบาลกะพ้อ","0","0","0.00","0","0.00","0","0","0","0.00","0","0"
"11529  :  โรงพยาบาลค่ายอิงคยุทธบริหาร","0","0","0.00","0","0.00","0","0","0","0.00","0","0"
"14195  :  โรงพยาบาลธัญญรักษ์ปัตตานี","0","0","0.00","0","0.00","0","0","0","0.00","0","0"
"10684  :  โรงพยาบาลยะลา","0","0","0.00","0","0.00","0","0","0","0.00","0","0"
"10749  :  โรงพยาบาลเบตง","0","0","0.00","0","0.00","0","0","0","0.00","0","0"
"11432  :  โรงพยาบาลบันนังสตา","0","0","0.00","0","0.00","0","0","0","0.00","0","0"
"11433  :  โรงพยาบาลธารโต","41","0","0.00","0","0.00","0","0","0","0.00","0","0"
"11434  :  โรงพยาบาลรามัน","0","0","0.00","0","0.00","0","0","0","0.00","0","0"
"11461  :  โรงพยาบาลสมเด็จพระยุพราชยะหา","0","0","0.00","0","0.00","0","0","0","0.00","0","0"
"12238  :  โรงพยาบาลสิโรรส","0","0","0.00","0","0.00","0","0","0","0.00","0","0"
"13806  :  โรงพยาบาลกาบัง","73","0","0.00","0","0.00","0","0","0","0.00","0","0"
"14663  :  โรงพยาบาลส่งเสริมสุขภาพ ศูนย์อนามัยที่ 12","0","0","0.00","0","0.00","0","0","0","0.00","0","0"
"24689  :  โรงพยาบาลกรงปินัง","0","0","0.00","0","0.00","0","0","0","0.00","0","0"
"10750  :  โรงพยาบาลนราธิวาสราชนครินทร์","0","0","0.00","0","0.00","0","0","0","0.00","0","0"
"10751  :  โรงพยาบาลสุไหงโก-ลก","0","0","0.00","0","0.00","0","0","0","0.00","0","0"
"11435  :  โรงพยาบาลตากใบ","298","1","0.34","0","0.00","0","0","1","0.34","1","0"
"11436  :  โรงพยาบาลบาเจาะ","120","1","0.83","1","0.83","1","0","1","0.83","1","0"
"11437  :  โรงพยาบาลระแงะ","154","8","5.19","7","4.55","7","0","2","1.30","2","0"
"11438  :  โรงพยาบาลรือเสาะ","60","0","0.00","0","0.00","0","0","0","0.00","0","0"
"11439  :  โรงพยาบาลศรีสาคร","105","0","0.00","0","0.00","0","0","0","0.00","0","0"
"11440  :  โรงพยาบาลแว้ง","90","1","1.11","1","1.11","1","0","0","0.00","0","0"
"11441  :  โรงพยาบาลสุคิริน","50","42","84.00","40","80.00","38","2","5","10.00","5","0"
"11442  :  โรงพยาบาลสุไหงปาดี","161","2","1.24","1","0.62","1","0","1","0.62","1","0"
"13818  :  โรงพยาบาลจะแนะ","169","3","1.78","3","1.78","3","0","0","0.00","0","0"
"15010  :  โรงพยาบาลเจาะไอร้อง","131","1","0.76","1","0.76","1","0","1","0.76","1","0"
"23771  :  โรงพยาบาลยี่งอเฉลิมพระเกียรติ 80 พรรษา","66","1","1.52","1","1.52","1","0","0","0.00","0","0"