"โรงพยาบาล","ได้รับบริการ(คน)","พบประวัติคลอด(คน)","จำนวนบริการ(ครั้ง)","บริการพบประวัติ(ครั้ง)","บริการล่าช้า (คน)","บริการเกิน 90 วัน (คน)"
"ทุกสิทธิ","สิทธิ UC","ทุกสิทธิ","สิทธิ UC","ทุกสิทธิ","สิทธิ UC","ทุกสิทธิ","สิทธิ UC","ทุกสิทธิ","สิทธิ UC","ทุกสิทธิ","สิทธิ UC"
"11468  :  ทัณฑสถานโรงพยาบาลราชทัณฑ์","0","0","0","0","0","0","0","0","0","0","0","0"
"11469  :  โรงพยาบาลเลิดสิน","0","0","0","0","0","0","0","0","0","0","0","0"
"11470  :  โรงพยาบาลนพรัตนราชธานี","0","0","0","0","0","0","0","0","0","0","0","0"
"11471  :  โรงพยาบาลสงฆ์","0","0","0","0","0","0","0","0","0","0","0","0"
"11472  :  โรงพยาบาลราชวิถี","0","0","0","0","0","0","0","0","0","0","0","0"
"11477  :  โรงพยาบาลทหารผ่านศึก","0","0","0","0","0","0","0","0","0","0","0","0"
"11478  :  โรงพยาบาลสมเด็จพระปิ่นเกล้า","0","0","0","0","0","0","0","0","0","0","0","0"
"11481  :  โรงพยาบาลพระมงกุฎเกล้า","0","0","0","0","0","0","0","0","0","0","0","0"
"11482  :  โรงพยาบาลภูมิพลอดุลยเดช","0","0","0","0","0","0","0","0","0","0","0","0"
"11532  :  โรงพยาบาลสวนเบญจกิติเฉลิมพระเกียรติ84พรรษา","0","0","0","0","0","0","0","0","0","0","0","0"
"11534  :  โรงพยาบาลบุรฉัตรไชยากร (รถไฟ)","0","0","0","0","0","0","0","0","0","0","0","0"
"11535  :  คณะแพทย์ศาสตร์วชิรพยาบาล มหาวิทยาลัยกรุงเทพมหานคร","0","0","0","0","0","0","0","0","0","0","0","0"
"11536  :  โรงพยาบาลเวชการุณย์รัศมิ์","0","0","0","0","0","0","0","0","0","0","0","0"
"11537  :  โรงพยาบาลกลาง","0","0","0","0","0","0","0","0","0","0","0","0"
"11538  :  โรงพยาบาลลาดกระบังกรุงเทพมหานคร","0","0","0","0","0","0","0","0","0","0","0","0"
"11539  :  โรงพยาบาลตากสิน","0","0","0","0","0","0","0","0","0","0","0","0"
"11540  :  โรงพยาบาลหลวงพ่อทวีศักดิ์ฯ ชุตินธโร อุทิศ","0","0","0","0","0","0","0","0","0","0","0","0"
"11541  :  โรงพยาบาลเจริญกรุงประชารักษ์","0","0","0","0","0","0","0","0","0","0","0","0"
"11546  :  โรงพยาบาลบี เอ็น เอช","0","0","0","0","0","0","0","0","0","0","0","0"
"11548  :  โรงพยาบาลกรุงเทพคริสเตียน","0","0","0","0","0","0","0","0","0","0","0","0"
"11552  :  โรงพยาบาลมเหสักข์","0","0","0","0","0","0","0","0","0","0","0","0"
"11559  :  สถานพยาบาลชินเขตงามวงศ์วาน","0","0","0","0","0","0","0","0","0","0","0","0"
"11560  :  โรงพยาบาลทั่วไปขนาดใหญ่เปาโล เกษตร","0","0","0","0","0","0","0","0","0","0","0","0"
"11565  :  โรงพยาบาลรามคำแหง","0","0","0","0","0","0","0","0","0","0","0","0"
"11581  :  โรงพยาบาลผู้สูงอายุขนาดกลางกล้วยน้ำไท 2","0","0","0","0","0","0","0","0","0","0","0","0"
"11583  :  โรงพยาบาลกล้วยน้ำไท","0","0","0","0","0","0","0","0","0","0","0","0"
"11592  :  โรงพยาบาลบางนา1","0","0","0","0","0","0","0","0","0","0","0","0"
"11595  :  นวมินทร์โรงพยาบาลทั่วไปขนาดใหญ่","0","0","0","0","0","0","0","0","0","0","0","0"
"11597  :  สถาบันกัลยาณ์ราชนครินทร์","0","0","0","0","0","0","0","0","0","0","0","0"
"11600  :  โรงพยาบาลเซนต์หลุยส์","0","0","0","0","0","0","0","0","0","0","0","0"
"11603  :  โรงพยาบาลเทียนฟ้ามูลนิธิโรงพยาบาลทั่วไปขนาดกลาง","0","0","0","0","0","0","0","0","0","0","0","0"
"11607  :  โรงพยาบาลเปาโลเมโมเรียล","0","0","0","0","0","0","0","0","0","0","0","0"
"11609  :  โรงพยาบาลพญาไท 2","0","0","0","0","0","0","0","0","0","0","0","0"
"11616  :  โรงพยาบาลสมิติเวชธนบุรี","0","0","0","0","0","0","0","0","0","0","0","0"
"11621  :  โรงพยาบาลบางไผ่","0","0","0","0","0","0","0","0","0","0","0","0"
"11626  :  โรงพยาบาลคลองตัน","0","0","0","0","0","0","0","0","0","0","0","0"
"11628  :  โรงพยาบาลพระราม 9","0","0","0","0","0","0","0","0","0","0","0","0"
"11629  :  โรงพยาบาลเพชรเวช","0","0","0","0","0","0","0","0","0","0","0","0"
"11640  :  โรงพยาบาลธนบุรี 2","0","0","0","0","0","0","0","0","0","0","0","0"
"11641  :  โรงพยาบาลทั่วไปขนาดกลางโรงพยาบาลวิชัยเวช แยกไฟฉาย","0","0","0","0","0","0","0","0","0","0","0","0"
"11644  :  โรงพยาบาลเจ้าพระยา","0","0","0","0","0","0","0","0","0","0","0","0"
"11645  :  โรงพยาบาลทั่วไปขนาดใหญ่ธนบุรี","0","0","0","0","0","0","0","0","0","0","0","0"
"11656  :  โรงพยาบาลเกษมราษฎร์ บางแค","0","0","0","0","0","0","0","0","0","0","0","0"
"11661  :  โรงพยาบาลวิชัยเวช อินเตอร์เนชั่นแนล หนองแขม","0","0","0","0","0","0","0","0","0","0","0","0"
"11667  :  โรงพยาบาลประชาพัฒน์","0","0","0","0","0","0","0","0","0","0","0","0"
"11668  :  โรงพยาบาลสุขสวัสดิ์","0","0","0","0","0","0","0","0","0","0","0","0"
"11669  :  โรงพยาบาลราษฏร์บูรณะ","0","0","0","0","0","0","0","0","0","0","0","0"
"11670  :  โรงพยาบาลบางปะกอก 1","0","0","0","0","0","0","0","0","0","0","0","0"
"11676  :  โรงพยาบาลยันฮี","0","0","0","0","0","0","0","0","0","0","0","0"
"11686  :  โรงพยาบาลบางโพ","0","0","0","0","0","0","0","0","0","0","0","0"
"11687  :  โรงพยาบาลเกษมราษฎร์ประชาชื่น","0","0","0","0","0","0","0","0","0","0","0","0"
"11691  :  โรงพยาบาลวิภาวดี","0","0","0","0","0","0","0","0","0","0","0","0"
"11694  :  โรงพยาบาลจักษุรัตนิน","0","0","0","0","0","0","0","0","0","0","0","0"
"11697  :  โรงพยาบาลคามิลเลียน","0","0","0","0","0","0","0","0","0","0","0","0"
"11699  :  โรงพยาบาลบำรุงราษฎร์","0","0","0","0","0","0","0","0","0","0","0","0"
"11703  :  โรงพยาบาลแพทย์ปัญญา","0","0","0","0","0","0","0","0","0","0","0","0"
"11708  :  โรงพยาบาลบางมดโรงพยาบาลทั่วไปขนาดใหญ่","0","0","0","0","0","0","0","0","0","0","0","0"
"11715  :  โรงพยาบาลพญาไท 1","0","0","0","0","0","0","0","0","0","0","0","0"
"11721  :  โรงพยาบาลเปาโลเมโมเรียล โชคชัย 4","0","0","0","0","0","0","0","0","0","0","0","0"
"11729  :  โรงพยาบาลลาดพร้าว","0","0","0","0","0","0","0","0","0","0","0","0"
"11730  :  โรงพยาบาลไทยนครินทร์","0","0","0","0","0","0","0","0","0","0","0","0"
"11750  :  โรงพยาบาลหัวเฉียวโรงพยาบาลทั่วไปขนาดใหญ่","0","0","0","0","0","0","0","0","0","0","0","0"
"11811  :  โรงพยาบาลสมิติเวช","0","0","0","0","0","0","0","0","0","0","0","0"
"12243  :  สถาบันพัฒนาสุขภาวะเขตเมือง","0","0","0","0","0","0","0","0","0","0","0","0"
"12244  :  สถาบันจิตเวชศาสตร์สมเด็จเจ้าพระยา","0","0","0","0","0","0","0","0","0","0","0","0"
"12246  :  สถาบันราชานุกูล","0","0","0","0","0","0","0","0","0","0","0","0"
"12249  :  สถาบันโรคผิวหนัง","0","0","0","0","0","0","0","0","0","0","0","0"
"12250  :  สถาบันมะเร็งแห่งชาติ","0","0","0","0","0","0","0","0","0","0","0","0"
"12438  :  สถาบันสุขภาพเด็กแห่งชาติมหาราชินี","0","0","0","0","0","0","0","0","0","0","0","0"
"12439  :  สถาบันประสาทวิทยา","0","0","0","0","0","0","0","0","0","0","0","0"
"13756  :  โรงพยาบาลจุฬาลงกรณ์สภากาชาดไทย","0","0","0","0","0","0","0","0","0","0","0","0"
"13757  :  โรงพยาบาลเวชศาสตร์เขตร้อน มหาวิทยาลัยมหิดล","0","0","0","0","0","0","0","0","0","0","0","0"
"13814  :  โรงพยาบาลศิริราช","0","0","0","0","0","0","0","0","0","0","0","0"
"14173  :  โรงพยาบาลตำรวจ","0","0","0","0","0","0","0","0","0","0","0","0"
"14572  :  โรงพยาบาลบี.แคร์.เมดิคอลเซ็นเตอร์","0","0","0","0","0","0","0","0","0","0","0","0"
"14574  :  โรงพยาบาลพญาไท 3","0","0","0","0","0","0","0","0","0","0","0","0"
"14577  :  โรงพยาบาลวิภาราม","0","0","0","0","0","0","0","0","0","0","0","0"
"14641  :  โรงพยาบาลราชพิพัฒน์","0","0","0","0","0","0","0","0","0","0","0","0"
"14908  :  โรงพยาบาลการุญเวช สุขาภิบาล3","0","0","0","0","0","0","0","0","0","0","0","0"
"15049  :  โรงพยาบาลสิรินธร","0","0","0","0","0","0","0","0","0","0","0","0"
"15147  :  โรงพยาบาลบางปะกอก 8 โรงพยาบาลทั่วไปขนาดใหญ่","0","0","0","0","0","0","0","0","0","0","0","0"
"21673  :  โรงพยาบาลซีจีเอช สายไหม โรงพยาบาลทั่วไปขนาดใหญ่","0","0","0","0","0","0","0","0","0","0","0","0"
"22155  :  โรงพยาบาลครู","0","0","0","0","0","0","0","0","0","0","0","0"
"22737  :  โรงพยาบาลจุฬาภรณ์","0","0","0","0","0","0","0","0","0","0","0","0"
"23762  :  โรงพยาบาลนวุติสมเด็จย่า","0","0","0","0","0","0","0","0","0","0","0","0"
"23781  :  นวมินทร์ 9โรงพยาบาลทั่วไปขนาดใหญ่","0","0","0","0","0","0","0","0","0","0","0","0"
"23783  :  โรงพยาบาลเสรีรักษ์","0","0","0","0","0","0","0","0","0","0","0","0"
"24085  :  สถาบันวิจัยการแพทย์แผนไทย","0","0","0","0","0","0","0","0","0","0","0","0"
"24748  :  โรงพยาบาลศิริราช ปิยมหาราชการุณย์","0","0","0","0","0","0","0","0","0","0","0","0"
"25015  :  โรงพยาบาลทั่วไปขนาดใหญ่มิตรประชา","0","0","0","0","0","0","0","0","0","0","0","0"
"25060  :  โรงพยาบาลผู้สูงอายุบางขุนเทียน","0","0","0","0","0","0","0","0","0","0","0","0"
"41329  :  โรงพยาบาลเฉพาะประเภทผู้ป่วยสูงอายุ เฌ้อสเซอรี่โฮมขนาดเล็ก","0","0","0","0","0","0","0","0","0","0","0","0"
"41414  :  โรงพยาบาลทหารอากาศ (สีกัน)","0","0","0","0","0","0","0","0","0","0","0","0"
"77665  :  โรงพยาบาลการแพทย์แผนไทยและการแพทย์ผสมผสาน","4","0","1","0","0","0","0","0","4","0","0","0"
"10685  :  โรงพยาบาลสมุทรปราการ","9","1","4","1","17","4","5","4","6","1","0","0"
"10752  :  โรงพยาบาลบางบ่อ","20","19","17","17","94","94","86","86","10","9","0","0"
"10753  :  โรงพยาบาลบางพลี","0","0","0","0","0","0","0","0","0","0","0","0"
"10754  :  โรงพยาบาลบางจาก","3","3","3","3","15","15","15","15","0","0","0","0"
"10755  :  โรงพยาบาลพระสมุทรเจดีย์สวาทยานนท์","30","29","27","27","139","139","129","129","4","3","0","0"
"11769  :  โรงพยาบาลเซ็นทรัลปาร์ค","0","0","0","0","0","0","0","0","0","0","0","0"
"11775  :  โรงพยาบาลเมืองสมุทรปู่เจ้าสมิงพราย","0","0","0","0","0","0","0","0","0","0","0","0"
"12251  :  โรงพยาบาลยุวประสาทไวทโยปถัมภ์","0","0","0","0","0","0","0","0","0","0","0","0"
"15138  :  โรงพยาบาลเมืองสมุทรบางปูโรงพยาบาลทั่วไปขนาดเล็ก","0","0","0","0","0","0","0","0","0","0","0","0"
"28785  :  โรงพยาบาลบางเสาธง","0","0","0","0","0","0","0","0","0","0","0","0"
"10686  :  โรงพยาบาลพระนั่งเกล้า","4","0","2","0","16","0","7","0","3","0","0","0"
"10756  :  โรงพยาบาลบางกรวย","0","0","0","0","0","0","0","0","0","0","0","0"
"10757  :  โรงพยาบาลบางใหญ่","1","0","0","0","3","0","0","0","1","0","0","0"
"10758  :  โรงพยาบาลบางบัวทอง","2","1","1","0","1","1","0","0","1","1","0","0"
"10759  :  โรงพยาบาลไทรน้อย","48","26","26","15","0","0","0","0","22","11","0","0"
"10760  :  โรงพยาบาลปากเกร็ด","2","0","1","0","5","0","2","0","2","0","0","0"
"11781  :  โรงพยาบาลนนทเวช","0","0","0","0","0","0","0","0","0","0","0","0"
"11786  :  โรงพยาบาลอนันต์พัฒนา 2","0","0","0","0","0","0","0","0","0","0","0","0"
"11787  :  โรงพยาบาลเกษมราษฎร์อินเตอร์เนชั่นแนล รัตนาธิเบศร์โรงพยาบาลทั่วไปขนาดใหญ่","0","0","0","0","0","0","0","0","0","0","0","0"
"12256  :  สถาบันโรคทรวงอก","0","0","0","0","0","0","0","0","0","0","0","0"
"12257  :  สถาบันบำราศนราดูร","0","0","0","0","0","0","0","0","0","0","0","0"
"12258  :  สถาบันสิรินธรเพื่อการฟื้นฟูสมรรถภาพทางการแพทย์แห่งชาติ","0","0","0","0","0","0","0","0","0","0","0","0"
"12260  :  โรงพยาบาลศรีธัญญา","0","0","0","0","0","0","0","0","0","0","0","0"
"13815  :  ศูนย์การแพทย์ปัญญานันทภิกขุ ชลประทาน มหาวิทยาลัยศรีนครินทรวิโรฒ","3","0","1","0","14","0","5","0","3","0","0","0"
"22127  :  โรงพยาบาลชลลดา","0","0","0","0","0","0","0","0","0","0","0","0"
"28875  :  โรงพยาบาลบางบัวทอง ๒","0","0","0","0","0","0","0","0","0","0","0","0"
"10687  :  โรงพยาบาลปทุมธานี","7","0","1","0","15","0","1","0","7","0","0","0"
"10761  :  โรงพยาบาลคลองหลวง","1","1","0","0","5","5","0","0","1","1","0","0"
"10762  :  โรงพยาบาลธัญบุรี","22","22","22","22","48","48","48","48","22","22","0","0"
"10763  :  โรงพยาบาลประชาธิปัตย์","1","0","0","0","4","0","0","0","1","0","0","0"
"10764  :  โรงพยาบาลหนองเสือ","6","3","1","1","0","0","0","0","6","3","0","0"
"10765  :  โรงพยาบาลลาดหลุมแก้ว","0","0","0","0","0","0","0","0","0","0","0","0"
"10766  :  โรงพยาบาลลำลูกกา","1","0","0","0","0","0","0","0","1","0","0","0"
"10767  :  โรงพยาบาลสามโคก","0","0","0","0","0","0","0","0","0","0","0","0"
"12262  :  สถาบันบำบัดรักษาและฟื้นฟูผู้ติดยาเสพติดแห่งชาติบรมราชชนนี","0","0","0","0","0","0","0","0","0","0","0","0"
"14923  :  โรงพยาบาลมหาวชิราลงกรณ ธัญบุรี","0","0","0","0","0","0","0","0","0","0","0","0"
"10660  :  โรงพยาบาลพระนครศรีอยุธยา","0","0","0","0","0","0","0","0","0","0","0","0"
"10688  :  โรงพยาบาลเสนา","6","0","1","0","10","0","0","0","6","0","0","0"
"10768  :  โรงพยาบาลท่าเรือ","0","0","0","0","0","0","0","0","0","0","0","0"
"10769  :  โรงพยาบาลสมเด็จพระสังฆราชเจ้า กรมหลวงชินวราลงกรณ (วาสนมหาเถร)","0","0","0","0","0","0","0","0","0","0","0","0"
"10770  :  โรงพยาบาลบางไทร","2","0","0","0","0","0","0","0","2","0","0","0"
"10771  :  โรงพยาบาลบางบาล","1","0","0","0","1","0","0","0","1","0","0","0"
"10772  :  โรงพยาบาลบางปะอิน","4","0","1","0","0","0","0","0","3","0","0","0"
"10773  :  โรงพยาบาลบางปะหัน","1","0","1","0","0","0","0","0","0","0","0","0"
"10774  :  โรงพยาบาลผักไห่","2","2","1","1","5","5","3","3","1","1","0","0"
"10775  :  โรงพยาบาลภาชี","4","1","3","0","3","1","2","0","1","1","0","0"
"10776  :  โรงพยาบาลลาดบัวหลวง","1","0","0","0","0","0","0","0","1","0","0","0"
"10777  :  โรงพยาบาลวังน้อย","2","0","0","0","0","0","0","0","2","0","0","0"
"10778  :  โรงพยาบาลบางซ้าย","0","0","0","0","0","0","0","0","0","0","0","0"
"10779  :  โรงพยาบาลอุทัย","2","0","1","0","0","0","0","0","2","0","0","0"
"10780  :  โรงพยาบาลมหาราช","0","0","0","0","0","0","0","0","0","0","0","0"
"10781  :  โรงพยาบาลบ้านแพรก","0","0","0","0","0","0","0","0","0","0","0","0"
"10689  :  โรงพยาบาลอ่างทอง","3","0","1","0","14","0","5","0","2","0","0","0"
"10782  :  โรงพยาบาลไชโย","0","0","0","0","0","0","0","0","0","0","0","0"
"10784  :  โรงพยาบาลป่าโมก","0","0","0","0","0","0","0","0","0","0","0","0"
"10785  :  โรงพยาบาลโพธิ์ทอง","0","0","0","0","0","0","0","0","0","0","0","0"
"10786  :  โรงพยาบาลแสวงหา","0","0","0","0","0","0","0","0","0","0","0","0"
"10787  :  โรงพยาบาลวิเศษชัยชาญ","0","0","0","0","0","0","0","0","0","0","0","0"
"10788  :  โรงพยาบาลสามโก้","2","0","1","0","0","0","0","0","2","0","0","0"
"10690  :  โรงพยาบาลพระนารายณ์มหาราช","25","4","18","4","0","0","0","0","12","1","0","0"
"10691  :  โรงพยาบาลบ้านหมี่","1","0","1","0","2","0","2","0","1","0","0","0"
"10789  :  โรงพยาบาลพัฒนานิคม","4","0","0","0","8","0","0","0","4","0","0","0"
"10790  :  โรงพยาบาลโคกสำโรง","97","95","88","88","467","455","423","422","13","11","0","0"
"10791  :  โรงพยาบาลชัยบาดาล","63","63","61","61","107","107","102","102","7","7","0","0"
"10792  :  โรงพยาบาลท่าวุ้ง","0","0","0","0","0","0","0","0","0","0","0","0"
"10793  :  โรงพยาบาลท่าหลวง","2","2","1","1","4","4","2","2","1","1","0","0"
"10794  :  โรงพยาบาลสระโบสถ์","1","0","1","0","2","0","2","0","0","0","0","0"
"10795  :  โรงพยาบาลโคกเจริญ","5","5","5","5","15","15","15","15","2","2","0","0"
"10796  :  โรงพยาบาลลำสนธิ","0","0","0","0","0","0","0","0","0","0","0","0"
"10797  :  โรงพยาบาลหนองม่วง","6","2","4","2","20","10","15","10","3","1","0","0"
"14199  :  โรงพยาบาลมะเร็งลพบุรี","0","0","0","0","0","0","0","0","0","0","0","0"
"14928  :  โรงพยาบาลกองบิน 2","0","0","0","0","0","0","0","0","0","0","0","0"
"10692  :  โรงพยาบาลสิงห์บุรี","18","5","12","4","15","14","11","10","14","3","0","0"
"10693  :  โรงพยาบาลอินทร์บุรี","4","0","4","0","17","0","17","0","3","0","0","0"
"10798  :  โรงพยาบาลบางระจัน","0","0","0","0","0","0","0","0","0","0","0","0"
"10799  :  โรงพยาบาลค่ายบางระจัน","2","0","0","0","0","0","0","0","2","0","0","0"
"10800  :  โรงพยาบาลพรหมบุรี","0","0","0","0","0","0","0","0","0","0","0","0"
"10801  :  โรงพยาบาลท่าช้าง","0","0","0","0","0","0","0","0","0","0","0","0"
"10694  :  โรงพยาบาลชัยนาทนเรนทร","3","0","1","0","6","0","0","0","2","0","0","0"
"10802  :  โรงพยาบาลมโนรมย์","0","0","0","0","0","0","0","0","0","0","0","0"
"10803  :  โรงพยาบาลวัดสิงห์","7","1","2","1","0","0","0","0","7","1","0","0"
"10804  :  โรงพยาบาลสรรพยา","11","6","9","6","46","25","38","25","9","5","0","0"
"10805  :  โรงพยาบาลสรรคบุรี","23","8","10","6","8","8","4","4","20","5","0","0"
"10806  :  โรงพยาบาลหันคา","7","6","6","5","11","10","9","8","6","5","0","0"
"27974  :  โรงพยาบาลหนองมะโมง","3","1","1","1","6","5","5","5","2","0","0","0"
"27975  :  โรงพยาบาลเนินขาม","0","0","0","0","0","0","0","0","0","0","0","0"
"10661  :  โรงพยาบาลสระบุรี","126","33","12","2","0","0","0","0","120","33","7","1"
"10695  :  โรงพยาบาลพระพุทธบาท","0","0","0","0","0","0","0","0","0","0","0","0"
"10807  :  โรงพยาบาลแก่งคอย","5","0","3","0","7","0","5","0","5","0","0","0"
"10808  :  โรงพยาบาลหนองแค","2","1","1","0","7","4","3","0","2","1","0","0"
"10809  :  โรงพยาบาลวิหารแดง","0","0","0","0","0","0","0","0","0","0","0","0"
"10810  :  โรงพยาบาลหนองแซง","0","0","0","0","0","0","0","0","0","0","0","0"
"10811  :  โรงพยาบาลบ้านหมอ","0","0","0","0","0","0","0","0","0","0","0","0"
"10812  :  โรงพยาบาลดอนพุด","0","0","0","0","0","0","0","0","0","0","0","0"
"10813  :  โรงพยาบาลหนองโดน","2","0","2","0","9","0","9","0","1","0","0","0"
"10814  :  โรงพยาบาลเสาไห้เฉลิมพระเกียรติ80พรรษา","32","9","22","8","130","37","88","32","21","5","0","0"
"10815  :  โรงพยาบาลมวกเหล็ก","12","8","7","6","14","14","10","10","6","2","0","0"
"10816  :  โรงพยาบาลวังม่วงสัทธรรม","0","0","0","0","0","0","0","0","0","0","0","0"
"11485  :  โรงพยาบาลค่ายอดิศร","0","0","0","0","0","0","0","0","0","0","0","0"
"10662  :  โรงพยาบาลชลบุรี","0","0","0","0","0","0","0","0","0","0","0","0"
"10817  :  โรงพยาบาลบ้านบึง","0","0","0","0","0","0","0","0","0","0","0","0"
"10818  :  โรงพยาบาลหนองใหญ่","3","2","3","2","5","3","5","3","1","0","0","0"
"10819  :  โรงพยาบาลบางละมุง","0","0","0","0","0","0","0","0","0","0","0","0"
"10820  :  โรงพยาบาลวัดญาณสังวราราม","9","4","1","1","28","9","5","5","8","2","0","0"
"10821  :  โรงพยาบาลพานทอง","2","1","0","0","4","1","0","0","2","1","0","0"
"10822  :  โรงพยาบาลพนัสนิคม","29","2","21","1","86","7","61","2","21","2","0","0"
"10823  :  โรงพยาบาลแหลมฉบัง","2","0","1","0","8","0","5","0","2","0","0","0"
"10824  :  โรงพยาบาลเกาะสีชัง","0","0","0","0","0","0","0","0","0","0","0","0"
"10825  :  โรงพยาบาลสัตหีบกม10","7","2","3","2","6","0","3","0","5","0","0","0"
"10826  :  โรงพยาบาลบ่อทอง","0","0","0","0","0","0","0","0","0","0","0","0"
"11486  :  โรงพยาบาลค่ายนวมินทราชินี","0","0","0","0","0","0","0","0","0","0","0","0"
"11487  :  โรงพยาบาลอาภากรเกียรติวงศ์","0","0","0","0","0","0","0","0","0","0","0","0"
"13754  :  โรงพยาบาลสมเด็จพระบรมราชเทวี ณ ศรีราชา","18","2","4","1","0","0","0","0","15","1","0","0"
"13758  :  โรงพยาบาลสมเด็จพระนางเจ้าสิริกิติ์","0","0","0","0","0","0","0","0","0","0","0","0"
"13760  :  โรงพยาบาลมะเร็งชลบุรี","0","0","0","0","0","0","0","0","0","0","0","0"
"13766  :  โรงพยาบาลมหาวิทยาลัยบูรพา","0","0","0","0","0","0","0","0","0","0","0","0"
"28005  :  โรงพยาบาลเมืองพัทยา","13","11","13","11","50","44","50","44","2","1","0","0"
"28006  :  โรงพยาบาลเกาะจันทร์","5","4","4","4","15","10","10","10","3","2","0","0"
"10663  :  โรงพยาบาลระยอง","0","0","0","0","0","0","0","0","0","0","0","0"
"10827  :  โรงพยาบาลเฉลิมพระเกียรติสมเด็จพระเทพรัตนราชสุดาฯ สยามบรมราชกุมารี ระยอง","0","0","0","0","0","0","0","0","0","0","0","0"
"10828  :  โรงพยาบาลบ้านฉาง","3","0","1","0","0","0","0","0","3","0","0","0"
"10829  :  โรงพยาบาลแกลง","40","40","37","37","62","62","59","59","6","6","0","0"
"10830  :  โรงพยาบาลวังจันทร์","2","1","2","1","5","5","5","5","1","0","0","0"
"10831  :  โรงพยาบาลบ้านค่าย","3","0","1","0","5","0","3","0","2","0","0","0"
"10832  :  โรงพยาบาลปลวกแดง","1","1","0","0","1","1","0","0","1","1","0","0"
"22734  :  โรงพยาบาลเขาชะเมา เฉลิมพระเกียรติ 80 พรรษา","0","0","0","0","0","0","0","0","0","0","0","0"
"23962  :  โรงพยาบาลนิคมพัฒนา","0","0","0","0","0","0","0","0","0","0","0","0"
"10664  :  โรงพยาบาลพระปกเกล้า","3","0","2","0","12","0","9","0","3","0","0","0"
"10834  :  โรงพยาบาลขลุง","6","3","3","3","2","2","2","2","3","0","0","0"
"10835  :  โรงพยาบาลท่าใหม่","4","1","3","1","14","5","11","5","2","0","0","0"
"10836  :  โรงพยาบาลเขาสุกิม","1","0","1","0","0","0","0","0","1","0","0","0"
"10837  :  โรงพยาบาลสองพี่น้อง","2","2","2","2","5","5","5","5","0","0","0","0"
"10838  :  โรงพยาบาลโป่งน้ำร้อน","15","15","14","14","66","66","61","61","1","1","0","0"
"10839  :  โรงพยาบาลมะขาม","0","0","0","0","0","0","0","0","0","0","0","0"
"10840  :  โรงพยาบาลแหลมสิงห์","0","0","0","0","0","0","0","0","0","0","0","0"
"10841  :  โรงพยาบาลสอยดาว","2","1","1","1","10","5","5","5","1","0","0","0"
"10842  :  โรงพยาบาลแก่งหางแมว","0","0","0","0","0","0","0","0","0","0","0","0"
"10843  :  โรงพยาบาลนายายอาม","2","1","2","1","4","1","4","1","1","1","0","0"
"10844  :  โรงพยาบาลเขาคิชฌกูฏ","15","14","7","7","63","58","34","34","14","13","0","0"
"10696  :  โรงพยาบาลตราด","2","0","1","0","0","0","0","0","2","0","0","0"
"10845  :  โรงพยาบาลคลองใหญ่","0","0","0","0","0","0","0","0","0","0","0","0"
"10846  :  โรงพยาบาลเขาสมิง","3","0","2","0","8","0","7","0","3","0","0","0"
"10847  :  โรงพยาบาลบ่อไร่","20","18","19","17","60","54","59","53","6","5","0","0"
"10848  :  โรงพยาบาลแหลมงอบ","7","6","2","2","15","15","7","7","6","5","0","0"
"10849  :  โรงพยาบาลเกาะกูด","4","1","4","1","16","2","16","2","3","1","0","0"
"13816  :  โรงพยาบาลเกาะช้าง","0","0","0","0","0","0","0","0","0","0","0","0"
"10697  :  โรงพยาบาลพุทธโสธร","7","5","6","5","12","9","10","10","7","5","0","0"
"10833  :  โรงพยาบาลท่าตะเกียบ","1","1","1","1","1","1","1","1","0","0","0","0"
"10850  :  โรงพยาบาลบางคล้า","1","0","0","0","5","0","0","0","1","0","0","0"
"10851  :  โรงพยาบาลบางน้ำเปรี้ยว","0","0","0","0","0","0","0","0","0","0","0","0"
"10852  :  โรงพยาบาลบางปะกง","6","6","6","6","24","24","24","24","1","1","0","0"
"10853  :  โรงพยาบาลบ้านโพธิ์","19","16","15","15","85","77","73","73","14","11","0","0"
"10854  :  โรงพยาบาลพนมสารคาม","7","1","2","0","25","5","6","0","6","1","0","0"
"10855  :  โรงพยาบาลสนามชัยเขต","3","1","0","0","5","5","0","0","3","1","0","0"
"10856  :  โรงพยาบาลแปลงยาว","0","0","0","0","0","0","0","0","0","0","0","0"
"13747  :  โรงพยาบาลราชสาส์น","0","0","0","0","0","0","0","0","0","0","0","0"
"31327  :  โรงพยาบาลคลองเขื่อน","2","2","2","2","10","10","10","10","1","1","0","0"
"10665  :  โรงพยาบาลเจ้าพระยาอภัยภูเบศร","0","0","0","0","0","0","0","0","0","0","0","0"
"10857  :  โรงพยาบาลกบินทร์บุรี","0","0","0","0","0","0","0","0","0","0","0","0"
"10858  :  โรงพยาบาลนาดี","0","0","0","0","0","0","0","0","0","0","0","0"
"10859  :  โรงพยาบาลบ้านสร้าง","0","0","0","0","0","0","0","0","0","0","0","0"
"10860  :  โรงพยาบาลประจันตคาม","0","0","0","0","0","0","0","0","0","0","0","0"
"10861  :  โรงพยาบาลศรีมหาโพธิ","0","0","0","0","0","0","0","0","0","0","0","0"
"10862  :  โรงพยาบาลศรีมโหสถ","0","0","0","0","0","0","0","0","0","0","0","0"
"11490  :  โรงพยาบาลค่ายจักรพงษ์","0","0","0","0","0","0","0","0","0","0","0","0"
"10698  :  โรงพยาบาลนครนายก","13","1","9","1","9","2","9","2","8","0","0","0"
"10863  :  โรงพยาบาลปากพลี","1","0","1","0","0","0","0","0","0","0","0","0"
"10864  :  โรงพยาบาลบ้านนา","7","1","4","1","5","5","5","5","3","0","0","0"
"10865  :  โรงพยาบาลองครักษ์","3","1","3","1","12","4","12","4","0","0","0","0"
"11491  :  โรงพยาบาลรร.นายร้อยพระจุลจอมเกล้า","0","0","0","0","0","0","0","0","0","0","0","0"
"14904  :  โรงพยาบาลศูนย์การแพทย์สมเด็จพระเทพรัตนราชสุดาฯ","0","0","0","0","0","0","0","0","0","0","0","0"
"10699  :  โรงพยาบาลสมเด็จพระยุพราชสระแก้ว","1","1","1","1","2","2","2","2","0","0","0","0"
"10866  :  โรงพยาบาลคลองหาด","62","62","56","56","287","287","265","265","30","30","0","0"
"10867  :  โรงพยาบาลตาพระยา","41","35","12","10","160","146","44","36","31","25","0","0"
"10868  :  โรงพยาบาลวังน้ำเย็น","27","25","11","10","121","120","51","50","24","23","0","0"
"10869  :  โรงพยาบาลวัฒนานคร","15","5","13","5","25","25","25","25","4","0","0","0"
"10870  :  โรงพยาบาลอรัญประเทศ","0","0","0","0","0","0","0","0","0","0","0","0"
"13817  :  โรงพยาบาลเขาฉกรรจ์","1","0","1","0","4","0","4","0","0","0","0","0"
"14717  :  โรงพยาบาลจิตเวชสระแก้วราชนครินทร์","0","0","0","0","0","0","0","0","0","0","0","0"
"10666  :  โรงพยาบาลมหาราชนครราชสีมา","3","0","0","0","3","0","0","0","3","0","0","0"
"10871  :  โรงพยาบาลครบุรี","2","1","1","1","8","5","5","5","2","1","0","0"
"10872  :  โรงพยาบาลเสิงสาง","2","0","1","0","8","0","4","0","2","0","0","0"
"10873  :  โรงพยาบาลคง","0","0","0","0","0","0","0","0","0","0","0","0"
"10874  :  โรงพยาบาลบ้านเหลื่อม","5","5","5","5","20","20","20","20","1","1","0","0"
"10875  :  โรงพยาบาลจักราช","0","0","0","0","0","0","0","0","0","0","0","0"
"10876  :  โรงพยาบาลโชคชัย","34","30","33","30","23","21","23","21","2","0","0","0"
"10877  :  โรงพยาบาลด่านขุนทด","12","12","7","7","54","54","31","31","5","5","0","0"
"10878  :  โรงพยาบาลโนนไทย","13","13","12","12","0","0","0","0","1","1","0","0"
"10879  :  โรงพยาบาลโนนสูง","0","0","0","0","0","0","0","0","0","0","0","0"
"10880  :  โรงพยาบาลขามสะแกแสง","17","17","10","10","0","0","0","0","7","7","0","0"
"10881  :  โรงพยาบาลบัวใหญ่","90","89","87","86","416","411","409","404","70","69","0","0"
"10882  :  โรงพยาบาลประทาย","0","0","0","0","0","0","0","0","0","0","0","0"
"10883  :  โรงพยาบาลปักธงชัย","1","1","1","1","5","5","5","5","0","0","0","0"
"10884  :  โรงพยาบาลพิมาย","16","10","12","8","46","33","34","26","9","5","0","0"
"10885  :  โรงพยาบาลห้วยแถลง","0","0","0","0","0","0","0","0","0","0","0","0"
"10886  :  โรงพยาบาลชุมพวง","178","121","150","108","544","539","487","482","38","17","0","0"
"10887  :  โรงพยาบาลสูงเนิน","4","1","2","1","13","5","8","5","3","0","0","0"
"10888  :  โรงพยาบาลขามทะเลสอ","0","0","0","0","0","0","0","0","0","0","0","0"
"10889  :  โรงพยาบาลสีคิ้ว","13","11","9","7","51","41","35","25","11","10","0","0"
"10890  :  โรงพยาบาลปากช่องนานา","1","0","1","0","0","0","0","0","0","0","0","0"
"10891  :  โรงพยาบาลหนองบุญมาก","7","1","5","1","9","2","7","2","2","0","0","0"
"10892  :  โรงพยาบาลแก้งสนามนาง","1","1","0","0","2","2","0","0","1","1","0","0"
"10893  :  โรงพยาบาลโนนแดง","18","18","17","17","30","30","29","29","1","1","0","0"
"10894  :  โรงพยาบาลวังน้ำเขียว","0","0","0","0","0","0","0","0","0","0","0","0"
"11492  :  โรงพยาบาลค่ายสุรนารี นครราชสีมา","0","0","0","0","0","0","0","0","0","0","0","0"
"11602  :  โรงพยาบาลเฉลิมพระเกียรติสมเด็จย่า 100 ปี","8","7","5","4","40","35","25","20","6","6","0","0"
"11608  :  โรงพยาบาลลำทะเมนชัย","0","0","0","0","0","0","0","0","0","0","0","0"
"11885  :  โรงพยาบาลเดอะโกลเดนเกท","0","0","0","0","0","0","0","0","0","0","0","0"
"11891  :  โรงพยาบาลราชสีมาฮอสพิทอล","0","0","0","0","0","0","0","0","0","0","0","0"
"12267  :  ศูนย์อนามัยที่ 9 นครราชสีมา","0","0","0","0","0","0","0","0","0","0","0","0"
"12268  :  โรงพยาบาลจิตเวชนครราชสีมาราชนครินทร์","0","0","0","0","0","0","0","0","0","0","0","0"
"14161  :  โรงพยาบาลกองบิน กองบิน1","0","0","0","0","0","0","0","0","0","0","0","0"
"22456  :  โรงพยาบาลพระทองคำ เฉลิมพระเกียรติ 80 พรรษา","42","0","41","0","116","0","117","0","5","0","0","0"
"23839  :  โรงพยาบาลเทพรัตน์นครราชสีมา","4","0","0","0","1","0","0","0","4","0","0","0"
"24060  :  โรงพยาบาลมหาวิทยาลัยเทคโนโลยีสุรนารี","0","0","0","0","0","0","0","0","0","0","0","0"
"24692  :  โรงพยาบาลเฉลิมพระเกียรติ","0","0","0","0","0","0","0","0","0","0","0","0"
"27839  :  โรงพยาบาลบัวลาย","6","4","5","3","30","20","25","15","1","1","0","0"
"27840  :  โรงพยาบาลสีดา","0","0","0","0","0","0","0","0","0","0","0","0"
"27841  :  โรงพยาบาลเทพารักษ์","1","0","0","0","1","0","0","0","1","0","0","0"
"10667  :  โรงพยาบาลบุรีรัมย์","3","0","1","0","6","0","2","0","2","0","0","0"
"10895  :  โรงพยาบาลคูเมือง","50","33","43","30","82","59","76","56","19","12","0","0"
"10896  :  โรงพยาบาลกระสัง","2","2","2","2","0","0","0","0","0","0","0","0"
"10897  :  โรงพยาบาลนางรอง","1","0","1","0","4","0","4","0","1","0","0","0"
"10898  :  โรงพยาบาลหนองกี่","21","20","20","19","68","66","63","61","4","4","0","0"
"10899  :  โรงพยาบาลละหานทราย","49","41","32","27","150","148","95","95","21","18","0","0"
"10900  :  โรงพยาบาลประโคนชัย","43","33","5","4","178","145","19","16","42","32","0","0"
"10901  :  โรงพยาบาลบ้านกรวด","65","59","28","26","223","211","100","97","39","35","0","0"
"10902  :  โรงพยาบาลพุทไธสง","0","0","0","0","0","0","0","0","0","0","0","0"
"10904  :  โรงพยาบาลลำปลายมาศ","19","19","18","18","33","33","33","33","1","1","0","0"
"10905  :  โรงพยาบาลสตึก","20","19","18","17","39","39","35","35","2","2","0","0"
"10906  :  โรงพยาบาลปะคำ","59","46","20","14","62","53","19","15","44","36","1","0"
"10907  :  โรงพยาบาลนาโพธิ์","1","0","1","0","2","0","2","0","1","0","0","0"
"10908  :  โรงพยาบาลหนองหงส์","8","5","6","4","22","12","20","10","2","1","0","0"
"10909  :  โรงพยาบาลพลับพลาชัย","0","0","0","0","0","0","0","0","0","0","0","0"
"10910  :  โรงพยาบาลห้วยราช","4","3","2","2","9","9","7","7","4","3","0","0"
"10911  :  โรงพยาบาลโนนสุวรรณ","21","18","18","16","41","30","38","28","7","4","0","0"
"10912  :  โรงพยาบาลชำนิ","3","1","2","1","1","0","1","0","2","0","0","0"
"10913  :  โรงพยาบาลบ้านใหม่ไชยพจน์","21","20","12","11","85","84","51","50","11","11","0","0"
"10914  :  โรงพยาบาลโนนดินแดง","48","23","19","10","111","43","42","21","34","4","1","1"
"11493  :  โรงพยาบาลค่ายสมเด็จเจ้าพระยามหากษัตริย์ศึก","0","0","0","0","0","0","0","0","0","0","0","0"
"11619  :  โรงพยาบาลเฉลิมพระเกียรติ","0","0","0","0","0","0","0","0","0","0","0","0"
"23578  :  โรงพยาบาลแคนดง","9","9","7","7","22","22","17","17","7","7","0","0"
"28020  :  โรงพยาบาลบ้านด่าน","1","1","1","1","5","5","5","5","0","0","0","0"
"10668  :  โรงพยาบาลสุรินทร์","0","0","0","0","0","0","0","0","0","0","0","0"
"10915  :  โรงพยาบาลชุมพลบุรี","29","27","26","24","97","82","96","80","3","3","0","0"
"10916  :  โรงพยาบาลท่าตูม","68","65","61","59","312","309","281","279","40","37","0","0"
"10917  :  โรงพยาบาลจอมพระ","93","31","86","31","175","81","171","81","18","6","0","0"
"10918  :  โรงพยาบาลปราสาท","22","20","22","20","9","9","9","9","13","12","0","0"
"10919  :  โรงพยาบาลกาบเชิง","35","34","31","31","127","127","117","117","20","19","1","1"
"10920  :  โรงพยาบาลรัตนบุรี","130","119","117","111","151","146","153","150","32","25","0","0"
"10921  :  โรงพยาบาลสนม","24","22","19","17","118","108","95","85","5","5","0","0"
"10922  :  โรงพยาบาลศีขรภูมิ","13","13","13","13","25","25","25","25","2","2","0","0"
"10923  :  โรงพยาบาลสังขะ","18","18","14","14","86","86","66","66","18","18","0","0"
"10924  :  โรงพยาบาลลำดวน","27","27","24","24","1","1","1","1","7","7","0","0"
"10925  :  โรงพยาบาลสำโรงทาบ","17","17","16","16","68","68","67","67","9","9","0","0"
"10926  :  โรงพยาบาลบัวเชด","72","65","68","61","353","309","333","289","19","15","0","0"
"11494  :  โรงพยาบาลค่ายวีรวัฒน์โยธิน","2","0","1","0","0","0","0","0","1","0","0","0"
"22302  :  โรงพยาบาลพนมดงรัก เฉลิมพระเกียรติ 80 พรรษา","5","3","2","1","1","0","1","0","3","2","0","0"
"27842  :  โรงพยาบาลเขวาสินรินทร์","12","11","8","7","55","55","35","35","7","7","0","0"
"27843  :  โรงพยาบาลศรีณรงค์","2","2","0","0","2","2","0","0","2","2","0","0"
"27844  :  โรงพยาบาลโนนนารายณ์","64","57","60","54","199","181","193","176","14","12","0","0"
"10700  :  โรงพยาบาลศรีสะเกษ","23","12","21","12","96","58","92","58","17","10","0","0"
"10927  :  โรงพยาบาลยางชุมน้อย","2","0","2","0","9","0","9","0","1","0","0","0"
"10928  :  โรงพยาบาลกันทรารมย์","21","18","18","17","83","69","68","67","21","18","0","0"
"10929  :  โรงพยาบาลกันทรลักษ์","22","6","18","6","89","23","79","23","9","3","0","0"
"10930  :  โรงพยาบาลขุขันธ์","142","141","139","138","365","365","361","361","23","23","0","0"
"10931  :  โรงพยาบาลไพรบึง","31","28","31","28","82","82","82","82","6","6","0","0"
"10932  :  โรงพยาบาลปรางค์กู่","4","2","4","2","6","2","6","2","3","1","0","0"
"10933  :  โรงพยาบาลขุนหาญ","69","51","63","49","83","56","78","51","18","7","0","0"
"10934  :  โรงพยาบาลราษีไศล","102","97","100","95","484","432","478","430","2","1","0","0"
"10935  :  โรงพยาบาลอุทุมพรพิสัย","5","2","5","2","6","1","6","1","3","1","0","0"
"10936  :  โรงพยาบาลบึงบูรพ์","0","0","0","0","0","0","0","0","0","0","0","0"
"10937  :  โรงพยาบาลห้วยทับทัน","0","0","0","0","0","0","0","0","0","0","0","0"
"10938  :  โรงพยาบาลโนนคูณ","4","4","4","4","1","1","1","1","0","0","0","0"
"10939  :  โรงพยาบาลศรีรัตนะ","23","0","23","0","110","0","110","0","19","0","0","0"
"10940  :  โรงพยาบาลวังหิน","96","95","92","92","450","449","441","441","6","5","0","0"
"10941  :  โรงพยาบาลน้ำเกลี้ยง","41","40","39","39","156","152","151","148","3","2","0","0"
"10942  :  โรงพยาบาลภูสิงห์","30","18","30","18","139","70","139","70","13","10","0","0"
"10943  :  โรงพยาบาลเมืองจันทร์","5","0","5","0","25","0","25","0","4","0","0","0"
"23125  :  โรงพยาบาลเบญจลักษ์เฉลิมพระเกียรติ 80 พรรษา","2","0","0","0","0","0","0","0","2","0","0","0"
"28014  :  โรงพยาบาลพยุห์","16","16","16","16","80","77","80","77","8","8","0","0"
"28015  :  โรงพยาบาลโพธิ์ศรีสุวรรณ","0","0","0","0","0","0","0","0","0","0","0","0"
"28016  :  โรงพยาบาลศิลาลาด","3","3","3","3","4","4","4","4","1","1","0","0"
"10669  :  โรงพยาบาลสรรพสิทธิประสงค์","0","0","0","0","0","0","0","0","0","0","0","0"
"10944  :  โรงพยาบาลศรีเมืองใหม่","117","115","113","111","482","482","480","480","33","32","0","0"
"10945  :  โรงพยาบาลโขงเจียม","90","88","86","86","402","402","401","401","16","14","0","0"
"10946  :  โรงพยาบาลเขื่องใน","85","83","79","79","232","232","221","221","20","18","0","0"
"10947  :  โรงพยาบาลเขมราฐ","46","43","38","36","189","178","158","152","10","8","0","0"
"10948  :  โรงพยาบาลนาจะหลวย","41","41","27","27","172","172","116","116","15","15","0","0"
"10949  :  โรงพยาบาลน้ำยืน","54","54","39","39","132","132","101","101","23","23","0","0"
"10950  :  โรงพยาบาลบุณฑริก","67","66","65","65","319","319","314","314","3","2","0","0"
"10951  :  โรงพยาบาลตระการพืชผล","232","227","219","214","1,114","1,104","1,054","1,044","50","48","0","0"
"10952  :  โรงพยาบาลกุดข้าวปุ้น","27","27","22","22","133","133","109","109","9","9","0","0"
"10953  :  โรงพยาบาลม่วงสามสิบ","109","85","98","78","330","329","304","303","44","31","0","0"
"10954  :  โรงพยาบาลวารินชำราบ","4","4","4","4","15","15","15","15","4","4","0","0"
"10956  :  โรงพยาบาลพิบูลมังสาหาร","183","179","180","177","829","829","830","830","8","5","0","0"
"10957  :  โรงพยาบาลตาลสุม","31","31","30","30","131","130","136","135","9","9","0","0"
"10958  :  โรงพยาบาลโพธิ์ไทร","36","36","36","36","158","158","158","158","14","14","0","0"
"10959  :  โรงพยาบาลสำโรง","43","41","43","41","195","190","195","190","1","0","0","0"
"10960  :  โรงพยาบาลดอนมดแดง","25","24","24","23","89","82","84","77","22","21","0","0"
"10961  :  โรงพยาบาลสิรินธร","5","5","5","5","19","19","19","19","2","2","0","0"
"10962  :  โรงพยาบาลทุ่งศรีอุดม","23","23","19","19","103","103","86","86","12","12","0","0"
"11443  :  โรงพยาบาลสมเด็จพระยุพราชเดชอุดม","332","330","177","176","1,566","1,564","840","840","157","155","0","0"
"11495  :  โรงพยาบาลกองบิน 21","0","0","0","0","0","0","0","0","0","0","0","0"
"11496  :  โรงพยาบาลค่ายสรรพสิทธิประสงค์","0","0","0","0","0","0","0","0","0","0","0","0"
"11918  :  โรงพยาบาลเอกชนร่มเกล้า","0","0","0","0","0","0","0","0","0","0","0","0"
"12269  :  โรงพยาบาลพระศรีมหาโพธิ์","0","0","0","0","0","0","0","0","0","0","0","0"
"12270  :  โรงพยาบาลส่งเสริมสุขภาพ ศูนย์อนามัยที่ 10","0","0","0","0","0","0","0","0","0","0","0","0"
"21984  :  โรงพยาบาล 50 พรรษา มหาวชิราลงกรณ","20","20","19","19","100","100","95","95","4","4","0","0"
"24032  :  โรงพยาบาลนาตาล","16","14","13","12","46","44","35","34","12","10","0","0"
"24821  :  โรงพยาบาลนาเยีย","59","51","54","46","231","203","208","180","9","8","0","0"
"27967  :  โรงพยาบาลสว่างวีระวงศ์","0","0","0","0","0","0","0","0","0","0","0","0"
"27968  :  โรงพยาบาลน้ำขุ่น","43","42","30","29","181","180","127","126","25","25","0","0"
"27976  :  โรงพยาบาลเหล่าเสือโก้ก","14","14","14","14","67","67","67","67","0","0","0","0"
"10701  :  โรงพยาบาลยโสธร","1","0","0","0","0","0","0","0","1","0","0","0"
"10963  :  โรงพยาบาลทรายมูล","0","0","0","0","0","0","0","0","0","0","0","0"
"10964  :  โรงพยาบาลกุดชุม","46","45","37","37","182","182","149","149","22","21","1","1"
"10965  :  โรงพยาบาลคำเขื่อนแก้ว","18","18","6","6","59","59","16","16","13","13","0","0"
"10966  :  โรงพยาบาลป่าติ้ว","8","8","8","8","40","39","40","39","0","0","0","0"
"10967  :  โรงพยาบาลมหาชนะชัย","10","9","9","8","41","41","36","36","4","3","0","0"
"10968  :  โรงพยาบาลค้อวัง","3","3","2","2","9","9","7","7","1","1","0","0"
"10969  :  โรงพยาบาลไทยเจริญ","15","15","13","13","74","74","64","64","7","7","0","0"
"11444  :  โรงพยาบาลสมเด็จพระยุพราชเลิงนกทา","1","1","1","1","5","5","5","5","0","0","0","0"
"11921  :  โรงพยาบาลนายแพทย์หาญ","0","0","0","0","0","0","0","0","0","0","0","0"
"04007  :  โรงพยาบาลซับใหญ่","3","2","3","2","5","4","5","4","0","0","0","0"
"10702  :  โรงพยาบาลชัยภูมิ","0","0","0","0","0","0","0","0","0","0","0","0"
"10970  :  โรงพยาบาลบ้านเขว้า","19","17","9","7","49","49","20","20","15","13","0","0"
"10971  :  โรงพยาบาลคอนสวรรค์","0","0","0","0","0","0","0","0","0","0","0","0"
"10972  :  โรงพยาบาลเกษตรสมบูรณ์","48","37","38","35","95","89","88","87","13","4","0","0"
"10973  :  โรงพยาบาลหนองบัวแดง","23","22","21","20","81","80","76","75","7","6","0","0"
"10974  :  โรงพยาบาลจัตุรัส","9","6","9","6","23","18","23","18","1","0","0","0"
"10975  :  โรงพยาบาลบำเหน็จณรงค์","30","20","26","18","127","81","118","78","8","5","1","0"
"10976  :  โรงพยาบาลหนองบัวระเหว","1","1","1","1","0","0","0","0","0","0","0","0"
"10977  :  โรงพยาบาลเทพสถิต","18","2","16","2","21","4","19","4","8","0","0","0"
"10978  :  โรงพยาบาลภูเขียวเฉลิมพระเกียรติ","68","58","56","51","306","283","263","248","14","8","0","0"
"10979  :  โรงพยาบาลบ้านแท่น","3","1","1","1","13","3","3","3","3","1","0","0"
"10980  :  โรงพยาบาลแก้งคร้อ","6","5","6","5","6","5","6","5","2","1","0","0"
"10981  :  โรงพยาบาลคอนสาร","16","15","16","15","23","19","24","20","6","6","0","0"
"10982  :  โรงพยาบาลภักดีชุมพล","4","4","3","3","14","14","11","11","1","1","0","0"
"10983  :  โรงพยาบาลเนินสง่า","12","9","10","7","23","23","16","16","4","3","0","0"
"10703  :  โรงพยาบาลอำนาจเจริญ","2","0","2","0","0","0","0","0","2","0","0","0"
"10985  :  โรงพยาบาลชานุมาน","1","1","0","0","1","1","0","0","1","1","0","0"
"10986  :  โรงพยาบาลปทุมราชวงศา","18","18","15","15","75","74","60","59","11","11","0","0"
"10987  :  โรงพยาบาลพนา","11","8","6","5","44","31","28","23","8","5","0","0"
"10988  :  โรงพยาบาลเสนางคนิคม","2","2","2","2","10","10","10","10","0","0","0","0"
"10989  :  โรงพยาบาลหัวตะพาน","0","0","0","0","0","0","0","0","0","0","0","0"
"10990  :  โรงพยาบาลลืออำนาจ","2","1","1","1","7","5","5","5","1","0","0","0"
"11040  :  โรงพยาบาลบึงกาฬ","130","103","67","58","302","275","154","144","63","45","0","0"
"11041  :  โรงพยาบาลพรเจริญ","52","47","37","36","181","179","132","132","16","12","0","0"
"11043  :  โรงพยาบาลโซ่พิสัย","65","63","47","45","313","309","223","223","18","17","0","0"
"11046  :  โรงพยาบาลเซกา","94","91","89","86","452","436","428","413","6","6","0","0"
"11047  :  โรงพยาบาลปากคาด","51","51","40","40","227","227","180","180","11","11","0","0"
"11048  :  โรงพยาบาลบึงโขงหลง","57","52","55","51","274","253","264","248","2","1","0","0"
"11049  :  โรงพยาบาลศรีวิไล","36","30","17","16","150","123","70","66","19","14","0","0"
"11050  :  โรงพยาบาลบุ่งคล้า","5","5","3","3","14","14","9","9","2","2","0","0"
"10704  :  โรงพยาบาลหนองบัวลำภู","1","0","0","0","0","0","0","0","1","0","0","0"
"10991  :  โรงพยาบาลนากลาง","25","25","6","6","94","94","23","23","24","24","0","0"
"10992  :  โรงพยาบาลโนนสัง","8","8","4","4","27","27","16","16","4","4","0","0"
"10993  :  โรงพยาบาลศรีบุญเรือง","0","0","0","0","0","0","0","0","0","0","0","0"
"10994  :  โรงพยาบาลสุวรรณคูหา","62","61","62","61","288","283","288","283","11","11","0","0"
"23367  :  โรงพยาบาลนาวัง เฉลิมพระเกียรติ 80 พรรษา","1","0","0","0","1","0","0","0","1","0","0","0"
"10670  :  โรงพยาบาลขอนแก่น","19","3","6","1","74","14","27","6","16","2","0","0"
"10995  :  โรงพยาบาลบ้านฝาง","38","38","35","35","182","182","168","168","5","5","0","0"
"10996  :  โรงพยาบาลพระยืน","35","35","31","31","130","130","122","122","8","8","0","0"
"10997  :  โรงพยาบาลหนองเรือ","0","0","0","0","0","0","0","0","0","0","0","0"
"10998  :  โรงพยาบาลชุมแพ","46","43","43","43","201","197","197","197","17","14","0","0"
"10999  :  โรงพยาบาลสีชมพู","23","20","21","19","93","87","87","82","3","2","0","0"
"11000  :  โรงพยาบาลน้ำพอง","80","74","79","74","370","344","372","350","6","5","0","0"
"11001  :  โรงพยาบาลอุบลรัตน์","0","0","0","0","0","0","0","0","0","0","0","0"
"11002  :  โรงพยาบาลบ้านไผ่","36","29","30","27","145","137","132","128","18","14","0","0"
"11003  :  โรงพยาบาลเปือยน้อย","4","2","1","1","9","5","4","4","3","1","0","0"
"11004  :  โรงพยาบาลพล","9","2","5","1","29","6","15","3","5","1","0","0"
"11005  :  โรงพยาบาลแวงใหญ่","14","13","12","12","58","53","52","52","3","2","0","0"
"11006  :  โรงพยาบาลแวงน้อย","5","5","4","4","15","15","11","11","3","3","0","0"
"11007  :  โรงพยาบาลหนองสองห้อง","63","55","47","42","194","186","152","149","27","21","0","0"
"11008  :  โรงพยาบาลภูเวียง","0","0","0","0","0","0","0","0","0","0","0","0"
"11009  :  โรงพยาบาลมัญจาคีรี","38","38","38","38","188","188","188","188","0","0","0","0"
"11010  :  โรงพยาบาลชนบท","11","11","8","8","51","51","36","36","3","3","0","0"
"11011  :  โรงพยาบาลเขาสวนกวาง","10","10","10","10","49","49","49","49","9","9","0","0"
"11012  :  โรงพยาบาลภูผาม่าน","1","1","0","0","5","5","0","0","1","1","0","0"
"11445  :  โรงพยาบาลสมเด็จพระยุพราชกระนวน","96","92","74","73","14","11","5","5","66","62","0","0"
"11497  :  โรงพยาบาลค่ายศรีพัชรินทร","0","0","0","0","0","0","0","0","0","0","0","0"
"11936  :  โรงพยาบาลขอนแก่นราม","0","0","0","0","0","0","0","0","0","0","0","0"
"12272  :  โรงพยาบาลจิตเวชขอนแก่นราชนครินทร์","0","0","0","0","0","0","0","0","0","0","0","0"
"12273  :  โรงพยาบาลส่งเสริมสุขภาพ ศูนย์อนามัยที่ 7","0","0","0","0","0","0","0","0","0","0","0","0"
"12275  :  โรงพยาบาลสิรินธร(ภาคตะวันออกเฉียงเหนือ)","82","81","78","78","372","367","357","357","26","25","0","0"
"13777  :  โรงพยาบาลศรีนครินทร์ มหาวิทยาลัยขอนแก่น","0","0","0","0","0","0","0","0","0","0","0","0"
"14132  :  โรงพยาบาลซำสูง","10","7","3","2","18","12","6","6","9","6","0","0"
"14196  :  โรงพยาบาลธัญญรักษ์ขอนแก่น","0","0","0","0","0","0","0","0","0","0","0","0"
"24746  :  สถาบันสุขภาพจิตเด็กและวัยรุ่นภาคตะวันออกเฉียงเหนือ","0","0","0","0","0","0","0","0","0","0","0","0"
"77649  :  โรงพยาบาลหนองนาคำ","5","5","3","3","15","15","8","8","4","4","0","0"
"77650  :  โรงพยาบาลเวียงเก่า","18","18","9","9","56","52","29","29","11","11","0","0"
"77651  :  โรงพยาบาลโคกโพธิ์ไชย","4","4","4","4","12","12","12","12","3","3","0","0"
"77652  :  โรงพยาบาลโนนศิลา","2","0","2","0","6","0","6","0","0","0","0","0"
"10671  :  โรงพยาบาลอุดรธานี","5","0","0","0","16","0","0","0","5","0","0","0"
"11013  :  โรงพยาบาลกุดจับ","26","25","24","24","129","124","119","119","3","2","0","0"
"11014  :  โรงพยาบาลหนองวัวซอ","38","38","36","36","190","190","180","180","35","35","0","0"
"11015  :  โรงพยาบาลกุมภวาปี","3","0","1","0","0","0","0","0","2","0","0","0"
"11016  :  โรงพยาบาลห้วยเกิ้ง","1","1","0","0","1","1","0","0","1","1","0","0"
"11017  :  โรงพยาบาลโนนสะอาด","5","5","3","3","15","15","9","9","2","2","0","0"
"11018  :  โรงพยาบาลหนองหาน","245","242","240","237","1,045","1,039","1,039","1,033","178","177","0","0"
"11019  :  โรงพยาบาลทุ่งฝน","17","15","7","7","61","60","28","28","10","8","0","0"
"11020  :  โรงพยาบาลไชยวาน","53","53","43","43","259","259","209","209","28","28","0","0"
"11021  :  โรงพยาบาลศรีธาตุ","24","23","21","21","105","103","93","93","8","7","0","0"
"11022  :  โรงพยาบาลวังสามหมอ","70","70","50","50","332","332","237","237","20","20","0","0"
"11023  :  โรงพยาบาลบ้านผือ","66","62","63","60","189","174","178","168","7","4","0","0"
"11024  :  โรงพยาบาลน้ำโสม","77","76","69","68","361","356","327","322","12","12","0","0"
"11025  :  โรงพยาบาลเพ็ญ","136","134","120","118","269","267","237","235","18","18","0","0"
"11026  :  โรงพยาบาลสร้างคอม","14","13","8","8","55","51","27","27","6","5","0","0"
"11027  :  โรงพยาบาลหนองแสง","0","0","0","0","0","0","0","0","0","0","0","0"
"11028  :  โรงพยาบาลนายูง","9","8","7","6","41","39","32","30","3","2","0","0"
"11029  :  โรงพยาบาลพิบูลย์รักษ์","21","20","18","17","84","83","74","73","6","6","0","0"
"11446  :  โรงพยาบาลสมเด็จพระยุพราชบ้านดุง","155","149","146","141","642","641","616","616","24","23","0","0"
"11501  :  โรงพยาบาลค่ายประจักษ์ศิลปาคม","0","0","0","0","0","0","0","0","0","0","0","0"
"12276  :  โรงพยาบาลมะเร็งอุดรธานี","0","0","0","0","0","0","0","0","0","0","0","0"
"23951  :  โรงพยาบาลธัญญารักษ์อุดรธานี","0","0","0","0","0","0","0","0","0","0","0","0"
"25058  :  โรงพยาบาลกู่แก้ว","12","10","11","9","8","7","8","7","2","2","0","0"
"25059  :  โรงพยาบาลประจักษ์ศิลปาคม","0","0","0","0","0","0","0","0","0","0","0","0"
"10705  :  โรงพยาบาลเลย","9","8","8","7","35","35","30","30","2","2","0","0"
"11030  :  โรงพยาบาลนาด้วง","6","5","5","4","20","15","18","13","2","1","0","0"
"11031  :  โรงพยาบาลเชียงคาน","13","12","13","12","60","60","60","60","11","11","0","0"
"11032  :  โรงพยาบาลปากชม","41","40","38","37","201","196","186","181","21","20","0","0"
"11033  :  โรงพยาบาลนาแห้ว","25","18","21","16","108","80","96","73","10","6","0","0"
"11034  :  โรงพยาบาลภูเรือ","19","15","16","13","81","65","71","60","8","5","0","0"
"11035  :  โรงพยาบาลท่าลี่","31","31","29","29","155","155","145","145","8","8","0","0"
"11036  :  โรงพยาบาลวังสะพุง","0","0","0","0","0","0","0","0","0","0","0","0"
"11037  :  โรงพยาบาลภูกระดึง","60","60","54","54","237","237","216","216","25","25","0","0"
"11038  :  โรงพยาบาลภูหลวง","17","17","13","13","81","81","65","65","5","5","0","0"
"11039  :  โรงพยาบาลผาขาว","0","0","0","0","0","0","0","0","0","0","0","0"
"11447  :  โรงพยาบาลสมเด็จพระยุพราชด่านซ้าย","30","23","27","21","114","98","101","90","3","2","0","0"
"14133  :  โรงพยาบาลเอราวัณ","57","57","57","57","285","284","285","284","38","38","0","0"
"14644  :  โรงพยาบาลจิตเวชเลยราชนครินทร์","0","0","0","0","0","0","0","0","0","0","0","0"
"28861  :  โรงพยาบาลหนองหิน","8","8","8","8","30","30","30","30","3","3","0","0"
"10706  :  โรงพยาบาลหนองคาย","8","8","8","8","10","10","10","10","5","5","0","0"
"11042  :  โรงพยาบาลโพนพิสัย","45","38","28","24","100","79","86","71","26","20","0","0"
"11044  :  โรงพยาบาลศรีเชียงใหม่","0","0","0","0","0","0","0","0","0","0","0","0"
"11045  :  โรงพยาบาลสังคม","7","7","6","6","21","21","18","18","1","1","0","0"
"11448  :  โรงพยาบาลสมเด็จพระยุพราชท่าบ่อ","5","2","4","1","4","0","4","0","5","2","0","0"
"14558  :  โรงพยาบาลพิสัยเวช","0","0","0","0","0","0","0","0","0","0","0","0"
"21356  :  โรงพยาบาลสระใคร","33","31","32","31","149","144","147","144","14","12","0","0"
"28778  :  โรงพยาบาลโพธิ์ตาก","1","0","1","0","1","0","1","0","1","0","0","0"
"28811  :  โรงพยาบาลเฝ้าไร่","7","4","7","4","30","20","30","20","3","2","0","0"
"28815  :  โรงพยาบาลรัตนวาปี","25","1","21","0","69","0","61","0","20","1","0","0"
"10707  :  โรงพยาบาลมหาสารคาม","10","3","5","3","17","3","6","3","9","2","0","0"
"11051  :  โรงพยาบาลแกดำ","3","3","2","2","15","15","10","10","1","1","0","0"
"11052  :  โรงพยาบาลโกสุมพิสัย","53","50","43","41","256","244","210","200","26","24","0","0"
"11053  :  โรงพยาบาลกันทรวิชัย","2","2","1","1","10","10","5","5","1","1","0","0"
"11054  :  โรงพยาบาลเชียงยืน","14","14","6","6","36","36","19","19","8","8","0","0"
"11055  :  โรงพยาบาลบรบือ","54","53","52","51","246","246","237","237","3","2","0","0"
"11056  :  โรงพยาบาลนาเชือก","5","3","4","3","20","15","15","15","4","2","0","0"
"11057  :  โรงพยาบาลพยัคฆภูมิพิสัย","158","153","92","90","714","693","387","381","126","122","0","0"
"11058  :  โรงพยาบาลวาปีปทุม","46","42","41","41","179","170","173","173","46","42","0","0"
"11059  :  โรงพยาบาลนาดูน","10","10","2","2","37","37","7","7","9","9","0","0"
"11060  :  โรงพยาบาลยางสีสุราช","24","19","11","8","112","92","48","38","21","17","0","0"
"22953  :  โรงพยาบาลสุทธาเวช คณะแพทยศาสตร์ มหาวิทยาลัยมหาสารคาม","13","2","9","1","3","3","2","2","9","1","0","0"
"24704  :  โรงพยาบาลกุดรัง","27","8","26","8","126","35","121","35","9","1","0","0"
"28843  :  โรงพยาบาลชื่นชม","16","13","11","10","75","64","54","49","13","10","0","0"
"10708  :  โรงพยาบาลร้อยเอ็ด","13","1","7","1","11","5","8","5","11","1","0","0"
"11061  :  โรงพยาบาลเกษตรวิสัย","60","58","54","52","264","254","238","228","50","48","0","0"
"11062  :  โรงพยาบาลปทุมรัตต์","0","0","0","0","0","0","0","0","0","0","0","0"
"11063  :  โรงพยาบาลจตุรพักตรพิมาน","121","4","108","4","411","10","371","10","34","0","0","0"
"11064  :  โรงพยาบาลธวัชบุรี","9","7","8","7","35","31","34","31","1","0","0","0"
"11065  :  โรงพยาบาลพนมไพร","55","52","48","46","200","190","172","166","30","29","0","0"
"11066  :  โรงพยาบาลโพนทอง","103","93","92","85","385","352","373","346","30","27","0","0"
"11067  :  โรงพยาบาลโพธิ์ชัย","88","71","59","45","301","261","208","174","59","47","0","0"
"11068  :  โรงพยาบาลหนองพอก","26","26","21","21","110","110","89","89","8","8","0","0"
"11069  :  โรงพยาบาลเสลภูมิ","64","62","64","62","297","297","297","297","2","2","0","0"
"11070  :  โรงพยาบาลสุวรรณภูมิ","30","29","29","28","146","142","143","139","16","15","0","0"
"11071  :  โรงพยาบาลเมืองสรวง","7","7","6","6","32","32","28","28","4","4","0","0"
"11072  :  โรงพยาบาลโพนทราย","0","0","0","0","0","0","0","0","0","0","0","0"
"11073  :  โรงพยาบาลอาจสามารถ","10","10","4","4","43","43","15","15","7","7","0","0"
"11074  :  โรงพยาบาลเมยวดี","3","3","3","3","14","14","14","14","1","1","0","0"
"11075  :  โรงพยาบาลศรีสมเด็จ","5","5","4","4","24","23","19","18","3","3","0","0"
"11076  :  โรงพยาบาลจังหาร","1","0","1","0","5","0","5","0","0","0","0","0"
"11504  :  โรงพยาบาลค่ายสมเด็จพระพุทธยอดฟ้าจุฬาโลกมหาราช","0","0","0","0","0","0","0","0","0","0","0","0"
"11964  :  โรงพยาบาลทั่วไปขนาดใหญ่จุรีเวช","0","0","0","0","0","0","0","0","0","0","0","0"
"27988  :  โรงพยาบาลทุ่งเขาหลวง","9","9","9","9","45","45","45","45","0","0","0","0"
"27989  :  โรงพยาบาลเชียงขวัญ","17","14","15","13","80","70","80","70","5","4","0","0"
"27990  :  โรงพยาบาลหนองฮี","6","4","5","4","27","19","22","19","5","3","0","0"
"10709  :  โรงพยาบาลกาฬสินธุ์","18","5","13","5","18","6","16","6","14","4","0","0"
"11077  :  โรงพยาบาลนามน","7","7","4","4","33","33","20","20","6","6","0","0"
"11078  :  โรงพยาบาลกมลาไสย","66","63","60","57","311","308","281","278","33","32","0","0"
"11079  :  โรงพยาบาลร่องคำ","0","0","0","0","0","0","0","0","0","0","0","0"
"11080  :  โรงพยาบาลเขาวง","13","13","3","3","65","65","18","18","12","12","0","0"
"11081  :  โรงพยาบาลยางตลาด","0","0","0","0","0","0","0","0","0","0","0","0"
"11082  :  โรงพยาบาลห้วยเม็ก","20","20","12","12","90","90","55","55","14","14","0","0"
"11083  :  โรงพยาบาลสหัสขันธ์","0","0","0","0","0","0","0","0","0","0","0","0"
"11084  :  โรงพยาบาลคำม่วง","20","16","17","14","88","75","79","66","13","9","0","0"
"11085  :  โรงพยาบาลท่าคันโท","30","29","23","22","150","145","116","111","15","15","0","0"
"11086  :  โรงพยาบาลหนองกุงศรี","27","27","23","23","118","118","99","99","20","20","0","0"
"11087  :  โรงพยาบาลสมเด็จ","80","80","73","73","374","373","350","349","60","59","0","0"
"11088  :  โรงพยาบาลห้วยผึ้ง","8","8","3","3","39","39","14","14","7","7","0","0"
"11449  :  โรงพยาบาลสมเด็จพระยุพราชกุฉินารายณ์","13","10","9","9","16","14","12","12","9","6","0","0"
"11965  :  โรงพยาบาลธีรวัฒน์","0","0","0","0","0","0","0","0","0","0","0","0"
"28017  :  โรงพยาบาลนาคู","21","21","17","17","89","89","72","72","4","4","0","0"
"28789  :  โรงพยาบาลฆ้องชัย","5","5","3","3","17","17","11","11","3","3","0","0"
"28790  :  โรงพยาบาลดอนจาน","7","6","7","6","17","16","17","16","2","2","0","0"
"28791  :  โรงพยาบาลสามชัย","24","22","20","19","109","109","106","106","12","10","0","0"
"10710  :  โรงพยาบาลสกลนคร","675","332","331","186","0","0","0","0","456","202","0","0"
"11089  :  โรงพยาบาลกุสุมาลย์","2","2","1","1","8","8","5","5","1","1","0","0"
"11090  :  โรงพยาบาลกุดบาก","1","1","0","0","4","3","0","0","1","1","0","0"
"11091  :  โรงพยาบาลพระอาจารย์ฝั้นอาจาโร","7","4","5","3","21","19","15","14","3","2","0","0"
"11092  :  โรงพยาบาลพังโคน","12","11","6","5","53","48","26","21","9","9","0","0"
"11093  :  โรงพยาบาลวาริชภูมิ","2","2","2","2","10","10","10","10","1","1","0","0"
"11094  :  โรงพยาบาลนิคมน้ำอูน","0","0","0","0","0","0","0","0","0","0","0","0"
"11095  :  โรงพยาบาลวานรนิวาส","257","253","218","214","1,214","1,207","1,035","1,028","180","178","0","0"
"11096  :  โรงพยาบาลคำตากล้า","0","0","0","0","0","0","0","0","0","0","0","0"
"11097  :  โรงพยาบาลบ้านม่วง","11","11","10","10","55","55","50","50","4","4","0","0"
"11098  :  โรงพยาบาลอากาศอำนวย","42","42","17","17","194","194","82","82","25","25","0","0"
"11099  :  โรงพยาบาลส่องดาว","39","39","38","38","194","194","189","189","11","11","0","0"
"11100  :  โรงพยาบาลเต่างอย","0","0","0","0","0","0","0","0","0","0","0","0"
"11101  :  โรงพยาบาลโคกศรีสุพรรณ","11","11","8","8","55","55","40","40","3","3","0","0"
"11102  :  โรงพยาบาลเจริญศิลป์","3","2","3","2","6","4","6","4","1","0","0","0"
"11103  :  โรงพยาบาลโพนนาแก้ว","7","5","6","4","27","20","23","16","3","2","0","0"
"11450  :  โรงพยาบาลสมเด็จพระยุพราชสว่างแดนดิน","84","82","84","82","387","382","388","383","2","1","0","0"
"11505  :  โรงพยาบาลค่ายกฤษณ์สีวะรา","1","0","0","0","0","0","0","0","1","0","0","0"
"21323  :  โรงพยาบาลพระอาจารย์แบน  ธนากโร","4","3","3","3","15","15","15","15","1","0","0","0"
"24976  :  โรงพยาบาลการแพทย์แผนไทยสกลนคร หลวงปู่แฟ๊ป สุภัทโท","1","0","0","0","0","0","0","0","1","0","0","0"
"10711  :  โรงพยาบาลนครพนม","10","2","0","0","0","0","0","0","10","2","0","0"
"11104  :  โรงพยาบาลปลาปาก","0","0","0","0","0","0","0","0","0","0","0","0"
"11105  :  โรงพยาบาลท่าอุเทน","24","20","19","17","100","100","86","86","7","3","0","0"
"11106  :  โรงพยาบาลบ้านแพง","49","48","47","46","226","225","219","218","6","6","0","0"
"11107  :  โรงพยาบาลนาทม","24","24","10","10","113","113","48","48","17","17","0","0"
"11108  :  โรงพยาบาลเรณูนคร","2","2","2","2","10","10","10","10","0","0","0","0"
"11109  :  โรงพยาบาลนาแก","26","25","22","22","119","118","105","105","9","8","0","0"
"11110  :  โรงพยาบาลศรีสงคราม","125","125","103","103","601","601","494","494","24","24","0","0"
"11111  :  โรงพยาบาลนาหว้า","14","13","9","9","42","37","21","21","13","12","0","0"
"11112  :  โรงพยาบาลโพนสวรรค์","25","25","15","15","121","121","74","74","10","10","0","0"
"11451  :  โรงพยาบาลสมเด็จพระยุพราชธาตุพนม","25","23","23","22","69","60","63","58","8","6","0","0"
"12277  :  โรงพยาบาลจิตเวชนครพนมราชนครินทร์","0","0","0","0","0","0","0","0","0","0","0","0"
"40840  :  โรงพยาบาลวังยาง","26","19","21","16","0","0","0","0","7","5","0","0"
"10712  :  โรงพยาบาลมุกดาหาร","12","7","10","6","20","20","19","19","12","7","0","0"
"11113  :  โรงพยาบาลนิคมคำสร้อย","5","5","5","5","19","19","19","19","1","1","0","0"
"11114  :  โรงพยาบาลดอนตาล","0","0","0","0","0","0","0","0","0","0","0","0"
"11115  :  โรงพยาบาลดงหลวง","63","60","63","60","314","299","314","299","15","14","0","0"
"11116  :  โรงพยาบาลคำชะอี","17","13","16","13","72","57","69","57","5","2","0","0"
"11117  :  โรงพยาบาลหว้านใหญ่","10","1","9","1","50","5","45","5","7","1","0","0"
"11118  :  โรงพยาบาลหนองสูง","21","20","19","19","100","98","98","98","6","5","1","1"
"06009  :  โรงพยาบาลแม่ตื่น","0","0","0","0","0","0","0","0","0","0","0","0"
"10713  :  โรงพยาบาลนครพิงค์","11","3","11","3","9","9","9","9","5","1","0","0"
"11119  :  โรงพยาบาลจอมทอง","15","10","10","9","34","34","33","33","6","2","0","0"
"11120  :  โรงพยาบาลเทพรัตนเวชชานุกูล เฉลิมพระเกียรติ ๖๐ พรรษา","125","109","66","59","378","358","209","203","97","86","0","0"
"11121  :  โรงพยาบาลเชียงดาว","63","51","62","50","171","143","168","140","1","1","0","0"
"11122  :  โรงพยาบาลดอยสะเก็ด","1","1","1","1","3","3","3","3","0","0","0","0"
"11123  :  โรงพยาบาลแม่แตง","10","8","8","8","32","22","22","22","3","1","0","0"
"11124  :  โรงพยาบาลสะเมิง","28","28","9","9","97","96","36","36","20","20","0","0"
"11125  :  โรงพยาบาลฝาง","1","0","1","0","4","0","4","0","0","0","0","0"
"11126  :  โรงพยาบาลแม่อาย","130","84","127","83","589","382","576","378","15","7","0","0"
"11127  :  โรงพยาบาลพร้าว","57","55","22","22","256","254","107","107","35","33","0","0"
"11128  :  โรงพยาบาลสันป่าตอง","4","3","1","1","4","4","1","1","3","2","0","0"
"11129  :  โรงพยาบาลสันกำแพง","4","4","2","2","0","0","0","0","2","2","0","0"
"11130  :  โรงพยาบาลสันทราย","47","17","33","12","0","0","0","0","47","17","0","0"
"11131  :  โรงพยาบาลหางดง","3","2","0","0","0","0","0","0","3","2","0","0"
"11132  :  โรงพยาบาลฮอด","86","85","50","49","323","320","196","193","70","70","0","0"
"11133  :  โรงพยาบาลดอยเต่า","4","4","4","4","14","14","14","14","2","2","0","0"
"11134  :  โรงพยาบาลอมก๋อย","129","125","117","113","250","242","228","220","28","25","0","0"
"11135  :  โรงพยาบาลสารภี","5","1","1","0","4","2","0","0","4","1","0","0"
"11136  :  โรงพยาบาลเวียงแหง","0","0","0","0","0","0","0","0","0","0","0","0"
"11137  :  โรงพยาบาลไชยปราการ","46","45","38","37","132","131","117","116","19","19","0","0"
"11138  :  โรงพยาบาลแม่วาง","5","5","0","0","11","11","0","0","5","5","0","0"
"11139  :  โรงพยาบาลแม่ออน","12","8","4","3","47","35","20","15","8","5","0","0"
"11507  :  โรงพยาบาลกองบิน 41","0","0","0","0","0","0","0","0","0","0","0","0"
"11508  :  โรงพยาบาลค่ายกาวิละ เชียงใหม่","0","0","0","0","0","0","0","0","0","0","0","0"
"11643  :  โรงพยาบาลดอยหล่อ","1","1","1","1","1","1","1","1","0","0","0","0"
"11978  :  โรงพยาบาลดารารัศมี","0","0","0","0","0","0","0","0","0","0","0","0"
"11992  :  โรงพยาบาลเทพปัญญา 2 โรงพยาบาลทั่วไปขนาดกลาง","0","0","0","0","0","0","0","0","0","0","0","0"
"11995  :  โรงพยาบาลทั่วไปขนาดใหญ่เซ็นทรัลเชียงใหม่ เมโมเรียล","0","0","0","0","0","0","0","0","0","0","0","0"
"11999  :  โรงพยาบาลทั่วไปขนาดใหญ่เชียงใหม่เมดิคอลเซ็นเตอร์","0","0","0","0","0","0","0","0","0","0","0","0"
"12279  :  โรงพยาบาลส่งเสริมสุขภาพ ศูนย์อนามัยที่ 1","0","0","0","0","0","0","0","0","0","0","0","0"
"12280  :  โรงพยาบาลสวนปรุง","0","0","0","0","0","0","0","0","0","0","0","0"
"12281  :  โรงพยาบาลประสาทเชียงใหม่","0","0","0","0","0","0","0","0","0","0","0","0"
"13775  :  สถาบันพัฒนาการเด็กราชนครินทร์","0","0","0","0","0","0","0","0","0","0","0","0"
"13780  :  โรงพยาบาลมหาราชนครเชียงใหม่  มหาวิทยาลัยเชียงใหม่","0","0","0","0","0","0","0","0","0","0","0","0"
"13785  :  โรงพยาบาลธัญญารักษ์เชียงใหม่","0","0","0","0","0","0","0","0","0","0","0","0"
"14550  :  โรงพยาบาลทั่วไปขนาดใหญ่ เชียงใหม่ใกล้หมอ","35","26","34","25","120","93","120","93","3","2","1","1"
"14916  :  โรงพยาบาลทั่วไปขนาดกลางเชียงใหม่ฮอสพิทอล","0","0","0","0","0","0","0","0","0","0","0","0"
"23736  :  โรงพยาบาลวัดจันทร์ เฉลิมพระเกียรติ 80 พรรษา","8","4","1","0","20","13","1","0","8","4","0","0"
"10714  :  โรงพยาบาลลำพูน","10","2","6","1","33","9","19","4","10","2","0","0"
"11140  :  โรงพยาบาลแม่ทา","1","1","1","1","5","5","5","5","0","0","0","0"
"11141  :  โรงพยาบาลบ้านโฮ่ง","0","0","0","0","0","0","0","0","0","0","0","0"
"11142  :  โรงพยาบาลลี้","13","6","8","6","30","24","26","24","10","3","0","0"
"11143  :  โรงพยาบาลทุ่งหัวช้าง","13","12","11","11","57","57","52","52","10","9","0","0"
"11144  :  โรงพยาบาลป่าซาง","3","3","1","1","5","5","1","1","2","2","0","0"
"11145  :  โรงพยาบาลบ้านธิ","0","0","0","0","0","0","0","0","0","0","0","0"
"12000  :  โรงพยาบาลหริภุญชัยเมโมเรียล","0","0","0","0","0","0","0","0","0","0","0","0"
"14555  :  โรงพยาบาลทั่วไปขนาดกลางศิริเวช ลำพูน","0","0","0","0","0","0","0","0","0","0","0","0"
"24956  :  โรงพยาบาลเวียงหนองล่อง","1","0","0","0","3","0","0","0","1","0","0","0"
"10672  :  โรงพยาบาลลำปาง","0","0","0","0","0","0","0","0","0","0","0","0"
"11146  :  โรงพยาบาลแม่เมาะ","2","2","1","1","6","6","1","1","1","1","0","0"
"11147  :  โรงพยาบาลเกาะคา","22","18","19","16","72","62","67","57","5","2","0","0"
"11148  :  โรงพยาบาลเสริมงาม","24","24","22","22","116","116","106","106","17","17","0","0"
"11149  :  โรงพยาบาลงาว","13","12","11","10","61","60","51","50","12","11","0","0"
"11150  :  โรงพยาบาลแจ้ห่ม","0","0","0","0","0","0","0","0","0","0","0","0"
"11151  :  โรงพยาบาลวังเหนือ","59","55","45","42","282","262","212","197","14","13","0","0"
"11152  :  โรงพยาบาลเถิน","24","11","23","11","54","40","50","40","12","5","0","0"
"11153  :  โรงพยาบาลแม่พริก","4","4","2","2","19","19","9","9","2","2","0","0"
"11154  :  โรงพยาบาลแม่ทะ","22","21","19","18","104","103","89","88","4","4","0","0"
"11155  :  โรงพยาบาลสบปราบ","4","4","4","4","8","8","8","8","2","2","0","0"
"11156  :  โรงพยาบาลห้างฉัตร","4","2","4","2","15","9","15","9","0","0","0","0"
"11157  :  โรงพยาบาลเมืองปาน","14","6","12","5","41","20","37","15","9","3","0","0"
"11512  :  โรงพยาบาลค่ายสุรศักดิ์มนตรี","0","0","0","0","0","0","0","0","0","0","0","0"
"12283  :  โรงพยาบาลมะเร็งลำปาง","0","0","0","0","0","0","0","0","0","0","0","0"
"10673  :  โรงพยาบาลอุตรดิตถ์","8","1","7","1","2","1","2","1","2","0","1","0"
"11158  :  โรงพยาบาลตรอน","1","0","1","0","0","0","0","0","0","0","0","0"
"11159  :  โรงพยาบาลท่าปลา","5","3","5","3","19","14","19","14","1","1","0","0"
"11160  :  โรงพยาบาลน้ำปาด","9","8","9","8","18","18","18","18","4","4","0","0"
"11161  :  โรงพยาบาลฟากท่า","6","3","6","3","18","7","18","7","1","0","0","0"
"11162  :  โรงพยาบาลบ้านโคก","17","15","12","11","45","45","38","38","5","4","0","0"
"11163  :  โรงพยาบาลพิชัย","1","1","1","1","5","5","5","5","0","0","0","0"
"11164  :  โรงพยาบาลลับแล","21","13","16","10","78","48","63","39","11","4","0","0"
"11165  :  โรงพยาบาลทองแสนขัน","14","13","14","13","63","60","63","60","2","1","0","0"
"11509  :  โรงพยาบาลค่ายพิชัยดาบหัก","0","0","0","0","0","0","0","0","0","0","0","0"
"10715  :  โรงพยาบาลแพร่","7","2","5","2","0","0","0","0","6","1","0","0"
"11166  :  โรงพยาบาลร้องกวาง","3","0","1","0","3","0","3","0","2","0","0","0"
"11167  :  โรงพยาบาลลอง","8","6","6","4","27","27","19","19","6","4","0","0"
"11169  :  โรงพยาบาลสูงเม่น","14","7","8","3","35","35","15","15","11","4","0","0"
"11170  :  โรงพยาบาลสอง","27","16","17","11","74","60","56","48","14","8","0","0"
"11171  :  โรงพยาบาลวังชิ้น","0","0","0","0","0","0","0","0","0","0","0","0"
"11172  :  โรงพยาบาลหนองม่วงไข่","1","1","1","1","2","2","2","2","0","0","0","0"
"11452  :  โรงพยาบาลสมเด็จพระยุพราชเด่นชัย","16","11","9","5","24","15","15","6","11","7","0","0"
"10716  :  โรงพยาบาลน่าน","0","0","0","0","0","0","0","0","0","0","0","0"
"11173  :  โรงพยาบาลแม่จริม","2","2","1","1","0","0","0","0","1","1","0","0"
"11174  :  โรงพยาบาลบ้านหลวง","2","0","2","0","0","0","0","0","2","0","0","0"
"11175  :  โรงพยาบาลนาน้อย","0","0","0","0","0","0","0","0","0","0","0","0"
"11176  :  โรงพยาบาลท่าวังผา","14","14","13","13","62","62","59","59","6","6","0","0"
"11177  :  โรงพยาบาลเวียงสา","0","0","0","0","0","0","0","0","0","0","0","0"
"11178  :  โรงพยาบาลทุ่งช้าง","5","2","2","1","0","0","0","0","4","1","0","0"
"11179  :  โรงพยาบาลเชียงกลาง","6","3","2","1","12","5","2","2","5","3","0","0"
"11180  :  โรงพยาบาลนาหมื่น","4","1","4","1","11","5","11","5","2","0","0","0"
"11181  :  โรงพยาบาลสันติสุข","13","12","7","7","0","0","0","0","6","5","0","0"
"11182  :  โรงพยาบาลบ่อเกลือ","14","13","9","8","16","13","11","8","6","6","0","0"
"11183  :  โรงพยาบาลสองแคว","0","0","0","0","0","0","0","0","0","0","0","0"
"11453  :  โรงพยาบาลสมเด็จพระยุพราชปัว","0","0","0","0","0","0","0","0","0","0","0","0"
"11510  :  โรงพยาบาลค่ายสุริยพงษ์","0","0","0","0","0","0","0","0","0","0","0","0"
"11625  :  โรงพยาบาลเฉลิมพระเกียรติ","0","0","0","0","0","0","0","0","0","0","0","0"
"25017  :  โรงพยาบาลภูเพียง","0","0","0","0","0","0","0","0","0","0","0","0"
"10717  :  โรงพยาบาลพะเยา","0","0","0","0","0","0","0","0","0","0","0","0"
"10718  :  โรงพยาบาลเชียงคำ","29","20","26","19","74","54","70","54","17","13","0","0"
"11184  :  โรงพยาบาลจุน","7","7","4","4","20","20","11","11","4","4","0","0"
"11185  :  โรงพยาบาลเชียงม่วน","27","22","20","19","89","84","73","72","10","6","0","0"
"11186  :  โรงพยาบาลดอกคำใต้","9","8","8","7","43","40","38","35","2","1","0","0"
"11187  :  โรงพยาบาลปง","48","48","46","46","199","199","193","193","13","13","0","0"
"11188  :  โรงพยาบาลแม่ใจ","2","0","2","0","10","0","10","0","0","0","0","0"
"15140  :  โรงพยาบาลค่ายขุนเจืองธรรมิกราช","0","0","0","0","0","0","0","0","0","0","0","0"
"40744  :  โรงพยาบาลภูซาง","0","0","0","0","0","0","0","0","0","0","0","0"
"40745  :  โรงพยาบาลภูกามยาว","0","0","0","0","0","0","0","0","0","0","0","0"
"41347  :  โรงพยาบาลมหาวิทยาลัยพะเยา","0","0","0","0","0","0","0","0","0","0","0","0"
"10674  :  โรงพยาบาลเชียงรายประชานุเคราะห์","16","5","12","4","60","21","49","17","13","4","0","0"
"11189  :  โรงพยาบาลเทิง","47","38","42","35","86","71","73","62","25","20","0","0"
"11190  :  โรงพยาบาลพาน","31","29","29","27","60","59","59","58","18","17","0","0"
"11191  :  โรงพยาบาลป่าแดด","7","3","5","2","33","13","24","9","4","1","0","0"
"11192  :  โรงพยาบาลแม่จัน","11","5","10","5","37","19","34","19","2","0","0","0"
"11193  :  โรงพยาบาลเชียงแสน","2","2","2","2","7","7","7","7","1","1","0","0"
"11194  :  โรงพยาบาลแม่สาย","1","1","0","0","0","0","0","0","1","1","0","0"
"11195  :  โรงพยาบาลแม่สรวย","14","12","10","10","11","11","10","10","8","6","0","0"
"11196  :  โรงพยาบาลเวียงป่าเป้า","92","92","88","88","367","367","359","359","18","18","0","0"
"11197  :  โรงพยาบาลพญาเม็งราย","1","1","1","1","0","0","0","0","0","0","0","0"
"11198  :  โรงพยาบาลเวียงแก่น","4","1","2","0","0","0","0","0","3","1","0","0"
"11199  :  โรงพยาบาลขุนตาล","3","0","2","0","3","0","3","0","2","0","0","0"
"11200  :  โรงพยาบาลแม่ฟ้าหลวง","90","85","35","32","369","354","140","129","80","77","0","0"
"11201  :  โรงพยาบาลแม่ลาว","9","9","2","2","31","31","8","8","7","7","0","0"
"11202  :  โรงพยาบาลเวียงเชียงรุ้ง","3","2","3","2","7","7","7","7","0","0","0","0"
"11454  :  โรงพยาบาลสมเด็จพระยุพราชเชียงของ","30","27","29","26","126","119","121","114","2","2","0","0"
"15012  :  โรงพยาบาลสมเด็จพระญาณสังวร","30","29","29","28","132","132","128","128","17","17","0","0"
"23429  :  โรงพยาบาลมหาวิทยาลัยแม่ฟ้าหลวง","4","0","0","0","17","0","0","0","4","0","0","0"
"28823  :  โรงพยาบาลดอยหลวง","17","16","17","16","80","80","80","80","7","7","0","0"
"41509  :  โรงพยาบาลศูนย์การแพทย์มหาวิทยาลัยแม่ฟ้าหลวง","0","0","0","0","0","0","0","0","0","0","0","0"
"10719  :  โรงพยาบาลศรีสังวาลย์","51","40","48","37","99","52","94","48","6","3","0","0"
"11203  :  โรงพยาบาลขุนยวม","31","26","27","22","124","117","106","99","8","7","0","0"
"11204  :  โรงพยาบาลปาย","28","19","27","18","39","35","40","36","7","5","0","0"
"11205  :  โรงพยาบาลแม่สะเรียง","9","5","8","5","24","20","24","20","3","0","0","0"
"11206  :  โรงพยาบาลแม่ลาน้อย","4","0","3","0","0","0","0","0","3","0","0","0"
"11207  :  โรงพยาบาลสบเมย","0","0","0","0","0","0","0","0","0","0","0","0"
"11208  :  โรงพยาบาลปางมะผ้า","1","1","1","1","0","0","0","0","0","0","0","0"
"14197  :  โรงพยาบาลธัญญรักษ์แม่ฮ่องสอน","0","0","0","0","0","0","0","0","0","0","0","0"
"10675  :  โรงพยาบาลสวรรค์ประชารักษ์","0","0","0","0","0","0","0","0","0","0","0","0"
"11209  :  โรงพยาบาลโกรกพระ","0","0","0","0","0","0","0","0","0","0","0","0"
"11210  :  โรงพยาบาลชุมแสง","47","44","39","38","37","37","33","33","9","7","0","0"
"11211  :  โรงพยาบาลหนองบัว","54","44","41","35","197","169","147","131","18","11","0","0"
"11212  :  โรงพยาบาลบรรพตพิสัย","138","127","136","126","594","577","595","579","33","31","0","0"
"11213  :  โรงพยาบาลเก้าเลี้ยว","10","5","7","4","0","0","0","0","4","1","0","0"
"11214  :  โรงพยาบาลตาคลี","2","2","2","2","8","8","8","8","0","0","0","0"
"11215  :  โรงพยาบาลท่าตะโก","2","2","1","1","6","6","3","3","2","2","0","0"
"11216  :  โรงพยาบาลไพศาลี","9","7","7","6","19","17","14","12","2","1","0","0"
"11217  :  โรงพยาบาลพยุหะคีรี","0","0","0","0","0","0","0","0","0","0","0","0"
"11218  :  โรงพยาบาลลาดยาว","4","1","2","0","5","2","2","0","2","1","0","0"
"11219  :  โรงพยาบาลตากฟ้า","8","5","4","3","23","23","15","15","4","2","0","0"
"11220  :  โรงพยาบาลแม่วงก์","8","8","8","8","40","40","40","40","0","0","0","0"
"11513  :  โรงพยาบาลค่ายจิรประวัติ","0","0","0","0","0","0","0","0","0","0","0","0"
"12030  :  โรงพยาบาลพริ้นซ์ ปากน้ำโพ 1 โรงพยาบาลทั่วไปขนาดใหญ่","0","0","0","0","0","0","0","0","0","0","0","0"
"12033  :  โรงพยาบาลรวมแพทย์นครสวรรค์","0","0","0","0","0","0","0","0","0","0","0","0"
"12034  :  โรงพยาบาลพริ้นซ์ ปากน้ำโพ 2 โรงพยาบาลทั่วไปขนาดใหญ่","0","0","0","0","0","0","0","0","0","0","0","0"
"12042  :  โรงพยาบาลร่มฉัตร","0","0","0","0","0","0","0","0","0","0","0","0"
"12044  :  โรงพยาบาลศรีสวรรค์","0","0","0","0","0","0","0","0","0","0","0","0"
"12284  :  โรงพยาบาลส่งเสริมสุขภาพ ศูนย์อนามัยที่ 3","0","0","0","0","0","0","0","0","0","0","0","0"
"14171  :  โรงพยาบาลจิตเวชนครสวรรค์ราชนครินทร์","0","0","0","0","0","0","0","0","0","0","0","0"
"40749  :  โรงพยาบาลชุมตาบง","1","1","0","0","0","0","0","0","1","1","0","0"
"10720  :  โรงพยาบาลอุทัยธานี","9","6","5","3","39","28","21","15","6","3","0","0"
"11221  :  โรงพยาบาลทัพทัน","3","0","0","0","1","0","0","0","3","0","0","0"
"11222  :  โรงพยาบาลสว่างอารมณ์","33","33","9","9","103","103","17","17","25","25","0","0"
"11223  :  โรงพยาบาลหนองฉาง","28","22","18","13","63","63","42","42","23","18","0","0"
"11224  :  โรงพยาบาลหนองขาหย่าง","1","1","0","0","5","5","0","0","1","1","0","0"
"11225  :  โรงพยาบาลบ้านไร่","46","45","22","21","185","185","88","88","27","26","0","0"
"11226  :  โรงพยาบาลลานสัก","43","40","14","12","161","156","48","44","38","37","0","0"
"11227  :  โรงพยาบาลห้วยคต","1","1","0","0","0","0","0","0","1","1","0","0"
"10721  :  โรงพยาบาลกำแพงเพชร","6","1","1","0","20","5","2","0","5","1","0","0"
"11228  :  โรงพยาบาลทุ่งโพธิ์ทะเล","4","2","2","2","9","7","7","7","2","0","0","0"
"11229  :  โรงพยาบาลไทรงาม","29","26","11","10","82","79","39","38","22","20","0","0"
"11230  :  โรงพยาบาลคลองลาน","2","2","2","2","9","9","9","9","0","0","0","0"
"11231  :  โรงพยาบาลขาณุวรลักษบุรี","0","0","0","0","0","0","0","0","0","0","0","0"
"11232  :  โรงพยาบาลคลองขลุง","73","71","66","64","311","309","290","288","8","8","0","0"
"11233  :  โรงพยาบาลพรานกระต่าย","32","32","11","11","149","149","48","48","21","21","0","0"
"11234  :  โรงพยาบาลลานกระบือ","13","9","5","5","48","37","24","24","8","4","1","0"
"11235  :  โรงพยาบาลทรายทองวัฒนา","6","6","6","6","5","5","5","5","0","0","0","0"
"11236  :  โรงพยาบาลปางศิลาทอง","21","19","10","9","38","37","18","17","11","10","0","0"
"14135  :  โรงพยาบาลบึงสามัคคี","0","0","0","0","0","0","0","0","0","0","0","0"
"28010  :  โรงพยาบาลโกสัมพีนคร","3","1","2","1","12","5","10","5","1","0","0","0"
"10722  :  โรงพยาบาลสมเด็จพระเจ้าตากสินมหาราช","207","188","187","174","415","358","380","337","26","15","0","0"
"10723  :  โรงพยาบาลแม่สอด","16","0","11","0","35","0","18","0","9","0","0","0"
"11238  :  โรงพยาบาลบ้านตาก","12","7","10","6","53","35","46","30","7","3","0","0"
"11239  :  โรงพยาบาลสามเงา","15","13","12","10","28","28","22","22","11","9","0","0"
"11240  :  โรงพยาบาลแม่ระมาด","95","93","86","84","205","199","182","176","14","13","0","0"
"11241  :  โรงพยาบาลท่าสองยาง","17","8","12","7","0","0","0","0","10","3","0","0"
"11242  :  โรงพยาบาลพบพระ","152","149","148","148","593","584","584","584","15","12","0","0"
"11243  :  โรงพยาบาลอุ้มผาง","10","7","8","7","2","0","2","0","3","1","0","0"
"27443  :  โรงพยาบาลวังเจ้า","0","0","0","0","0","0","0","0","0","0","0","0"
"10724  :  โรงพยาบาลสุโขทัย","7","2","5","2","16","4","12","4","6","2","0","0"
"10725  :  โรงพยาบาลศรีสังวรสุโขทัย","22","9","17","9","0","0","0","0","8","1","0","0"
"11244  :  โรงพยาบาลบ้านด่านลานหอย","35","35","13","13","151","151","53","53","22","22","0","0"
"11245  :  โรงพยาบาลคีรีมาศ","14","8","8","5","28","20","21","17","10","4","0","0"
"11246  :  โรงพยาบาลกงไกรลาศ","4","4","4","4","5","5","5","5","0","0","0","0"
"11247  :  โรงพยาบาลศรีสัชนาลัย","19","19","15","15","50","50","42","42","19","19","0","0"
"11248  :  โรงพยาบาลสวรรคโลก","69","66","61","59","5","0","5","0","40","38","0","0"
"11249  :  โรงพยาบาลศรีนคร","0","0","0","0","0","0","0","0","0","0","0","0"
"11250  :  โรงพยาบาลทุ่งเสลี่ยม","2","1","1","1","10","5","5","5","2","1","0","0"
"10676  :  โรงพยาบาลพุทธชินราช","0","0","0","0","0","0","0","0","0","0","0","0"
"11251  :  โรงพยาบาลชาติตระการ","22","21","18","17","63","63","51","51","14","14","0","0"
"11252  :  โรงพยาบาลบางระกำ","88","88","81","81","348","348","319","319","8","8","0","0"
"11253  :  โรงพยาบาลบางกระทุ่ม","3","3","1","1","9","9","4","4","3","3","0","0"
"11254  :  โรงพยาบาลพรหมพิราม","1","1","0","0","1","1","0","0","1","1","0","0"
"11255  :  โรงพยาบาลวัดโบสถ์","34","30","34","30","136","136","136","136","0","0","0","0"
"11256  :  โรงพยาบาลวังทอง","78","78","70","70","243","243","217","217","8","8","0","0"
"11257  :  โรงพยาบาลเนินมะปราง","85","80","58","54","166","152","107","94","44","43","4","4"
"11455  :  โรงพยาบาลสมเด็จพระยุพราชนครไทย","3","0","1","0","6","0","2","0","2","0","0","0"
"11517  :  โรงพยาบาลค่ายสมเด็จพระนเรศวร","3","0","2","0","0","0","0","0","3","0","0","0"
"14972  :  โรงพยาบาลมหาวิทยาลัยนเรศวร","0","0","0","0","0","0","0","0","0","0","0","0"
"41429  :  โรงพยาบาลจิตเวชพิษณุโลก","0","0","0","0","0","0","0","0","0","0","0","0"
"10726  :  โรงพยาบาลพิจิตร","6","0","0","0","13","0","0","0","6","0","0","0"
"11258  :  โรงพยาบาลวังทรายพูน","4","4","2","2","14","14","5","5","3","3","0","0"
"11259  :  โรงพยาบาลโพธิ์ประทับช้าง","7","3","3","2","13","4","0","0","5","1","0","0"
"11260  :  โรงพยาบาลบางมูลนาก","18","2","16","2","80","7","72","7","17","2","0","0"
"11261  :  โรงพยาบาลโพทะเล","10","9","5","4","31","31","11","11","7","7","0","0"
"11262  :  โรงพยาบาลสามง่าม","2","2","0","0","2","2","0","0","2","2","0","0"
"11263  :  โรงพยาบาลทับคล้อ","37","35","25","24","171","171","119","119","35","34","0","0"
"11456  :  โรงพยาบาลสมเด็จพระยุพราชตะพานหิน","40","21","25","16","41","29","29","24","17","5","0","0"
"11631  :  โรงพยาบาลวชิรบารมี","21","19","19","19","62","56","58","58","16","14","0","0"
"27978  :  โรงพยาบาลสากเหล็ก","10","8","6","4","49","39","30","20","8","7","0","0"
"27979  :  โรงพยาบาลบึงนาราง","2","2","2","2","3","3","3","3","1","1","0","0"
"27980  :  โรงพยาบาลดงเจริญ","0","0","0","0","0","0","0","0","0","0","0","0"
"10727  :  โรงพยาบาลเพชรบูรณ์","2","0","0","0","0","0","0","0","2","0","0","0"
"11264  :  โรงพยาบาลชนแดน","74","73","69","69","303","303","290","290","5","4","0","0"
"11265  :  โรงพยาบาลหล่มสัก","11","10","11","10","4","4","4","4","0","0","0","0"
"11266  :  โรงพยาบาลวิเชียรบุรี","78","73","68","65","328","316","287","279","69","64","0","0"
"11267  :  โรงพยาบาลศรีเทพ","69","67","69","67","293","284","294","285","0","0","0","0"
"11268  :  โรงพยาบาลหนองไผ่","87","74","72","61","379","337","360","316","15","13","0","0"
"11269  :  โรงพยาบาลบึงสามพัน","6","3","3","1","16","3","11","1","4","2","0","0"
"11270  :  โรงพยาบาลน้ำหนาว","7","6","6","6","23","23","23","23","1","0","0","0"
"11271  :  โรงพยาบาลวังโป่ง","12","12","10","10","56","56","46","46","2","2","0","0"
"11272  :  โรงพยาบาลเขาค้อ","66","66","64","64","284","284","274","274","2","2","0","0"
"11457  :  โรงพยาบาลสมเด็จพระยุพราชหล่มเก่า","15","12","14","12","64","57","62","57","5","4","0","0"
"11946  :  โรงพยาบาลค่ายพ่อขุนผาเมือง","0","0","0","0","0","0","0","0","0","0","0","0"
"10677  :  โรงพยาบาลราชบุรี","22","3","16","2","51","7","40","5","14","3","0","0"
"10728  :  โรงพยาบาลดำเนินสะดวก","0","0","0","0","0","0","0","0","0","0","0","0"
"10729  :  โรงพยาบาลบ้านโป่ง","0","0","0","0","0","0","0","0","0","0","0","0"
"10730  :  โรงพยาบาลโพธาราม","5","3","5","3","15","9","15","9","4","3","0","0"
"11273  :  โรงพยาบาลสวนผึ้ง","0","0","0","0","0","0","0","0","0","0","0","0"
"11274  :  โรงพยาบาลบางแพ","5","3","3","2","7","6","6","6","2","1","0","0"
"11275  :  โรงพยาบาลเจ็ดเสมียน","0","0","0","0","0","0","0","0","0","0","0","0"
"11276  :  โรงพยาบาลปากท่อ","0","0","0","0","0","0","0","0","0","0","0","0"
"11277  :  โรงพยาบาลวัดเพลง","1","0","0","0","0","0","0","0","1","0","0","0"
"11458  :  โรงพยาบาลสมเด็จพระยุพราชจอมบึง","16","6","13","6","10","2","10","2","13","5","0","0"
"11519  :  โรงพยาบาลค่ายภาณุรังษี","0","0","0","0","0","0","0","0","0","0","0","0"
"12093  :  สถานพยาบาลแพทย์ประดิษฐ์","0","0","0","0","0","0","0","0","0","0","0","0"
"12097  :  มหาชัยพร้อมแพทย์โรงพยาบาลทั่วไปขนาดกลาง","0","0","0","0","0","0","0","0","0","0","0","0"
"12098  :  โรงพยาบาลกรุงเทพเมืองราชโรงพยาบาลทั่วไปขนาดใหญ่","0","0","0","0","0","0","0","0","0","0","0","0"
"12103  :  โรงพยาบาลซานคามิลโล","0","0","0","0","0","0","0","0","0","0","0","0"
"12286  :  โรงพยาบาลส่งเสริมสุขภาพ ศูนย์อนามัยที่ 5","0","0","0","0","0","0","0","0","0","0","0","0"
"28858  :  โรงพยาบาลบ้านคา","3","2","3","2","3","1","3","1","1","1","0","0"
"10731  :  โรงพยาบาลพหลพลพยุหเสนา","4","1","3","1","7","0","4","0","3","0","0","0"
"10732  :  โรงพยาบาลมะการักษ์","1","0","0","0","0","0","0","0","1","0","0","0"
"11278  :  โรงพยาบาลไทรโยค","2","1","1","1","2","1","1","1","1","0","0","0"
"11279  :  โรงพยาบาลสมเด็จพระปิยมหาราชรมณียเขต","0","0","0","0","0","0","0","0","0","0","0","0"
"11280  :  โรงพยาบาลบ่อพลอย","0","0","0","0","0","0","0","0","0","0","0","0"
"11281  :  โรงพยาบาลท่ากระดาน","1","0","1","0","5","0","5","0","0","0","0","0"
"11282  :  โรงพยาบาลสมเด็จพระสังฆราชองค์ที่ ๑๙","6","5","6","5","0","0","0","0","6","5","0","0"
"11283  :  โรงพยาบาลทองผาภูมิ","0","0","0","0","0","0","0","0","0","0","0","0"
"11284  :  โรงพยาบาลสังขละบุรี","1","1","1","1","3","3","3","3","1","1","0","0"
"11285  :  โรงพยาบาลเจ้าคุณไพบูลย์พนมทวน","10","5","7","3","42","25","27","15","6","3","0","0"
"11286  :  โรงพยาบาลเลาขวัญ","0","0","0","0","0","0","0","0","0","0","0","0"
"11287  :  โรงพยาบาลด่านมะขามเตี้ย","0","0","0","0","0","0","0","0","0","0","0","0"
"11288  :  โรงพยาบาลสถานพระบารมี","1","1","0","0","5","5","0","0","1","1","0","0"
"11520  :  โรงพยาบาลค่ายสุรสีห์","3","0","2","0","0","0","0","0","1","0","0","0"
"14136  :  โรงพยาบาลศุกร์ศิริศรีสวัสดิ์","1","0","1","0","0","0","0","0","0","0","0","0"
"21948  :  โรงพยาบาลห้วยกระเจา เฉลิมพระเกียรติ 80 พรรษา","14","11","7","5","62","55","31","25","11","10","0","0"
"41701  :  โรงพยาบาลหนองปรือ","5","5","0","0","25","25","0","0","5","5","0","0"
"10678  :  โรงพยาบาลเจ้าพระยายมราช","4","0","4","0","15","0","15","0","2","0","0","0"
"10733  :  โรงพยาบาลสมเด็จพระสังฆราชองค์ที่17","7","4","5","4","18","17","17","17","5","2","0","0"
"11289  :  โรงพยาบาลเดิมบางนางบวช","0","0","0","0","0","0","0","0","0","0","0","0"
"11290  :  โรงพยาบาลด่านช้าง","4","1","1","1","3","3","3","3","4","1","0","0"
"11291  :  โรงพยาบาลบางปลาม้า","0","0","0","0","0","0","0","0","0","0","0","0"
"11292  :  โรงพยาบาลศรีประจันต์","36","34","30","28","119","117","99","97","10","9","0","0"
"11293  :  โรงพยาบาลดอนเจดีย์","11","1","8","0","36","5","25","0","10","0","0","0"
"11294  :  โรงพยาบาลสามชุก","25","22","22","21","105","101","96","96","20","17","0","0"
"11295  :  โรงพยาบาลอู่ทอง","7","3","5","3","14","8","11","8","4","1","0","0"
"11296  :  โรงพยาบาลหนองหญ้าไซ","0","0","0","0","0","0","0","0","0","0","0","0"
"12123  :  โรงพยาบาลวิภาวดี-ปิยราษฎร์","0","0","0","0","0","0","0","0","0","0","0","0"
"10679  :  โรงพยาบาลนครปฐม","0","0","0","0","0","0","0","0","0","0","0","0"
"11297  :  โรงพยาบาลกำแพงแสน","0","0","0","0","0","0","0","0","0","0","0","0"
"11298  :  โรงพยาบาลนครชัยศรี","0","0","0","0","0","0","0","0","0","0","0","0"
"11299  :  โรงพยาบาลห้วยพลู","24","12","3","3","40","40","10","10","22","10","0","0"
"11300  :  โรงพยาบาลดอนตูม","5","4","1","1","16","15","5","5","4","3","0","0"
"11301  :  โรงพยาบาลบางเลน","0","0","0","0","0","0","0","0","0","0","0","0"
"11302  :  โรงพยาบาลสามพราน","2","0","0","0","0","0","0","0","2","0","0","0"
"11303  :  โรงพยาบาลพุทธมณฑล","0","0","0","0","0","0","0","0","0","0","0","0"
"11473  :  โรงพยาบาลเมตตาประชารักษ์(วัดไร่ขิง)","0","0","0","0","0","0","0","0","0","0","0","0"
"11521  :  โรงพยาบาลจันทรุเบกษา","0","0","0","0","0","0","0","0","0","0","0","0"
"13819  :  โรงพยาบาลหลวงพ่อเปิ่น","14","1","0","0","18","5","0","0","14","1","0","0"
"10734  :  โรงพยาบาลสมุทรสาคร","0","0","0","0","0","0","0","0","0","0","0","0"
"11304  :  โรงพยาบาลกระทุ่มแบน","69","63","3","2","5","5","5","5","68","63","8","8"
"11305  :  โรงพยาบาลบ้านแพ้ว","16","6","8","3","0","0","0","0","10","4","0","0"
"12137  :  โรงพยาบาลทั่วไปขนาดเล็กเจษฎา","0","0","0","0","0","0","0","0","0","0","0","0"
"10735  :  โรงพยาบาลสมเด็จพระพุทธเลิศหล้า","13","5","4","3","21","14","13","13","12","3","0","0"
"11306  :  โรงพยาบาลนภาลัย","1","1","0","0","0","0","0","0","1","1","0","0"
"11307  :  โรงพยาบาลอัมพวา","1","1","1","1","0","0","0","0","1","1","0","0"
"10736  :  โรงพยาบาลพระจอมเกล้า","13","1","9","1","0","0","0","0","10","0","0","0"
"11308  :  โรงพยาบาลเขาย้อย","2","0","1","0","4","0","1","0","2","0","0","0"
"11309  :  โรงพยาบาลหนองหญ้าปล้อง","1","0","1","0","5","0","5","0","0","0","0","0"
"11310  :  โรงพยาบาลชะอำ","2","1","1","1","0","0","0","0","2","1","0","0"
"11311  :  โรงพยาบาลท่ายาง","2","2","1","1","3","3","3","3","1","1","0","0"
"11312  :  โรงพยาบาลบ้านลาด","1","0","1","0","5","0","5","0","1","0","0","0"
"11313  :  โรงพยาบาลบ้านแหลม","0","0","0","0","0","0","0","0","0","0","0","0"
"11314  :  โรงพยาบาลแก่งกระจาน","0","0","0","0","0","0","0","0","0","0","0","0"
"10737  :  โรงพยาบาลประจวบคีรีขันธ์","5","0","3","0","0","0","0","0","5","0","0","0"
"11315  :  โรงพยาบาลกุยบุรี","15","14","15","14","69","64","70","64","5","4","0","0"
"11316  :  โรงพยาบาลทับสะแก","61","60","60","60","246","246","246","246","29","28","0","0"
"11317  :  โรงพยาบาลบางสะพาน","46","34","44","32","207","166","197","156","26","20","0","0"
"11318  :  โรงพยาบาลบางสะพานน้อย","0","0","0","0","0","0","0","0","0","0","0","0"
"11319  :  โรงพยาบาลปราณบุรี","1","0","0","0","5","0","0","0","1","0","0","0"
"11320  :  โรงพยาบาลหัวหิน","23","7","14","4","89","21","54","11","15","2","0","0"
"11321  :  โรงพยาบาลสามร้อยยอด","76","60","73","57","330","263","318","251","54","43","0","0"
"11500  :  โรงพยาบาลกองบิน 5","0","0","0","0","0","0","0","0","0","0","0","0"
"11522  :  โรงพยาบาลค่ายธนะรัชต์","0","0","0","0","0","0","0","0","0","0","0","0"
"12471  :  สถานีกาชาดหัวหินเฉลิมพระเกียรติ","0","0","0","0","0","0","0","0","0","0","0","0"
"10680  :  โรงพยาบาลมหาราชนครศรีธรรมราช","18","1","15","1","74","5","61","5","10","0","0","0"
"11322  :  โรงพยาบาลพรหมคีรี","9","4","5","1","5","2","3","0","6","3","0","0"
"11324  :  โรงพยาบาลลานสะกา","48","42","42","38","120","99","103","88","9","6","0","0"
"11325  :  โรงพยาบาลสมเด็จพระยุพราชฉวาง","200","193","117","113","837","813","518","502","100","97","0","0"
"11326  :  โรงพยาบาลพิปูน","0","0","0","0","0","0","0","0","0","0","0","0"
"11327  :  โรงพยาบาลเชียรใหญ่","28","8","18","7","46","15","38","14","12","2","0","0"
"11328  :  โรงพยาบาลชะอวด","8","8","8","8","24","24","24","24","0","0","0","0"
"11329  :  โรงพยาบาลท่าศาลา","229","213","209","195","344","343","312","311","36","30","0","0"
"11330  :  โรงพยาบาลทุ่งสง","0","0","0","0","0","0","0","0","0","0","0","0"
"11331  :  โรงพยาบาลนาบอน","11","0","3","0","34","0","14","0","9","0","0","0"
"11332  :  โรงพยาบาลทุ่งใหญ่","66","52","46","43","125","100","90","83","22","10","0","0"
"11333  :  โรงพยาบาลปากพนัง","41","40","8","7","120","115","21","16","39","39","0","0"
"11334  :  โรงพยาบาลร่อนพิบูลย์","93","87","72","66","218","207","160","149","54","50","0","0"
"11335  :  โรงพยาบาลสิชล","38","18","35","18","145","74","130","74","4","1","0","0"
"11336  :  โรงพยาบาลขนอม","3","2","0","0","2","2","0","0","3","2","0","0"
"11337  :  โรงพยาบาลหัวไทร","28","14","23","12","94","48","73","41","10","2","0","0"
"11338  :  โรงพยาบาลบางขัน","1","1","0","0","1","1","0","0","1","1","0","0"
"11339  :  โรงพยาบาลถ้ำพรรณรา","0","0","0","0","0","0","0","0","0","0","0","0"
"11523  :  โรงพยาบาลค่ายวชิราวุธ","0","0","0","0","0","0","0","0","0","0","0","0"
"11660  :  โรงพยาบาลจุฬาภรณ์","4","2","2","1","1","0","1","0","2","1","0","0"
"12287  :  โรงพยาบาลส่งเสริมสุขภาพ ศูนย์อนามัยที่ 11","0","0","0","0","0","0","0","0","0","0","0","0"
"12472  :  สถานีกาชาดสิริธร (สถานีกาชาดที่ 12 ทุ่งสง)","0","0","0","0","0","0","0","0","0","0","0","0"
"14918  :  โรงพยาบาลค่ายเทพสตรีศรีสุนทร","0","0","0","0","0","0","0","0","0","0","0","0"
"21771  :  โรงพยาบาลเทศบาลนครนครศรีธรรมราช","0","0","0","0","0","0","0","0","0","0","0","0"
"40491  :  โรงพยาบาลเฉลิมพระเกียรติ","2","2","2","2","4","4","4","4","1","1","0","0"
"40492  :  โรงพยาบาลพ่อท่านคล้ายวาจาสิทธิ์","1","0","0","0","3","0","0","0","1","0","0","0"
"40742  :  โรงพยาบาลนบพิตำ","6","6","6","6","10","10","10","10","1","1","0","0"
"40743  :  โรงพยาบาลพระพรหม","10","2","9","2","0","0","0","0","6","0","0","0"
"40970  :  โรงพยาบาลศูนย์การแพทย์มหาวิทยาลัยวลัยลักษณ์","0","0","0","0","0","0","0","0","0","0","0","0"
"10738  :  โรงพยาบาลกระบี่","54","51","48","45","130","123","118","111","27","24","0","0"
"11340  :  โรงพยาบาลเขาพนม","13","10","7","7","29","21","17","17","7","4","0","0"
"11341  :  โรงพยาบาลเกาะลันตา","40","36","36","34","180","166","171","161","7","4","0","0"
"11342  :  โรงพยาบาลคลองท่อม","1","1","1","1","5","5","5","5","0","0","0","0"
"11343  :  โรงพยาบาลอ่าวลึก","0","0","0","0","0","0","0","0","0","0","0","0"
"11344  :  โรงพยาบาลปลายพระยา","23","23","21","21","79","79","77","77","3","3","0","0"
"11345  :  โรงพยาบาลลำทับ","66","54","55","47","318","265","268","233","58","48","0","0"
"11346  :  โรงพยาบาลเหนือคลอง","12","11","11","10","23","18","23","18","11","10","0","0"
"77753  :  โรงพยาบาลเกาะพีพี","1","0","1","0","1","0","1","0","0","0","0","0"
"10739  :  โรงพยาบาลพังงา","8","0","2","0","14","0","2","0","6","0","0","0"
"10740  :  โรงพยาบาลตะกั่วป่า","1","0","0","0","0","0","0","0","1","0","0","0"
"11347  :  โรงพยาบาลเกาะยาวชัยพัฒน์","2","2","0","0","2","2","0","0","2","2","0","0"
"11348  :  โรงพยาบาลกะปงชัยพัฒน์","0","0","0","0","0","0","0","0","0","0","0","0"
"11349  :  โรงพยาบาลตะกั่วทุ่ง","0","0","0","0","0","0","0","0","0","0","0","0"
"11350  :  โรงพยาบาลบางไทร","0","0","0","0","0","0","0","0","0","0","0","0"
"11352  :  โรงพยาบาลคุระบุรีชัยพัฒน์","0","0","0","0","0","0","0","0","0","0","0","0"
"11353  :  โรงพยาบาลทับปุด","1","0","1","0","5","0","5","0","1","0","0","0"
"11354  :  โรงพยาบาลท้ายเหมืองชัยพัฒน์","0","0","0","0","0","0","0","0","0","0","0","0"
"10741  :  โรงพยาบาลวชิระภูเก็ต","43","39","31","31","138","137","115","115","17","13","0","0"
"11355  :  โรงพยาบาลป่าตอง","0","0","0","0","0","0","0","0","0","0","0","0"
"11356  :  โรงพยาบาลถลาง","0","0","0","0","0","0","0","0","0","0","0","0"
"24678  :  โรงพยาบาลองค์การบริหารส่วนจังหวัดภูเก็ต","0","0","0","0","0","0","0","0","0","0","0","0"
"41436  :  โรงพยาบาลฉลอง","2","0","1","0","0","0","0","0","1","0","0","0"
"09192  :  โรงพยาบาลเกาะเต่า","0","0","0","0","0","0","0","0","0","0","0","0"
"10681  :  โรงพยาบาลสุราษฎร์ธานี","17","7","11","4","42","13","28","5","8","3","0","0"
"10742  :  โรงพยาบาลเกาะสมุย","4","4","2","2","11","11","8","8","4","4","0","0"
"11357  :  โรงพยาบาลกาญจนดิษฐ์","14","9","10","8","49","39","39","37","6","1","0","0"
"11358  :  โรงพยาบาลดอนสัก","0","0","0","0","0","0","0","0","0","0","0","0"
"11359  :  โรงพยาบาลเกาะพงัน","0","0","0","0","0","0","0","0","0","0","0","0"
"11360  :  โรงพยาบาลไชยา","1","0","1","0","0","0","0","0","1","0","0","0"
"11361  :  โรงพยาบาลท่าชนะ","12","12","11","11","0","0","0","0","2","2","0","0"
"11362  :  โรงพยาบาลคีรีรัฐนิคม","35","35","34","34","101","101","100","100","1","1","0","0"
"11363  :  โรงพยาบาลบ้านตาขุน","16","16","14","14","77","77","67","67","11","11","0","0"
"11364  :  โรงพยาบาลพนม","6","6","5","5","11","11","10","10","1","1","0","0"
"11365  :  โรงพยาบาลท่าฉาง","0","0","0","0","0","0","0","0","0","0","0","0"
"11366  :  โรงพยาบาลบ้านนาสาร","72","68","71","67","80","76","79","75","4","4","0","0"
"11367  :  โรงพยาบาลบ้านนาเดิม","13","13","12","12","58","58","53","53","8","8","0","0"
"11368  :  โรงพยาบาลเคียนซา","1","0","1","0","0","0","0","0","1","0","0","0"
"11369  :  โรงพยาบาลพระแสง","40","40","39","39","187","185","182","182","16","16","0","0"
"11370  :  โรงพยาบาลพุนพิน","1","0","0","0","0","0","0","0","1","0","0","0"
"11371  :  โรงพยาบาลชัยบุรี","1","1","1","1","2","2","2","2","0","0","0","0"
"11459  :  โรงพยาบาลสมเด็จพระยุพราชเวียงสระ","156","144","146","137","180","179","175","174","26","23","0","0"
"11654  :  โรงพยาบาลวิภาวดี","1","1","0","0","1","1","0","0","1","1","0","0"
"12289  :  โรงพยาบาลสวนสราญรมย์","0","0","0","0","0","0","0","0","0","0","0","0"
"14138  :  โรงพยาบาลท่าโรงช้าง","18","16","13","11","84","79","60","55","11","11","0","0"
"14203  :  โรงพยาบาลมะเร็งสุราษฎร์ธานี","0","0","0","0","0","0","0","0","0","0","0","0"
"14862  :  โรงพยาบาลกองบิน7","0","0","0","0","0","0","0","0","0","0","0","0"
"14901  :  โรงพยาบาลค่ายวิภาวดีรังสิต","0","0","0","0","0","0","0","0","0","0","0","0"
"40915  :  สถาบันสุขภาพจิตเด็กและวัยรุ่นภาคใต้","0","0","0","0","0","0","0","0","0","0","0","0"
"10743  :  โรงพยาบาลระนอง","9","2","1","0","22","7","1","0","8","2","0","0"
"11323  :  โรงพยาบาลละอุ่น","1","1","1","1","0","0","0","0","0","0","0","0"
"11372  :  โรงพยาบาลกะเปอร์","2","0","1","0","0","0","0","0","2","0","0","0"
"11373  :  โรงพยาบาลกระบุรี","1","0","0","0","5","0","0","0","1","0","0","0"
"11374  :  โรงพยาบาลสุขสำราญ","20","18","9","9","89","83","40","40","16","14","0","0"
"10744  :  โรงพยาบาลชุมพรเขตรอุดมศักดิ์","1","1","1","1","5","5","5","5","1","1","0","0"
"11375  :  โรงพยาบาลปากน้ำชุมพร","1","0","0","0","4","0","0","0","1","0","0","0"
"11376  :  โรงพยาบาลท่าแซะ","77","48","36","26","185","116","78","54","59","36","0","0"
"11377  :  โรงพยาบาลปะทิว","1","1","1","1","5","5","5","5","0","0","0","0"
"11378  :  โรงพยาบาลมาบอำมฤต","3","0","2","0","0","0","0","0","2","0","1","0"
"11379  :  โรงพยาบาลหลังสวน","6","0","3","0","18","0","10","0","5","0","0","0"
"11380  :  โรงพยาบาลปากน้ำหลังสวน","0","0","0","0","0","0","0","0","0","0","0","0"
"11381  :  โรงพยาบาลละแม","1","0","1","0","0","0","0","0","0","0","0","0"
"11382  :  โรงพยาบาลพะโต๊ะ","0","0","0","0","0","0","0","0","0","0","0","0"
"11383  :  โรงพยาบาลสวี","4","1","4","1","6","1","6","1","0","0","0","0"
"11385  :  โรงพยาบาลทุ่งตะโก","0","0","0","0","0","0","0","0","0","0","0","0"
"11525  :  โรงพยาบาลค่ายเขตอุดมศักดิ์","0","0","0","0","0","0","0","0","0","0","0","0"
"10682  :  โรงพยาบาลหาดใหญ่","9","5","6","4","12","9","11","8","4","1","0","0"
"10745  :  โรงพยาบาลสงขลา","0","0","0","0","0","0","0","0","0","0","0","0"
"11386  :  โรงพยาบาลสทิงพระ","6","6","5","5","20","20","16","16","3","3","0","0"
"11387  :  โรงพยาบาลจะนะ","37","26","17","15","88","77","39","39","21","11","0","0"
"11388  :  โรงพยาบาลสมเด็จพระบรมราชินีนาถ ณ  อำเภอนาทวี","37","22","32","20","64","58","56","50","9","3","1","1"
"11390  :  โรงพยาบาลเทพา","0","0","0","0","0","0","0","0","0","0","0","0"
"11391  :  โรงพยาบาลสะบ้าย้อย","35","32","32","32","119","112","112","112","17","14","0","0"
"11392  :  โรงพยาบาลระโนด","4","4","4","4","7","7","7","7","0","0","0","0"
"11393  :  โรงพยาบาลกระแสสินธุ์","2","2","2","2","2","2","2","2","0","0","0","0"
"11394  :  โรงพยาบาลรัตภูมิ","5","4","2","2","13","8","2","2","3","2","0","0"
"11395  :  โรงพยาบาลสะเดา","11","6","1","1","11","5","3","3","10","5","0","0"
"11396  :  โรงพยาบาลนาหม่อม","0","0","0","0","0","0","0","0","0","0","0","0"
"11397  :  โรงพยาบาลควนเนียง","2","1","1","1","5","4","4","4","2","1","0","0"
"11398  :  โรงพยาบาลปาดังเบซาร์","12","12","10","10","26","26","22","22","3","3","0","0"
"11399  :  โรงพยาบาลบางกล่ำ","0","0","0","0","0","0","0","0","0","0","0","0"
"11400  :  โรงพยาบาลสิงหนคร","3","1","1","1","1","1","1","1","2","0","0","0"
"11401  :  โรงพยาบาลคลองหอยโข่ง","0","0","0","0","0","0","0","0","0","0","0","0"
"12290  :  โรงพยาบาลจิตเวชสงขลาราชนครินทร์","0","0","0","0","0","0","0","0","0","0","0","0"
"14194  :  โรงพยาบาลธัญญารักษ์สงขลา","0","0","0","0","0","0","0","0","0","0","0","0"
"10746  :  โรงพยาบาลสตูล","0","0","0","0","0","0","0","0","0","0","0","0"
"11402  :  โรงพยาบาลควนโดน","3","1","1","0","10","1","4","0","2","1","0","0"
"11403  :  โรงพยาบาลควนกาหลง","47","44","19","16","204","188","86","71","29","28","0","0"
"11404  :  โรงพยาบาลท่าแพ","11","3","11","3","41","7","41","7","6","1","0","0"
"11405  :  โรงพยาบาลละงู","52","38","29","20","132","92","73","50","40","33","0","0"
"11406  :  โรงพยาบาลทุ่งหว้า","58","57","37","36","248","246","157","155","22","21","0","0"
"28786  :  โรงพยาบาลมะนัง","18","15","15","13","27","20","23","18","15","12","0","0"
"10683  :  โรงพยาบาลตรัง","13","4","5","3","15","10","7","7","10","2","0","0"
"11407  :  โรงพยาบาลกันตัง","56","54","34","33","70","68","34","33","23","21","0","0"
"11408  :  โรงพยาบาลย่านตาขาว","17","14","8","8","54","49","27","27","12","9","0","0"
"11409  :  โรงพยาบาลปะเหลียน","16","12","12","10","66","54","54","44","9","6","0","0"
"11410  :  โรงพยาบาลสิเกา","3","1","0","0","9","3","0","0","3","1","0","0"
"11411  :  โรงพยาบาลห้วยยอด","17","8","12","7","67","26","45","21","7","2","0","0"
"11412  :  โรงพยาบาลวังวิเศษ","7","1","2","1","30","1","5","1","6","0","0","0"
"11413  :  โรงพยาบาลนาโยง","2","1","2","1","5","2","5","2","2","1","0","0"
"12226  :  โรงพยาบาลวัฒนแพทย์","0","0","0","0","0","0","0","0","0","0","0","0"
"12230  :  โรงพยาบาล ทีอาร์พีเอช โรงพยาบาลทั่วไปขนาดใหญ่","0","0","0","0","0","0","0","0","0","0","0","0"
"13755  :  โรงพยาบาลโรคผิวหนังเขตร้อนภาคใต้ จังหวัดตรัง","0","0","0","0","0","0","0","0","0","0","0","0"
"14139  :  โรงพยาบาลรัษฎา","0","0","0","0","0","0","0","0","0","0","0","0"
"28817  :  โรงพยาบาลหาดสำราญเฉลิมพระเกียรติ 80 พรรษา","34","32","22","20","137","137","82","82","20","19","0","0"
"10747  :  โรงพยาบาลพัทลุง","275","117","226","100","842","371","685","316","93","32","0","0"
"11414  :  โรงพยาบาลกงหรา","3","3","2","2","5","5","4","4","1","1","0","0"
"11415  :  โรงพยาบาลเขาชัยสน","11","9","9","8","46","36","38","33","3","2","0","0"
"11416  :  โรงพยาบาลตะโหมด","7","7","4","4","18","18","10","10","3","3","0","0"
"11417  :  โรงพยาบาลควนขนุน","11","7","8","6","31","12","21","11","3","1","0","0"
"11418  :  โรงพยาบาลปากพะยูน","0","0","0","0","0","0","0","0","0","0","0","0"
"11419  :  โรงพยาบาลศรีบรรพต","2","2","2","2","8","8","8","8","0","0","0","0"
"11420  :  โรงพยาบาลป่าบอน","2","2","1","1","2","2","2","2","1","1","0","0"
"11421  :  โรงพยาบาลบางแก้ว","2","1","1","1","1","1","1","1","1","0","0","0"
"11422  :  โรงพยาบาลป่าพะยอม","1","1","1","1","1","1","1","1","1","1","0","0"
"24673  :  โรงพยาบาลศรีนครินทร์(ปัญญานันทภิขุ)","14","6","11","6","45","23","34","23","10","5","0","0"
"10748  :  โรงพยาบาลปัตตานี","56","51","26","23","120","108","50","43","34","29","0","0"
"11423  :  โรงพยาบาลโคกโพธิ์","17","14","17","14","16","13","16","13","0","0","0","0"
"11424  :  โรงพยาบาลหนองจิก","0","0","0","0","0","0","0","0","0","0","0","0"
"11425  :  โรงพยาบาลปะนาเระ","4","4","3","3","9","9","8","8","1","1","0","0"
"11426  :  โรงพยาบาลมายอ","8","5","0","0","18","14","0","0","8","5","0","0"
"11427  :  โรงพยาบาลทุ่งยางแดง","28","26","21","19","62","55","46","38","20","19","0","0"
"11428  :  โรงพยาบาลไม้แก่น","5","5","3","3","14","14","8","8","2","2","0","0"
"11429  :  โรงพยาบาลยะหริ่ง","268","194","171","127","346","250","219","163","98","68","0","0"
"11430  :  โรงพยาบาลยะรัง","69","67","41","40","105","101","61","60","30","29","0","0"
"11431  :  โรงพยาบาลแม่ลาน","10","8","7","6","23","21","15","15","7","6","0","0"
"11460  :  โรงพยาบาลสมเด็จพระยุพราชสายบุรี","534","396","477","358","1,049","825","966","771","66","41","1","1"
"11464  :  โรงพยาบาลกะพ้อ","16","14","13","13","54","48","47","47","3","1","0","0"
"11529  :  โรงพยาบาลค่ายอิงคยุทธบริหาร","0","0","0","0","0","0","0","0","0","0","0","0"
"14195  :  โรงพยาบาลธัญญรักษ์ปัตตานี","0","0","0","0","0","0","0","0","0","0","0","0"
"10684  :  โรงพยาบาลยะลา","2","0","1","0","4","0","1","0","1","0","0","0"
"10749  :  โรงพยาบาลเบตง","0","0","0","0","0","0","0","0","0","0","0","0"
"11432  :  โรงพยาบาลบันนังสตา","42","41","18","17","71","66","38","33","25","25","0","0"
"11433  :  โรงพยาบาลธารโต","22","20","19","18","59","56","53","50","6","4","0","0"
"11434  :  โรงพยาบาลรามัน","0","0","0","0","0","0","0","0","0","0","0","0"
"11461  :  โรงพยาบาลสมเด็จพระยุพราชยะหา","0","0","0","0","0","0","0","0","0","0","0","0"
"12238  :  โรงพยาบาลสิโรรส","0","0","0","0","0","0","0","0","0","0","0","0"
"13806  :  โรงพยาบาลกาบัง","11","10","9","9","47","47","43","43","2","1","0","0"
"14663  :  โรงพยาบาลส่งเสริมสุขภาพ ศูนย์อนามัยที่ 12","0","0","0","0","0","0","0","0","0","0","0","0"
"24689  :  โรงพยาบาลกรงปินัง","0","0","0","0","0","0","0","0","0","0","0","0"
"10750  :  โรงพยาบาลนราธิวาสราชนครินทร์","2","1","0","0","7","5","0","0","2","1","0","0"
"10751  :  โรงพยาบาลสุไหงโก-ลก","4","2","0","0","8","3","0","0","4","2","0","0"
"11435  :  โรงพยาบาลตากใบ","36","33","34","33","169","158","161","158","17","14","0","0"
"11436  :  โรงพยาบาลบาเจาะ","59","54","15","13","206","206","47","47","52","48","0","0"
"11437  :  โรงพยาบาลระแงะ","146","143","143","140","180","174","177","171","4","4","0","0"
"11438  :  โรงพยาบาลรือเสาะ","121","117","118","115","171","167","167","163","32","31","0","0"
"11439  :  โรงพยาบาลศรีสาคร","10","8","6","6","24","24","14","14","5","3","0","0"
"11440  :  โรงพยาบาลแว้ง","8","4","8","4","21","14","21","14","5","3","0","0"
"11441  :  โรงพยาบาลสุคิริน","5","5","5","5","24","24","24","24","0","0","0","0"
"11442  :  โรงพยาบาลสุไหงปาดี","19","17","19","17","78","68","78","68","9","8","0","0"
"13818  :  โรงพยาบาลจะแนะ","162","155","82","80","557","537","294","288","100","94","0","0"
"15010  :  โรงพยาบาลเจาะไอร้อง","2","0","1","0","2","0","1","0","2","0","0","0"
"23771  :  โรงพยาบาลยี่งอเฉลิมพระเกียรติ 80 พรรษา","49","49","37","37","196","196","165","165","24","24","0","0"