"โรงพยาบาล","จำนวนอสม.ทั้งหมด","ชนิดการอยู่อาศัย (TYPEAREA)"
"1","2","3","4","5"
"11468  :  ทัณฑสถานโรงพยาบาลราชทัณฑ์","0","0","0","0","0","0"
"11469  :  โรงพยาบาลเลิดสิน","0","0","0","0","0","0"
"11470  :  โรงพยาบาลนพรัตนราชธานี","0","0","0","0","0","0"
"11471  :  โรงพยาบาลสงฆ์","0","0","0","0","0","0"
"11472  :  โรงพยาบาลราชวิถี","0","0","0","0","0","0"
"11477  :  โรงพยาบาลทหารผ่านศึก","0","0","0","0","0","0"
"11478  :  โรงพยาบาลสมเด็จพระปิ่นเกล้า","0","0","0","0","0","0"
"11481  :  โรงพยาบาลพระมงกุฎเกล้า","0","0","0","0","0","0"
"11482  :  โรงพยาบาลภูมิพลอดุลยเดช","0","0","0","0","0","0"
"11532  :  โรงพยาบาลสวนเบญจกิติเฉลิมพระเกียรติ84พรรษา","0","0","0","0","0","0"
"11534  :  โรงพยาบาลบุรฉัตรไชยากร (รถไฟ)","0","0","0","0","0","0"
"11535  :  คณะแพทย์ศาสตร์วชิรพยาบาล มหาวิทยาลัยกรุงเทพมหานคร","0","0","0","0","0","0"
"11536  :  โรงพยาบาลเวชการุณย์รัศมิ์","0","0","0","0","0","0"
"11537  :  โรงพยาบาลกลาง","0","0","0","0","0","0"
"11538  :  โรงพยาบาลลาดกระบังกรุงเทพมหานคร","0","0","0","0","0","0"
"11539  :  โรงพยาบาลตากสิน","0","0","0","0","0","0"
"11540  :  โรงพยาบาลหลวงพ่อทวีศักดิ์ฯ ชุตินธโร อุทิศ","0","0","0","0","0","0"
"11541  :  โรงพยาบาลเจริญกรุงประชารักษ์","0","0","0","0","0","0"
"11546  :  โรงพยาบาลบี เอ็น เอช","0","0","0","0","0","0"
"11548  :  โรงพยาบาลกรุงเทพคริสเตียน","0","0","0","0","0","0"
"11552  :  โรงพยาบาลมเหสักข์","0","0","0","0","0","0"
"11559  :  สถานพยาบาลชินเขตงามวงศ์วาน","0","0","0","0","0","0"
"11560  :  โรงพยาบาลทั่วไปขนาดใหญ่เปาโล เกษตร","0","0","0","0","0","0"
"11565  :  โรงพยาบาลรามคำแหง","0","0","0","0","0","0"
"11581  :  โรงพยาบาลผู้สูงอายุขนาดกลางกล้วยน้ำไท 2","0","0","0","0","0","0"
"11583  :  โรงพยาบาลกล้วยน้ำไท","0","0","0","0","0","0"
"11592  :  โรงพยาบาลบางนา1","0","0","0","0","0","0"
"11595  :  นวมินทร์โรงพยาบาลทั่วไปขนาดใหญ่","0","0","0","0","0","0"
"11597  :  สถาบันกัลยาณ์ราชนครินทร์","0","0","0","0","0","0"
"11600  :  โรงพยาบาลเซนต์หลุยส์","0","0","0","0","0","0"
"11603  :  โรงพยาบาลเทียนฟ้ามูลนิธิโรงพยาบาลทั่วไปขนาดกลาง","0","0","0","0","0","0"
"11607  :  โรงพยาบาลเปาโลเมโมเรียล","0","0","0","0","0","0"
"11609  :  โรงพยาบาลพญาไท 2","0","0","0","0","0","0"
"11616  :  โรงพยาบาลสมิติเวชธนบุรี","0","0","0","0","0","0"
"11621  :  โรงพยาบาลบางไผ่","0","0","0","0","0","0"
"11626  :  โรงพยาบาลคลองตัน","0","0","0","0","0","0"
"11628  :  โรงพยาบาลพระราม 9","0","0","0","0","0","0"
"11629  :  โรงพยาบาลเพชรเวช","0","0","0","0","0","0"
"11640  :  โรงพยาบาลธนบุรี 2","0","0","0","0","0","0"
"11641  :  โรงพยาบาลทั่วไปขนาดกลางโรงพยาบาลวิชัยเวช แยกไฟฉาย","0","0","0","0","0","0"
"11644  :  โรงพยาบาลเจ้าพระยา","0","0","0","0","0","0"
"11645  :  โรงพยาบาลทั่วไปขนาดใหญ่ธนบุรี","0","0","0","0","0","0"
"11656  :  โรงพยาบาลเกษมราษฎร์ บางแค","0","0","0","0","0","0"
"11661  :  โรงพยาบาลวิชัยเวช อินเตอร์เนชั่นแนล หนองแขม","0","0","0","0","0","0"
"11667  :  โรงพยาบาลประชาพัฒน์","0","0","0","0","0","0"
"11668  :  โรงพยาบาลสุขสวัสดิ์","0","0","0","0","0","0"
"11669  :  โรงพยาบาลราษฏร์บูรณะ","0","0","0","0","0","0"
"11670  :  โรงพยาบาลบางปะกอก 1","0","0","0","0","0","0"
"11676  :  โรงพยาบาลยันฮี","0","0","0","0","0","0"
"11686  :  โรงพยาบาลบางโพ","0","0","0","0","0","0"
"11687  :  โรงพยาบาลเกษมราษฎร์ประชาชื่น","0","0","0","0","0","0"
"11691  :  โรงพยาบาลวิภาวดี","0","0","0","0","0","0"
"11694  :  โรงพยาบาลจักษุรัตนิน","0","0","0","0","0","0"
"11697  :  โรงพยาบาลคามิลเลียน","0","0","0","0","0","0"
"11699  :  โรงพยาบาลบำรุงราษฎร์","0","0","0","0","0","0"
"11703  :  โรงพยาบาลแพทย์ปัญญา","0","0","0","0","0","0"
"11708  :  โรงพยาบาลบางมดโรงพยาบาลทั่วไปขนาดใหญ่","0","0","0","0","0","0"
"11715  :  โรงพยาบาลพญาไท 1","0","0","0","0","0","0"
"11721  :  โรงพยาบาลเปาโลเมโมเรียล โชคชัย 4","0","0","0","0","0","0"
"11729  :  โรงพยาบาลลาดพร้าว","0","0","0","0","0","0"
"11730  :  โรงพยาบาลไทยนครินทร์","0","0","0","0","0","0"
"11750  :  โรงพยาบาลหัวเฉียวโรงพยาบาลทั่วไปขนาดใหญ่","0","0","0","0","0","0"
"11811  :  โรงพยาบาลสมิติเวช","0","0","0","0","0","0"
"12243  :  สถาบันพัฒนาสุขภาวะเขตเมือง","0","0","0","0","0","0"
"12244  :  สถาบันจิตเวชศาสตร์สมเด็จเจ้าพระยา","0","0","0","0","0","0"
"12246  :  สถาบันราชานุกูล","1","0","1","0","0","0"
"12249  :  สถาบันโรคผิวหนัง","0","0","0","0","0","0"
"12250  :  สถาบันมะเร็งแห่งชาติ","0","0","0","0","0","0"
"12438  :  สถาบันสุขภาพเด็กแห่งชาติมหาราชินี","0","0","0","0","0","0"
"12439  :  สถาบันประสาทวิทยา","0","0","0","0","0","0"
"13756  :  โรงพยาบาลจุฬาลงกรณ์สภากาชาดไทย","0","0","0","0","0","0"
"13757  :  โรงพยาบาลเวชศาสตร์เขตร้อน มหาวิทยาลัยมหิดล","0","0","0","0","0","0"
"13814  :  โรงพยาบาลศิริราช","0","0","0","0","0","0"
"14173  :  โรงพยาบาลตำรวจ","0","0","0","0","0","0"
"14572  :  โรงพยาบาลบี.แคร์.เมดิคอลเซ็นเตอร์","0","0","0","0","0","0"
"14574  :  โรงพยาบาลพญาไท 3","0","0","0","0","0","0"
"14577  :  โรงพยาบาลวิภาราม","0","0","0","0","0","0"
"14641  :  โรงพยาบาลราชพิพัฒน์","0","0","0","0","0","0"
"14908  :  โรงพยาบาลการุญเวช สุขาภิบาล3","0","0","0","0","0","0"
"15049  :  โรงพยาบาลสิรินธร","0","0","0","0","0","0"
"15147  :  โรงพยาบาลบางปะกอก 8 โรงพยาบาลทั่วไปขนาดใหญ่","0","0","0","0","0","0"
"21673  :  โรงพยาบาลซีจีเอช สายไหม โรงพยาบาลทั่วไปขนาดใหญ่","0","0","0","0","0","0"
"22155  :  โรงพยาบาลครู","0","0","0","0","0","0"
"22737  :  โรงพยาบาลจุฬาภรณ์","0","0","0","0","0","0"
"23762  :  โรงพยาบาลนวุติสมเด็จย่า","0","0","0","0","0","0"
"23781  :  นวมินทร์ 9โรงพยาบาลทั่วไปขนาดใหญ่","0","0","0","0","0","0"
"23783  :  โรงพยาบาลเสรีรักษ์","0","0","0","0","0","0"
"24085  :  สถาบันวิจัยการแพทย์แผนไทย","0","0","0","0","0","0"
"24748  :  โรงพยาบาลศิริราช ปิยมหาราชการุณย์","0","0","0","0","0","0"
"25015  :  โรงพยาบาลทั่วไปขนาดใหญ่มิตรประชา","0","0","0","0","0","0"
"25060  :  โรงพยาบาลผู้สูงอายุบางขุนเทียน","0","0","0","0","0","0"
"41329  :  โรงพยาบาลเฉพาะประเภทผู้ป่วยสูงอายุ เฌ้อสเซอรี่โฮมขนาดเล็ก","0","0","0","0","0","0"
"41414  :  โรงพยาบาลทหารอากาศ (สีกัน)","0","0","0","0","0","0"
"77665  :  โรงพยาบาลการแพทย์แผนไทยและการแพทย์ผสมผสาน","0","0","0","0","0","0"
"10685  :  โรงพยาบาลสมุทรปราการ","0","0","0","0","0","0"
"10752  :  โรงพยาบาลบางบ่อ","0","0","0","0","0","0"
"10753  :  โรงพยาบาลบางพลี","0","0","0","0","0","0"
"10754  :  โรงพยาบาลบางจาก","0","0","0","0","0","0"
"10755  :  โรงพยาบาลพระสมุทรเจดีย์สวาทยานนท์","174","171","1","0","1","1"
"11769  :  โรงพยาบาลเซ็นทรัลปาร์ค","0","0","0","0","0","0"
"11775  :  โรงพยาบาลเมืองสมุทรปู่เจ้าสมิงพราย","0","0","0","0","0","0"
"12251  :  โรงพยาบาลยุวประสาทไวทโยปถัมภ์","0","0","0","0","0","0"
"15138  :  โรงพยาบาลเมืองสมุทรบางปูโรงพยาบาลทั่วไปขนาดเล็ก","0","0","0","0","0","0"
"28785  :  โรงพยาบาลบางเสาธง","0","0","0","0","0","0"
"10686  :  โรงพยาบาลพระนั่งเกล้า","0","0","0","0","0","0"
"10756  :  โรงพยาบาลบางกรวย","46","38","1","7","0","0"
"10757  :  โรงพยาบาลบางใหญ่","1","1","0","0","0","0"
"10758  :  โรงพยาบาลบางบัวทอง","0","0","0","0","0","0"
"10759  :  โรงพยาบาลไทรน้อย","1","0","0","0","1","0"
"10760  :  โรงพยาบาลปากเกร็ด","0","0","0","0","0","0"
"11781  :  โรงพยาบาลนนทเวช","0","0","0","0","0","0"
"11786  :  โรงพยาบาลอนันต์พัฒนา 2","0","0","0","0","0","0"
"11787  :  โรงพยาบาลเกษมราษฎร์อินเตอร์เนชั่นแนล รัตนาธิเบศร์โรงพยาบาลทั่วไปขนาดใหญ่","0","0","0","0","0","0"
"12256  :  สถาบันโรคทรวงอก","0","0","0","0","0","0"
"12257  :  สถาบันบำราศนราดูร","0","0","0","0","0","0"
"12258  :  สถาบันสิรินธรเพื่อการฟื้นฟูสมรรถภาพทางการแพทย์แห่งชาติ","0","0","0","0","0","0"
"12260  :  โรงพยาบาลศรีธัญญา","0","0","0","0","0","0"
"13815  :  ศูนย์การแพทย์ปัญญานันทภิกขุ ชลประทาน มหาวิทยาลัยศรีนครินทรวิโรฒ","0","0","0","0","0","0"
"22127  :  โรงพยาบาลชลลดา","0","0","0","0","0","0"
"28875  :  โรงพยาบาลบางบัวทอง ๒","0","0","0","0","0","0"
"10687  :  โรงพยาบาลปทุมธานี","0","0","0","0","0","0"
"10761  :  โรงพยาบาลคลองหลวง","103","102","0","1","0","0"
"10762  :  โรงพยาบาลธัญบุรี","52","44","5","2","1","0"
"10763  :  โรงพยาบาลประชาธิปัตย์","114","25","29","9","51","0"
"10764  :  โรงพยาบาลหนองเสือ","5","5","0","0","0","0"
"10765  :  โรงพยาบาลลาดหลุมแก้ว","176","128","42","5","0","1"
"10766  :  โรงพยาบาลลำลูกกา","0","0","0","0","0","0"
"10767  :  โรงพยาบาลสามโคก","0","0","0","0","0","0"
"12262  :  สถาบันบำบัดรักษาและฟื้นฟูผู้ติดยาเสพติดแห่งชาติบรมราชชนนี","0","0","0","0","0","0"
"14923  :  โรงพยาบาลมหาวชิราลงกรณ ธัญบุรี","0","0","0","0","0","0"
"10660  :  โรงพยาบาลพระนครศรีอยุธยา","0","0","0","0","0","0"
"10688  :  โรงพยาบาลเสนา","45","0","0","3","42","0"
"10768  :  โรงพยาบาลท่าเรือ","108","107","1","0","0","0"
"10769  :  โรงพยาบาลสมเด็จพระสังฆราชเจ้า กรมหลวงชินวราลงกรณ (วาสนมหาเถร)","0","0","0","0","0","0"
"10770  :  โรงพยาบาลบางไทร","39","39","0","0","0","0"
"10771  :  โรงพยาบาลบางบาล","53","53","0","0","0","0"
"10772  :  โรงพยาบาลบางปะอิน","0","0","0","0","0","0"
"10773  :  โรงพยาบาลบางปะหัน","50","45","2","0","3","0"
"10774  :  โรงพยาบาลผักไห่","44","42","0","1","1","0"
"10775  :  โรงพยาบาลภาชี","80","78","0","2","0","0"
"10776  :  โรงพยาบาลลาดบัวหลวง","0","0","0","0","0","0"
"10777  :  โรงพยาบาลวังน้อย","2","2","0","0","0","0"
"10778  :  โรงพยาบาลบางซ้าย","62","62","0","0","0","0"
"10779  :  โรงพยาบาลอุทัย","25","17","1","0","7","0"
"10780  :  โรงพยาบาลมหาราช","42","40","0","2","0","0"
"10781  :  โรงพยาบาลบ้านแพรก","41","40","1","0","0","0"
"10689  :  โรงพยาบาลอ่างทอง","0","0","0","0","0","0"
"10782  :  โรงพยาบาลไชโย","40","40","0","0","0","0"
"10784  :  โรงพยาบาลป่าโมก","8","8","0","0","0","0"
"10785  :  โรงพยาบาลโพธิ์ทอง","35","33","0","2","0","0"
"10786  :  โรงพยาบาลแสวงหา","1","0","1","0","0","0"
"10787  :  โรงพยาบาลวิเศษชัยชาญ","0","0","0","0","0","0"
"10788  :  โรงพยาบาลสามโก้","45","44","0","1","0","0"
"10690  :  โรงพยาบาลพระนารายณ์มหาราช","0","0","0","0","0","0"
"10691  :  โรงพยาบาลบ้านหมี่","0","0","0","0","0","0"
"10789  :  โรงพยาบาลพัฒนานิคม","141","139","1","0","1","0"
"10790  :  โรงพยาบาลโคกสำโรง","117","117","0","0","0","0"
"10791  :  โรงพยาบาลชัยบาดาล","127","125","1","1","0","0"
"10792  :  โรงพยาบาลท่าวุ้ง","84","83","1","0","0","0"
"10793  :  โรงพยาบาลท่าหลวง","117","117","0","0","0","0"
"10794  :  โรงพยาบาลสระโบสถ์","0","0","0","0","0","0"
"10795  :  โรงพยาบาลโคกเจริญ","113","112","0","1","0","0"
"10796  :  โรงพยาบาลลำสนธิ","14","14","0","0","0","0"
"10797  :  โรงพยาบาลหนองม่วง","119","115","2","2","0","0"
"14199  :  โรงพยาบาลมะเร็งลพบุรี","0","0","0","0","0","0"
"14928  :  โรงพยาบาลกองบิน 2","0","0","0","0","0","0"
"10692  :  โรงพยาบาลสิงห์บุรี","340","204","4","3","129","0"
"10693  :  โรงพยาบาลอินทร์บุรี","65","63","1","0","1","0"
"10798  :  โรงพยาบาลบางระจัน","119","119","0","0","0","0"
"10799  :  โรงพยาบาลค่ายบางระจัน","103","93","6","0","4","0"
"10800  :  โรงพยาบาลพรหมบุรี","101","95","6","0","0","0"
"10801  :  โรงพยาบาลท่าช้าง","79","78","0","0","1","0"
"10694  :  โรงพยาบาลชัยนาทนเรนทร","0","0","0","0","0","0"
"10802  :  โรงพยาบาลมโนรมย์","103","103","0","0","0","0"
"10803  :  โรงพยาบาลวัดสิงห์","120","120","0","0","0","0"
"10804  :  โรงพยาบาลสรรพยา","84","74","5","2","3","0"
"10805  :  โรงพยาบาลสรรคบุรี","372","347","20","1","4","0"
"10806  :  โรงพยาบาลหันคา","183","178","4","1","0","0"
"27974  :  โรงพยาบาลหนองมะโมง","21","5","2","0","14","0"
"27975  :  โรงพยาบาลเนินขาม","0","0","0","0","0","0"
"10661  :  โรงพยาบาลสระบุรี","0","0","0","0","0","0"
"10695  :  โรงพยาบาลพระพุทธบาท","0","0","0","0","0","0"
"10807  :  โรงพยาบาลแก่งคอย","106","96","3","4","3","0"
"10808  :  โรงพยาบาลหนองแค","0","0","0","0","0","0"
"10809  :  โรงพยาบาลวิหารแดง","72","0","0","0","72","0"
"10810  :  โรงพยาบาลหนองแซง","1","0","0","0","1","0"
"10811  :  โรงพยาบาลบ้านหมอ","0","0","0","0","0","0"
"10812  :  โรงพยาบาลดอนพุด","9","0","0","0","9","0"
"10813  :  โรงพยาบาลหนองโดน","82","82","0","0","0","0"
"10814  :  โรงพยาบาลเสาไห้เฉลิมพระเกียรติ80พรรษา","40","40","0","0","0","0"
"10815  :  โรงพยาบาลมวกเหล็ก","0","0","0","0","0","0"
"10816  :  โรงพยาบาลวังม่วงสัทธรรม","38","28","5","0","5","0"
"11485  :  โรงพยาบาลค่ายอดิศร","0","0","0","0","0","0"
"10662  :  โรงพยาบาลชลบุรี","0","0","0","0","0","0"
"10817  :  โรงพยาบาลบ้านบึง","347","335","0","11","1","0"
"10818  :  โรงพยาบาลหนองใหญ่","50","49","1","0","0","0"
"10819  :  โรงพยาบาลบางละมุง","1","0","0","0","1","0"
"10820  :  โรงพยาบาลวัดญาณสังวราราม","26","26","0","0","0","0"
"10821  :  โรงพยาบาลพานทอง","0","0","0","0","0","0"
"10822  :  โรงพยาบาลพนัสนิคม","156","152","0","3","1","0"
"10823  :  โรงพยาบาลแหลมฉบัง","83","81","0","2","0","0"
"10824  :  โรงพยาบาลเกาะสีชัง","69","69","0","0","0","0"
"10825  :  โรงพยาบาลสัตหีบกม10","140","136","0","0","4","0"
"10826  :  โรงพยาบาลบ่อทอง","80","79","0","1","0","0"
"11486  :  โรงพยาบาลค่ายนวมินทราชินี","55","40","4","3","8","0"
"11487  :  โรงพยาบาลอาภากรเกียรติวงศ์","0","0","0","0","0","0"
"13754  :  โรงพยาบาลสมเด็จพระบรมราชเทวี ณ ศรีราชา","89","3","0","0","86","0"
"13758  :  โรงพยาบาลสมเด็จพระนางเจ้าสิริกิติ์","0","0","0","0","0","0"
"13760  :  โรงพยาบาลมะเร็งชลบุรี","0","0","0","0","0","0"
"13766  :  โรงพยาบาลมหาวิทยาลัยบูรพา","0","0","0","0","0","0"
"28005  :  โรงพยาบาลเมืองพัทยา","4","0","1","0","3","0"
"28006  :  โรงพยาบาลเกาะจันทร์","86","80","5","0","1","0"
"10663  :  โรงพยาบาลระยอง","0","0","0","0","0","0"
"10827  :  โรงพยาบาลเฉลิมพระเกียรติสมเด็จพระเทพรัตนราชสุดาฯ สยามบรมราชกุมารี ระยอง","43","41","1","0","1","0"
"10828  :  โรงพยาบาลบ้านฉาง","250","220","0","0","30","0"
"10829  :  โรงพยาบาลแกลง","134","134","0","0","0","0"
"10830  :  โรงพยาบาลวังจันทร์","126","114","6","2","4","0"
"10831  :  โรงพยาบาลบ้านค่าย","137","123","0","9","5","0"
"10832  :  โรงพยาบาลปลวกแดง","121","115","1","0","5","0"
"22734  :  โรงพยาบาลเขาชะเมา เฉลิมพระเกียรติ 80 พรรษา","61","58","3","0","0","0"
"23962  :  โรงพยาบาลนิคมพัฒนา","91","86","2","2","1","0"
"10664  :  โรงพยาบาลพระปกเกล้า","0","0","0","0","0","0"
"10834  :  โรงพยาบาลขลุง","0","0","0","0","0","0"
"10835  :  โรงพยาบาลท่าใหม่","0","0","0","0","0","0"
"10836  :  โรงพยาบาลเขาสุกิม","0","0","0","0","0","0"
"10837  :  โรงพยาบาลสองพี่น้อง","0","0","0","0","0","0"
"10838  :  โรงพยาบาลโป่งน้ำร้อน","162","154","2","2","4","0"
"10839  :  โรงพยาบาลมะขาม","39","0","0","0","39","0"
"10840  :  โรงพยาบาลแหลมสิงห์","0","0","0","0","0","0"
"10841  :  โรงพยาบาลสอยดาว","0","0","0","0","0","0"
"10842  :  โรงพยาบาลแก่งหางแมว","94","88","1","3","2","0"
"10843  :  โรงพยาบาลนายายอาม","46","44","0","1","1","0"
"10844  :  โรงพยาบาลเขาคิชฌกูฏ","72","71","1","0","0","0"
"10696  :  โรงพยาบาลตราด","3,174","160","46","15","2,953","0"
"10845  :  โรงพยาบาลคลองใหญ่","96","90","2","0","4","0"
"10846  :  โรงพยาบาลเขาสมิง","70","66","2","0","2","0"
"10847  :  โรงพยาบาลบ่อไร่","99","95","2","1","1","0"
"10848  :  โรงพยาบาลแหลมงอบ","44","43","0","0","1","0"
"10849  :  โรงพยาบาลเกาะกูด","13","12","0","0","1","0"
"13816  :  โรงพยาบาลเกาะช้าง","4","4","0","0","0","0"
"10697  :  โรงพยาบาลพุทธโสธร","0","0","0","0","0","0"
"10833  :  โรงพยาบาลท่าตะเกียบ","26","25","1","0","0","0"
"10850  :  โรงพยาบาลบางคล้า","81","80","1","0","0","0"
"10851  :  โรงพยาบาลบางน้ำเปรี้ยว","0","0","0","0","0","0"
"10852  :  โรงพยาบาลบางปะกง","91","0","0","0","91","0"
"10853  :  โรงพยาบาลบ้านโพธิ์","35","33","0","0","2","0"
"10854  :  โรงพยาบาลพนมสารคาม","162","153","4","3","2","0"
"10855  :  โรงพยาบาลสนามชัยเขต","6","0","0","0","6","0"
"10856  :  โรงพยาบาลแปลงยาว","51","47","2","0","2","0"
"13747  :  โรงพยาบาลราชสาส์น","90","90","0","0","0","0"
"31327  :  โรงพยาบาลคลองเขื่อน","39","0","0","0","39","0"
"10665  :  โรงพยาบาลเจ้าพระยาอภัยภูเบศร","0","0","0","0","0","0"
"10857  :  โรงพยาบาลกบินทร์บุรี","181","171","0","10","0","0"
"10858  :  โรงพยาบาลนาดี","121","116","1","1","3","0"
"10859  :  โรงพยาบาลบ้านสร้าง","85","84","0","1","0","0"
"10860  :  โรงพยาบาลประจันตคาม","1","1","0","0","0","0"
"10861  :  โรงพยาบาลศรีมหาโพธิ","171","171","0","0","0","0"
"10862  :  โรงพยาบาลศรีมโหสถ","2","2","0","0","0","0"
"11490  :  โรงพยาบาลค่ายจักรพงษ์","51","12","0","4","35","0"
"10698  :  โรงพยาบาลนครนายก","129","118","4","1","6","0"
"10863  :  โรงพยาบาลปากพลี","53","52","0","1","0","0"
"10864  :  โรงพยาบาลบ้านนา","39","38","0","1","0","0"
"10865  :  โรงพยาบาลองครักษ์","47","40","5","0","2","0"
"11491  :  โรงพยาบาลรร.นายร้อยพระจุลจอมเกล้า","0","0","0","0","0","0"
"14904  :  โรงพยาบาลศูนย์การแพทย์สมเด็จพระเทพรัตนราชสุดาฯ","0","0","0","0","0","0"
"10699  :  โรงพยาบาลสมเด็จพระยุพราชสระแก้ว","0","0","0","0","0","0"
"10866  :  โรงพยาบาลคลองหาด","164","151","11","0","2","0"
"10867  :  โรงพยาบาลตาพระยา","0","0","0","0","0","0"
"10868  :  โรงพยาบาลวังน้ำเย็น","249","223","7","0","19","0"
"10869  :  โรงพยาบาลวัฒนานคร","122","114","7","0","1","0"
"10870  :  โรงพยาบาลอรัญประเทศ","0","0","0","0","0","0"
"13817  :  โรงพยาบาลเขาฉกรรจ์","2","2","0","0","0","0"
"14717  :  โรงพยาบาลจิตเวชสระแก้วราชนครินทร์","0","0","0","0","0","0"
"10666  :  โรงพยาบาลมหาราชนครราชสีมา","0","0","0","0","0","0"
"10871  :  โรงพยาบาลครบุรี","177","171","5","1","0","0"
"10872  :  โรงพยาบาลเสิงสาง","4","4","0","0","0","0"
"10873  :  โรงพยาบาลคง","56","56","0","0","0","0"
"10874  :  โรงพยาบาลบ้านเหลื่อม","136","133","3","0","0","0"
"10875  :  โรงพยาบาลจักราช","0","0","0","0","0","0"
"10876  :  โรงพยาบาลโชคชัย","0","0","0","0","0","0"
"10877  :  โรงพยาบาลด่านขุนทด","0","0","0","0","0","0"
"10878  :  โรงพยาบาลโนนไทย","8","8","0","0","0","0"
"10879  :  โรงพยาบาลโนนสูง","207","201","0","6","0","0"
"10880  :  โรงพยาบาลขามสะแกแสง","5","5","0","0","0","0"
"10881  :  โรงพยาบาลบัวใหญ่","1","1","0","0","0","0"
"10882  :  โรงพยาบาลประทาย","213","213","0","0","0","0"
"10883  :  โรงพยาบาลปักธงชัย","21","21","0","0","0","0"
"10884  :  โรงพยาบาลพิมาย","10","10","0","0","0","0"
"10885  :  โรงพยาบาลห้วยแถลง","177","177","0","0","0","0"
"10886  :  โรงพยาบาลชุมพวง","0","0","0","0","0","0"
"10887  :  โรงพยาบาลสูงเนิน","404","385","0","19","0","0"
"10888  :  โรงพยาบาลขามทะเลสอ","3","3","0","0","0","0"
"10889  :  โรงพยาบาลสีคิ้ว","2","2","0","0","0","0"
"10890  :  โรงพยาบาลปากช่องนานา","74","36","0","11","27","0"
"10891  :  โรงพยาบาลหนองบุญมาก","4","2","0","0","2","0"
"10892  :  โรงพยาบาลแก้งสนามนาง","144","144","0","0","0","0"
"10893  :  โรงพยาบาลโนนแดง","0","0","0","0","0","0"
"10894  :  โรงพยาบาลวังน้ำเขียว","2","2","0","0","0","0"
"11492  :  โรงพยาบาลค่ายสุรนารี นครราชสีมา","0","0","0","0","0","0"
"11602  :  โรงพยาบาลเฉลิมพระเกียรติสมเด็จย่า 100 ปี","71","70","1","0","0","0"
"11608  :  โรงพยาบาลลำทะเมนชัย","0","0","0","0","0","0"
"11885  :  โรงพยาบาลเดอะโกลเดนเกท","120","106","2","0","12","0"
"11891  :  โรงพยาบาลราชสีมาฮอสพิทอล","28","26","2","0","0","0"
"12267  :  ศูนย์อนามัยที่ 9 นครราชสีมา","0","0","0","0","0","0"
"12268  :  โรงพยาบาลจิตเวชนครราชสีมาราชนครินทร์","0","0","0","0","0","0"
"14161  :  โรงพยาบาลกองบิน กองบิน1","0","0","0","0","0","0"
"22456  :  โรงพยาบาลพระทองคำ เฉลิมพระเกียรติ 80 พรรษา","1","1","0","0","0","0"
"23839  :  โรงพยาบาลเทพรัตน์นครราชสีมา","83","11","1","1","70","0"
"24060  :  โรงพยาบาลมหาวิทยาลัยเทคโนโลยีสุรนารี","0","0","0","0","0","0"
"24692  :  โรงพยาบาลเฉลิมพระเกียรติ","0","0","0","0","0","0"
"27839  :  โรงพยาบาลบัวลาย","69","67","1","0","1","0"
"27840  :  โรงพยาบาลสีดา","69","69","0","0","0","0"
"27841  :  โรงพยาบาลเทพารักษ์","0","0","0","0","0","0"
"10667  :  โรงพยาบาลบุรีรัมย์","0","0","0","0","0","0"
"10895  :  โรงพยาบาลคูเมือง","188","187","1","0","0","0"
"10896  :  โรงพยาบาลกระสัง","29","28","1","0","0","0"
"10897  :  โรงพยาบาลนางรอง","5","0","0","0","5","0"
"10898  :  โรงพยาบาลหนองกี่","0","0","0","0","0","0"
"10899  :  โรงพยาบาลละหานทราย","193","173","18","0","2","0"
"10900  :  โรงพยาบาลประโคนชัย","275","217","5","0","53","0"
"10901  :  โรงพยาบาลบ้านกรวด","246","244","0","1","1","0"
"10902  :  โรงพยาบาลพุทไธสง","211","209","1","1","0","0"
"10904  :  โรงพยาบาลลำปลายมาศ","81","0","0","0","81","0"
"10905  :  โรงพยาบาลสตึก","295","290","3","0","2","0"
"10906  :  โรงพยาบาลปะคำ","174","164","10","0","0","0"
"10907  :  โรงพยาบาลนาโพธิ์","114","113","1","0","0","0"
"10908  :  โรงพยาบาลหนองหงส์","126","125","1","0","0","0"
"10909  :  โรงพยาบาลพลับพลาชัย","133","133","0","0","0","0"
"10910  :  โรงพยาบาลห้วยราช","84","84","0","0","0","0"
"10911  :  โรงพยาบาลโนนสุวรรณ","111","108","3","0","0","0"
"10912  :  โรงพยาบาลชำนิ","81","79","2","0","0","0"
"10913  :  โรงพยาบาลบ้านใหม่ไชยพจน์","71","70","0","0","1","0"
"10914  :  โรงพยาบาลโนนดินแดง","200","193","7","0","0","0"
"11493  :  โรงพยาบาลค่ายสมเด็จเจ้าพระยามหากษัตริย์ศึก","0","0","0","0","0","0"
"11619  :  โรงพยาบาลเฉลิมพระเกียรติ","88","78","6","2","2","0"
"23578  :  โรงพยาบาลแคนดง","147","147","0","0","0","0"
"28020  :  โรงพยาบาลบ้านด่าน","187","182","3","0","2","0"
"10668  :  โรงพยาบาลสุรินทร์","0","0","0","0","0","0"
"10915  :  โรงพยาบาลชุมพลบุรี","189","188","0","0","1","0"
"10916  :  โรงพยาบาลท่าตูม","260","252","8","0","0","0"
"10917  :  โรงพยาบาลจอมพระ","182","182","0","0","0","0"
"10918  :  โรงพยาบาลปราสาท","186","184","0","1","0","1"
"10919  :  โรงพยาบาลกาบเชิง","2","2","0","0","0","0"
"10920  :  โรงพยาบาลรัตนบุรี","0","0","0","0","0","0"
"10921  :  โรงพยาบาลสนม","4","1","0","0","3","0"
"10922  :  โรงพยาบาลศีขรภูมิ","237","232","4","0","1","0"
"10923  :  โรงพยาบาลสังขะ","0","0","0","0","0","0"
"10924  :  โรงพยาบาลลำดวน","148","147","1","0","0","0"
"10925  :  โรงพยาบาลสำโรงทาบ","147","143","2","1","1","0"
"10926  :  โรงพยาบาลบัวเชด","0","0","0","0","0","0"
"11494  :  โรงพยาบาลค่ายวีรวัฒน์โยธิน","1","1","0","0","0","0"
"22302  :  โรงพยาบาลพนมดงรัก เฉลิมพระเกียรติ 80 พรรษา","0","0","0","0","0","0"
"27842  :  โรงพยาบาลเขวาสินรินทร์","22","21","1","0","0","0"
"27843  :  โรงพยาบาลศรีณรงค์","0","0","0","0","0","0"
"27844  :  โรงพยาบาลโนนนารายณ์","0","0","0","0","0","0"
"10700  :  โรงพยาบาลศรีสะเกษ","43","8","0","2","33","0"
"10927  :  โรงพยาบาลยางชุมน้อย","254","182","0","1","71","0"
"10928  :  โรงพยาบาลกันทรารมย์","228","220","0","0","8","0"
"10929  :  โรงพยาบาลกันทรลักษ์","225","174","3","1","47","0"
"10930  :  โรงพยาบาลขุขันธ์","204","201","1","0","2","0"
"10931  :  โรงพยาบาลไพรบึง","255","252","3","0","0","0"
"10932  :  โรงพยาบาลปรางค์กู่","186","175","1","0","10","0"
"10933  :  โรงพยาบาลขุนหาญ","187","187","0","0","0","0"
"10934  :  โรงพยาบาลราษีไศล","123","121","1","0","1","0"
"10935  :  โรงพยาบาลอุทุมพรพิสัย","166","161","2","2","1","0"
"10936  :  โรงพยาบาลบึงบูรพ์","121","121","0","0","0","0"
"10937  :  โรงพยาบาลห้วยทับทัน","75","75","0","0","0","0"
"10938  :  โรงพยาบาลโนนคูณ","70","63","3","0","4","0"
"10939  :  โรงพยาบาลศรีรัตนะ","7","5","0","0","2","0"
"10940  :  โรงพยาบาลวังหิน","58","58","0","0","0","0"
"10941  :  โรงพยาบาลน้ำเกลี้ยง","37","37","0","0","0","0"
"10942  :  โรงพยาบาลภูสิงห์","90","89","1","0","0","0"
"10943  :  โรงพยาบาลเมืองจันทร์","45","45","0","0","0","0"
"23125  :  โรงพยาบาลเบญจลักษ์เฉลิมพระเกียรติ 80 พรรษา","93","93","0","0","0","0"
"28014  :  โรงพยาบาลพยุห์","57","55","2","0","0","0"
"28015  :  โรงพยาบาลโพธิ์ศรีสุวรรณ","46","45","0","0","1","0"
"28016  :  โรงพยาบาลศิลาลาด","82","82","0","0","0","0"
"10669  :  โรงพยาบาลสรรพสิทธิประสงค์","0","0","0","0","0","0"
"10944  :  โรงพยาบาลศรีเมืองใหม่","143","134","6","0","3","0"
"10945  :  โรงพยาบาลโขงเจียม","156","149","0","0","7","0"
"10946  :  โรงพยาบาลเขื่องใน","0","0","0","0","0","0"
"10947  :  โรงพยาบาลเขมราฐ","9","8","0","0","1","0"
"10948  :  โรงพยาบาลนาจะหลวย","0","0","0","0","0","0"
"10949  :  โรงพยาบาลน้ำยืน","2","0","0","0","2","0"
"10950  :  โรงพยาบาลบุณฑริก","202","201","0","0","1","0"
"10951  :  โรงพยาบาลตระการพืชผล","252","126","6","1","119","0"
"10952  :  โรงพยาบาลกุดข้าวปุ้น","20","20","0","0","0","0"
"10953  :  โรงพยาบาลม่วงสามสิบ","148","148","0","0","0","0"
"10954  :  โรงพยาบาลวารินชำราบ","88","75","0","0","13","0"
"10956  :  โรงพยาบาลพิบูลมังสาหาร","286","247","2","5","32","0"
"10957  :  โรงพยาบาลตาลสุม","100","100","0","0","0","0"
"10958  :  โรงพยาบาลโพธิ์ไทร","28","28","0","0","0","0"
"10959  :  โรงพยาบาลสำโรง","78","73","1","0","4","0"
"10960  :  โรงพยาบาลดอนมดแดง","80","79","0","0","1","0"
"10961  :  โรงพยาบาลสิรินธร","114","113","1","0","0","0"
"10962  :  โรงพยาบาลทุ่งศรีอุดม","27","26","0","0","1","0"
"11443  :  โรงพยาบาลสมเด็จพระยุพราชเดชอุดม","0","0","0","0","0","0"
"11495  :  โรงพยาบาลกองบิน 21","0","0","0","0","0","0"
"11496  :  โรงพยาบาลค่ายสรรพสิทธิประสงค์","0","0","0","0","0","0"
"11918  :  โรงพยาบาลเอกชนร่มเกล้า","365","171","185","9","0","0"
"12269  :  โรงพยาบาลพระศรีมหาโพธิ์","0","0","0","0","0","0"
"12270  :  โรงพยาบาลส่งเสริมสุขภาพ ศูนย์อนามัยที่ 10","0","0","0","0","0","0"
"21984  :  โรงพยาบาล 50 พรรษา มหาวชิราลงกรณ","9","0","0","0","9","0"
"24032  :  โรงพยาบาลนาตาล","49","32","1","0","16","0"
"24821  :  โรงพยาบาลนาเยีย","0","0","0","0","0","0"
"27967  :  โรงพยาบาลสว่างวีระวงศ์","2","0","0","0","2","0"
"27968  :  โรงพยาบาลน้ำขุ่น","87","84","0","0","3","0"
"27976  :  โรงพยาบาลเหล่าเสือโก้ก","34","33","1","0","0","0"
"10701  :  โรงพยาบาลยโสธร","0","0","0","0","0","0"
"10963  :  โรงพยาบาลทรายมูล","0","0","0","0","0","0"
"10964  :  โรงพยาบาลกุดชุม","0","0","0","0","0","0"
"10965  :  โรงพยาบาลคำเขื่อนแก้ว","253","247","0","0","6","0"
"10966  :  โรงพยาบาลป่าติ้ว","201","195","4","2","0","0"
"10967  :  โรงพยาบาลมหาชนะชัย","68","66","2","0","0","0"
"10968  :  โรงพยาบาลค้อวัง","144","138","1","5","0","0"
"10969  :  โรงพยาบาลไทยเจริญ","93","92","1","0","0","0"
"11444  :  โรงพยาบาลสมเด็จพระยุพราชเลิงนกทา","1,006","717","4","2","283","0"
"11921  :  โรงพยาบาลนายแพทย์หาญ","35","23","1","0","11","0"
"04007  :  โรงพยาบาลซับใหญ่","83","80","1","2","0","0"
"10702  :  โรงพยาบาลชัยภูมิ","0","0","0","0","0","0"
"10970  :  โรงพยาบาลบ้านเขว้า","0","0","0","0","0","0"
"10971  :  โรงพยาบาลคอนสวรรค์","165","159","6","0","0","0"
"10972  :  โรงพยาบาลเกษตรสมบูรณ์","0","0","0","0","0","0"
"10973  :  โรงพยาบาลหนองบัวแดง","1","1","0","0","0","0"
"10974  :  โรงพยาบาลจัตุรัส","302","300","2","0","0","0"
"10975  :  โรงพยาบาลบำเหน็จณรงค์","288","288","0","0","0","0"
"10976  :  โรงพยาบาลหนองบัวระเหว","2","2","0","0","0","0"
"10977  :  โรงพยาบาลเทพสถิต","2","2","0","0","0","0"
"10978  :  โรงพยาบาลภูเขียวเฉลิมพระเกียรติ","61","56","5","0","0","0"
"10979  :  โรงพยาบาลบ้านแท่น","215","200","14","0","1","0"
"10980  :  โรงพยาบาลแก้งคร้อ","523","259","7","0","257","0"
"10981  :  โรงพยาบาลคอนสาร","223","222","1","0","0","0"
"10982  :  โรงพยาบาลภักดีชุมพล","153","148","4","1","0","0"
"10983  :  โรงพยาบาลเนินสง่า","73","70","3","0","0","0"
"10703  :  โรงพยาบาลอำนาจเจริญ","205","0","0","0","205","0"
"10985  :  โรงพยาบาลชานุมาน","126","118","6","1","1","0"
"10986  :  โรงพยาบาลปทุมราชวงศา","19","18","1","0","0","0"
"10987  :  โรงพยาบาลพนา","3","3","0","0","0","0"
"10988  :  โรงพยาบาลเสนางคนิคม","185","181","0","0","4","0"
"10989  :  โรงพยาบาลหัวตะพาน","69","68","1","0","0","0"
"10990  :  โรงพยาบาลลืออำนาจ","181","163","9","0","9","0"
"11040  :  โรงพยาบาลบึงกาฬ","3","2","0","0","1","0"
"11041  :  โรงพยาบาลพรเจริญ","82","68","3","0","11","0"
"11043  :  โรงพยาบาลโซ่พิสัย","0","0","0","0","0","0"
"11046  :  โรงพยาบาลเซกา","1","1","0","0","0","0"
"11047  :  โรงพยาบาลปากคาด","141","122","8","1","10","0"
"11048  :  โรงพยาบาลบึงโขงหลง","78","0","0","0","78","0"
"11049  :  โรงพยาบาลศรีวิไล","184","181","2","1","0","0"
"11050  :  โรงพยาบาลบุ่งคล้า","69","62","5","0","2","0"
"10704  :  โรงพยาบาลหนองบัวลำภู","1","0","0","0","1","0"
"10991  :  โรงพยาบาลนากลาง","35","0","0","0","35","0"
"10992  :  โรงพยาบาลโนนสัง","0","0","0","0","0","0"
"10993  :  โรงพยาบาลศรีบุญเรือง","0","0","0","0","0","0"
"10994  :  โรงพยาบาลสุวรรณคูหา","0","0","0","0","0","0"
"23367  :  โรงพยาบาลนาวัง เฉลิมพระเกียรติ 80 พรรษา","0","0","0","0","0","0"
"10670  :  โรงพยาบาลขอนแก่น","0","0","0","0","0","0"
"10995  :  โรงพยาบาลบ้านฝาง","0","0","0","0","0","0"
"10996  :  โรงพยาบาลพระยืน","0","0","0","0","0","0"
"10997  :  โรงพยาบาลหนองเรือ","0","0","0","0","0","0"
"10998  :  โรงพยาบาลชุมแพ","0","0","0","0","0","0"
"10999  :  โรงพยาบาลสีชมพู","43","43","0","0","0","0"
"11000  :  โรงพยาบาลน้ำพอง","244","212","23","2","7","0"
"11001  :  โรงพยาบาลอุบลรัตน์","84","84","0","0","0","0"
"11002  :  โรงพยาบาลบ้านไผ่","0","0","0","0","0","0"
"11003  :  โรงพยาบาลเปือยน้อย","1","0","1","0","0","0"
"11004  :  โรงพยาบาลพล","0","0","0","0","0","0"
"11005  :  โรงพยาบาลแวงใหญ่","100","95","3","0","2","0"
"11006  :  โรงพยาบาลแวงน้อย","142","135","7","0","0","0"
"11007  :  โรงพยาบาลหนองสองห้อง","0","0","0","0","0","0"
"11008  :  โรงพยาบาลภูเวียง","5","0","0","0","5","0"
"11009  :  โรงพยาบาลมัญจาคีรี","195","176","4","7","8","0"
"11010  :  โรงพยาบาลชนบท","0","0","0","0","0","0"
"11011  :  โรงพยาบาลเขาสวนกวาง","0","0","0","0","0","0"
"11012  :  โรงพยาบาลภูผาม่าน","0","0","0","0","0","0"
"11445  :  โรงพยาบาลสมเด็จพระยุพราชกระนวน","410","398","11","0","1","0"
"11497  :  โรงพยาบาลค่ายศรีพัชรินทร","3","0","0","0","3","0"
"11936  :  โรงพยาบาลขอนแก่นราม","0","0","0","0","0","0"
"12272  :  โรงพยาบาลจิตเวชขอนแก่นราชนครินทร์","0","0","0","0","0","0"
"12273  :  โรงพยาบาลส่งเสริมสุขภาพ ศูนย์อนามัยที่ 7","0","0","0","0","0","0"
"12275  :  โรงพยาบาลสิรินธร(ภาคตะวันออกเฉียงเหนือ)","29","0","0","0","29","0"
"13777  :  โรงพยาบาลศรีนครินทร์ มหาวิทยาลัยขอนแก่น","0","0","0","0","0","0"
"14132  :  โรงพยาบาลซำสูง","0","0","0","0","0","0"
"14196  :  โรงพยาบาลธัญญรักษ์ขอนแก่น","0","0","0","0","0","0"
"24746  :  สถาบันสุขภาพจิตเด็กและวัยรุ่นภาคตะวันออกเฉียงเหนือ","0","0","0","0","0","0"
"77649  :  โรงพยาบาลหนองนาคำ","22","22","0","0","0","0"
"77650  :  โรงพยาบาลเวียงเก่า","0","0","0","0","0","0"
"77651  :  โรงพยาบาลโคกโพธิ์ไชย","0","0","0","0","0","0"
"77652  :  โรงพยาบาลโนนศิลา","0","0","0","0","0","0"
"10671  :  โรงพยาบาลอุดรธานี","0","0","0","0","0","0"
"11013  :  โรงพยาบาลกุดจับ","137","131","4","1","1","0"
"11014  :  โรงพยาบาลหนองวัวซอ","61","61","0","0","0","0"
"11015  :  โรงพยาบาลกุมภวาปี","173","168","3","0","2","0"
"11016  :  โรงพยาบาลห้วยเกิ้ง","0","0","0","0","0","0"
"11017  :  โรงพยาบาลโนนสะอาด","1","1","0","0","0","0"
"11018  :  โรงพยาบาลหนองหาน","375","368","3","3","1","0"
"11019  :  โรงพยาบาลทุ่งฝน","5","5","0","0","0","0"
"11020  :  โรงพยาบาลไชยวาน","199","193","6","0","0","0"
"11021  :  โรงพยาบาลศรีธาตุ","98","93","4","0","1","0"
"11022  :  โรงพยาบาลวังสามหมอ","20","19","1","0","0","0"
"11023  :  โรงพยาบาลบ้านผือ","0","0","0","0","0","0"
"11024  :  โรงพยาบาลน้ำโสม","32","28","3","0","1","0"
"11025  :  โรงพยาบาลเพ็ญ","0","0","0","0","0","0"
"11026  :  โรงพยาบาลสร้างคอม","3","3","0","0","0","0"
"11027  :  โรงพยาบาลหนองแสง","0","0","0","0","0","0"
"11028  :  โรงพยาบาลนายูง","0","0","0","0","0","0"
"11029  :  โรงพยาบาลพิบูลย์รักษ์","11","10","0","0","1","0"
"11446  :  โรงพยาบาลสมเด็จพระยุพราชบ้านดุง","308","270","17","4","17","0"
"11501  :  โรงพยาบาลค่ายประจักษ์ศิลปาคม","46","46","0","0","0","0"
"12276  :  โรงพยาบาลมะเร็งอุดรธานี","0","0","0","0","0","0"
"23951  :  โรงพยาบาลธัญญารักษ์อุดรธานี","0","0","0","0","0","0"
"25058  :  โรงพยาบาลกู่แก้ว","0","0","0","0","0","0"
"25059  :  โรงพยาบาลประจักษ์ศิลปาคม","0","0","0","0","0","0"
"10705  :  โรงพยาบาลเลย","244","232","8","3","1","0"
"11030  :  โรงพยาบาลนาด้วง","175","153","20","1","0","1"
"11031  :  โรงพยาบาลเชียงคาน","267","263","1","3","0","0"
"11032  :  โรงพยาบาลปากชม","106","98","7","0","1","0"
"11033  :  โรงพยาบาลนาแห้ว","47","47","0","0","0","0"
"11034  :  โรงพยาบาลภูเรือ","123","117","4","0","2","0"
"11035  :  โรงพยาบาลท่าลี่","74","71","2","0","1","0"
"11036  :  โรงพยาบาลวังสะพุง","301","299","1","1","0","0"
"11037  :  โรงพยาบาลภูกระดึง","0","0","0","0","0","0"
"11038  :  โรงพยาบาลภูหลวง","125","120","1","0","4","0"
"11039  :  โรงพยาบาลผาขาว","199","186","11","0","2","0"
"11447  :  โรงพยาบาลสมเด็จพระยุพราชด่านซ้าย","5","5","0","0","0","0"
"14133  :  โรงพยาบาลเอราวัณ","10","10","0","0","0","0"
"14644  :  โรงพยาบาลจิตเวชเลยราชนครินทร์","0","0","0","0","0","0"
"28861  :  โรงพยาบาลหนองหิน","7","6","0","0","1","0"
"10706  :  โรงพยาบาลหนองคาย","208","205","0","3","0","0"
"11042  :  โรงพยาบาลโพนพิสัย","167","166","0","1","0","0"
"11044  :  โรงพยาบาลศรีเชียงใหม่","304","296","8","0","0","0"
"11045  :  โรงพยาบาลสังคม","85","81","4","0","0","0"
"11448  :  โรงพยาบาลสมเด็จพระยุพราชท่าบ่อ","225","222","3","0","0","0"
"14558  :  โรงพยาบาลพิสัยเวช","230","167","59","1","3","0"
"21356  :  โรงพยาบาลสระใคร","40","39","0","0","1","0"
"28778  :  โรงพยาบาลโพธิ์ตาก","1","1","0","0","0","0"
"28811  :  โรงพยาบาลเฝ้าไร่","60","57","0","0","3","0"
"28815  :  โรงพยาบาลรัตนวาปี","44","21","0","0","23","0"
"10707  :  โรงพยาบาลมหาสารคาม","0","0","0","0","0","0"
"11051  :  โรงพยาบาลแกดำ","138","125","13","0","0","0"
"11052  :  โรงพยาบาลโกสุมพิสัย","394","388","5","0","1","0"
"11053  :  โรงพยาบาลกันทรวิชัย","188","185","3","0","0","0"
"11054  :  โรงพยาบาลเชียงยืน","249","246","1","0","2","0"
"11055  :  โรงพยาบาลบรบือ","1","1","0","0","0","0"
"11056  :  โรงพยาบาลนาเชือก","130","129","1","0","0","0"
"11057  :  โรงพยาบาลพยัคฆภูมิพิสัย","168","166","0","0","2","0"
"11058  :  โรงพยาบาลวาปีปทุม","196","193","0","0","3","0"
"11059  :  โรงพยาบาลนาดูน","154","149","3","0","2","0"
"11060  :  โรงพยาบาลยางสีสุราช","130","127","1","2","0","0"
"22953  :  โรงพยาบาลสุทธาเวช คณะแพทยศาสตร์ มหาวิทยาลัยมหาสารคาม","0","0","0","0","0","0"
"24704  :  โรงพยาบาลกุดรัง","53","50","3","0","0","0"
"28843  :  โรงพยาบาลชื่นชม","4","4","0","0","0","0"
"10708  :  โรงพยาบาลร้อยเอ็ด","29","0","0","0","29","0"
"11061  :  โรงพยาบาลเกษตรวิสัย","307","295","10","0","2","0"
"11062  :  โรงพยาบาลปทุมรัตต์","185","177","8","0","0","0"
"11063  :  โรงพยาบาลจตุรพักตรพิมาน","241","225","2","2","12","0"
"11064  :  โรงพยาบาลธวัชบุรี","160","156","0","4","0","0"
"11065  :  โรงพยาบาลพนมไพร","245","233","12","0","0","0"
"11066  :  โรงพยาบาลโพนทอง","400","391","2","0","7","0"
"11067  :  โรงพยาบาลโพธิ์ชัย","305","299","6","0","0","0"
"11068  :  โรงพยาบาลหนองพอก","256","238","15","0","3","0"
"11069  :  โรงพยาบาลเสลภูมิ","259","252","5","1","1","0"
"11070  :  โรงพยาบาลสุวรรณภูมิ","470","467","2","1","0","0"
"11071  :  โรงพยาบาลเมืองสรวง","84","80","4","0","0","0"
"11072  :  โรงพยาบาลโพนทราย","151","151","0","0","0","0"
"11073  :  โรงพยาบาลอาจสามารถ","229","224","3","1","1","0"
"11074  :  โรงพยาบาลเมยวดี","166","159","7","0","0","0"
"11075  :  โรงพยาบาลศรีสมเด็จ","217","192","22","0","3","0"
"11076  :  โรงพยาบาลจังหาร","260","252","8","0","0","0"
"11504  :  โรงพยาบาลค่ายสมเด็จพระพุทธยอดฟ้าจุฬาโลกมหาราช","0","0","0","0","0","0"
"11964  :  โรงพยาบาลทั่วไปขนาดใหญ่จุรีเวช","13","4","3","0","6","0"
"27988  :  โรงพยาบาลทุ่งเขาหลวง","82","74","5","0","3","0"
"27989  :  โรงพยาบาลเชียงขวัญ","70","67","2","0","1","0"
"27990  :  โรงพยาบาลหนองฮี","108","93","14","0","1","0"
"10709  :  โรงพยาบาลกาฬสินธุ์","87","62","9","0","16","0"
"11077  :  โรงพยาบาลนามน","118","113","5","0","0","0"
"11078  :  โรงพยาบาลกมลาไสย","76","73","3","0","0","0"
"11079  :  โรงพยาบาลร่องคำ","62","56","5","0","1","0"
"11080  :  โรงพยาบาลเขาวง","103","99","1","0","3","0"
"11081  :  โรงพยาบาลยางตลาด","214","205","9","0","0","0"
"11082  :  โรงพยาบาลห้วยเม็ก","180","175","0","0","5","0"
"11083  :  โรงพยาบาลสหัสขันธ์","84","84","0","0","0","0"
"11084  :  โรงพยาบาลคำม่วง","273","249","20","0","4","0"
"11085  :  โรงพยาบาลท่าคันโท","156","152","2","0","2","0"
"11086  :  โรงพยาบาลหนองกุงศรี","113","58","1","0","54","0"
"11087  :  โรงพยาบาลสมเด็จ","2","2","0","0","0","0"
"11088  :  โรงพยาบาลห้วยผึ้ง","110","107","3","0","0","0"
"11449  :  โรงพยาบาลสมเด็จพระยุพราชกุฉินารายณ์","97","84","10","0","3","0"
"11965  :  โรงพยาบาลธีรวัฒน์","0","0","0","0","0","0"
"28017  :  โรงพยาบาลนาคู","23","23","0","0","0","0"
"28789  :  โรงพยาบาลฆ้องชัย","68","68","0","0","0","0"
"28790  :  โรงพยาบาลดอนจาน","78","75","3","0","0","0"
"28791  :  โรงพยาบาลสามชัย","4","4","0","0","0","0"
"10710  :  โรงพยาบาลสกลนคร","0","0","0","0","0","0"
"11089  :  โรงพยาบาลกุสุมาลย์","83","83","0","0","0","0"
"11090  :  โรงพยาบาลกุดบาก","95","93","0","1","1","0"
"11091  :  โรงพยาบาลพระอาจารย์ฝั้นอาจาโร","0","0","0","0","0","0"
"11092  :  โรงพยาบาลพังโคน","301","291","6","0","4","0"
"11093  :  โรงพยาบาลวาริชภูมิ","8","6","1","0","1","0"
"11094  :  โรงพยาบาลนิคมน้ำอูน","0","0","0","0","0","0"
"11095  :  โรงพยาบาลวานรนิวาส","4","3","1","0","0","0"
"11096  :  โรงพยาบาลคำตากล้า","142","139","2","0","1","0"
"11097  :  โรงพยาบาลบ้านม่วง","116","110","6","0","0","0"
"11098  :  โรงพยาบาลอากาศอำนวย","263","263","0","0","0","0"
"11099  :  โรงพยาบาลส่องดาว","0","0","0","0","0","0"
"11100  :  โรงพยาบาลเต่างอย","1","1","0","0","0","0"
"11101  :  โรงพยาบาลโคกศรีสุพรรณ","119","113","6","0","0","0"
"11102  :  โรงพยาบาลเจริญศิลป์","228","227","1","0","0","0"
"11103  :  โรงพยาบาลโพนนาแก้ว","40","26","6","0","8","0"
"11450  :  โรงพยาบาลสมเด็จพระยุพราชสว่างแดนดิน","154","144","4","0","6","0"
"11505  :  โรงพยาบาลค่ายกฤษณ์สีวะรา","0","0","0","0","0","0"
"21323  :  โรงพยาบาลพระอาจารย์แบน  ธนากโร","0","0","0","0","0","0"
"24976  :  โรงพยาบาลการแพทย์แผนไทยสกลนคร หลวงปู่แฟ๊ป สุภัทโท","0","0","0","0","0","0"
"10711  :  โรงพยาบาลนครพนม","1","1","0","0","0","0"
"11104  :  โรงพยาบาลปลาปาก","0","0","0","0","0","0"
"11105  :  โรงพยาบาลท่าอุเทน","1","1","0","0","0","0"
"11106  :  โรงพยาบาลบ้านแพง","0","0","0","0","0","0"
"11107  :  โรงพยาบาลนาทม","0","0","0","0","0","0"
"11108  :  โรงพยาบาลเรณูนคร","0","0","0","0","0","0"
"11109  :  โรงพยาบาลนาแก","10","10","0","0","0","0"
"11110  :  โรงพยาบาลศรีสงคราม","0","0","0","0","0","0"
"11111  :  โรงพยาบาลนาหว้า","221","212","7","0","2","0"
"11112  :  โรงพยาบาลโพนสวรรค์","349","160","6","0","183","0"
"11451  :  โรงพยาบาลสมเด็จพระยุพราชธาตุพนม","31","28","2","1","0","0"
"12277  :  โรงพยาบาลจิตเวชนครพนมราชนครินทร์","0","0","0","0","0","0"
"40840  :  โรงพยาบาลวังยาง","78","78","0","0","0","0"
"10712  :  โรงพยาบาลมุกดาหาร","165","153","3","6","3","0"
"11113  :  โรงพยาบาลนิคมคำสร้อย","92","92","0","0","0","0"
"11114  :  โรงพยาบาลดอนตาล","289","195","83","0","11","0"
"11115  :  โรงพยาบาลดงหลวง","139","137","1","0","1","0"
"11116  :  โรงพยาบาลคำชะอี","178","168","5","0","5","0"
"11117  :  โรงพยาบาลหว้านใหญ่","45","44","0","0","1","0"
"11118  :  โรงพยาบาลหนองสูง","63","63","0","0","0","0"
"06009  :  โรงพยาบาลแม่ตื่น","123","123","0","0","0","0"
"10713  :  โรงพยาบาลนครพิงค์","0","0","0","0","0","0"
"11119  :  โรงพยาบาลจอมทอง","660","614","4","7","35","0"
"11120  :  โรงพยาบาลเทพรัตนเวชชานุกูล เฉลิมพระเกียรติ ๖๐ พรรษา","224","177","7","0","40","0"
"11121  :  โรงพยาบาลเชียงดาว","0","0","0","0","0","0"
"11122  :  โรงพยาบาลดอยสะเก็ด","0","0","0","0","0","0"
"11123  :  โรงพยาบาลแม่แตง","17","0","0","0","17","0"
"11124  :  โรงพยาบาลสะเมิง","0","0","0","0","0","0"
"11125  :  โรงพยาบาลฝาง","23","11","10","0","2","0"
"11126  :  โรงพยาบาลแม่อาย","157","149","4","1","3","0"
"11127  :  โรงพยาบาลพร้าว","0","0","0","0","0","0"
"11128  :  โรงพยาบาลสันป่าตอง","1","1","0","0","0","0"
"11129  :  โรงพยาบาลสันกำแพง","1","0","0","0","1","0"
"11130  :  โรงพยาบาลสันทราย","0","0","0","0","0","0"
"11131  :  โรงพยาบาลหางดง","45","0","0","0","45","0"
"11132  :  โรงพยาบาลฮอด","0","0","0","0","0","0"
"11133  :  โรงพยาบาลดอยเต่า","72","71","1","0","0","0"
"11134  :  โรงพยาบาลอมก๋อย","187","180","6","0","1","0"
"11135  :  โรงพยาบาลสารภี","0","0","0","0","0","0"
"11136  :  โรงพยาบาลเวียงแหง","0","0","0","0","0","0"
"11137  :  โรงพยาบาลไชยปราการ","115","111","3","1","0","0"
"11138  :  โรงพยาบาลแม่วาง","0","0","0","0","0","0"
"11139  :  โรงพยาบาลแม่ออน","0","0","0","0","0","0"
"11507  :  โรงพยาบาลกองบิน 41","0","0","0","0","0","0"
"11508  :  โรงพยาบาลค่ายกาวิละ เชียงใหม่","0","0","0","0","0","0"
"11643  :  โรงพยาบาลดอยหล่อ","0","0","0","0","0","0"
"11978  :  โรงพยาบาลดารารัศมี","0","0","0","0","0","0"
"11992  :  โรงพยาบาลเทพปัญญา 2 โรงพยาบาลทั่วไปขนาดกลาง","0","0","0","0","0","0"
"11995  :  โรงพยาบาลทั่วไปขนาดใหญ่เซ็นทรัลเชียงใหม่ เมโมเรียล","0","0","0","0","0","0"
"11999  :  โรงพยาบาลทั่วไปขนาดใหญ่เชียงใหม่เมดิคอลเซ็นเตอร์","0","0","0","0","0","0"
"12279  :  โรงพยาบาลส่งเสริมสุขภาพ ศูนย์อนามัยที่ 1","0","0","0","0","0","0"
"12280  :  โรงพยาบาลสวนปรุง","0","0","0","0","0","0"
"12281  :  โรงพยาบาลประสาทเชียงใหม่","0","0","0","0","0","0"
"13775  :  สถาบันพัฒนาการเด็กราชนครินทร์","0","0","0","0","0","0"
"13780  :  โรงพยาบาลมหาราชนครเชียงใหม่  มหาวิทยาลัยเชียงใหม่","0","0","0","0","0","0"
"13785  :  โรงพยาบาลธัญญารักษ์เชียงใหม่","0","0","0","0","0","0"
"14550  :  โรงพยาบาลทั่วไปขนาดใหญ่ เชียงใหม่ใกล้หมอ","0","0","0","0","0","0"
"14916  :  โรงพยาบาลทั่วไปขนาดกลางเชียงใหม่ฮอสพิทอล","0","0","0","0","0","0"
"23736  :  โรงพยาบาลวัดจันทร์ เฉลิมพระเกียรติ 80 พรรษา","6","5","1","0","0","0"
"10714  :  โรงพยาบาลลำพูน","0","0","0","0","0","0"
"11140  :  โรงพยาบาลแม่ทา","0","0","0","0","0","0"
"11141  :  โรงพยาบาลบ้านโฮ่ง","0","0","0","0","0","0"
"11142  :  โรงพยาบาลลี้","0","0","0","0","0","0"
"11143  :  โรงพยาบาลทุ่งหัวช้าง","117","115","2","0","0","0"
"11144  :  โรงพยาบาลป่าซาง","163","158","0","5","0","0"
"11145  :  โรงพยาบาลบ้านธิ","0","0","0","0","0","0"
"12000  :  โรงพยาบาลหริภุญชัยเมโมเรียล","0","0","0","0","0","0"
"14555  :  โรงพยาบาลทั่วไปขนาดกลางศิริเวช ลำพูน","0","0","0","0","0","0"
"24956  :  โรงพยาบาลเวียงหนองล่อง","77","76","1","0","0","0"
"10672  :  โรงพยาบาลลำปาง","9","0","0","0","9","0"
"11146  :  โรงพยาบาลแม่เมาะ","187","159","11","3","14","0"
"11147  :  โรงพยาบาลเกาะคา","3","3","0","0","0","0"
"11148  :  โรงพยาบาลเสริมงาม","174","167","7","0","0","0"
"11149  :  โรงพยาบาลงาว","74","70","1","3","0","0"
"11150  :  โรงพยาบาลแจ้ห่ม","235","232","3","0","0","0"
"11151  :  โรงพยาบาลวังเหนือ","43","43","0","0","0","0"
"11152  :  โรงพยาบาลเถิน","0","0","0","0","0","0"
"11153  :  โรงพยาบาลแม่พริก","34","33","1","0","0","0"
"11154  :  โรงพยาบาลแม่ทะ","214","200","13","0","1","0"
"11155  :  โรงพยาบาลสบปราบ","292","282","7","2","1","0"
"11156  :  โรงพยาบาลห้างฉัตร","64","62","1","0","1","0"
"11157  :  โรงพยาบาลเมืองปาน","121","112","7","2","0","0"
"11512  :  โรงพยาบาลค่ายสุรศักดิ์มนตรี","0","0","0","0","0","0"
"12283  :  โรงพยาบาลมะเร็งลำปาง","0","0","0","0","0","0"
"10673  :  โรงพยาบาลอุตรดิตถ์","244","244","0","0","0","0"
"11158  :  โรงพยาบาลตรอน","203","201","1","0","1","0"
"11159  :  โรงพยาบาลท่าปลา","145","141","4","0","0","0"
"11160  :  โรงพยาบาลน้ำปาด","132","129","1","1","1","0"
"11161  :  โรงพยาบาลฟากท่า","118","113","5","0","0","0"
"11162  :  โรงพยาบาลบ้านโคก","95","89","5","0","1","0"
"11163  :  โรงพยาบาลพิชัย","243","225","13","0","5","0"
"11164  :  โรงพยาบาลลับแล","139","133","5","1","0","0"
"11165  :  โรงพยาบาลทองแสนขัน","128","118","6","1","3","0"
"11509  :  โรงพยาบาลค่ายพิชัยดาบหัก","1","1","0","0","0","0"
"10715  :  โรงพยาบาลแพร่","516","0","0","0","516","0"
"11166  :  โรงพยาบาลร้องกวาง","118","110","7","0","1","0"
"11167  :  โรงพยาบาลลอง","168","161","6","0","1","0"
"11169  :  โรงพยาบาลสูงเม่น","142","0","0","0","142","0"
"11170  :  โรงพยาบาลสอง","185","180","5","0","0","0"
"11171  :  โรงพยาบาลวังชิ้น","0","0","0","0","0","0"
"11172  :  โรงพยาบาลหนองม่วงไข่","101","100","0","0","1","0"
"11452  :  โรงพยาบาลสมเด็จพระยุพราชเด่นชัย","0","0","0","0","0","0"
"10716  :  โรงพยาบาลน่าน","2","1","1","0","0","0"
"11173  :  โรงพยาบาลแม่จริม","81","76","4","0","1","0"
"11174  :  โรงพยาบาลบ้านหลวง","75","74","1","0","0","0"
"11175  :  โรงพยาบาลนาน้อย","135","131","4","0","0","0"
"11176  :  โรงพยาบาลท่าวังผา","101","97","4","0","0","0"
"11177  :  โรงพยาบาลเวียงสา","185","179","5","0","1","0"
"11178  :  โรงพยาบาลทุ่งช้าง","242","97","9","0","136","0"
"11179  :  โรงพยาบาลเชียงกลาง","120","118","2","0","0","0"
"11180  :  โรงพยาบาลนาหมื่น","88","83","5","0","0","0"
"11181  :  โรงพยาบาลสันติสุข","150","136","13","0","1","0"
"11182  :  โรงพยาบาลบ่อเกลือ","54","53","0","0","1","0"
"11183  :  โรงพยาบาลสองแคว","70","66","4","0","0","0"
"11453  :  โรงพยาบาลสมเด็จพระยุพราชปัว","64","63","1","0","0","0"
"11510  :  โรงพยาบาลค่ายสุริยพงษ์","0","0","0","0","0","0"
"11625  :  โรงพยาบาลเฉลิมพระเกียรติ","3","3","0","0","0","0"
"25017  :  โรงพยาบาลภูเพียง","28","28","0","0","0","0"
"10717  :  โรงพยาบาลพะเยา","0","0","0","0","0","0"
"10718  :  โรงพยาบาลเชียงคำ","0","0","0","0","0","0"
"11184  :  โรงพยาบาลจุน","256","244","9","0","3","0"
"11185  :  โรงพยาบาลเชียงม่วน","0","0","0","0","0","0"
"11186  :  โรงพยาบาลดอกคำใต้","0","0","0","0","0","0"
"11187  :  โรงพยาบาลปง","147","147","0","0","0","0"
"11188  :  โรงพยาบาลแม่ใจ","0","0","0","0","0","0"
"15140  :  โรงพยาบาลค่ายขุนเจืองธรรมิกราช","0","0","0","0","0","0"
"40744  :  โรงพยาบาลภูซาง","0","0","0","0","0","0"
"40745  :  โรงพยาบาลภูกามยาว","0","0","0","0","0","0"
"41347  :  โรงพยาบาลมหาวิทยาลัยพะเยา","0","0","0","0","0","0"
"10674  :  โรงพยาบาลเชียงรายประชานุเคราะห์","0","0","0","0","0","0"
"11189  :  โรงพยาบาลเทิง","260","233","11","0","16","0"
"11190  :  โรงพยาบาลพาน","92","0","0","0","92","0"
"11191  :  โรงพยาบาลป่าแดด","0","0","0","0","0","0"
"11192  :  โรงพยาบาลแม่จัน","0","0","0","0","0","0"
"11193  :  โรงพยาบาลเชียงแสน","20","17","1","0","2","0"
"11194  :  โรงพยาบาลแม่สาย","0","0","0","0","0","0"
"11195  :  โรงพยาบาลแม่สรวย","164","161","0","1","2","0"
"11196  :  โรงพยาบาลเวียงป่าเป้า","3","3","0","0","0","0"
"11197  :  โรงพยาบาลพญาเม็งราย","77","74","2","0","1","0"
"11198  :  โรงพยาบาลเวียงแก่น","3","3","0","0","0","0"
"11199  :  โรงพยาบาลขุนตาล","31","30","0","0","1","0"
"11200  :  โรงพยาบาลแม่ฟ้าหลวง","102","15","1","0","86","0"
"11201  :  โรงพยาบาลแม่ลาว","47","45","0","0","2","0"
"11202  :  โรงพยาบาลเวียงเชียงรุ้ง","0","0","0","0","0","0"
"11454  :  โรงพยาบาลสมเด็จพระยุพราชเชียงของ","2","1","0","1","0","0"
"15012  :  โรงพยาบาลสมเด็จพระญาณสังวร","62","59","2","1","0","0"
"23429  :  โรงพยาบาลมหาวิทยาลัยแม่ฟ้าหลวง","0","0","0","0","0","0"
"28823  :  โรงพยาบาลดอยหลวง","23","23","0","0","0","0"
"41509  :  โรงพยาบาลศูนย์การแพทย์มหาวิทยาลัยแม่ฟ้าหลวง","0","0","0","0","0","0"
"10719  :  โรงพยาบาลศรีสังวาลย์","4","4","0","0","0","0"
"11203  :  โรงพยาบาลขุนยวม","11","11","0","0","0","0"
"11204  :  โรงพยาบาลปาย","0","0","0","0","0","0"
"11205  :  โรงพยาบาลแม่สะเรียง","248","227","12","0","9","0"
"11206  :  โรงพยาบาลแม่ลาน้อย","114","114","0","0","0","0"
"11207  :  โรงพยาบาลสบเมย","57","57","0","0","0","0"
"11208  :  โรงพยาบาลปางมะผ้า","169","74","9","1","85","0"
"14197  :  โรงพยาบาลธัญญรักษ์แม่ฮ่องสอน","0","0","0","0","0","0"
"10675  :  โรงพยาบาลสวรรค์ประชารักษ์","1","0","0","0","1","0"
"11209  :  โรงพยาบาลโกรกพระ","147","142","5","0","0","0"
"11210  :  โรงพยาบาลชุมแสง","54","54","0","0","0","0"
"11211  :  โรงพยาบาลหนองบัว","183","183","0","0","0","0"
"11212  :  โรงพยาบาลบรรพตพิสัย","71","70","0","0","1","0"
"11213  :  โรงพยาบาลเก้าเลี้ยว","92","91","1","0","0","0"
"11214  :  โรงพยาบาลตาคลี","119","114","1","2","2","0"
"11215  :  โรงพยาบาลท่าตะโก","167","160","7","0","0","0"
"11216  :  โรงพยาบาลไพศาลี","137","130","6","1","0","0"
"11217  :  โรงพยาบาลพยุหะคีรี","96","92","1","3","0","0"
"11218  :  โรงพยาบาลลาดยาว","157","148","7","1","1","0"
"11219  :  โรงพยาบาลตากฟ้า","135","126","9","0","0","0"
"11220  :  โรงพยาบาลแม่วงก์","49","47","2","0","0","0"
"11513  :  โรงพยาบาลค่ายจิรประวัติ","0","0","0","0","0","0"
"12030  :  โรงพยาบาลพริ้นซ์ ปากน้ำโพ 1 โรงพยาบาลทั่วไปขนาดใหญ่","0","0","0","0","0","0"
"12033  :  โรงพยาบาลรวมแพทย์นครสวรรค์","0","0","0","0","0","0"
"12034  :  โรงพยาบาลพริ้นซ์ ปากน้ำโพ 2 โรงพยาบาลทั่วไปขนาดใหญ่","0","0","0","0","0","0"
"12042  :  โรงพยาบาลร่มฉัตร","0","0","0","0","0","0"
"12044  :  โรงพยาบาลศรีสวรรค์","0","0","0","0","0","0"
"12284  :  โรงพยาบาลส่งเสริมสุขภาพ ศูนย์อนามัยที่ 3","0","0","0","0","0","0"
"14171  :  โรงพยาบาลจิตเวชนครสวรรค์ราชนครินทร์","0","0","0","0","0","0"
"40749  :  โรงพยาบาลชุมตาบง","75","74","1","0","0","0"
"10720  :  โรงพยาบาลอุทัยธานี","2","2","0","0","0","0"
"11221  :  โรงพยาบาลทัพทัน","71","68","0","0","3","0"
"11222  :  โรงพยาบาลสว่างอารมณ์","42","37","3","0","2","0"
"11223  :  โรงพยาบาลหนองฉาง","11","11","0","0","0","0"
"11224  :  โรงพยาบาลหนองขาหย่าง","1","1","0","0","0","0"
"11225  :  โรงพยาบาลบ้านไร่","157","155","1","1","0","0"
"11226  :  โรงพยาบาลลานสัก","0","0","0","0","0","0"
"11227  :  โรงพยาบาลห้วยคต","144","140","1","2","1","0"
"10721  :  โรงพยาบาลกำแพงเพชร","0","0","0","0","0","0"
"11228  :  โรงพยาบาลทุ่งโพธิ์ทะเล","79","68","8","1","2","0"
"11229  :  โรงพยาบาลไทรงาม","192","187","5","0","0","0"
"11230  :  โรงพยาบาลคลองลาน","345","335","7","0","3","0"
"11231  :  โรงพยาบาลขาณุวรลักษบุรี","0","0","0","0","0","0"
"11232  :  โรงพยาบาลคลองขลุง","246","245","0","0","1","0"
"11233  :  โรงพยาบาลพรานกระต่าย","198","174","5","0","19","0"
"11234  :  โรงพยาบาลลานกระบือ","168","109","46","0","13","0"
"11235  :  โรงพยาบาลทรายทองวัฒนา","81","81","0","0","0","0"
"11236  :  โรงพยาบาลปางศิลาทอง","18","14","4","0","0","0"
"14135  :  โรงพยาบาลบึงสามัคคี","134","121","10","0","3","0"
"28010  :  โรงพยาบาลโกสัมพีนคร","42","42","0","0","0","0"
"10722  :  โรงพยาบาลสมเด็จพระเจ้าตากสินมหาราช","358","329","18","6","5","0"
"10723  :  โรงพยาบาลแม่สอด","105","89","10","0","6","0"
"11238  :  โรงพยาบาลบ้านตาก","213","208","3","0","0","2"
"11239  :  โรงพยาบาลสามเงา","0","0","0","0","0","0"
"11240  :  โรงพยาบาลแม่ระมาด","0","0","0","0","0","0"
"11241  :  โรงพยาบาลท่าสองยาง","0","0","0","0","0","0"
"11242  :  โรงพยาบาลพบพระ","215","207","8","0","0","0"
"11243  :  โรงพยาบาลอุ้มผาง","94","93","0","1","0","0"
"27443  :  โรงพยาบาลวังเจ้า","6","6","0","0","0","0"
"10724  :  โรงพยาบาลสุโขทัย","80","76","0","0","4","0"
"10725  :  โรงพยาบาลศรีสังวรสุโขทัย","0","0","0","0","0","0"
"11244  :  โรงพยาบาลบ้านด่านลานหอย","152","142","10","0","0","0"
"11245  :  โรงพยาบาลคีรีมาศ","180","175","5","0","0","0"
"11246  :  โรงพยาบาลกงไกรลาศ","131","131","0","0","0","0"
"11247  :  โรงพยาบาลศรีสัชนาลัย","143","142","0","0","1","0"
"11248  :  โรงพยาบาลสวรรคโลก","0","0","0","0","0","0"
"11249  :  โรงพยาบาลศรีนคร","142","131","0","10","1","0"
"11250  :  โรงพยาบาลทุ่งเสลี่ยม","0","0","0","0","0","0"
"10676  :  โรงพยาบาลพุทธชินราช","0","0","0","0","0","0"
"11251  :  โรงพยาบาลชาติตระการ","118","114","4","0","0","0"
"11252  :  โรงพยาบาลบางระกำ","264","258","4","1","1","0"
"11253  :  โรงพยาบาลบางกระทุ่ม","155","129","1","2","22","1"
"11254  :  โรงพยาบาลพรหมพิราม","0","0","0","0","0","0"
"11255  :  โรงพยาบาลวัดโบสถ์","9","9","0","0","0","0"
"11256  :  โรงพยาบาลวังทอง","0","0","0","0","0","0"
"11257  :  โรงพยาบาลเนินมะปราง","1","0","0","0","1","0"
"11455  :  โรงพยาบาลสมเด็จพระยุพราชนครไทย","0","0","0","0","0","0"
"11517  :  โรงพยาบาลค่ายสมเด็จพระนเรศวร","0","0","0","0","0","0"
"14972  :  โรงพยาบาลมหาวิทยาลัยนเรศวร","0","0","0","0","0","0"
"41429  :  โรงพยาบาลจิตเวชพิษณุโลก","0","0","0","0","0","0"
"10726  :  โรงพยาบาลพิจิตร","33","0","0","0","33","0"
"11258  :  โรงพยาบาลวังทรายพูน","67","67","0","0","0","0"
"11259  :  โรงพยาบาลโพธิ์ประทับช้าง","118","117","0","1","0","0"
"11260  :  โรงพยาบาลบางมูลนาก","42","42","0","0","0","0"
"11261  :  โรงพยาบาลโพทะเล","178","157","20","0","1","0"
"11262  :  โรงพยาบาลสามง่าม","124","120","1","3","0","0"
"11263  :  โรงพยาบาลทับคล้อ","66","66","0","0","0","0"
"11456  :  โรงพยาบาลสมเด็จพระยุพราชตะพานหิน","133","126","1","6","0","0"
"11631  :  โรงพยาบาลวชิรบารมี","94","94","0","0","0","0"
"27978  :  โรงพยาบาลสากเหล็ก","99","95","2","2","0","0"
"27979  :  โรงพยาบาลบึงนาราง","7","7","0","0","0","0"
"27980  :  โรงพยาบาลดงเจริญ","14","14","0","0","0","0"
"10727  :  โรงพยาบาลเพชรบูรณ์","731","577","11","33","110","0"
"11264  :  โรงพยาบาลชนแดน","87","74","10","0","3","0"
"11265  :  โรงพยาบาลหล่มสัก","171","169","2","0","0","0"
"11266  :  โรงพยาบาลวิเชียรบุรี","3","3","0","0","0","0"
"11267  :  โรงพยาบาลศรีเทพ","231","215","15","0","1","0"
"11268  :  โรงพยาบาลหนองไผ่","244","219","21","2","2","0"
"11269  :  โรงพยาบาลบึงสามพัน","7","3","0","0","4","0"
"11270  :  โรงพยาบาลน้ำหนาว","64","63","1","0","0","0"
"11271  :  โรงพยาบาลวังโป่ง","131","130","1","0","0","0"
"11272  :  โรงพยาบาลเขาค้อ","8","4","0","0","4","0"
"11457  :  โรงพยาบาลสมเด็จพระยุพราชหล่มเก่า","278","274","3","1","0","0"
"11946  :  โรงพยาบาลค่ายพ่อขุนผาเมือง","0","0","0","0","0","0"
"10677  :  โรงพยาบาลราชบุรี","0","0","0","0","0","0"
"10728  :  โรงพยาบาลดำเนินสะดวก","0","0","0","0","0","0"
"10729  :  โรงพยาบาลบ้านโป่ง","166","150","3","2","11","0"
"10730  :  โรงพยาบาลโพธาราม","0","0","0","0","0","0"
"11273  :  โรงพยาบาลสวนผึ้ง","129","127","2","0","0","0"
"11274  :  โรงพยาบาลบางแพ","89","84","3","0","2","0"
"11275  :  โรงพยาบาลเจ็ดเสมียน","118","117","0","1","0","0"
"11276  :  โรงพยาบาลปากท่อ","84","83","0","0","1","0"
"11277  :  โรงพยาบาลวัดเพลง","60","58","1","0","1","0"
"11458  :  โรงพยาบาลสมเด็จพระยุพราชจอมบึง","199","198","1","0","0","0"
"11519  :  โรงพยาบาลค่ายภาณุรังษี","16","12","0","2","2","0"
"12093  :  สถานพยาบาลแพทย์ประดิษฐ์","0","0","0","0","0","0"
"12097  :  มหาชัยพร้อมแพทย์โรงพยาบาลทั่วไปขนาดกลาง","0","0","0","0","0","0"
"12098  :  โรงพยาบาลกรุงเทพเมืองราชโรงพยาบาลทั่วไปขนาดใหญ่","0","0","0","0","0","0"
"12103  :  โรงพยาบาลซานคามิลโล","0","0","0","0","0","0"
"12286  :  โรงพยาบาลส่งเสริมสุขภาพ ศูนย์อนามัยที่ 5","0","0","0","0","0","0"
"28858  :  โรงพยาบาลบ้านคา","0","0","0","0","0","0"
"10731  :  โรงพยาบาลพหลพลพยุหเสนา","127","94","1","0","32","0"
"10732  :  โรงพยาบาลมะการักษ์","99","97","2","0","0","0"
"11278  :  โรงพยาบาลไทรโยค","1","1","0","0","0","0"
"11279  :  โรงพยาบาลสมเด็จพระปิยมหาราชรมณียเขต","0","0","0","0","0","0"
"11280  :  โรงพยาบาลบ่อพลอย","206","206","0","0","0","0"
"11281  :  โรงพยาบาลท่ากระดาน","8","8","0","0","0","0"
"11282  :  โรงพยาบาลสมเด็จพระสังฆราชองค์ที่ ๑๙","198","189","0","7","2","0"
"11283  :  โรงพยาบาลทองผาภูมิ","100","82","5","11","2","0"
"11284  :  โรงพยาบาลสังขละบุรี","103","93","8","0","2","0"
"11285  :  โรงพยาบาลเจ้าคุณไพบูลย์พนมทวน","143","135","5","1","2","0"
"11286  :  โรงพยาบาลเลาขวัญ","100","99","0","1","0","0"
"11287  :  โรงพยาบาลด่านมะขามเตี้ย","0","0","0","0","0","0"
"11288  :  โรงพยาบาลสถานพระบารมี","3","2","0","0","1","0"
"11520  :  โรงพยาบาลค่ายสุรสีห์","0","0","0","0","0","0"
"14136  :  โรงพยาบาลศุกร์ศิริศรีสวัสดิ์","15","15","0","0","0","0"
"21948  :  โรงพยาบาลห้วยกระเจา เฉลิมพระเกียรติ 80 พรรษา","0","0","0","0","0","0"
"41701  :  โรงพยาบาลหนองปรือ","9","0","0","0","9","0"
"10678  :  โรงพยาบาลเจ้าพระยายมราช","236","222","1","1","12","0"
"10733  :  โรงพยาบาลสมเด็จพระสังฆราชองค์ที่17","134","133","1","0","0","0"
"11289  :  โรงพยาบาลเดิมบางนางบวช","124","120","0","2","2","0"
"11290  :  โรงพยาบาลด่านช้าง","165","135","27","0","3","0"
"11291  :  โรงพยาบาลบางปลาม้า","133","133","0","0","0","0"
"11292  :  โรงพยาบาลศรีประจันต์","171","163","5","0","3","0"
"11293  :  โรงพยาบาลดอนเจดีย์","118","112","4","1","1","0"
"11294  :  โรงพยาบาลสามชุก","204","197","3","3","1","0"
"11295  :  โรงพยาบาลอู่ทอง","284","263","0","0","21","0"
"11296  :  โรงพยาบาลหนองหญ้าไซ","291","289","1","0","1","0"
"12123  :  โรงพยาบาลวิภาวดี-ปิยราษฎร์","0","0","0","0","0","0"
"10679  :  โรงพยาบาลนครปฐม","0","0","0","0","0","0"
"11297  :  โรงพยาบาลกำแพงแสน","0","0","0","0","0","0"
"11298  :  โรงพยาบาลนครชัยศรี","0","0","0","0","0","0"
"11299  :  โรงพยาบาลห้วยพลู","86","63","0","0","23","0"
"11300  :  โรงพยาบาลดอนตูม","0","0","0","0","0","0"
"11301  :  โรงพยาบาลบางเลน","0","0","0","0","0","0"
"11302  :  โรงพยาบาลสามพราน","1","0","0","0","1","0"
"11303  :  โรงพยาบาลพุทธมณฑล","29","28","1","0","0","0"
"11473  :  โรงพยาบาลเมตตาประชารักษ์(วัดไร่ขิง)","0","0","0","0","0","0"
"11521  :  โรงพยาบาลจันทรุเบกษา","0","0","0","0","0","0"
"13819  :  โรงพยาบาลหลวงพ่อเปิ่น","6","6","0","0","0","0"
"10734  :  โรงพยาบาลสมุทรสาคร","0","0","0","0","0","0"
"11304  :  โรงพยาบาลกระทุ่มแบน","0","0","0","0","0","0"
"11305  :  โรงพยาบาลบ้านแพ้ว","121","20","0","0","101","0"
"12137  :  โรงพยาบาลทั่วไปขนาดเล็กเจษฎา","0","0","0","0","0","0"
"10735  :  โรงพยาบาลสมเด็จพระพุทธเลิศหล้า","0","0","0","0","0","0"
"11306  :  โรงพยาบาลนภาลัย","3","0","0","0","3","0"
"11307  :  โรงพยาบาลอัมพวา","48","43","2","0","3","0"
"10736  :  โรงพยาบาลพระจอมเกล้า","241","0","0","0","241","0"
"11308  :  โรงพยาบาลเขาย้อย","61","59","1","1","0","0"
"11309  :  โรงพยาบาลหนองหญ้าปล้อง","22","21","0","1","0","0"
"11310  :  โรงพยาบาลชะอำ","259","232","7","1","19","0"
"11311  :  โรงพยาบาลท่ายาง","92","75","8","4","5","0"
"11312  :  โรงพยาบาลบ้านลาด","21","21","0","0","0","0"
"11313  :  โรงพยาบาลบ้านแหลม","99","97","1","0","1","0"
"11314  :  โรงพยาบาลแก่งกระจาน","10","9","1","0","0","0"
"10737  :  โรงพยาบาลประจวบคีรีขันธ์","0","0","0","0","0","0"
"11315  :  โรงพยาบาลกุยบุรี","60","58","0","1","1","0"
"11316  :  โรงพยาบาลทับสะแก","75","72","3","0","0","0"
"11317  :  โรงพยาบาลบางสะพาน","154","147","1","4","2","0"
"11318  :  โรงพยาบาลบางสะพานน้อย","0","0","0","0","0","0"
"11319  :  โรงพยาบาลปราณบุรี","0","0","0","0","0","0"
"11320  :  โรงพยาบาลหัวหิน","0","0","0","0","0","0"
"11321  :  โรงพยาบาลสามร้อยยอด","125","114","4","0","7","0"
"11500  :  โรงพยาบาลกองบิน 5","0","0","0","0","0","0"
"11522  :  โรงพยาบาลค่ายธนะรัชต์","0","0","0","0","0","0"
"12471  :  สถานีกาชาดหัวหินเฉลิมพระเกียรติ","15","15","0","0","0","0"
"10680  :  โรงพยาบาลมหาราชนครศรีธรรมราช","0","0","0","0","0","0"
"11322  :  โรงพยาบาลพรหมคีรี","89","85","3","1","0","0"
"11324  :  โรงพยาบาลลานสะกา","70","69","0","0","1","0"
"11325  :  โรงพยาบาลสมเด็จพระยุพราชฉวาง","47","44","1","0","2","0"
"11326  :  โรงพยาบาลพิปูน","0","0","0","0","0","0"
"11327  :  โรงพยาบาลเชียรใหญ่","1","1","0","0","0","0"
"11328  :  โรงพยาบาลชะอวด","1","1","0","0","0","0"
"11329  :  โรงพยาบาลท่าศาลา","264","231","14","8","11","0"
"11330  :  โรงพยาบาลทุ่งสง","0","0","0","0","0","0"
"11331  :  โรงพยาบาลนาบอน","0","0","0","0","0","0"
"11332  :  โรงพยาบาลทุ่งใหญ่","248","243","0","2","3","0"
"11333  :  โรงพยาบาลปากพนัง","4","4","0","0","0","0"
"11334  :  โรงพยาบาลร่อนพิบูลย์","0","0","0","0","0","0"
"11335  :  โรงพยาบาลสิชล","0","0","0","0","0","0"
"11336  :  โรงพยาบาลขนอม","0","0","0","0","0","0"
"11337  :  โรงพยาบาลหัวไทร","93","85","7","1","0","0"
"11338  :  โรงพยาบาลบางขัน","2","2","0","0","0","0"
"11339  :  โรงพยาบาลถ้ำพรรณรา","48","43","3","0","2","0"
"11523  :  โรงพยาบาลค่ายวชิราวุธ","1","0","0","0","1","0"
"11660  :  โรงพยาบาลจุฬาภรณ์","42","40","0","2","0","0"
"12287  :  โรงพยาบาลส่งเสริมสุขภาพ ศูนย์อนามัยที่ 11","0","0","0","0","0","0"
"12472  :  สถานีกาชาดสิริธร (สถานีกาชาดที่ 12 ทุ่งสง)","69","69","0","0","0","0"
"14918  :  โรงพยาบาลค่ายเทพสตรีศรีสุนทร","0","0","0","0","0","0"
"21771  :  โรงพยาบาลเทศบาลนครนครศรีธรรมราช","5","0","0","2","3","0"
"40491  :  โรงพยาบาลเฉลิมพระเกียรติ","121","111","0","1","9","0"
"40492  :  โรงพยาบาลพ่อท่านคล้ายวาจาสิทธิ์","0","0","0","0","0","0"
"40742  :  โรงพยาบาลนบพิตำ","0","0","0","0","0","0"
"40743  :  โรงพยาบาลพระพรหม","92","67","15","10","0","0"
"40970  :  โรงพยาบาลศูนย์การแพทย์มหาวิทยาลัยวลัยลักษณ์","0","0","0","0","0","0"
"10738  :  โรงพยาบาลกระบี่","0","0","0","0","0","0"
"11340  :  โรงพยาบาลเขาพนม","0","0","0","0","0","0"
"11341  :  โรงพยาบาลเกาะลันตา","4","0","0","0","4","0"
"11342  :  โรงพยาบาลคลองท่อม","0","0","0","0","0","0"
"11343  :  โรงพยาบาลอ่าวลึก","0","0","0","0","0","0"
"11344  :  โรงพยาบาลปลายพระยา","0","0","0","0","0","0"
"11345  :  โรงพยาบาลลำทับ","3","0","0","0","3","0"
"11346  :  โรงพยาบาลเหนือคลอง","0","0","0","0","0","0"
"77753  :  โรงพยาบาลเกาะพีพี","10","6","0","0","4","0"
"10739  :  โรงพยาบาลพังงา","0","0","0","0","0","0"
"10740  :  โรงพยาบาลตะกั่วป่า","0","0","0","0","0","0"
"11347  :  โรงพยาบาลเกาะยาวชัยพัฒน์","13","13","0","0","0","0"
"11348  :  โรงพยาบาลกะปงชัยพัฒน์","158","136","0","0","22","0"
"11349  :  โรงพยาบาลตะกั่วทุ่ง","0","0","0","0","0","0"
"11350  :  โรงพยาบาลบางไทร","70","68","1","1","0","0"
"11352  :  โรงพยาบาลคุระบุรีชัยพัฒน์","204","193","2","7","2","0"
"11353  :  โรงพยาบาลทับปุด","116","105","8","1","2","0"
"11354  :  โรงพยาบาลท้ายเหมืองชัยพัฒน์","1","1","0","0","0","0"
"10741  :  โรงพยาบาลวชิระภูเก็ต","50","23","1","19","7","0"
"11355  :  โรงพยาบาลป่าตอง","102","101","0","0","1","0"
"11356  :  โรงพยาบาลถลาง","0","0","0","0","0","0"
"24678  :  โรงพยาบาลองค์การบริหารส่วนจังหวัดภูเก็ต","24","24","0","0","0","0"
"41436  :  โรงพยาบาลฉลอง","0","0","0","0","0","0"
"09192  :  โรงพยาบาลเกาะเต่า","0","0","0","0","0","0"
"10681  :  โรงพยาบาลสุราษฎร์ธานี","0","0","0","0","0","0"
"10742  :  โรงพยาบาลเกาะสมุย","5","3","0","0","2","0"
"11357  :  โรงพยาบาลกาญจนดิษฐ์","57","0","0","0","57","0"
"11358  :  โรงพยาบาลดอนสัก","311","307","0","0","4","0"
"11359  :  โรงพยาบาลเกาะพงัน","68","63","1","2","2","0"
"11360  :  โรงพยาบาลไชยา","134","101","10","7","16","0"
"11361  :  โรงพยาบาลท่าชนะ","246","145","8","1","92","0"
"11362  :  โรงพยาบาลคีรีรัฐนิคม","0","0","0","0","0","0"
"11363  :  โรงพยาบาลบ้านตาขุน","95","83","6","5","1","0"
"11364  :  โรงพยาบาลพนม","68","60","6","0","2","0"
"11365  :  โรงพยาบาลท่าฉาง","92","89","3","0","0","0"
"11366  :  โรงพยาบาลบ้านนาสาร","49","0","0","0","49","0"
"11367  :  โรงพยาบาลบ้านนาเดิม","127","107","2","6","12","0"
"11368  :  โรงพยาบาลเคียนซา","147","139","1","1","6","0"
"11369  :  โรงพยาบาลพระแสง","145","136","5","1","3","0"
"11370  :  โรงพยาบาลพุนพิน","238","215","17","2","4","0"
"11371  :  โรงพยาบาลชัยบุรี","64","55","0","0","9","0"
"11459  :  โรงพยาบาลสมเด็จพระยุพราชเวียงสระ","145","131","11","1","2","0"
"11654  :  โรงพยาบาลวิภาวดี","91","78","2","2","9","0"
"12289  :  โรงพยาบาลสวนสราญรมย์","0","0","0","0","0","0"
"14138  :  โรงพยาบาลท่าโรงช้าง","58","53","0","3","2","0"
"14203  :  โรงพยาบาลมะเร็งสุราษฎร์ธานี","0","0","0","0","0","0"
"14862  :  โรงพยาบาลกองบิน7","0","0","0","0","0","0"
"14901  :  โรงพยาบาลค่ายวิภาวดีรังสิต","9","5","2","0","2","0"
"40915  :  สถาบันสุขภาพจิตเด็กและวัยรุ่นภาคใต้","0","0","0","0","0","0"
"10743  :  โรงพยาบาลระนอง","1","0","0","0","1","0"
"11323  :  โรงพยาบาลละอุ่น","26","22","2","0","2","0"
"11372  :  โรงพยาบาลกะเปอร์","138","136","0","1","1","0"
"11373  :  โรงพยาบาลกระบุรี","119","116","0","3","0","0"
"11374  :  โรงพยาบาลสุขสำราญ","5","5","0","0","0","0"
"10744  :  โรงพยาบาลชุมพรเขตรอุดมศักดิ์","0","0","0","0","0","0"
"11375  :  โรงพยาบาลปากน้ำชุมพร","132","129","0","2","1","0"
"11376  :  โรงพยาบาลท่าแซะ","0","0","0","0","0","0"
"11377  :  โรงพยาบาลปะทิว","0","0","0","0","0","0"
"11378  :  โรงพยาบาลมาบอำมฤต","154","151","1","0","2","0"
"11379  :  โรงพยาบาลหลังสวน","0","0","0","0","0","0"
"11380  :  โรงพยาบาลปากน้ำหลังสวน","1","0","0","0","1","0"
"11381  :  โรงพยาบาลละแม","154","141","9","2","2","0"
"11382  :  โรงพยาบาลพะโต๊ะ","165","162","0","3","0","0"
"11383  :  โรงพยาบาลสวี","152","148","0","0","4","0"
"11385  :  โรงพยาบาลทุ่งตะโก","132","132","0","0","0","0"
"11525  :  โรงพยาบาลค่ายเขตอุดมศักดิ์","0","0","0","0","0","0"
"10682  :  โรงพยาบาลหาดใหญ่","0","0","0","0","0","0"
"10745  :  โรงพยาบาลสงขลา","0","0","0","0","0","0"
"11386  :  โรงพยาบาลสทิงพระ","0","0","0","0","0","0"
"11387  :  โรงพยาบาลจะนะ","0","0","0","0","0","0"
"11388  :  โรงพยาบาลสมเด็จพระบรมราชินีนาถ ณ  อำเภอนาทวี","0","0","0","0","0","0"
"11390  :  โรงพยาบาลเทพา","0","0","0","0","0","0"
"11391  :  โรงพยาบาลสะบ้าย้อย","0","0","0","0","0","0"
"11392  :  โรงพยาบาลระโนด","13","0","0","0","13","0"
"11393  :  โรงพยาบาลกระแสสินธุ์","1","0","0","0","1","0"
"11394  :  โรงพยาบาลรัตภูมิ","0","0","0","0","0","0"
"11395  :  โรงพยาบาลสะเดา","0","0","0","0","0","0"
"11396  :  โรงพยาบาลนาหม่อม","0","0","0","0","0","0"
"11397  :  โรงพยาบาลควนเนียง","0","0","0","0","0","0"
"11398  :  โรงพยาบาลปาดังเบซาร์","0","0","0","0","0","0"
"11399  :  โรงพยาบาลบางกล่ำ","0","0","0","0","0","0"
"11400  :  โรงพยาบาลสิงหนคร","0","0","0","0","0","0"
"11401  :  โรงพยาบาลคลองหอยโข่ง","1","0","0","0","1","0"
"12290  :  โรงพยาบาลจิตเวชสงขลาราชนครินทร์","0","0","0","0","0","0"
"14194  :  โรงพยาบาลธัญญารักษ์สงขลา","0","0","0","0","0","0"
"10746  :  โรงพยาบาลสตูล","0","0","0","0","0","0"
"11402  :  โรงพยาบาลควนโดน","0","0","0","0","0","0"
"11403  :  โรงพยาบาลควนกาหลง","86","81","1","3","1","0"
"11404  :  โรงพยาบาลท่าแพ","0","0","0","0","0","0"
"11405  :  โรงพยาบาลละงู","0","0","0","0","0","0"
"11406  :  โรงพยาบาลทุ่งหว้า","0","0","0","0","0","0"
"28786  :  โรงพยาบาลมะนัง","41","40","1","0","0","0"
"10683  :  โรงพยาบาลตรัง","70","0","0","0","70","0"
"11407  :  โรงพยาบาลกันตัง","73","61","4","6","2","0"
"11408  :  โรงพยาบาลย่านตาขาว","148","144","1","0","3","0"
"11409  :  โรงพยาบาลปะเหลียน","0","0","0","0","0","0"
"11410  :  โรงพยาบาลสิเกา","106","102","2","1","1","0"
"11411  :  โรงพยาบาลห้วยยอด","4","0","0","0","4","0"
"11412  :  โรงพยาบาลวังวิเศษ","115","101","13","1","0","0"
"11413  :  โรงพยาบาลนาโยง","0","0","0","0","0","0"
"12226  :  โรงพยาบาลวัฒนแพทย์","0","0","0","0","0","0"
"12230  :  โรงพยาบาล ทีอาร์พีเอช โรงพยาบาลทั่วไปขนาดใหญ่","0","0","0","0","0","0"
"13755  :  โรงพยาบาลโรคผิวหนังเขตร้อนภาคใต้ จังหวัดตรัง","0","0","0","0","0","0"
"14139  :  โรงพยาบาลรัษฎา","55","22","0","1","32","0"
"28817  :  โรงพยาบาลหาดสำราญเฉลิมพระเกียรติ 80 พรรษา","14","14","0","0","0","0"
"10747  :  โรงพยาบาลพัทลุง","0","0","0","0","0","0"
"11414  :  โรงพยาบาลกงหรา","92","91","0","0","1","0"
"11415  :  โรงพยาบาลเขาชัยสน","0","0","0","0","0","0"
"11416  :  โรงพยาบาลตะโหมด","116","106","8","2","0","0"
"11417  :  โรงพยาบาลควนขนุน","0","0","0","0","0","0"
"11418  :  โรงพยาบาลปากพะยูน","0","0","0","0","0","0"
"11419  :  โรงพยาบาลศรีบรรพต","8","8","0","0","0","0"
"11420  :  โรงพยาบาลป่าบอน","59","53","3","0","3","0"
"11421  :  โรงพยาบาลบางแก้ว","0","0","0","0","0","0"
"11422  :  โรงพยาบาลป่าพะยอม","0","0","0","0","0","0"
"24673  :  โรงพยาบาลศรีนครินทร์(ปัญญานันทภิขุ)","0","0","0","0","0","0"
"10748  :  โรงพยาบาลปัตตานี","3","0","0","0","3","0"
"11423  :  โรงพยาบาลโคกโพธิ์","0","0","0","0","0","0"
"11424  :  โรงพยาบาลหนองจิก","0","0","0","0","0","0"
"11425  :  โรงพยาบาลปะนาเระ","22","0","0","0","22","0"
"11426  :  โรงพยาบาลมายอ","0","0","0","0","0","0"
"11427  :  โรงพยาบาลทุ่งยางแดง","0","0","0","0","0","0"
"11428  :  โรงพยาบาลไม้แก่น","3","0","0","0","3","0"
"11429  :  โรงพยาบาลยะหริ่ง","0","0","0","0","0","0"
"11430  :  โรงพยาบาลยะรัง","0","0","0","0","0","0"
"11431  :  โรงพยาบาลแม่ลาน","0","0","0","0","0","0"
"11460  :  โรงพยาบาลสมเด็จพระยุพราชสายบุรี","0","0","0","0","0","0"
"11464  :  โรงพยาบาลกะพ้อ","5","0","0","0","5","0"
"11529  :  โรงพยาบาลค่ายอิงคยุทธบริหาร","0","0","0","0","0","0"
"14195  :  โรงพยาบาลธัญญรักษ์ปัตตานี","0","0","0","0","0","0"
"10684  :  โรงพยาบาลยะลา","11","0","0","0","11","0"
"10749  :  โรงพยาบาลเบตง","1","0","0","0","1","0"
"11432  :  โรงพยาบาลบันนังสตา","68","0","0","0","68","0"
"11433  :  โรงพยาบาลธารโต","0","0","0","0","0","0"
"11434  :  โรงพยาบาลรามัน","28","0","0","0","28","0"
"11461  :  โรงพยาบาลสมเด็จพระยุพราชยะหา","20","0","0","0","20","0"
"12238  :  โรงพยาบาลสิโรรส","0","0","0","0","0","0"
"13806  :  โรงพยาบาลกาบัง","0","0","0","0","0","0"
"14663  :  โรงพยาบาลส่งเสริมสุขภาพ ศูนย์อนามัยที่ 12","0","0","0","0","0","0"
"24689  :  โรงพยาบาลกรงปินัง","0","0","0","0","0","0"
"10750  :  โรงพยาบาลนราธิวาสราชนครินทร์","0","0","0","0","0","0"
"10751  :  โรงพยาบาลสุไหงโก-ลก","0","0","0","0","0","0"
"11435  :  โรงพยาบาลตากใบ","145","120","1","1","23","0"
"11436  :  โรงพยาบาลบาเจาะ","1","1","0","0","0","0"
"11437  :  โรงพยาบาลระแงะ","170","144","4","0","22","0"
"11438  :  โรงพยาบาลรือเสาะ","1","1","0","0","0","0"
"11439  :  โรงพยาบาลศรีสาคร","0","0","0","0","0","0"
"11440  :  โรงพยาบาลแว้ง","1","1","0","0","0","0"
"11441  :  โรงพยาบาลสุคิริน","1","1","0","0","0","0"
"11442  :  โรงพยาบาลสุไหงปาดี","0","0","0","0","0","0"
"13818  :  โรงพยาบาลจะแนะ","0","0","0","0","0","0"
"15010  :  โรงพยาบาลเจาะไอร้อง","0","0","0","0","0","0"
"23771  :  โรงพยาบาลยี่งอเฉลิมพระเกียรติ 80 พรรษา","4","4","0","0","0","0"