"โรงพยาบาล","จำนวนที่ได้รับการเจาะเลือดตรวจHematocrit/Hemoglobin","จำนวนที่พบภาวะโลหิตจาง","อัตรา"
"11468  :  ทัณฑสถานโรงพยาบาลราชทัณฑ์","0","0","0.00"
"11469  :  โรงพยาบาลเลิดสิน","0","0","0.00"
"11470  :  โรงพยาบาลนพรัตนราชธานี","0","0","0.00"
"11471  :  โรงพยาบาลสงฆ์","0","0","0.00"
"11472  :  โรงพยาบาลราชวิถี","0","0","0.00"
"11477  :  โรงพยาบาลทหารผ่านศึก","0","0","0.00"
"11478  :  โรงพยาบาลสมเด็จพระปิ่นเกล้า","0","0","0.00"
"11481  :  โรงพยาบาลพระมงกุฎเกล้า","0","0","0.00"
"11482  :  โรงพยาบาลภูมิพลอดุลยเดช","0","0","0.00"
"11532  :  โรงพยาบาลสวนเบญจกิติเฉลิมพระเกียรติ84พรรษา","0","0","0.00"
"11534  :  โรงพยาบาลบุรฉัตรไชยากร (รถไฟ)","0","0","0.00"
"11535  :  คณะแพทย์ศาสตร์วชิรพยาบาล มหาวิทยาลัยกรุงเทพมหานคร","0","0","0.00"
"11536  :  โรงพยาบาลเวชการุณย์รัศมิ์","0","0","0.00"
"11537  :  โรงพยาบาลกลาง","0","0","0.00"
"11538  :  โรงพยาบาลลาดกระบังกรุงเทพมหานคร","0","0","0.00"
"11539  :  โรงพยาบาลตากสิน","0","0","0.00"
"11540  :  โรงพยาบาลหลวงพ่อทวีศักดิ์ฯ ชุตินธโร อุทิศ","0","0","0.00"
"11541  :  โรงพยาบาลเจริญกรุงประชารักษ์","0","0","0.00"
"11546  :  โรงพยาบาลบี เอ็น เอช","0","0","0.00"
"11548  :  โรงพยาบาลกรุงเทพคริสเตียน","0","0","0.00"
"11552  :  โรงพยาบาลมเหสักข์","0","0","0.00"
"11559  :  สถานพยาบาลชินเขตงามวงศ์วาน","0","0","0.00"
"11560  :  โรงพยาบาลทั่วไปขนาดใหญ่เปาโล เกษตร","0","0","0.00"
"11565  :  โรงพยาบาลรามคำแหง","0","0","0.00"
"11581  :  โรงพยาบาลผู้สูงอายุขนาดกลางกล้วยน้ำไท 2","0","0","0.00"
"11583  :  โรงพยาบาลกล้วยน้ำไท","0","0","0.00"
"11592  :  โรงพยาบาลบางนา1","0","0","0.00"
"11595  :  นวมินทร์โรงพยาบาลทั่วไปขนาดใหญ่","0","0","0.00"
"11597  :  สถาบันกัลยาณ์ราชนครินทร์","0","0","0.00"
"11600  :  โรงพยาบาลเซนต์หลุยส์","0","0","0.00"
"11603  :  โรงพยาบาลเทียนฟ้ามูลนิธิโรงพยาบาลทั่วไปขนาดกลาง","0","0","0.00"
"11607  :  โรงพยาบาลเปาโลเมโมเรียล","0","0","0.00"
"11609  :  โรงพยาบาลพญาไท 2","0","0","0.00"
"11616  :  โรงพยาบาลสมิติเวชธนบุรี","0","0","0.00"
"11621  :  โรงพยาบาลบางไผ่","0","0","0.00"
"11626  :  โรงพยาบาลคลองตัน","0","0","0.00"
"11628  :  โรงพยาบาลพระราม 9","0","0","0.00"
"11629  :  โรงพยาบาลเพชรเวช","0","0","0.00"
"11640  :  โรงพยาบาลธนบุรี 2","0","0","0.00"
"11641  :  โรงพยาบาลทั่วไปขนาดกลางโรงพยาบาลวิชัยเวช แยกไฟฉาย","0","0","0.00"
"11644  :  โรงพยาบาลเจ้าพระยา","0","0","0.00"
"11645  :  โรงพยาบาลทั่วไปขนาดใหญ่ธนบุรี","0","0","0.00"
"11656  :  โรงพยาบาลเกษมราษฎร์ บางแค","0","0","0.00"
"11661  :  โรงพยาบาลวิชัยเวช อินเตอร์เนชั่นแนล หนองแขม","0","0","0.00"
"11667  :  โรงพยาบาลประชาพัฒน์","0","0","0.00"
"11668  :  โรงพยาบาลสุขสวัสดิ์","0","0","0.00"
"11669  :  โรงพยาบาลราษฏร์บูรณะ","0","0","0.00"
"11670  :  โรงพยาบาลบางปะกอก 1","0","0","0.00"
"11676  :  โรงพยาบาลยันฮี","0","0","0.00"
"11686  :  โรงพยาบาลบางโพ","0","0","0.00"
"11687  :  โรงพยาบาลเกษมราษฎร์ประชาชื่น","0","0","0.00"
"11691  :  โรงพยาบาลวิภาวดี","0","0","0.00"
"11694  :  โรงพยาบาลจักษุรัตนิน","0","0","0.00"
"11697  :  โรงพยาบาลคามิลเลียน","0","0","0.00"
"11699  :  โรงพยาบาลบำรุงราษฎร์","0","0","0.00"
"11703  :  โรงพยาบาลแพทย์ปัญญา","0","0","0.00"
"11708  :  โรงพยาบาลบางมดโรงพยาบาลทั่วไปขนาดใหญ่","0","0","0.00"
"11715  :  โรงพยาบาลพญาไท 1","0","0","0.00"
"11721  :  โรงพยาบาลเปาโลเมโมเรียล โชคชัย 4","0","0","0.00"
"11729  :  โรงพยาบาลลาดพร้าว","0","0","0.00"
"11730  :  โรงพยาบาลไทยนครินทร์","0","0","0.00"
"11750  :  โรงพยาบาลหัวเฉียวโรงพยาบาลทั่วไปขนาดใหญ่","0","0","0.00"
"11811  :  โรงพยาบาลสมิติเวช","0","0","0.00"
"12243  :  สถาบันพัฒนาสุขภาวะเขตเมือง","0","0","0.00"
"12244  :  สถาบันจิตเวชศาสตร์สมเด็จเจ้าพระยา","0","0","0.00"
"12246  :  สถาบันราชานุกูล","0","0","0.00"
"12249  :  สถาบันโรคผิวหนัง","0","0","0.00"
"12250  :  สถาบันมะเร็งแห่งชาติ","0","0","0.00"
"12438  :  สถาบันสุขภาพเด็กแห่งชาติมหาราชินี","0","0","0.00"
"12439  :  สถาบันประสาทวิทยา","0","0","0.00"
"13756  :  โรงพยาบาลจุฬาลงกรณ์สภากาชาดไทย","0","0","0.00"
"13757  :  โรงพยาบาลเวชศาสตร์เขตร้อน มหาวิทยาลัยมหิดล","0","0","0.00"
"13814  :  โรงพยาบาลศิริราช","0","0","0.00"
"14173  :  โรงพยาบาลตำรวจ","0","0","0.00"
"14572  :  โรงพยาบาลบี.แคร์.เมดิคอลเซ็นเตอร์","0","0","0.00"
"14574  :  โรงพยาบาลพญาไท 3","0","0","0.00"
"14577  :  โรงพยาบาลวิภาราม","0","0","0.00"
"14641  :  โรงพยาบาลราชพิพัฒน์","0","0","0.00"
"14908  :  โรงพยาบาลการุญเวช สุขาภิบาล3","0","0","0.00"
"15049  :  โรงพยาบาลสิรินธร","0","0","0.00"
"15147  :  โรงพยาบาลบางปะกอก 8 โรงพยาบาลทั่วไปขนาดใหญ่","0","0","0.00"
"21673  :  โรงพยาบาลซีจีเอช สายไหม โรงพยาบาลทั่วไปขนาดใหญ่","0","0","0.00"
"22155  :  โรงพยาบาลครู","0","0","0.00"
"22737  :  โรงพยาบาลจุฬาภรณ์","0","0","0.00"
"23762  :  โรงพยาบาลนวุติสมเด็จย่า","0","0","0.00"
"23781  :  นวมินทร์ 9โรงพยาบาลทั่วไปขนาดใหญ่","0","0","0.00"
"23783  :  โรงพยาบาลเสรีรักษ์","0","0","0.00"
"24085  :  สถาบันวิจัยการแพทย์แผนไทย","0","0","0.00"
"24748  :  โรงพยาบาลศิริราช ปิยมหาราชการุณย์","0","0","0.00"
"25015  :  โรงพยาบาลทั่วไปขนาดใหญ่มิตรประชา","0","0","0.00"
"25060  :  โรงพยาบาลผู้สูงอายุบางขุนเทียน","0","0","0.00"
"41329  :  โรงพยาบาลเฉพาะประเภทผู้ป่วยสูงอายุ เฌ้อสเซอรี่โฮมขนาดเล็ก","0","0","0.00"
"41414  :  โรงพยาบาลทหารอากาศ (สีกัน)","0","0","0.00"
"77665  :  โรงพยาบาลการแพทย์แผนไทยและการแพทย์ผสมผสาน","0","0","0.00"
"10685  :  โรงพยาบาลสมุทรปราการ","431","118","27.38"
"10752  :  โรงพยาบาลบางบ่อ","82","37","45.12"
"10753  :  โรงพยาบาลบางพลี","148","57","38.51"
"10754  :  โรงพยาบาลบางจาก","193","37","19.17"
"10755  :  โรงพยาบาลพระสมุทรเจดีย์สวาทยานนท์","186","50","26.88"
"11769  :  โรงพยาบาลเซ็นทรัลปาร์ค","108","16","14.81"
"11775  :  โรงพยาบาลเมืองสมุทรปู่เจ้าสมิงพราย","0","0","0.00"
"12251  :  โรงพยาบาลยุวประสาทไวทโยปถัมภ์","0","0","0.00"
"15138  :  โรงพยาบาลเมืองสมุทรบางปูโรงพยาบาลทั่วไปขนาดเล็ก","12","2","16.67"
"28785  :  โรงพยาบาลบางเสาธง","45","24","53.33"
"10686  :  โรงพยาบาลพระนั่งเกล้า","41","15","36.59"
"10756  :  โรงพยาบาลบางกรวย","48","18","37.50"
"10757  :  โรงพยาบาลบางใหญ่","0","0","0.00"
"10758  :  โรงพยาบาลบางบัวทอง","115","17","14.78"
"10759  :  โรงพยาบาลไทรน้อย","2","0","0.00"
"10760  :  โรงพยาบาลปากเกร็ด","136","25","18.38"
"11781  :  โรงพยาบาลนนทเวช","0","0","0.00"
"11786  :  โรงพยาบาลอนันต์พัฒนา 2","0","0","0.00"
"11787  :  โรงพยาบาลเกษมราษฎร์อินเตอร์เนชั่นแนล รัตนาธิเบศร์โรงพยาบาลทั่วไปขนาดใหญ่","0","0","0.00"
"12256  :  สถาบันโรคทรวงอก","0","0","0.00"
"12257  :  สถาบันบำราศนราดูร","0","0","0.00"
"12258  :  สถาบันสิรินธรเพื่อการฟื้นฟูสมรรถภาพทางการแพทย์แห่งชาติ","0","0","0.00"
"12260  :  โรงพยาบาลศรีธัญญา","0","0","0.00"
"13815  :  ศูนย์การแพทย์ปัญญานันทภิกขุ ชลประทาน มหาวิทยาลัยศรีนครินทรวิโรฒ","0","0","0.00"
"22127  :  โรงพยาบาลชลลดา","0","0","0.00"
"28875  :  โรงพยาบาลบางบัวทอง ๒","12","1","8.33"
"10687  :  โรงพยาบาลปทุมธานี","141","57","40.43"
"10761  :  โรงพยาบาลคลองหลวง","23","9","39.13"
"10762  :  โรงพยาบาลธัญบุรี","48","17","35.42"
"10763  :  โรงพยาบาลประชาธิปัตย์","108","28","25.93"
"10764  :  โรงพยาบาลหนองเสือ","71","21","29.58"
"10765  :  โรงพยาบาลลาดหลุมแก้ว","99","10","10.10"
"10766  :  โรงพยาบาลลำลูกกา","111","28","25.23"
"10767  :  โรงพยาบาลสามโคก","21","2","9.52"
"12262  :  สถาบันบำบัดรักษาและฟื้นฟูผู้ติดยาเสพติดแห่งชาติบรมราชชนนี","0","0","0.00"
"14923  :  โรงพยาบาลมหาวชิราลงกรณ ธัญบุรี","0","0","0.00"
"10660  :  โรงพยาบาลพระนครศรีอยุธยา","411","129","31.39"
"10688  :  โรงพยาบาลเสนา","131","35","26.72"
"10768  :  โรงพยาบาลท่าเรือ","60","11","18.33"
"10769  :  โรงพยาบาลสมเด็จพระสังฆราชเจ้า กรมหลวงชินวราลงกรณ (วาสนมหาเถร)","64","11","17.19"
"10770  :  โรงพยาบาลบางไทร","59","8","13.56"
"10771  :  โรงพยาบาลบางบาล","37","8","21.62"
"10772  :  โรงพยาบาลบางปะอิน","101","24","23.76"
"10773  :  โรงพยาบาลบางปะหัน","0","0","0.00"
"10774  :  โรงพยาบาลผักไห่","29","7","24.14"
"10775  :  โรงพยาบาลภาชี","79","19","24.05"
"10776  :  โรงพยาบาลลาดบัวหลวง","46","9","19.57"
"10777  :  โรงพยาบาลวังน้อย","199","67","33.67"
"10778  :  โรงพยาบาลบางซ้าย","0","0","0.00"
"10779  :  โรงพยาบาลอุทัย","76","15","19.74"
"10780  :  โรงพยาบาลมหาราช","9","0","0.00"
"10781  :  โรงพยาบาลบ้านแพรก","12","2","16.67"
"10689  :  โรงพยาบาลอ่างทอง","71","19","26.76"
"10782  :  โรงพยาบาลไชโย","1","0","0.00"
"10784  :  โรงพยาบาลป่าโมก","86","10","11.63"
"10785  :  โรงพยาบาลโพธิ์ทอง","1","0","0.00"
"10786  :  โรงพยาบาลแสวงหา","7","0","0.00"
"10787  :  โรงพยาบาลวิเศษชัยชาญ","26","18","69.23"
"10788  :  โรงพยาบาลสามโก้","1","1","100.00"
"10690  :  โรงพยาบาลพระนารายณ์มหาราช","495","84","16.97"
"10691  :  โรงพยาบาลบ้านหมี่","22","6","27.27"
"10789  :  โรงพยาบาลพัฒนานิคม","129","10","7.75"
"10790  :  โรงพยาบาลโคกสำโรง","141","13","9.22"
"10791  :  โรงพยาบาลชัยบาดาล","211","46","21.80"
"10792  :  โรงพยาบาลท่าวุ้ง","178","20","11.24"
"10793  :  โรงพยาบาลท่าหลวง","80","15","18.75"
"10794  :  โรงพยาบาลสระโบสถ์","6","2","33.33"
"10795  :  โรงพยาบาลโคกเจริญ","47","11","23.40"
"10796  :  โรงพยาบาลลำสนธิ","88","11","12.50"
"10797  :  โรงพยาบาลหนองม่วง","0","0","0.00"
"14199  :  โรงพยาบาลมะเร็งลพบุรี","0","0","0.00"
"14928  :  โรงพยาบาลกองบิน 2","0","0","0.00"
"10692  :  โรงพยาบาลสิงห์บุรี","149","28","18.79"
"10693  :  โรงพยาบาลอินทร์บุรี","20","6","30.00"
"10798  :  โรงพยาบาลบางระจัน","27","1","3.70"
"10799  :  โรงพยาบาลค่ายบางระจัน","49","8","16.33"
"10800  :  โรงพยาบาลพรหมบุรี","0","0","0.00"
"10801  :  โรงพยาบาลท่าช้าง","4","0","0.00"
"10694  :  โรงพยาบาลชัยนาทนเรนทร","65","18","27.69"
"10802  :  โรงพยาบาลมโนรมย์","25","3","12.00"
"10803  :  โรงพยาบาลวัดสิงห์","2","0","0.00"
"10804  :  โรงพยาบาลสรรพยา","6","1","16.67"
"10805  :  โรงพยาบาลสรรคบุรี","85","25","29.41"
"10806  :  โรงพยาบาลหันคา","44","21","47.73"
"27974  :  โรงพยาบาลหนองมะโมง","21","4","19.05"
"27975  :  โรงพยาบาลเนินขาม","14","3","21.43"
"10661  :  โรงพยาบาลสระบุรี","508","209","41.14"
"10695  :  โรงพยาบาลพระพุทธบาท","0","0","0.00"
"10807  :  โรงพยาบาลแก่งคอย","99","45","45.45"
"10808  :  โรงพยาบาลหนองแค","42","24","57.14"
"10809  :  โรงพยาบาลวิหารแดง","0","0","0.00"
"10810  :  โรงพยาบาลหนองแซง","7","2","28.57"
"10811  :  โรงพยาบาลบ้านหมอ","65","8","12.31"
"10812  :  โรงพยาบาลดอนพุด","0","0","0.00"
"10813  :  โรงพยาบาลหนองโดน","4","0","0.00"
"10814  :  โรงพยาบาลเสาไห้เฉลิมพระเกียรติ80พรรษา","3","1","33.33"
"10815  :  โรงพยาบาลมวกเหล็ก","0","0","0.00"
"10816  :  โรงพยาบาลวังม่วงสัทธรรม","67","6","8.96"
"11485  :  โรงพยาบาลค่ายอดิศร","0","0","0.00"
"10662  :  โรงพยาบาลชลบุรี","0","0","0.00"
"10817  :  โรงพยาบาลบ้านบึง","305","64","20.98"
"10818  :  โรงพยาบาลหนองใหญ่","96","12","12.50"
"10819  :  โรงพยาบาลบางละมุง","1,038","355","34.20"
"10820  :  โรงพยาบาลวัดญาณสังวราราม","78","11","14.10"
"10821  :  โรงพยาบาลพานทอง","387","88","22.74"
"10822  :  โรงพยาบาลพนัสนิคม","227","81","35.68"
"10823  :  โรงพยาบาลแหลมฉบัง","366","77","21.04"
"10824  :  โรงพยาบาลเกาะสีชัง","23","6","26.09"
"10825  :  โรงพยาบาลสัตหีบกม10","150","17","11.33"
"10826  :  โรงพยาบาลบ่อทอง","168","41","24.40"
"11486  :  โรงพยาบาลค่ายนวมินทราชินี","11","1","9.09"
"11487  :  โรงพยาบาลอาภากรเกียรติวงศ์","0","0","0.00"
"13754  :  โรงพยาบาลสมเด็จพระบรมราชเทวี ณ ศรีราชา","217","54","24.88"
"13758  :  โรงพยาบาลสมเด็จพระนางเจ้าสิริกิติ์","0","0","0.00"
"13760  :  โรงพยาบาลมะเร็งชลบุรี","0","0","0.00"
"13766  :  โรงพยาบาลมหาวิทยาลัยบูรพา","190","54","28.42"
"28005  :  โรงพยาบาลเมืองพัทยา","333","70","21.02"
"28006  :  โรงพยาบาลเกาะจันทร์","91","20","21.98"
"10663  :  โรงพยาบาลระยอง","203","61","30.05"
"10827  :  โรงพยาบาลเฉลิมพระเกียรติสมเด็จพระเทพรัตนราชสุดาฯ สยามบรมราชกุมารี ระยอง","283","61","21.55"
"10828  :  โรงพยาบาลบ้านฉาง","259","76","29.34"
"10829  :  โรงพยาบาลแกลง","304","61","20.07"
"10830  :  โรงพยาบาลวังจันทร์","88","24","27.27"
"10831  :  โรงพยาบาลบ้านค่าย","125","32","25.60"
"10832  :  โรงพยาบาลปลวกแดง","148","48","32.43"
"22734  :  โรงพยาบาลเขาชะเมา เฉลิมพระเกียรติ 80 พรรษา","33","8","24.24"
"23962  :  โรงพยาบาลนิคมพัฒนา","29","8","27.59"
"10664  :  โรงพยาบาลพระปกเกล้า","348","119","34.20"
"10834  :  โรงพยาบาลขลุง","18","9","50.00"
"10835  :  โรงพยาบาลท่าใหม่","12","4","33.33"
"10836  :  โรงพยาบาลเขาสุกิม","0","0","0.00"
"10837  :  โรงพยาบาลสองพี่น้อง","49","11","22.45"
"10838  :  โรงพยาบาลโป่งน้ำร้อน","117","26","22.22"
"10839  :  โรงพยาบาลมะขาม","70","14","20.00"
"10840  :  โรงพยาบาลแหลมสิงห์","7","2","28.57"
"10841  :  โรงพยาบาลสอยดาว","21","8","38.10"
"10842  :  โรงพยาบาลแก่งหางแมว","47","10","21.28"
"10843  :  โรงพยาบาลนายายอาม","81","26","32.10"
"10844  :  โรงพยาบาลเขาคิชฌกูฏ","57","15","26.32"
"10696  :  โรงพยาบาลตราด","169","76","44.97"
"10845  :  โรงพยาบาลคลองใหญ่","84","20","23.81"
"10846  :  โรงพยาบาลเขาสมิง","80","20","25.00"
"10847  :  โรงพยาบาลบ่อไร่","77","14","18.18"
"10848  :  โรงพยาบาลแหลมงอบ","47","6","12.77"
"10849  :  โรงพยาบาลเกาะกูด","28","1","3.57"
"13816  :  โรงพยาบาลเกาะช้าง","24","10","41.67"
"10697  :  โรงพยาบาลพุทธโสธร","76","24","31.58"
"10833  :  โรงพยาบาลท่าตะเกียบ","242","75","30.99"
"10850  :  โรงพยาบาลบางคล้า","54","9","16.67"
"10851  :  โรงพยาบาลบางน้ำเปรี้ยว","238","75","31.51"
"10852  :  โรงพยาบาลบางปะกง","28","9","32.14"
"10853  :  โรงพยาบาลบ้านโพธิ์","95","37","38.95"
"10854  :  โรงพยาบาลพนมสารคาม","161","35","21.74"
"10855  :  โรงพยาบาลสนามชัยเขต","112","41","36.61"
"10856  :  โรงพยาบาลแปลงยาว","295","88","29.83"
"13747  :  โรงพยาบาลราชสาส์น","62","9","14.52"
"31327  :  โรงพยาบาลคลองเขื่อน","51","9","17.65"
"10665  :  โรงพยาบาลเจ้าพระยาอภัยภูเบศร","4","2","50.00"
"10857  :  โรงพยาบาลกบินทร์บุรี","235","68","28.94"
"10858  :  โรงพยาบาลนาดี","23","5","21.74"
"10859  :  โรงพยาบาลบ้านสร้าง","83","8","9.64"
"10860  :  โรงพยาบาลประจันตคาม","28","2","7.14"
"10861  :  โรงพยาบาลศรีมหาโพธิ","0","0","0.00"
"10862  :  โรงพยาบาลศรีมโหสถ","103","10","9.71"
"11490  :  โรงพยาบาลค่ายจักรพงษ์","0","0","0.00"
"10698  :  โรงพยาบาลนครนายก","140","24","17.14"
"10863  :  โรงพยาบาลปากพลี","12","0","0.00"
"10864  :  โรงพยาบาลบ้านนา","86","13","15.12"
"10865  :  โรงพยาบาลองครักษ์","27","8","29.63"
"11491  :  โรงพยาบาลรร.นายร้อยพระจุลจอมเกล้า","0","0","0.00"
"14904  :  โรงพยาบาลศูนย์การแพทย์สมเด็จพระเทพรัตนราชสุดาฯ","0","0","0.00"
"10699  :  โรงพยาบาลสมเด็จพระยุพราชสระแก้ว","408","119","29.17"
"10866  :  โรงพยาบาลคลองหาด","153","30","19.61"
"10867  :  โรงพยาบาลตาพระยา","38","14","36.84"
"10868  :  โรงพยาบาลวังน้ำเย็น","151","39","25.83"
"10869  :  โรงพยาบาลวัฒนานคร","106","26","24.53"
"10870  :  โรงพยาบาลอรัญประเทศ","152","41","26.97"
"13817  :  โรงพยาบาลเขาฉกรรจ์","135","60","44.44"
"14717  :  โรงพยาบาลจิตเวชสระแก้วราชนครินทร์","0","0","0.00"
"10666  :  โรงพยาบาลมหาราชนครราชสีมา","27","2","7.41"
"10871  :  โรงพยาบาลครบุรี","147","36","24.49"
"10872  :  โรงพยาบาลเสิงสาง","72","23","31.94"
"10873  :  โรงพยาบาลคง","164","34","20.73"
"10874  :  โรงพยาบาลบ้านเหลื่อม","57","17","29.82"
"10875  :  โรงพยาบาลจักราช","65","32","49.23"
"10876  :  โรงพยาบาลโชคชัย","100","35","35.00"
"10877  :  โรงพยาบาลด่านขุนทด","283","141","49.82"
"10878  :  โรงพยาบาลโนนไทย","114","43","37.72"
"10879  :  โรงพยาบาลโนนสูง","132","24","18.18"
"10880  :  โรงพยาบาลขามสะแกแสง","51","15","29.41"
"10881  :  โรงพยาบาลบัวใหญ่","29","10","34.48"
"10882  :  โรงพยาบาลประทาย","22","7","31.82"
"10883  :  โรงพยาบาลปักธงชัย","145","45","31.03"
"10884  :  โรงพยาบาลพิมาย","176","61","34.66"
"10885  :  โรงพยาบาลห้วยแถลง","89","36","40.45"
"10886  :  โรงพยาบาลชุมพวง","66","23","34.85"
"10887  :  โรงพยาบาลสูงเนิน","159","54","33.96"
"10888  :  โรงพยาบาลขามทะเลสอ","50","16","32.00"
"10889  :  โรงพยาบาลสีคิ้ว","88","26","29.55"
"10890  :  โรงพยาบาลปากช่องนานา","296","109","36.82"
"10891  :  โรงพยาบาลหนองบุญมาก","15","4","26.67"
"10892  :  โรงพยาบาลแก้งสนามนาง","42","19","45.24"
"10893  :  โรงพยาบาลโนนแดง","0","0","0.00"
"10894  :  โรงพยาบาลวังน้ำเขียว","18","10","55.56"
"11492  :  โรงพยาบาลค่ายสุรนารี นครราชสีมา","0","0","0.00"
"11602  :  โรงพยาบาลเฉลิมพระเกียรติสมเด็จย่า 100 ปี","25","10","40.00"
"11608  :  โรงพยาบาลลำทะเมนชัย","77","13","16.88"
"11885  :  โรงพยาบาลเดอะโกลเดนเกท","0","0","0.00"
"11891  :  โรงพยาบาลราชสีมาฮอสพิทอล","0","0","0.00"
"12267  :  ศูนย์อนามัยที่ 9 นครราชสีมา","1","0","0.00"
"12268  :  โรงพยาบาลจิตเวชนครราชสีมาราชนครินทร์","0","0","0.00"
"14161  :  โรงพยาบาลกองบิน กองบิน1","0","0","0.00"
"22456  :  โรงพยาบาลพระทองคำ เฉลิมพระเกียรติ 80 พรรษา","68","29","42.65"
"23839  :  โรงพยาบาลเทพรัตน์นครราชสีมา","171","37","21.64"
"24060  :  โรงพยาบาลมหาวิทยาลัยเทคโนโลยีสุรนารี","0","0","0.00"
"24692  :  โรงพยาบาลเฉลิมพระเกียรติ","18","10","55.56"
"27839  :  โรงพยาบาลบัวลาย","8","3","37.50"
"27840  :  โรงพยาบาลสีดา","1","0","0.00"
"27841  :  โรงพยาบาลเทพารักษ์","89","14","15.73"
"10667  :  โรงพยาบาลบุรีรัมย์","47","27","57.45"
"10895  :  โรงพยาบาลคูเมือง","0","0","0.00"
"10896  :  โรงพยาบาลกระสัง","100","91","91.00"
"10897  :  โรงพยาบาลนางรอง","0","0","0.00"
"10898  :  โรงพยาบาลหนองกี่","84","29","34.52"
"10899  :  โรงพยาบาลละหานทราย","0","0","0.00"
"10900  :  โรงพยาบาลประโคนชัย","28","8","28.57"
"10901  :  โรงพยาบาลบ้านกรวด","302","47","15.56"
"10902  :  โรงพยาบาลพุทไธสง","160","31","19.38"
"10904  :  โรงพยาบาลลำปลายมาศ","2","0","0.00"
"10905  :  โรงพยาบาลสตึก","179","96","53.63"
"10906  :  โรงพยาบาลปะคำ","158","10","6.33"
"10907  :  โรงพยาบาลนาโพธิ์","0","0","0.00"
"10908  :  โรงพยาบาลหนองหงส์","65","6","9.23"
"10909  :  โรงพยาบาลพลับพลาชัย","87","29","33.33"
"10910  :  โรงพยาบาลห้วยราช","5","1","20.00"
"10911  :  โรงพยาบาลโนนสุวรรณ","62","11","17.74"
"10912  :  โรงพยาบาลชำนิ","67","20","29.85"
"10913  :  โรงพยาบาลบ้านใหม่ไชยพจน์","111","35","31.53"
"10914  :  โรงพยาบาลโนนดินแดง","0","0","0.00"
"11493  :  โรงพยาบาลค่ายสมเด็จเจ้าพระยามหากษัตริย์ศึก","0","0","0.00"
"11619  :  โรงพยาบาลเฉลิมพระเกียรติ","44","19","43.18"
"23578  :  โรงพยาบาลแคนดง","29","13","44.83"
"28020  :  โรงพยาบาลบ้านด่าน","39","14","35.90"
"10668  :  โรงพยาบาลสุรินทร์","160","71","44.38"
"10915  :  โรงพยาบาลชุมพลบุรี","51","29","56.86"
"10916  :  โรงพยาบาลท่าตูม","101","61","60.40"
"10917  :  โรงพยาบาลจอมพระ","62","16","25.81"
"10918  :  โรงพยาบาลปราสาท","315","157","49.84"
"10919  :  โรงพยาบาลกาบเชิง","94","35","37.23"
"10920  :  โรงพยาบาลรัตนบุรี","218","94","43.12"
"10921  :  โรงพยาบาลสนม","43","8","18.60"
"10922  :  โรงพยาบาลศีขรภูมิ","73","41","56.16"
"10923  :  โรงพยาบาลสังขะ","259","116","44.79"
"10924  :  โรงพยาบาลลำดวน","28","12","42.86"
"10925  :  โรงพยาบาลสำโรงทาบ","82","36","43.90"
"10926  :  โรงพยาบาลบัวเชด","181","62","34.25"
"11494  :  โรงพยาบาลค่ายวีรวัฒน์โยธิน","0","0","0.00"
"22302  :  โรงพยาบาลพนมดงรัก เฉลิมพระเกียรติ 80 พรรษา","162","82","50.62"
"27842  :  โรงพยาบาลเขวาสินรินทร์","45","20","44.44"
"27843  :  โรงพยาบาลศรีณรงค์","16","6","37.50"
"27844  :  โรงพยาบาลโนนนารายณ์","17","5","29.41"
"10700  :  โรงพยาบาลศรีสะเกษ","265","117","44.15"
"10927  :  โรงพยาบาลยางชุมน้อย","24","2","8.33"
"10928  :  โรงพยาบาลกันทรารมย์","53","3","5.66"
"10929  :  โรงพยาบาลกันทรลักษ์","11","2","18.18"
"10930  :  โรงพยาบาลขุขันธ์","286","144","50.35"
"10931  :  โรงพยาบาลไพรบึง","57","6","10.53"
"10932  :  โรงพยาบาลปรางค์กู่","36","7","19.44"
"10933  :  โรงพยาบาลขุนหาญ","236","107","45.34"
"10934  :  โรงพยาบาลราษีไศล","100","39","39.00"
"10935  :  โรงพยาบาลอุทุมพรพิสัย","277","111","40.07"
"10936  :  โรงพยาบาลบึงบูรพ์","43","3","6.98"
"10937  :  โรงพยาบาลห้วยทับทัน","161","32","19.88"
"10938  :  โรงพยาบาลโนนคูณ","34","1","2.94"
"10939  :  โรงพยาบาลศรีรัตนะ","34","11","32.35"
"10940  :  โรงพยาบาลวังหิน","38","5","13.16"
"10941  :  โรงพยาบาลน้ำเกลี้ยง","15","2","13.33"
"10942  :  โรงพยาบาลภูสิงห์","112","18","16.07"
"10943  :  โรงพยาบาลเมืองจันทร์","18","2","11.11"
"23125  :  โรงพยาบาลเบญจลักษ์เฉลิมพระเกียรติ 80 พรรษา","34","9","26.47"
"28014  :  โรงพยาบาลพยุห์","29","2","6.90"
"28015  :  โรงพยาบาลโพธิ์ศรีสุวรรณ","1","0","0.00"
"28016  :  โรงพยาบาลศิลาลาด","1","0","0.00"
"10669  :  โรงพยาบาลสรรพสิทธิประสงค์","0","0","0.00"
"10944  :  โรงพยาบาลศรีเมืองใหม่","162","51","31.48"
"10945  :  โรงพยาบาลโขงเจียม","143","60","41.96"
"10946  :  โรงพยาบาลเขื่องใน","114","47","41.23"
"10947  :  โรงพยาบาลเขมราฐ","272","49","18.01"
"10948  :  โรงพยาบาลนาจะหลวย","106","44","41.51"
"10949  :  โรงพยาบาลน้ำยืน","107","61","57.01"
"10950  :  โรงพยาบาลบุณฑริก","184","86","46.74"
"10951  :  โรงพยาบาลตระการพืชผล","191","68","35.60"
"10952  :  โรงพยาบาลกุดข้าวปุ้น","91","23","25.27"
"10953  :  โรงพยาบาลม่วงสามสิบ","72","3","4.17"
"10954  :  โรงพยาบาลวารินชำราบ","387","141","36.43"
"10956  :  โรงพยาบาลพิบูลมังสาหาร","469","174","37.10"
"10957  :  โรงพยาบาลตาลสุม","75","15","20.00"
"10958  :  โรงพยาบาลโพธิ์ไทร","118","43","36.44"
"10959  :  โรงพยาบาลสำโรง","115","32","27.83"
"10960  :  โรงพยาบาลดอนมดแดง","69","12","17.39"
"10961  :  โรงพยาบาลสิรินธร","140","53","37.86"
"10962  :  โรงพยาบาลทุ่งศรีอุดม","53","21","39.62"
"11443  :  โรงพยาบาลสมเด็จพระยุพราชเดชอุดม","0","0","0.00"
"11495  :  โรงพยาบาลกองบิน 21","0","0","0.00"
"11496  :  โรงพยาบาลค่ายสรรพสิทธิประสงค์","0","0","0.00"
"11918  :  โรงพยาบาลเอกชนร่มเกล้า","0","0","0.00"
"12269  :  โรงพยาบาลพระศรีมหาโพธิ์","0","0","0.00"
"12270  :  โรงพยาบาลส่งเสริมสุขภาพ ศูนย์อนามัยที่ 10","22","5","22.73"
"21984  :  โรงพยาบาล 50 พรรษา มหาวชิราลงกรณ","0","0","0.00"
"24032  :  โรงพยาบาลนาตาล","96","38","39.58"
"24821  :  โรงพยาบาลนาเยีย","57","26","45.61"
"27967  :  โรงพยาบาลสว่างวีระวงศ์","58","28","48.28"
"27968  :  โรงพยาบาลน้ำขุ่น","52","18","34.62"
"27976  :  โรงพยาบาลเหล่าเสือโก้ก","53","20","37.74"
"10701  :  โรงพยาบาลยโสธร","74","23","31.08"
"10963  :  โรงพยาบาลทรายมูล","14","6","42.86"
"10964  :  โรงพยาบาลกุดชุม","26","12","46.15"
"10965  :  โรงพยาบาลคำเขื่อนแก้ว","87","32","36.78"
"10966  :  โรงพยาบาลป่าติ้ว","7","4","57.14"
"10967  :  โรงพยาบาลมหาชนะชัย","56","21","37.50"
"10968  :  โรงพยาบาลค้อวัง","47","6","12.77"
"10969  :  โรงพยาบาลไทยเจริญ","22","5","22.73"
"11444  :  โรงพยาบาลสมเด็จพระยุพราชเลิงนกทา","183","42","22.95"
"11921  :  โรงพยาบาลนายแพทย์หาญ","0","0","0.00"
"04007  :  โรงพยาบาลซับใหญ่","61","16","26.23"
"10702  :  โรงพยาบาลชัยภูมิ","302","139","46.03"
"10970  :  โรงพยาบาลบ้านเขว้า","103","17","16.50"
"10971  :  โรงพยาบาลคอนสวรรค์","49","10","20.41"
"10972  :  โรงพยาบาลเกษตรสมบูรณ์","104","36","34.62"
"10973  :  โรงพยาบาลหนองบัวแดง","116","50","43.10"
"10974  :  โรงพยาบาลจัตุรัส","142","44","30.99"
"10975  :  โรงพยาบาลบำเหน็จณรงค์","117","32","27.35"
"10976  :  โรงพยาบาลหนองบัวระเหว","0","0","0.00"
"10977  :  โรงพยาบาลเทพสถิต","113","22","19.47"
"10978  :  โรงพยาบาลภูเขียวเฉลิมพระเกียรติ","105","41","39.05"
"10979  :  โรงพยาบาลบ้านแท่น","0","0","0.00"
"10980  :  โรงพยาบาลแก้งคร้อ","166","58","34.94"
"10981  :  โรงพยาบาลคอนสาร","29","3","10.34"
"10982  :  โรงพยาบาลภักดีชุมพล","34","18","52.94"
"10983  :  โรงพยาบาลเนินสง่า","39","16","41.03"
"10703  :  โรงพยาบาลอำนาจเจริญ","185","86","46.49"
"10985  :  โรงพยาบาลชานุมาน","56","7","12.50"
"10986  :  โรงพยาบาลปทุมราชวงศา","69","20","28.99"
"10987  :  โรงพยาบาลพนา","53","14","26.42"
"10988  :  โรงพยาบาลเสนางคนิคม","78","12","15.38"
"10989  :  โรงพยาบาลหัวตะพาน","68","20","29.41"
"10990  :  โรงพยาบาลลืออำนาจ","44","12","27.27"
"11040  :  โรงพยาบาลบึงกาฬ","333","89","26.73"
"11041  :  โรงพยาบาลพรเจริญ","67","22","32.84"
"11043  :  โรงพยาบาลโซ่พิสัย","215","64","29.77"
"11046  :  โรงพยาบาลเซกา","55","18","32.73"
"11047  :  โรงพยาบาลปากคาด","84","47","55.95"
"11048  :  โรงพยาบาลบึงโขงหลง","86","32","37.21"
"11049  :  โรงพยาบาลศรีวิไล","139","57","41.01"
"11050  :  โรงพยาบาลบุ่งคล้า","21","5","23.81"
"10704  :  โรงพยาบาลหนองบัวลำภู","97","47","48.45"
"10991  :  โรงพยาบาลนากลาง","59","21","35.59"
"10992  :  โรงพยาบาลโนนสัง","49","18","36.73"
"10993  :  โรงพยาบาลศรีบุญเรือง","58","32","55.17"
"10994  :  โรงพยาบาลสุวรรณคูหา","32","12","37.50"
"23367  :  โรงพยาบาลนาวัง เฉลิมพระเกียรติ 80 พรรษา","20","9","45.00"
"10670  :  โรงพยาบาลขอนแก่น","0","0","0.00"
"10995  :  โรงพยาบาลบ้านฝาง","23","6","26.09"
"10996  :  โรงพยาบาลพระยืน","40","10","25.00"
"10997  :  โรงพยาบาลหนองเรือ","0","0","0.00"
"10998  :  โรงพยาบาลชุมแพ","193","69","35.75"
"10999  :  โรงพยาบาลสีชมพู","92","21","22.83"
"11000  :  โรงพยาบาลน้ำพอง","0","0","0.00"
"11001  :  โรงพยาบาลอุบลรัตน์","15","5","33.33"
"11002  :  โรงพยาบาลบ้านไผ่","102","36","35.29"
"11003  :  โรงพยาบาลเปือยน้อย","56","19","33.93"
"11004  :  โรงพยาบาลพล","1","0","0.00"
"11005  :  โรงพยาบาลแวงใหญ่","0","0","0.00"
"11006  :  โรงพยาบาลแวงน้อย","18","5","27.78"
"11007  :  โรงพยาบาลหนองสองห้อง","118","42","35.59"
"11008  :  โรงพยาบาลภูเวียง","44","18","40.91"
"11009  :  โรงพยาบาลมัญจาคีรี","79","12","15.19"
"11010  :  โรงพยาบาลชนบท","0","0","0.00"
"11011  :  โรงพยาบาลเขาสวนกวาง","24","6","25.00"
"11012  :  โรงพยาบาลภูผาม่าน","15","6","40.00"
"11445  :  โรงพยาบาลสมเด็จพระยุพราชกระนวน","110","34","30.91"
"11497  :  โรงพยาบาลค่ายศรีพัชรินทร","0","0","0.00"
"11936  :  โรงพยาบาลขอนแก่นราม","0","0","0.00"
"12272  :  โรงพยาบาลจิตเวชขอนแก่นราชนครินทร์","0","0","0.00"
"12273  :  โรงพยาบาลส่งเสริมสุขภาพ ศูนย์อนามัยที่ 7","673","350","52.01"
"12275  :  โรงพยาบาลสิรินธร(ภาคตะวันออกเฉียงเหนือ)","40","17","42.50"
"13777  :  โรงพยาบาลศรีนครินทร์ มหาวิทยาลัยขอนแก่น","0","0","0.00"
"14132  :  โรงพยาบาลซำสูง","26","13","50.00"
"14196  :  โรงพยาบาลธัญญรักษ์ขอนแก่น","0","0","0.00"
"24746  :  สถาบันสุขภาพจิตเด็กและวัยรุ่นภาคตะวันออกเฉียงเหนือ","0","0","0.00"
"77649  :  โรงพยาบาลหนองนาคำ","0","0","0.00"
"77650  :  โรงพยาบาลเวียงเก่า","22","9","40.91"
"77651  :  โรงพยาบาลโคกโพธิ์ไชย","32","7","21.88"
"77652  :  โรงพยาบาลโนนศิลา","12","6","50.00"
"10671  :  โรงพยาบาลอุดรธานี","0","0","0.00"
"11013  :  โรงพยาบาลกุดจับ","40","15","37.50"
"11014  :  โรงพยาบาลหนองวัวซอ","14","4","28.57"
"11015  :  โรงพยาบาลกุมภวาปี","91","29","31.87"
"11016  :  โรงพยาบาลห้วยเกิ้ง","2","0","0.00"
"11017  :  โรงพยาบาลโนนสะอาด","13","2","15.38"
"11018  :  โรงพยาบาลหนองหาน","140","31","22.14"
"11019  :  โรงพยาบาลทุ่งฝน","46","7","15.22"
"11020  :  โรงพยาบาลไชยวาน","110","33","30.00"
"11021  :  โรงพยาบาลศรีธาตุ","40","8","20.00"
"11022  :  โรงพยาบาลวังสามหมอ","48","21","43.75"
"11023  :  โรงพยาบาลบ้านผือ","55","22","40.00"
"11024  :  โรงพยาบาลน้ำโสม","33","19","57.58"
"11025  :  โรงพยาบาลเพ็ญ","45","0","0.00"
"11026  :  โรงพยาบาลสร้างคอม","9","6","66.67"
"11027  :  โรงพยาบาลหนองแสง","19","4","21.05"
"11028  :  โรงพยาบาลนายูง","18","6","33.33"
"11029  :  โรงพยาบาลพิบูลย์รักษ์","6","0","0.00"
"11446  :  โรงพยาบาลสมเด็จพระยุพราชบ้านดุง","184","54","29.35"
"11501  :  โรงพยาบาลค่ายประจักษ์ศิลปาคม","0","0","0.00"
"12276  :  โรงพยาบาลมะเร็งอุดรธานี","0","0","0.00"
"23951  :  โรงพยาบาลธัญญารักษ์อุดรธานี","0","0","0.00"
"25058  :  โรงพยาบาลกู่แก้ว","14","6","42.86"
"25059  :  โรงพยาบาลประจักษ์ศิลปาคม","27","5","18.52"
"10705  :  โรงพยาบาลเลย","267","72","26.97"
"11030  :  โรงพยาบาลนาด้วง","93","13","13.98"
"11031  :  โรงพยาบาลเชียงคาน","160","38","23.75"
"11032  :  โรงพยาบาลปากชม","103","16","15.53"
"11033  :  โรงพยาบาลนาแห้ว","8","0","0.00"
"11034  :  โรงพยาบาลภูเรือ","86","37","43.02"
"11035  :  โรงพยาบาลท่าลี่","69","21","30.43"
"11036  :  โรงพยาบาลวังสะพุง","55","13","23.64"
"11037  :  โรงพยาบาลภูกระดึง","76","8","10.53"
"11038  :  โรงพยาบาลภูหลวง","8","1","12.50"
"11039  :  โรงพยาบาลผาขาว","122","15","12.30"
"11447  :  โรงพยาบาลสมเด็จพระยุพราชด่านซ้าย","69","10","14.49"
"14133  :  โรงพยาบาลเอราวัณ","108","18","16.67"
"14644  :  โรงพยาบาลจิตเวชเลยราชนครินทร์","0","0","0.00"
"28861  :  โรงพยาบาลหนองหิน","29","6","20.69"
"10706  :  โรงพยาบาลหนองคาย","218","73","33.49"
"11042  :  โรงพยาบาลโพนพิสัย","136","34","25.00"
"11044  :  โรงพยาบาลศรีเชียงใหม่","125","67","53.60"
"11045  :  โรงพยาบาลสังคม","102","13","12.75"
"11448  :  โรงพยาบาลสมเด็จพระยุพราชท่าบ่อ","366","134","36.61"
"14558  :  โรงพยาบาลพิสัยเวช","20","5","25.00"
"21356  :  โรงพยาบาลสระใคร","0","0","0.00"
"28778  :  โรงพยาบาลโพธิ์ตาก","2","1","50.00"
"28811  :  โรงพยาบาลเฝ้าไร่","0","0","0.00"
"28815  :  โรงพยาบาลรัตนวาปี","35","16","45.71"
"10707  :  โรงพยาบาลมหาสารคาม","196","75","38.27"
"11051  :  โรงพยาบาลแกดำ","82","22","26.83"
"11052  :  โรงพยาบาลโกสุมพิสัย","65","17","26.15"
"11053  :  โรงพยาบาลกันทรวิชัย","18","3","16.67"
"11054  :  โรงพยาบาลเชียงยืน","107","20","18.69"
"11055  :  โรงพยาบาลบรบือ","135","33","24.44"
"11056  :  โรงพยาบาลนาเชือก","70","20","28.57"
"11057  :  โรงพยาบาลพยัคฆภูมิพิสัย","64","12","18.75"
"11058  :  โรงพยาบาลวาปีปทุม","43","14","32.56"
"11059  :  โรงพยาบาลนาดูน","48","3","6.25"
"11060  :  โรงพยาบาลยางสีสุราช","43","5","11.63"
"22953  :  โรงพยาบาลสุทธาเวช คณะแพทยศาสตร์ มหาวิทยาลัยมหาสารคาม","94","18","19.15"
"24704  :  โรงพยาบาลกุดรัง","67","23","34.33"
"28843  :  โรงพยาบาลชื่นชม","33","24","72.73"
"10708  :  โรงพยาบาลร้อยเอ็ด","184","65","35.33"
"11061  :  โรงพยาบาลเกษตรวิสัย","208","52","25.00"
"11062  :  โรงพยาบาลปทุมรัตต์","36","15","41.67"
"11063  :  โรงพยาบาลจตุรพักตรพิมาน","36","7","19.44"
"11064  :  โรงพยาบาลธวัชบุรี","5","2","40.00"
"11065  :  โรงพยาบาลพนมไพร","26","8","30.77"
"11066  :  โรงพยาบาลโพนทอง","144","31","21.53"
"11067  :  โรงพยาบาลโพธิ์ชัย","70","34","48.57"
"11068  :  โรงพยาบาลหนองพอก","17","10","58.82"
"11069  :  โรงพยาบาลเสลภูมิ","129","87","67.44"
"11070  :  โรงพยาบาลสุวรรณภูมิ","210","56","26.67"
"11071  :  โรงพยาบาลเมืองสรวง","33","14","42.42"
"11072  :  โรงพยาบาลโพนทราย","8","4","50.00"
"11073  :  โรงพยาบาลอาจสามารถ","45","14","31.11"
"11074  :  โรงพยาบาลเมยวดี","20","8","40.00"
"11075  :  โรงพยาบาลศรีสมเด็จ","17","10","58.82"
"11076  :  โรงพยาบาลจังหาร","8","6","75.00"
"11504  :  โรงพยาบาลค่ายสมเด็จพระพุทธยอดฟ้าจุฬาโลกมหาราช","0","0","0.00"
"11964  :  โรงพยาบาลทั่วไปขนาดใหญ่จุรีเวช","0","0","0.00"
"27988  :  โรงพยาบาลทุ่งเขาหลวง","11","4","36.36"
"27989  :  โรงพยาบาลเชียงขวัญ","13","3","23.08"
"27990  :  โรงพยาบาลหนองฮี","19","4","21.05"
"10709  :  โรงพยาบาลกาฬสินธุ์","407","127","31.20"
"11077  :  โรงพยาบาลนามน","88","19","21.59"
"11078  :  โรงพยาบาลกมลาไสย","136","42","30.88"
"11079  :  โรงพยาบาลร่องคำ","15","5","33.33"
"11080  :  โรงพยาบาลเขาวง","26","15","57.69"
"11081  :  โรงพยาบาลยางตลาด","79","26","32.91"
"11082  :  โรงพยาบาลห้วยเม็ก","20","5","25.00"
"11083  :  โรงพยาบาลสหัสขันธ์","27","9","33.33"
"11084  :  โรงพยาบาลคำม่วง","37","18","48.65"
"11085  :  โรงพยาบาลท่าคันโท","34","18","52.94"
"11086  :  โรงพยาบาลหนองกุงศรี","134","37","27.61"
"11087  :  โรงพยาบาลสมเด็จ","76","37","48.68"
"11088  :  โรงพยาบาลห้วยผึ้ง","134","33","24.63"
"11449  :  โรงพยาบาลสมเด็จพระยุพราชกุฉินารายณ์","256","66","25.78"
"11965  :  โรงพยาบาลธีรวัฒน์","0","0","0.00"
"28017  :  โรงพยาบาลนาคู","19","9","47.37"
"28789  :  โรงพยาบาลฆ้องชัย","0","0","0.00"
"28790  :  โรงพยาบาลดอนจาน","73","16","21.92"
"28791  :  โรงพยาบาลสามชัย","23","4","17.39"
"10710  :  โรงพยาบาลสกลนคร","0","0","0.00"
"11089  :  โรงพยาบาลกุสุมาลย์","59","24","40.68"
"11090  :  โรงพยาบาลกุดบาก","13","7","53.85"
"11091  :  โรงพยาบาลพระอาจารย์ฝั้นอาจาโร","0","0","0.00"
"11092  :  โรงพยาบาลพังโคน","119","34","28.57"
"11093  :  โรงพยาบาลวาริชภูมิ","0","0","0.00"
"11094  :  โรงพยาบาลนิคมน้ำอูน","1","0","0.00"
"11095  :  โรงพยาบาลวานรนิวาส","241","72","29.88"
"11096  :  โรงพยาบาลคำตากล้า","108","23","21.30"
"11097  :  โรงพยาบาลบ้านม่วง","63","25","39.68"
"11098  :  โรงพยาบาลอากาศอำนวย","85","54","63.53"
"11099  :  โรงพยาบาลส่องดาว","0","0","0.00"
"11100  :  โรงพยาบาลเต่างอย","25","12","48.00"
"11101  :  โรงพยาบาลโคกศรีสุพรรณ","17","8","47.06"
"11102  :  โรงพยาบาลเจริญศิลป์","39","13","33.33"
"11103  :  โรงพยาบาลโพนนาแก้ว","14","7","50.00"
"11450  :  โรงพยาบาลสมเด็จพระยุพราชสว่างแดนดิน","111","57","51.35"
"11505  :  โรงพยาบาลค่ายกฤษณ์สีวะรา","0","0","0.00"
"21323  :  โรงพยาบาลพระอาจารย์แบน  ธนากโร","35","8","22.86"
"24976  :  โรงพยาบาลการแพทย์แผนไทยสกลนคร หลวงปู่แฟ๊ป สุภัทโท","0","0","0.00"
"10711  :  โรงพยาบาลนครพนม","113","32","28.32"
"11104  :  โรงพยาบาลปลาปาก","0","0","0.00"
"11105  :  โรงพยาบาลท่าอุเทน","46","18","39.13"
"11106  :  โรงพยาบาลบ้านแพง","63","35","55.56"
"11107  :  โรงพยาบาลนาทม","99","18","18.18"
"11108  :  โรงพยาบาลเรณูนคร","101","37","36.63"
"11109  :  โรงพยาบาลนาแก","50","9","18.00"
"11110  :  โรงพยาบาลศรีสงคราม","188","77","40.96"
"11111  :  โรงพยาบาลนาหว้า","61","29","47.54"
"11112  :  โรงพยาบาลโพนสวรรค์","57","32","56.14"
"11451  :  โรงพยาบาลสมเด็จพระยุพราชธาตุพนม","57","40","70.18"
"12277  :  โรงพยาบาลจิตเวชนครพนมราชนครินทร์","0","0","0.00"
"40840  :  โรงพยาบาลวังยาง","47","18","38.30"
"10712  :  โรงพยาบาลมุกดาหาร","434","135","31.11"
"11113  :  โรงพยาบาลนิคมคำสร้อย","207","42","20.29"
"11114  :  โรงพยาบาลดอนตาล","51","5","9.80"
"11115  :  โรงพยาบาลดงหลวง","77","30","38.96"
"11116  :  โรงพยาบาลคำชะอี","27","15","55.56"
"11117  :  โรงพยาบาลหว้านใหญ่","38","4","10.53"
"11118  :  โรงพยาบาลหนองสูง","8","2","25.00"
"06009  :  โรงพยาบาลแม่ตื่น","0","0","0.00"
"10713  :  โรงพยาบาลนครพิงค์","0","0","0.00"
"11119  :  โรงพยาบาลจอมทอง","467","71","15.20"
"11120  :  โรงพยาบาลเทพรัตนเวชชานุกูล เฉลิมพระเกียรติ ๖๐ พรรษา","219","48","21.92"
"11121  :  โรงพยาบาลเชียงดาว","208","50","24.04"
"11122  :  โรงพยาบาลดอยสะเก็ด","289","44","15.22"
"11123  :  โรงพยาบาลแม่แตง","157","17","10.83"
"11124  :  โรงพยาบาลสะเมิง","16","9","56.25"
"11125  :  โรงพยาบาลฝาง","216","41","18.98"
"11126  :  โรงพยาบาลแม่อาย","90","24","26.67"
"11127  :  โรงพยาบาลพร้าว","118","29","24.58"
"11128  :  โรงพยาบาลสันป่าตอง","56","21","37.50"
"11129  :  โรงพยาบาลสันกำแพง","0","0","0.00"
"11130  :  โรงพยาบาลสันทราย","140","43","30.71"
"11131  :  โรงพยาบาลหางดง","156","52","33.33"
"11132  :  โรงพยาบาลฮอด","275","0","0.00"
"11133  :  โรงพยาบาลดอยเต่า","44","12","27.27"
"11134  :  โรงพยาบาลอมก๋อย","270","86","31.85"
"11135  :  โรงพยาบาลสารภี","41","19","46.34"
"11136  :  โรงพยาบาลเวียงแหง","0","0","0.00"
"11137  :  โรงพยาบาลไชยปราการ","61","8","13.11"
"11138  :  โรงพยาบาลแม่วาง","71","23","32.39"
"11139  :  โรงพยาบาลแม่ออน","0","0","0.00"
"11507  :  โรงพยาบาลกองบิน 41","0","0","0.00"
"11508  :  โรงพยาบาลค่ายกาวิละ เชียงใหม่","0","0","0.00"
"11643  :  โรงพยาบาลดอยหล่อ","0","0","0.00"
"11978  :  โรงพยาบาลดารารัศมี","0","0","0.00"
"11992  :  โรงพยาบาลเทพปัญญา 2 โรงพยาบาลทั่วไปขนาดกลาง","0","0","0.00"
"11995  :  โรงพยาบาลทั่วไปขนาดใหญ่เซ็นทรัลเชียงใหม่ เมโมเรียล","0","0","0.00"
"11999  :  โรงพยาบาลทั่วไปขนาดใหญ่เชียงใหม่เมดิคอลเซ็นเตอร์","0","0","0.00"
"12279  :  โรงพยาบาลส่งเสริมสุขภาพ ศูนย์อนามัยที่ 1","0","0","0.00"
"12280  :  โรงพยาบาลสวนปรุง","0","0","0.00"
"12281  :  โรงพยาบาลประสาทเชียงใหม่","0","0","0.00"
"13775  :  สถาบันพัฒนาการเด็กราชนครินทร์","0","0","0.00"
"13780  :  โรงพยาบาลมหาราชนครเชียงใหม่  มหาวิทยาลัยเชียงใหม่","0","0","0.00"
"13785  :  โรงพยาบาลธัญญารักษ์เชียงใหม่","0","0","0.00"
"14550  :  โรงพยาบาลทั่วไปขนาดใหญ่ เชียงใหม่ใกล้หมอ","0","0","0.00"
"14916  :  โรงพยาบาลทั่วไปขนาดกลางเชียงใหม่ฮอสพิทอล","0","0","0.00"
"23736  :  โรงพยาบาลวัดจันทร์ เฉลิมพระเกียรติ 80 พรรษา","0","0","0.00"
"10714  :  โรงพยาบาลลำพูน","0","0","0.00"
"11140  :  โรงพยาบาลแม่ทา","45","10","22.22"
"11141  :  โรงพยาบาลบ้านโฮ่ง","25","12","48.00"
"11142  :  โรงพยาบาลลี้","201","97","48.26"
"11143  :  โรงพยาบาลทุ่งหัวช้าง","37","21","56.76"
"11144  :  โรงพยาบาลป่าซาง","0","0","0.00"
"11145  :  โรงพยาบาลบ้านธิ","7","5","71.43"
"12000  :  โรงพยาบาลหริภุญชัยเมโมเรียล","0","0","0.00"
"14555  :  โรงพยาบาลทั่วไปขนาดกลางศิริเวช ลำพูน","0","0","0.00"
"24956  :  โรงพยาบาลเวียงหนองล่อง","72","18","25.00"
"10672  :  โรงพยาบาลลำปาง","616","230","37.34"
"11146  :  โรงพยาบาลแม่เมาะ","156","19","12.18"
"11147  :  โรงพยาบาลเกาะคา","122","27","22.13"
"11148  :  โรงพยาบาลเสริมงาม","100","21","21.00"
"11149  :  โรงพยาบาลงาว","19","10","52.63"
"11150  :  โรงพยาบาลแจ้ห่ม","143","18","12.59"
"11151  :  โรงพยาบาลวังเหนือ","118","23","19.49"
"11152  :  โรงพยาบาลเถิน","266","55","20.68"
"11153  :  โรงพยาบาลแม่พริก","34","6","17.65"
"11154  :  โรงพยาบาลแม่ทะ","53","23","43.40"
"11155  :  โรงพยาบาลสบปราบ","107","22","20.56"
"11156  :  โรงพยาบาลห้างฉัตร","31","15","48.39"
"11157  :  โรงพยาบาลเมืองปาน","44","8","18.18"
"11512  :  โรงพยาบาลค่ายสุรศักดิ์มนตรี","0","0","0.00"
"12283  :  โรงพยาบาลมะเร็งลำปาง","0","0","0.00"
"10673  :  โรงพยาบาลอุตรดิตถ์","342","95","27.78"
"11158  :  โรงพยาบาลตรอน","33","15","45.45"
"11159  :  โรงพยาบาลท่าปลา","86","19","22.09"
"11160  :  โรงพยาบาลน้ำปาด","64","20","31.25"
"11161  :  โรงพยาบาลฟากท่า","36","5","13.89"
"11162  :  โรงพยาบาลบ้านโคก","32","6","18.75"
"11163  :  โรงพยาบาลพิชัย","103","33","32.04"
"11164  :  โรงพยาบาลลับแล","60","22","36.67"
"11165  :  โรงพยาบาลทองแสนขัน","64","9","14.06"
"11509  :  โรงพยาบาลค่ายพิชัยดาบหัก","0","0","0.00"
"10715  :  โรงพยาบาลแพร่","54","19","35.19"
"11166  :  โรงพยาบาลร้องกวาง","53","11","20.75"
"11167  :  โรงพยาบาลลอง","85","15","17.65"
"11169  :  โรงพยาบาลสูงเม่น","27","2","7.41"
"11170  :  โรงพยาบาลสอง","0","0","0.00"
"11171  :  โรงพยาบาลวังชิ้น","0","0","0.00"
"11172  :  โรงพยาบาลหนองม่วงไข่","6","1","16.67"
"11452  :  โรงพยาบาลสมเด็จพระยุพราชเด่นชัย","0","0","0.00"
"10716  :  โรงพยาบาลน่าน","0","0","0.00"
"11173  :  โรงพยาบาลแม่จริม","7","4","57.14"
"11174  :  โรงพยาบาลบ้านหลวง","28","8","28.57"
"11175  :  โรงพยาบาลนาน้อย","0","0","0.00"
"11176  :  โรงพยาบาลท่าวังผา","68","21","30.88"
"11177  :  โรงพยาบาลเวียงสา","182","47","25.82"
"11178  :  โรงพยาบาลทุ่งช้าง","62","11","17.74"
"11179  :  โรงพยาบาลเชียงกลาง","20","5","25.00"
"11180  :  โรงพยาบาลนาหมื่น","36","4","11.11"
"11181  :  โรงพยาบาลสันติสุข","49","16","32.65"
"11182  :  โรงพยาบาลบ่อเกลือ","0","0","0.00"
"11183  :  โรงพยาบาลสองแคว","17","6","35.29"
"11453  :  โรงพยาบาลสมเด็จพระยุพราชปัว","90","20","22.22"
"11510  :  โรงพยาบาลค่ายสุริยพงษ์","0","0","0.00"
"11625  :  โรงพยาบาลเฉลิมพระเกียรติ","13","1","7.69"
"25017  :  โรงพยาบาลภูเพียง","3","0","0.00"
"10717  :  โรงพยาบาลพะเยา","145","70","48.28"
"10718  :  โรงพยาบาลเชียงคำ","173","47","27.17"
"11184  :  โรงพยาบาลจุน","60","20","33.33"
"11185  :  โรงพยาบาลเชียงม่วน","78","35","44.87"
"11186  :  โรงพยาบาลดอกคำใต้","23","5","21.74"
"11187  :  โรงพยาบาลปง","39","12","30.77"
"11188  :  โรงพยาบาลแม่ใจ","86","32","37.21"
"15140  :  โรงพยาบาลค่ายขุนเจืองธรรมิกราช","0","0","0.00"
"40744  :  โรงพยาบาลภูซาง","2","1","50.00"
"40745  :  โรงพยาบาลภูกามยาว","0","0","0.00"
"41347  :  โรงพยาบาลมหาวิทยาลัยพะเยา","2","0","0.00"
"10674  :  โรงพยาบาลเชียงรายประชานุเคราะห์","312","141","45.19"
"11189  :  โรงพยาบาลเทิง","127","20","15.75"
"11190  :  โรงพยาบาลพาน","39","16","41.03"
"11191  :  โรงพยาบาลป่าแดด","51","7","13.73"
"11192  :  โรงพยาบาลแม่จัน","266","109","40.98"
"11193  :  โรงพยาบาลเชียงแสน","76","19","25.00"
"11194  :  โรงพยาบาลแม่สาย","314","100","31.85"
"11195  :  โรงพยาบาลแม่สรวย","133","29","21.80"
"11196  :  โรงพยาบาลเวียงป่าเป้า","56","22","39.29"
"11197  :  โรงพยาบาลพญาเม็งราย","91","13","14.29"
"11198  :  โรงพยาบาลเวียงแก่น","184","13","7.07"
"11199  :  โรงพยาบาลขุนตาล","77","10","12.99"
"11200  :  โรงพยาบาลแม่ฟ้าหลวง","194","38","19.59"
"11201  :  โรงพยาบาลแม่ลาว","74","17","22.97"
"11202  :  โรงพยาบาลเวียงเชียงรุ้ง","131","22","16.79"
"11454  :  โรงพยาบาลสมเด็จพระยุพราชเชียงของ","147","26","17.69"
"15012  :  โรงพยาบาลสมเด็จพระญาณสังวร","41","12","29.27"
"23429  :  โรงพยาบาลมหาวิทยาลัยแม่ฟ้าหลวง","0","0","0.00"
"28823  :  โรงพยาบาลดอยหลวง","107","14","13.08"
"41509  :  โรงพยาบาลศูนย์การแพทย์มหาวิทยาลัยแม่ฟ้าหลวง","0","0","0.00"
"10719  :  โรงพยาบาลศรีสังวาลย์","263","43","16.35"
"11203  :  โรงพยาบาลขุนยวม","53","4","7.55"
"11204  :  โรงพยาบาลปาย","138","46","33.33"
"11205  :  โรงพยาบาลแม่สะเรียง","281","122","43.42"
"11206  :  โรงพยาบาลแม่ลาน้อย","108","46","42.59"
"11207  :  โรงพยาบาลสบเมย","89","50","56.18"
"11208  :  โรงพยาบาลปางมะผ้า","107","20","18.69"
"14197  :  โรงพยาบาลธัญญรักษ์แม่ฮ่องสอน","0","0","0.00"
"10675  :  โรงพยาบาลสวรรค์ประชารักษ์","284","92","32.39"
"11209  :  โรงพยาบาลโกรกพระ","15","6","40.00"
"11210  :  โรงพยาบาลชุมแสง","80","31","38.75"
"11211  :  โรงพยาบาลหนองบัว","91","20","21.98"
"11212  :  โรงพยาบาลบรรพตพิสัย","61","28","45.90"
"11213  :  โรงพยาบาลเก้าเลี้ยว","13","5","38.46"
"11214  :  โรงพยาบาลตาคลี","44","14","31.82"
"11215  :  โรงพยาบาลท่าตะโก","72","35","48.61"
"11216  :  โรงพยาบาลไพศาลี","45","12","26.67"
"11217  :  โรงพยาบาลพยุหะคีรี","18","7","38.89"
"11218  :  โรงพยาบาลลาดยาว","92","37","40.22"
"11219  :  โรงพยาบาลตากฟ้า","78","20","25.64"
"11220  :  โรงพยาบาลแม่วงก์","19","1","5.26"
"11513  :  โรงพยาบาลค่ายจิรประวัติ","1","0","0.00"
"12030  :  โรงพยาบาลพริ้นซ์ ปากน้ำโพ 1 โรงพยาบาลทั่วไปขนาดใหญ่","0","0","0.00"
"12033  :  โรงพยาบาลรวมแพทย์นครสวรรค์","0","0","0.00"
"12034  :  โรงพยาบาลพริ้นซ์ ปากน้ำโพ 2 โรงพยาบาลทั่วไปขนาดใหญ่","0","0","0.00"
"12042  :  โรงพยาบาลร่มฉัตร","0","0","0.00"
"12044  :  โรงพยาบาลศรีสวรรค์","0","0","0.00"
"12284  :  โรงพยาบาลส่งเสริมสุขภาพ ศูนย์อนามัยที่ 3","922","201","21.80"
"14171  :  โรงพยาบาลจิตเวชนครสวรรค์ราชนครินทร์","0","0","0.00"
"40749  :  โรงพยาบาลชุมตาบง","0","0","0.00"
"10720  :  โรงพยาบาลอุทัยธานี","0","0","0.00"
"11221  :  โรงพยาบาลทัพทัน","176","76","43.18"
"11222  :  โรงพยาบาลสว่างอารมณ์","43","10","23.26"
"11223  :  โรงพยาบาลหนองฉาง","65","24","36.92"
"11224  :  โรงพยาบาลหนองขาหย่าง","7","1","14.29"
"11225  :  โรงพยาบาลบ้านไร่","130","24","18.46"
"11226  :  โรงพยาบาลลานสัก","43","10","23.26"
"11227  :  โรงพยาบาลห้วยคต","31","9","29.03"
"10721  :  โรงพยาบาลกำแพงเพชร","88","26","29.55"
"11228  :  โรงพยาบาลทุ่งโพธิ์ทะเล","87","8","9.20"
"11229  :  โรงพยาบาลไทรงาม","33","11","33.33"
"11230  :  โรงพยาบาลคลองลาน","329","39","11.85"
"11231  :  โรงพยาบาลขาณุวรลักษบุรี","319","135","42.32"
"11232  :  โรงพยาบาลคลองขลุง","73","17","23.29"
"11233  :  โรงพยาบาลพรานกระต่าย","221","49","22.17"
"11234  :  โรงพยาบาลลานกระบือ","85","15","17.65"
"11235  :  โรงพยาบาลทรายทองวัฒนา","136","70","51.47"
"11236  :  โรงพยาบาลปางศิลาทอง","33","15","45.45"
"14135  :  โรงพยาบาลบึงสามัคคี","46","22","47.83"
"28010  :  โรงพยาบาลโกสัมพีนคร","24","11","45.83"
"10722  :  โรงพยาบาลสมเด็จพระเจ้าตากสินมหาราช","143","24","16.78"
"10723  :  โรงพยาบาลแม่สอด","367","128","34.88"
"11238  :  โรงพยาบาลบ้านตาก","33","7","21.21"
"11239  :  โรงพยาบาลสามเงา","90","20","22.22"
"11240  :  โรงพยาบาลแม่ระมาด","306","122","39.87"
"11241  :  โรงพยาบาลท่าสองยาง","347","125","36.02"
"11242  :  โรงพยาบาลพบพระ","225","73","32.44"
"11243  :  โรงพยาบาลอุ้มผาง","177","30","16.95"
"27443  :  โรงพยาบาลวังเจ้า","19","5","26.32"
"10724  :  โรงพยาบาลสุโขทัย","176","25","14.20"
"10725  :  โรงพยาบาลศรีสังวรสุโขทัย","63","26","41.27"
"11244  :  โรงพยาบาลบ้านด่านลานหอย","5","1","20.00"
"11245  :  โรงพยาบาลคีรีมาศ","98","16","16.33"
"11246  :  โรงพยาบาลกงไกรลาศ","213","70","32.86"
"11247  :  โรงพยาบาลศรีสัชนาลัย","110","43","39.09"
"11248  :  โรงพยาบาลสวรรคโลก","110","60","54.55"
"11249  :  โรงพยาบาลศรีนคร","31","11","35.48"
"11250  :  โรงพยาบาลทุ่งเสลี่ยม","175","37","21.14"
"10676  :  โรงพยาบาลพุทธชินราช","29","14","48.28"
"11251  :  โรงพยาบาลชาติตระการ","31","11","35.48"
"11252  :  โรงพยาบาลบางระกำ","82","17","20.73"
"11253  :  โรงพยาบาลบางกระทุ่ม","90","15","16.67"
"11254  :  โรงพยาบาลพรหมพิราม","45","9","20.00"
"11255  :  โรงพยาบาลวัดโบสถ์","35","17","48.57"
"11256  :  โรงพยาบาลวังทอง","40","13","32.50"
"11257  :  โรงพยาบาลเนินมะปราง","37","8","21.62"
"11455  :  โรงพยาบาลสมเด็จพระยุพราชนครไทย","166","63","37.95"
"11517  :  โรงพยาบาลค่ายสมเด็จพระนเรศวร","1","1","100.00"
"14972  :  โรงพยาบาลมหาวิทยาลัยนเรศวร","208","56","26.92"
"41429  :  โรงพยาบาลจิตเวชพิษณุโลก","0","0","0.00"
"10726  :  โรงพยาบาลพิจิตร","58","27","46.55"
"11258  :  โรงพยาบาลวังทรายพูน","38","10","26.32"
"11259  :  โรงพยาบาลโพธิ์ประทับช้าง","61","12","19.67"
"11260  :  โรงพยาบาลบางมูลนาก","91","22","24.18"
"11261  :  โรงพยาบาลโพทะเล","77","23","29.87"
"11262  :  โรงพยาบาลสามง่าม","11","2","18.18"
"11263  :  โรงพยาบาลทับคล้อ","20","6","30.00"
"11456  :  โรงพยาบาลสมเด็จพระยุพราชตะพานหิน","157","45","28.66"
"11631  :  โรงพยาบาลวชิรบารมี","30","3","10.00"
"27978  :  โรงพยาบาลสากเหล็ก","17","3","17.65"
"27979  :  โรงพยาบาลบึงนาราง","36","17","47.22"
"27980  :  โรงพยาบาลดงเจริญ","14","3","21.43"
"10727  :  โรงพยาบาลเพชรบูรณ์","192","83","43.23"
"11264  :  โรงพยาบาลชนแดน","43","8","18.60"
"11265  :  โรงพยาบาลหล่มสัก","117","46","39.32"
"11266  :  โรงพยาบาลวิเชียรบุรี","145","37","25.52"
"11267  :  โรงพยาบาลศรีเทพ","145","25","17.24"
"11268  :  โรงพยาบาลหนองไผ่","125","36","28.80"
"11269  :  โรงพยาบาลบึงสามพัน","24","16","66.67"
"11270  :  โรงพยาบาลน้ำหนาว","25","1","4.00"
"11271  :  โรงพยาบาลวังโป่ง","83","29","34.94"
"11272  :  โรงพยาบาลเขาค้อ","0","0","0.00"
"11457  :  โรงพยาบาลสมเด็จพระยุพราชหล่มเก่า","80","16","20.00"
"11946  :  โรงพยาบาลค่ายพ่อขุนผาเมือง","0","0","0.00"
"10677  :  โรงพยาบาลราชบุรี","130","36","27.69"
"10728  :  โรงพยาบาลดำเนินสะดวก","249","25","10.04"
"10729  :  โรงพยาบาลบ้านโป่ง","484","65","13.43"
"10730  :  โรงพยาบาลโพธาราม","133","31","23.31"
"11273  :  โรงพยาบาลสวนผึ้ง","71","11","15.49"
"11274  :  โรงพยาบาลบางแพ","47","6","12.77"
"11275  :  โรงพยาบาลเจ็ดเสมียน","60","9","15.00"
"11276  :  โรงพยาบาลปากท่อ","47","3","6.38"
"11277  :  โรงพยาบาลวัดเพลง","49","4","8.16"
"11458  :  โรงพยาบาลสมเด็จพระยุพราชจอมบึง","99","23","23.23"
"11519  :  โรงพยาบาลค่ายภาณุรังษี","0","0","0.00"
"12093  :  สถานพยาบาลแพทย์ประดิษฐ์","0","0","0.00"
"12097  :  มหาชัยพร้อมแพทย์โรงพยาบาลทั่วไปขนาดกลาง","0","0","0.00"
"12098  :  โรงพยาบาลกรุงเทพเมืองราชโรงพยาบาลทั่วไปขนาดใหญ่","0","0","0.00"
"12103  :  โรงพยาบาลซานคามิลโล","0","0","0.00"
"12286  :  โรงพยาบาลส่งเสริมสุขภาพ ศูนย์อนามัยที่ 5","845","97","11.48"
"28858  :  โรงพยาบาลบ้านคา","49","4","8.16"
"10731  :  โรงพยาบาลพหลพลพยุหเสนา","321","145","45.17"
"10732  :  โรงพยาบาลมะการักษ์","182","25","13.74"
"11278  :  โรงพยาบาลไทรโยค","28","10","35.71"
"11279  :  โรงพยาบาลสมเด็จพระปิยมหาราชรมณียเขต","20","1","5.00"
"11280  :  โรงพยาบาลบ่อพลอย","83","33","39.76"
"11281  :  โรงพยาบาลท่ากระดาน","18","3","16.67"
"11282  :  โรงพยาบาลสมเด็จพระสังฆราชองค์ที่ ๑๙","182","38","20.88"
"11283  :  โรงพยาบาลทองผาภูมิ","163","70","42.94"
"11284  :  โรงพยาบาลสังขละบุรี","65","23","35.38"
"11285  :  โรงพยาบาลเจ้าคุณไพบูลย์พนมทวน","140","48","34.29"
"11286  :  โรงพยาบาลเลาขวัญ","64","30","46.88"
"11287  :  โรงพยาบาลด่านมะขามเตี้ย","0","0","0.00"
"11288  :  โรงพยาบาลสถานพระบารมี","82","23","28.05"
"11520  :  โรงพยาบาลค่ายสุรสีห์","102","13","12.75"
"14136  :  โรงพยาบาลศุกร์ศิริศรีสวัสดิ์","4","3","75.00"
"21948  :  โรงพยาบาลห้วยกระเจา เฉลิมพระเกียรติ 80 พรรษา","12","1","8.33"
"41701  :  โรงพยาบาลหนองปรือ","37","16","43.24"
"10678  :  โรงพยาบาลเจ้าพระยายมราช","126","61","48.41"
"10733  :  โรงพยาบาลสมเด็จพระสังฆราชองค์ที่17","324","85","26.23"
"11289  :  โรงพยาบาลเดิมบางนางบวช","105","19","18.10"
"11290  :  โรงพยาบาลด่านช้าง","152","47","30.92"
"11291  :  โรงพยาบาลบางปลาม้า","49","7","14.29"
"11292  :  โรงพยาบาลศรีประจันต์","72","10","13.89"
"11293  :  โรงพยาบาลดอนเจดีย์","76","14","18.42"
"11294  :  โรงพยาบาลสามชุก","64","2","3.13"
"11295  :  โรงพยาบาลอู่ทอง","186","45","24.19"
"11296  :  โรงพยาบาลหนองหญ้าไซ","96","16","16.67"
"12123  :  โรงพยาบาลวิภาวดี-ปิยราษฎร์","0","0","0.00"
"10679  :  โรงพยาบาลนครปฐม","0","0","0.00"
"11297  :  โรงพยาบาลกำแพงแสน","40","18","45.00"
"11298  :  โรงพยาบาลนครชัยศรี","24","11","45.83"
"11299  :  โรงพยาบาลห้วยพลู","46","18","39.13"
"11300  :  โรงพยาบาลดอนตูม","62","16","25.81"
"11301  :  โรงพยาบาลบางเลน","0","0","0.00"
"11302  :  โรงพยาบาลสามพราน","238","93","39.08"
"11303  :  โรงพยาบาลพุทธมณฑล","190","0","0.00"
"11473  :  โรงพยาบาลเมตตาประชารักษ์(วัดไร่ขิง)","0","0","0.00"
"11521  :  โรงพยาบาลจันทรุเบกษา","0","0","0.00"
"13819  :  โรงพยาบาลหลวงพ่อเปิ่น","66","11","16.67"
"10734  :  โรงพยาบาลสมุทรสาคร","0","0","0.00"
"11304  :  โรงพยาบาลกระทุ่มแบน","0","0","0.00"
"11305  :  โรงพยาบาลบ้านแพ้ว","9","4","44.44"
"12137  :  โรงพยาบาลทั่วไปขนาดเล็กเจษฎา","3","0","0.00"
"10735  :  โรงพยาบาลสมเด็จพระพุทธเลิศหล้า","208","35","16.83"
"11306  :  โรงพยาบาลนภาลัย","5","2","40.00"
"11307  :  โรงพยาบาลอัมพวา","0","0","0.00"
"10736  :  โรงพยาบาลพระจอมเกล้า","0","0","0.00"
"11308  :  โรงพยาบาลเขาย้อย","55","4","7.27"
"11309  :  โรงพยาบาลหนองหญ้าปล้อง","40","8","20.00"
"11310  :  โรงพยาบาลชะอำ","190","41","21.58"
"11311  :  โรงพยาบาลท่ายาง","115","31","26.96"
"11312  :  โรงพยาบาลบ้านลาด","98","12","12.24"
"11313  :  โรงพยาบาลบ้านแหลม","98","21","21.43"
"11314  :  โรงพยาบาลแก่งกระจาน","0","0","0.00"
"10737  :  โรงพยาบาลประจวบคีรีขันธ์","171","49","28.65"
"11315  :  โรงพยาบาลกุยบุรี","2","0","0.00"
"11316  :  โรงพยาบาลทับสะแก","115","27","23.48"
"11317  :  โรงพยาบาลบางสะพาน","165","41","24.85"
"11318  :  โรงพยาบาลบางสะพานน้อย","36","10","27.78"
"11319  :  โรงพยาบาลปราณบุรี","226","47","20.80"
"11320  :  โรงพยาบาลหัวหิน","0","0","0.00"
"11321  :  โรงพยาบาลสามร้อยยอด","192","25","13.02"
"11500  :  โรงพยาบาลกองบิน 5","0","0","0.00"
"11522  :  โรงพยาบาลค่ายธนะรัชต์","0","0","0.00"
"12471  :  สถานีกาชาดหัวหินเฉลิมพระเกียรติ","118","16","13.56"
"10680  :  โรงพยาบาลมหาราชนครศรีธรรมราช","179","58","32.40"
"11322  :  โรงพยาบาลพรหมคีรี","81","15","18.52"
"11324  :  โรงพยาบาลลานสะกา","14","2","14.29"
"11325  :  โรงพยาบาลสมเด็จพระยุพราชฉวาง","113","23","20.35"
"11326  :  โรงพยาบาลพิปูน","17","2","11.76"
"11327  :  โรงพยาบาลเชียรใหญ่","67","18","26.87"
"11328  :  โรงพยาบาลชะอวด","51","8","15.69"
"11329  :  โรงพยาบาลท่าศาลา","513","138","26.90"
"11330  :  โรงพยาบาลทุ่งสง","255","95","37.25"
"11331  :  โรงพยาบาลนาบอน","8","2","25.00"
"11332  :  โรงพยาบาลทุ่งใหญ่","230","79","34.35"
"11333  :  โรงพยาบาลปากพนัง","312","106","33.97"
"11334  :  โรงพยาบาลร่อนพิบูลย์","62","22","35.48"
"11335  :  โรงพยาบาลสิชล","331","80","24.17"
"11336  :  โรงพยาบาลขนอม","20","6","30.00"
"11337  :  โรงพยาบาลหัวไทร","133","20","15.04"
"11338  :  โรงพยาบาลบางขัน","169","61","36.09"
"11339  :  โรงพยาบาลถ้ำพรรณรา","32","15","46.88"
"11523  :  โรงพยาบาลค่ายวชิราวุธ","40","7","17.50"
"11660  :  โรงพยาบาลจุฬาภรณ์","73","32","43.84"
"12287  :  โรงพยาบาลส่งเสริมสุขภาพ ศูนย์อนามัยที่ 11","0","0","0.00"
"12472  :  สถานีกาชาดสิริธร (สถานีกาชาดที่ 12 ทุ่งสง)","18","2","11.11"
"14918  :  โรงพยาบาลค่ายเทพสตรีศรีสุนทร","27","4","14.81"
"21771  :  โรงพยาบาลเทศบาลนครนครศรีธรรมราช","416","95","22.84"
"40491  :  โรงพยาบาลเฉลิมพระเกียรติ","53","18","33.96"
"40492  :  โรงพยาบาลพ่อท่านคล้ายวาจาสิทธิ์","17","6","35.29"
"40742  :  โรงพยาบาลนบพิตำ","40","22","55.00"
"40743  :  โรงพยาบาลพระพรหม","129","34","26.36"
"40970  :  โรงพยาบาลศูนย์การแพทย์มหาวิทยาลัยวลัยลักษณ์","0","0","0.00"
"10738  :  โรงพยาบาลกระบี่","0","0","0.00"
"11340  :  โรงพยาบาลเขาพนม","97","38","39.18"
"11341  :  โรงพยาบาลเกาะลันตา","129","51","39.53"
"11342  :  โรงพยาบาลคลองท่อม","94","35","37.23"
"11343  :  โรงพยาบาลอ่าวลึก","14","1","7.14"
"11344  :  โรงพยาบาลปลายพระยา","0","0","0.00"
"11345  :  โรงพยาบาลลำทับ","90","51","56.67"
"11346  :  โรงพยาบาลเหนือคลอง","27","14","51.85"
"77753  :  โรงพยาบาลเกาะพีพี","0","0","0.00"
"10739  :  โรงพยาบาลพังงา","0","0","0.00"
"10740  :  โรงพยาบาลตะกั่วป่า","51","17","33.33"
"11347  :  โรงพยาบาลเกาะยาวชัยพัฒน์","52","9","17.31"
"11348  :  โรงพยาบาลกะปงชัยพัฒน์","33","6","18.18"
"11349  :  โรงพยาบาลตะกั่วทุ่ง","23","4","17.39"
"11350  :  โรงพยาบาลบางไทร","1","0","0.00"
"11352  :  โรงพยาบาลคุระบุรีชัยพัฒน์","69","8","11.59"
"11353  :  โรงพยาบาลทับปุด","14","8","57.14"
"11354  :  โรงพยาบาลท้ายเหมืองชัยพัฒน์","59","27","45.76"
"10741  :  โรงพยาบาลวชิระภูเก็ต","240","74","30.83"
"11355  :  โรงพยาบาลป่าตอง","259","76","29.34"
"11356  :  โรงพยาบาลถลาง","188","50","26.60"
"24678  :  โรงพยาบาลองค์การบริหารส่วนจังหวัดภูเก็ต","18","3","16.67"
"41436  :  โรงพยาบาลฉลอง","61","15","24.59"
"09192  :  โรงพยาบาลเกาะเต่า","1","0","0.00"
"10681  :  โรงพยาบาลสุราษฎร์ธานี","225","107","47.56"
"10742  :  โรงพยาบาลเกาะสมุย","301","102","33.89"
"11357  :  โรงพยาบาลกาญจนดิษฐ์","138","39","28.26"
"11358  :  โรงพยาบาลดอนสัก","99","29","29.29"
"11359  :  โรงพยาบาลเกาะพงัน","72","14","19.44"
"11360  :  โรงพยาบาลไชยา","184","58","31.52"
"11361  :  โรงพยาบาลท่าชนะ","85","12","14.12"
"11362  :  โรงพยาบาลคีรีรัฐนิคม","59","15","25.42"
"11363  :  โรงพยาบาลบ้านตาขุน","99","21","21.21"
"11364  :  โรงพยาบาลพนม","77","23","29.87"
"11365  :  โรงพยาบาลท่าฉาง","79","11","13.92"
"11366  :  โรงพยาบาลบ้านนาสาร","148","41","27.70"
"11367  :  โรงพยาบาลบ้านนาเดิม","101","25","24.75"
"11368  :  โรงพยาบาลเคียนซา","165","63","38.18"
"11369  :  โรงพยาบาลพระแสง","140","84","60.00"
"11370  :  โรงพยาบาลพุนพิน","170","34","20.00"
"11371  :  โรงพยาบาลชัยบุรี","63","20","31.75"
"11459  :  โรงพยาบาลสมเด็จพระยุพราชเวียงสระ","90","51","56.67"
"11654  :  โรงพยาบาลวิภาวดี","77","23","29.87"
"12289  :  โรงพยาบาลสวนสราญรมย์","0","0","0.00"
"14138  :  โรงพยาบาลท่าโรงช้าง","117","43","36.75"
"14203  :  โรงพยาบาลมะเร็งสุราษฎร์ธานี","0","0","0.00"
"14862  :  โรงพยาบาลกองบิน7","0","0","0.00"
"14901  :  โรงพยาบาลค่ายวิภาวดีรังสิต","0","0","0.00"
"40915  :  สถาบันสุขภาพจิตเด็กและวัยรุ่นภาคใต้","0","0","0.00"
"10743  :  โรงพยาบาลระนอง","122","39","31.97"
"11323  :  โรงพยาบาลละอุ่น","17","2","11.76"
"11372  :  โรงพยาบาลกะเปอร์","46","9","19.57"
"11373  :  โรงพยาบาลกระบุรี","49","18","36.73"
"11374  :  โรงพยาบาลสุขสำราญ","54","28","51.85"
"10744  :  โรงพยาบาลชุมพรเขตรอุดมศักดิ์","290","101","34.83"
"11375  :  โรงพยาบาลปากน้ำชุมพร","83","20","24.10"
"11376  :  โรงพยาบาลท่าแซะ","58","7","12.07"
"11377  :  โรงพยาบาลปะทิว","29","9","31.03"
"11378  :  โรงพยาบาลมาบอำมฤต","29","0","0.00"
"11379  :  โรงพยาบาลหลังสวน","146","32","21.92"
"11380  :  โรงพยาบาลปากน้ำหลังสวน","21","4","19.05"
"11381  :  โรงพยาบาลละแม","85","23","27.06"
"11382  :  โรงพยาบาลพะโต๊ะ","116","39","33.62"
"11383  :  โรงพยาบาลสวี","92","18","19.57"
"11385  :  โรงพยาบาลทุ่งตะโก","23","10","43.48"
"11525  :  โรงพยาบาลค่ายเขตอุดมศักดิ์","0","0","0.00"
"10682  :  โรงพยาบาลหาดใหญ่","237","139","58.65"
"10745  :  โรงพยาบาลสงขลา","0","0","0.00"
"11386  :  โรงพยาบาลสทิงพระ","19","6","31.58"
"11387  :  โรงพยาบาลจะนะ","18","8","44.44"
"11388  :  โรงพยาบาลสมเด็จพระบรมราชินีนาถ ณ  อำเภอนาทวี","109","55","50.46"
"11390  :  โรงพยาบาลเทพา","74","26","35.14"
"11391  :  โรงพยาบาลสะบ้าย้อย","85","55","64.71"
"11392  :  โรงพยาบาลระโนด","37","18","48.65"
"11393  :  โรงพยาบาลกระแสสินธุ์","0","0","0.00"
"11394  :  โรงพยาบาลรัตภูมิ","52","22","42.31"
"11395  :  โรงพยาบาลสะเดา","77","28","36.36"
"11396  :  โรงพยาบาลนาหม่อม","24","4","16.67"
"11397  :  โรงพยาบาลควนเนียง","11","4","36.36"
"11398  :  โรงพยาบาลปาดังเบซาร์","44","20","45.45"
"11399  :  โรงพยาบาลบางกล่ำ","13","5","38.46"
"11400  :  โรงพยาบาลสิงหนคร","0","0","0.00"
"11401  :  โรงพยาบาลคลองหอยโข่ง","127","53","41.73"
"12290  :  โรงพยาบาลจิตเวชสงขลาราชนครินทร์","0","0","0.00"
"14194  :  โรงพยาบาลธัญญารักษ์สงขลา","0","0","0.00"
"10746  :  โรงพยาบาลสตูล","230","64","27.83"
"11402  :  โรงพยาบาลควนโดน","148","57","38.51"
"11403  :  โรงพยาบาลควนกาหลง","51","21","41.18"
"11404  :  โรงพยาบาลท่าแพ","82","28","34.15"
"11405  :  โรงพยาบาลละงู","74","22","29.73"
"11406  :  โรงพยาบาลทุ่งหว้า","90","19","21.11"
"28786  :  โรงพยาบาลมะนัง","80","26","32.50"
"10683  :  โรงพยาบาลตรัง","282","65","23.05"
"11407  :  โรงพยาบาลกันตัง","115","35","30.43"
"11408  :  โรงพยาบาลย่านตาขาว","115","33","28.70"
"11409  :  โรงพยาบาลปะเหลียน","79","43","54.43"
"11410  :  โรงพยาบาลสิเกา","96","31","32.29"
"11411  :  โรงพยาบาลห้วยยอด","95","29","30.53"
"11412  :  โรงพยาบาลวังวิเศษ","95","44","46.32"
"11413  :  โรงพยาบาลนาโยง","79","26","32.91"
"12226  :  โรงพยาบาลวัฒนแพทย์","0","0","0.00"
"12230  :  โรงพยาบาล ทีอาร์พีเอช โรงพยาบาลทั่วไปขนาดใหญ่","0","0","0.00"
"13755  :  โรงพยาบาลโรคผิวหนังเขตร้อนภาคใต้ จังหวัดตรัง","0","0","0.00"
"14139  :  โรงพยาบาลรัษฎา","63","21","33.33"
"28817  :  โรงพยาบาลหาดสำราญเฉลิมพระเกียรติ 80 พรรษา","16","6","37.50"
"10747  :  โรงพยาบาลพัทลุง","598","1","0.17"
"11414  :  โรงพยาบาลกงหรา","44","19","43.18"
"11415  :  โรงพยาบาลเขาชัยสน","17","5","29.41"
"11416  :  โรงพยาบาลตะโหมด","73","25","34.25"
"11417  :  โรงพยาบาลควนขนุน","48","27","56.25"
"11418  :  โรงพยาบาลปากพะยูน","29","12","41.38"
"11419  :  โรงพยาบาลศรีบรรพต","42","10","23.81"
"11420  :  โรงพยาบาลป่าบอน","49","14","28.57"
"11421  :  โรงพยาบาลบางแก้ว","27","9","33.33"
"11422  :  โรงพยาบาลป่าพะยอม","36","14","38.89"
"24673  :  โรงพยาบาลศรีนครินทร์(ปัญญานันทภิขุ)","28","7","25.00"
"10748  :  โรงพยาบาลปัตตานี","91","30","32.97"
"11423  :  โรงพยาบาลโคกโพธิ์","85","32","37.65"
"11424  :  โรงพยาบาลหนองจิก","169","53","31.36"
"11425  :  โรงพยาบาลปะนาเระ","77","23","29.87"
"11426  :  โรงพยาบาลมายอ","115","31","26.96"
"11427  :  โรงพยาบาลทุ่งยางแดง","74","45","60.81"
"11428  :  โรงพยาบาลไม้แก่น","12","8","66.67"
"11429  :  โรงพยาบาลยะหริ่ง","133","61","45.86"
"11430  :  โรงพยาบาลยะรัง","127","57","44.88"
"11431  :  โรงพยาบาลแม่ลาน","33","19","57.58"
"11460  :  โรงพยาบาลสมเด็จพระยุพราชสายบุรี","29","15","51.72"
"11464  :  โรงพยาบาลกะพ้อ","39","15","38.46"
"11529  :  โรงพยาบาลค่ายอิงคยุทธบริหาร","0","0","0.00"
"14195  :  โรงพยาบาลธัญญรักษ์ปัตตานี","0","0","0.00"
"10684  :  โรงพยาบาลยะลา","161","47","29.19"
"10749  :  โรงพยาบาลเบตง","105","31","29.52"
"11432  :  โรงพยาบาลบันนังสตา","82","40","48.78"
"11433  :  โรงพยาบาลธารโต","71","22","30.99"
"11434  :  โรงพยาบาลรามัน","120","56","46.67"
"11461  :  โรงพยาบาลสมเด็จพระยุพราชยะหา","79","34","43.04"
"12238  :  โรงพยาบาลสิโรรส","0","0","0.00"
"13806  :  โรงพยาบาลกาบัง","45","21","46.67"
"14663  :  โรงพยาบาลส่งเสริมสุขภาพ ศูนย์อนามัยที่ 12","24","11","45.83"
"24689  :  โรงพยาบาลกรงปินัง","66","46","69.70"
"10750  :  โรงพยาบาลนราธิวาสราชนครินทร์","289","100","34.60"
"10751  :  โรงพยาบาลสุไหงโก-ลก","47","25","53.19"
"11435  :  โรงพยาบาลตากใบ","172","13","7.56"
"11436  :  โรงพยาบาลบาเจาะ","31","14","45.16"
"11437  :  โรงพยาบาลระแงะ","326","92","28.22"
"11438  :  โรงพยาบาลรือเสาะ","209","83","39.71"
"11439  :  โรงพยาบาลศรีสาคร","93","55","59.14"
"11440  :  โรงพยาบาลแว้ง","79","32","40.51"
"11441  :  โรงพยาบาลสุคิริน","23","9","39.13"
"11442  :  โรงพยาบาลสุไหงปาดี","170","76","44.71"
"13818  :  โรงพยาบาลจะแนะ","13","7","53.85"
"15010  :  โรงพยาบาลเจาะไอร้อง","73","16","21.92"
"23771  :  โรงพยาบาลยี่งอเฉลิมพระเกียรติ 80 พรรษา","95","44","46.32"