"โรงพยาบาล","โรคเบาหวาน","โรคความดันโลหิตสูง"
"จำนวนผู้ป่วย","ควบคุมได้ดี","ร้อยละ","จำนวนผู้ป่วย","ควบคุมได้ดี","ร้อยละ"
"11468  :  ทัณฑสถานโรงพยาบาลราชทัณฑ์","0","0","0.00","0","0","0.00"
"11469  :  โรงพยาบาลเลิดสิน","0","0","0.00","0","0","0.00"
"11470  :  โรงพยาบาลนพรัตนราชธานี","0","0","0.00","0","0","0.00"
"11471  :  โรงพยาบาลสงฆ์","0","0","0.00","0","0","0.00"
"11472  :  โรงพยาบาลราชวิถี","0","0","0.00","0","0","0.00"
"11477  :  โรงพยาบาลทหารผ่านศึก","0","0","0.00","0","0","0.00"
"11478  :  โรงพยาบาลสมเด็จพระปิ่นเกล้า","0","0","0.00","0","0","0.00"
"11481  :  โรงพยาบาลพระมงกุฎเกล้า","0","0","0.00","0","0","0.00"
"11482  :  โรงพยาบาลภูมิพลอดุลยเดช","0","0","0.00","0","0","0.00"
"11532  :  โรงพยาบาลสวนเบญจกิติเฉลิมพระเกียรติ84พรรษา","0","0","0.00","0","0","0.00"
"11534  :  โรงพยาบาลบุรฉัตรไชยากร (รถไฟ)","0","0","0.00","0","0","0.00"
"11535  :  คณะแพทย์ศาสตร์วชิรพยาบาล มหาวิทยาลัยกรุงเทพมหานคร","0","0","0.00","0","0","0.00"
"11536  :  โรงพยาบาลเวชการุณย์รัศมิ์","0","0","0.00","0","0","0.00"
"11537  :  โรงพยาบาลกลาง","0","0","0.00","0","0","0.00"
"11538  :  โรงพยาบาลลาดกระบังกรุงเทพมหานคร","0","0","0.00","0","0","0.00"
"11539  :  โรงพยาบาลตากสิน","0","0","0.00","0","0","0.00"
"11540  :  โรงพยาบาลหลวงพ่อทวีศักดิ์ฯ ชุตินธโร อุทิศ","0","0","0.00","0","0","0.00"
"11541  :  โรงพยาบาลเจริญกรุงประชารักษ์","0","0","0.00","0","0","0.00"
"11546  :  โรงพยาบาลบี เอ็น เอช","0","0","0.00","0","0","0.00"
"11548  :  โรงพยาบาลกรุงเทพคริสเตียน","0","0","0.00","0","0","0.00"
"11552  :  โรงพยาบาลมเหสักข์","0","0","0.00","0","0","0.00"
"11559  :  สถานพยาบาลชินเขตงามวงศ์วาน","0","0","0.00","0","0","0.00"
"11560  :  โรงพยาบาลทั่วไปขนาดใหญ่เปาโล เกษตร","0","0","0.00","0","0","0.00"
"11565  :  โรงพยาบาลรามคำแหง","0","0","0.00","0","0","0.00"
"11581  :  โรงพยาบาลผู้สูงอายุขนาดกลางกล้วยน้ำไท 2","0","0","0.00","0","0","0.00"
"11583  :  โรงพยาบาลกล้วยน้ำไท","0","0","0.00","0","0","0.00"
"11592  :  โรงพยาบาลบางนา1","0","0","0.00","0","0","0.00"
"11595  :  นวมินทร์โรงพยาบาลทั่วไปขนาดใหญ่","0","0","0.00","0","0","0.00"
"11597  :  สถาบันกัลยาณ์ราชนครินทร์","0","0","0.00","0","0","0.00"
"11600  :  โรงพยาบาลเซนต์หลุยส์","0","0","0.00","0","0","0.00"
"11603  :  โรงพยาบาลเทียนฟ้ามูลนิธิโรงพยาบาลทั่วไปขนาดกลาง","0","0","0.00","0","0","0.00"
"11607  :  โรงพยาบาลเปาโลเมโมเรียล","0","0","0.00","0","0","0.00"
"11609  :  โรงพยาบาลพญาไท 2","0","0","0.00","0","0","0.00"
"11616  :  โรงพยาบาลสมิติเวชธนบุรี","0","0","0.00","0","0","0.00"
"11621  :  โรงพยาบาลบางไผ่","0","0","0.00","0","0","0.00"
"11626  :  โรงพยาบาลคลองตัน","0","0","0.00","0","0","0.00"
"11628  :  โรงพยาบาลพระราม 9","0","0","0.00","0","0","0.00"
"11629  :  โรงพยาบาลเพชรเวช","0","0","0.00","0","0","0.00"
"11640  :  โรงพยาบาลธนบุรี 2","0","0","0.00","0","0","0.00"
"11641  :  โรงพยาบาลทั่วไปขนาดกลางโรงพยาบาลวิชัยเวช แยกไฟฉาย","0","0","0.00","0","0","0.00"
"11644  :  โรงพยาบาลเจ้าพระยา","0","0","0.00","0","0","0.00"
"11645  :  โรงพยาบาลทั่วไปขนาดใหญ่ธนบุรี","0","0","0.00","0","0","0.00"
"11656  :  โรงพยาบาลเกษมราษฎร์ บางแค","0","0","0.00","0","0","0.00"
"11661  :  โรงพยาบาลวิชัยเวช อินเตอร์เนชั่นแนล หนองแขม","0","0","0.00","0","0","0.00"
"11667  :  โรงพยาบาลประชาพัฒน์","0","0","0.00","0","0","0.00"
"11668  :  โรงพยาบาลสุขสวัสดิ์","0","0","0.00","0","0","0.00"
"11669  :  โรงพยาบาลราษฏร์บูรณะ","0","0","0.00","0","0","0.00"
"11670  :  โรงพยาบาลบางปะกอก 1","0","0","0.00","0","0","0.00"
"11676  :  โรงพยาบาลยันฮี","0","0","0.00","0","0","0.00"
"11686  :  โรงพยาบาลบางโพ","0","0","0.00","0","0","0.00"
"11687  :  โรงพยาบาลเกษมราษฎร์ประชาชื่น","0","0","0.00","0","0","0.00"
"11691  :  โรงพยาบาลวิภาวดี","0","0","0.00","0","0","0.00"
"11694  :  โรงพยาบาลจักษุรัตนิน","0","0","0.00","0","0","0.00"
"11697  :  โรงพยาบาลคามิลเลียน","0","0","0.00","0","0","0.00"
"11699  :  โรงพยาบาลบำรุงราษฎร์","0","0","0.00","0","0","0.00"
"11703  :  โรงพยาบาลแพทย์ปัญญา","0","0","0.00","0","0","0.00"
"11708  :  โรงพยาบาลบางมดโรงพยาบาลทั่วไปขนาดใหญ่","0","0","0.00","0","0","0.00"
"11715  :  โรงพยาบาลพญาไท 1","0","0","0.00","0","0","0.00"
"11721  :  โรงพยาบาลเปาโลเมโมเรียล โชคชัย 4","0","0","0.00","0","0","0.00"
"11729  :  โรงพยาบาลลาดพร้าว","0","0","0.00","0","0","0.00"
"11730  :  โรงพยาบาลไทยนครินทร์","0","0","0.00","0","0","0.00"
"11750  :  โรงพยาบาลหัวเฉียวโรงพยาบาลทั่วไปขนาดใหญ่","0","0","0.00","0","0","0.00"
"11811  :  โรงพยาบาลสมิติเวช","0","0","0.00","0","0","0.00"
"12243  :  สถาบันพัฒนาสุขภาวะเขตเมือง","0","0","0.00","0","0","0.00"
"12244  :  สถาบันจิตเวชศาสตร์สมเด็จเจ้าพระยา","2","1","50.00","5","0","0.00"
"12246  :  สถาบันราชานุกูล","3","0","0.00","2","0","0.00"
"12249  :  สถาบันโรคผิวหนัง","1","0","0.00","0","0","0.00"
"12250  :  สถาบันมะเร็งแห่งชาติ","0","0","0.00","0","0","0.00"
"12438  :  สถาบันสุขภาพเด็กแห่งชาติมหาราชินี","0","0","0.00","0","0","0.00"
"12439  :  สถาบันประสาทวิทยา","0","0","0.00","0","0","0.00"
"13756  :  โรงพยาบาลจุฬาลงกรณ์สภากาชาดไทย","0","0","0.00","0","0","0.00"
"13757  :  โรงพยาบาลเวชศาสตร์เขตร้อน มหาวิทยาลัยมหิดล","0","0","0.00","0","0","0.00"
"13814  :  โรงพยาบาลศิริราช","0","0","0.00","0","0","0.00"
"14173  :  โรงพยาบาลตำรวจ","0","0","0.00","0","0","0.00"
"14572  :  โรงพยาบาลบี.แคร์.เมดิคอลเซ็นเตอร์","0","0","0.00","0","0","0.00"
"14574  :  โรงพยาบาลพญาไท 3","0","0","0.00","0","0","0.00"
"14577  :  โรงพยาบาลวิภาราม","0","0","0.00","0","0","0.00"
"14641  :  โรงพยาบาลราชพิพัฒน์","0","0","0.00","0","0","0.00"
"14908  :  โรงพยาบาลการุญเวช สุขาภิบาล3","0","0","0.00","0","0","0.00"
"15049  :  โรงพยาบาลสิรินธร","0","0","0.00","0","0","0.00"
"15147  :  โรงพยาบาลบางปะกอก 8 โรงพยาบาลทั่วไปขนาดใหญ่","0","0","0.00","0","0","0.00"
"21673  :  โรงพยาบาลซีจีเอช สายไหม โรงพยาบาลทั่วไปขนาดใหญ่","0","0","0.00","0","0","0.00"
"22155  :  โรงพยาบาลครู","0","0","0.00","0","0","0.00"
"22737  :  โรงพยาบาลจุฬาภรณ์","0","0","0.00","0","0","0.00"
"23762  :  โรงพยาบาลนวุติสมเด็จย่า","0","0","0.00","0","0","0.00"
"23781  :  นวมินทร์ 9โรงพยาบาลทั่วไปขนาดใหญ่","0","0","0.00","0","0","0.00"
"23783  :  โรงพยาบาลเสรีรักษ์","0","0","0.00","0","0","0.00"
"24085  :  สถาบันวิจัยการแพทย์แผนไทย","0","0","0.00","0","0","0.00"
"24748  :  โรงพยาบาลศิริราช ปิยมหาราชการุณย์","0","0","0.00","0","0","0.00"
"25015  :  โรงพยาบาลทั่วไปขนาดใหญ่มิตรประชา","0","0","0.00","0","0","0.00"
"25060  :  โรงพยาบาลผู้สูงอายุบางขุนเทียน","0","0","0.00","0","0","0.00"
"41329  :  โรงพยาบาลเฉพาะประเภทผู้ป่วยสูงอายุ เฌ้อสเซอรี่โฮมขนาดเล็ก","0","0","0.00","0","0","0.00"
"41414  :  โรงพยาบาลทหารอากาศ (สีกัน)","0","0","0.00","0","0","0.00"
"77665  :  โรงพยาบาลการแพทย์แผนไทยและการแพทย์ผสมผสาน","0","0","0.00","0","0","0.00"
"10685  :  โรงพยาบาลสมุทรปราการ","9","1","11.11","9","0","0.00"
"10752  :  โรงพยาบาลบางบ่อ","0","0","0.00","0","0","0.00"
"10753  :  โรงพยาบาลบางพลี","0","0","0.00","0","0","0.00"
"10754  :  โรงพยาบาลบางจาก","736","175","23.78","1,304","411","31.52"
"10755  :  โรงพยาบาลพระสมุทรเจดีย์สวาทยานนท์","863","166","19.24","1,751","480","27.41"
"11769  :  โรงพยาบาลเซ็นทรัลปาร์ค","745","140","18.79","1,422","345","24.26"
"11775  :  โรงพยาบาลเมืองสมุทรปู่เจ้าสมิงพราย","0","0","0.00","0","0","0.00"
"12251  :  โรงพยาบาลยุวประสาทไวทโยปถัมภ์","0","0","0.00","0","0","0.00"
"15138  :  โรงพยาบาลเมืองสมุทรบางปูโรงพยาบาลทั่วไปขนาดเล็ก","773","22","2.85","1,331","243","18.26"
"28785  :  โรงพยาบาลบางเสาธง","235","31","13.19","452","135","29.87"
"10686  :  โรงพยาบาลพระนั่งเกล้า","0","0","0.00","0","0","0.00"
"10756  :  โรงพยาบาลบางกรวย","404","94","23.27","789","126","15.97"
"10757  :  โรงพยาบาลบางใหญ่","430","184","42.79","915","416","45.46"
"10758  :  โรงพยาบาลบางบัวทอง","413","165","39.95","896","255","28.46"
"10759  :  โรงพยาบาลไทรน้อย","1,009","264","26.16","2,267","971","42.83"
"10760  :  โรงพยาบาลปากเกร็ด","1,261","295","23.39","2,643","830","31.40"
"11781  :  โรงพยาบาลนนทเวช","0","0","0.00","0","0","0.00"
"11786  :  โรงพยาบาลอนันต์พัฒนา 2","0","0","0.00","0","0","0.00"
"11787  :  โรงพยาบาลเกษมราษฎร์อินเตอร์เนชั่นแนล รัตนาธิเบศร์โรงพยาบาลทั่วไปขนาดใหญ่","0","0","0.00","0","0","0.00"
"12256  :  สถาบันโรคทรวงอก","0","0","0.00","0","0","0.00"
"12257  :  สถาบันบำราศนราดูร","0","0","0.00","0","0","0.00"
"12258  :  สถาบันสิรินธรเพื่อการฟื้นฟูสมรรถภาพทางการแพทย์แห่งชาติ","0","0","0.00","0","0","0.00"
"12260  :  โรงพยาบาลศรีธัญญา","0","0","0.00","0","0","0.00"
"13815  :  ศูนย์การแพทย์ปัญญานันทภิกขุ ชลประทาน มหาวิทยาลัยศรีนครินทรวิโรฒ","92","27","29.35","168","13","7.74"
"22127  :  โรงพยาบาลชลลดา","0","0","0.00","0","0","0.00"
"28875  :  โรงพยาบาลบางบัวทอง ๒","217","39","17.97","412","79","19.17"
"10687  :  โรงพยาบาลปทุมธานี","0","0","0.00","0","0","0.00"
"10761  :  โรงพยาบาลคลองหลวง","333","130","39.04","460","207","45.00"
"10762  :  โรงพยาบาลธัญบุรี","514","245","47.67","1,003","698","69.59"
"10763  :  โรงพยาบาลประชาธิปัตย์","531","138","25.99","947","579","61.14"
"10764  :  โรงพยาบาลหนองเสือ","305","125","40.98","592","324","54.73"
"10765  :  โรงพยาบาลลาดหลุมแก้ว","329","78","23.71","623","297","47.67"
"10766  :  โรงพยาบาลลำลูกกา","0","0","0.00","0","0","0.00"
"10767  :  โรงพยาบาลสามโคก","243","62","25.51","501","213","42.51"
"12262  :  สถาบันบำบัดรักษาและฟื้นฟูผู้ติดยาเสพติดแห่งชาติบรมราชชนนี","0","0","0.00","0","0","0.00"
"14923  :  โรงพยาบาลมหาวชิราลงกรณ ธัญบุรี","0","0","0.00","0","0","0.00"
"10660  :  โรงพยาบาลพระนครศรีอยุธยา","0","0","0.00","0","0","0.00"
"10688  :  โรงพยาบาลเสนา","215","50","23.26","515","123","23.88"
"10768  :  โรงพยาบาลท่าเรือ","886","65","7.34","1,898","759","39.99"
"10769  :  โรงพยาบาลสมเด็จพระสังฆราชเจ้า กรมหลวงชินวราลงกรณ (วาสนมหาเถร)","232","92","39.66","503","262","52.09"
"10770  :  โรงพยาบาลบางไทร","329","93","28.27","648","358","55.25"
"10771  :  โรงพยาบาลบางบาล","183","40","21.86","358","98","27.37"
"10772  :  โรงพยาบาลบางปะอิน","522","101","19.35","1,170","448","38.29"
"10773  :  โรงพยาบาลบางปะหัน","199","78","39.20","405","149","36.79"
"10774  :  โรงพยาบาลผักไห่","138","61","44.20","317","113","35.65"
"10775  :  โรงพยาบาลภาชี","478","185","38.70","986","401","40.67"
"10776  :  โรงพยาบาลลาดบัวหลวง","137","42","30.66","289","111","38.41"
"10777  :  โรงพยาบาลวังน้อย","355","173","48.73","649","397","61.17"
"10778  :  โรงพยาบาลบางซ้าย","245","38","15.51","613","229","37.36"
"10779  :  โรงพยาบาลอุทัย","82","18","21.95","156","35","22.44"
"10780  :  โรงพยาบาลมหาราช","135","18","13.33","309","99","32.04"
"10781  :  โรงพยาบาลบ้านแพรก","111","57","51.35","315","152","48.25"
"10689  :  โรงพยาบาลอ่างทอง","138","71","51.45","339","174","51.33"
"10782  :  โรงพยาบาลไชโย","211","66","31.28","458","242","52.84"
"10784  :  โรงพยาบาลป่าโมก","365","81","22.19","788","346","43.91"
"10785  :  โรงพยาบาลโพธิ์ทอง","321","115","35.83","613","310","50.57"
"10786  :  โรงพยาบาลแสวงหา","555","233","41.98","1,326","792","59.73"
"10787  :  โรงพยาบาลวิเศษชัยชาญ","455","141","30.99","959","456","47.55"
"10788  :  โรงพยาบาลสามโก้","226","70","30.97","452","229","50.66"
"10690  :  โรงพยาบาลพระนารายณ์มหาราช","0","0","0.00","0","0","0.00"
"10691  :  โรงพยาบาลบ้านหมี่","0","0","0.00","0","0","0.00"
"10789  :  โรงพยาบาลพัฒนานิคม","637","181","28.41","1,395","567","40.65"
"10790  :  โรงพยาบาลโคกสำโรง","646","153","23.68","1,436","622","43.31"
"10791  :  โรงพยาบาลชัยบาดาล","1,000","273","27.30","2,243","65","2.90"
"10792  :  โรงพยาบาลท่าวุ้ง","297","73","24.58","689","336","48.77"
"10793  :  โรงพยาบาลท่าหลวง","502","134","26.69","1,319","702","53.22"
"10794  :  โรงพยาบาลสระโบสถ์","629","130","20.67","1,407","564","40.09"
"10795  :  โรงพยาบาลโคกเจริญ","453","155","34.22","972","461","47.43"
"10796  :  โรงพยาบาลลำสนธิ","410","96","23.41","1,096","379","34.58"
"10797  :  โรงพยาบาลหนองม่วง","432","101","23.38","1,040","607","58.37"
"14199  :  โรงพยาบาลมะเร็งลพบุรี","0","0","0.00","0","0","0.00"
"14928  :  โรงพยาบาลกองบิน 2","0","0","0.00","0","0","0.00"
"10692  :  โรงพยาบาลสิงห์บุรี","862","288","33.41","1,964","788","40.12"
"10693  :  โรงพยาบาลอินทร์บุรี","223","60","26.91","479","160","33.40"
"10798  :  โรงพยาบาลบางระจัน","403","177","43.92","927","342","36.89"
"10799  :  โรงพยาบาลค่ายบางระจัน","462","166","35.93","1,104","259","23.46"
"10800  :  โรงพยาบาลพรหมบุรี","452","134","29.65","1,059","482","45.51"
"10801  :  โรงพยาบาลท่าช้าง","343","62","18.08","803","400","49.81"
"10694  :  โรงพยาบาลชัยนาทนเรนทร","0","0","0.00","0","0","0.00"
"10802  :  โรงพยาบาลมโนรมย์","380","63","16.58","795","311","39.12"
"10803  :  โรงพยาบาลวัดสิงห์","355","100","28.17","829","306","36.91"
"10804  :  โรงพยาบาลสรรพยา","195","80","41.03","471","173","36.73"
"10805  :  โรงพยาบาลสรรคบุรี","541","179","33.09","1,303","566","43.44"
"10806  :  โรงพยาบาลหันคา","615","241","39.19","1,266","452","35.70"
"27974  :  โรงพยาบาลหนองมะโมง","73","16","21.92","221","73","33.03"
"27975  :  โรงพยาบาลเนินขาม","0","0","0.00","0","0","0.00"
"10661  :  โรงพยาบาลสระบุรี","0","0","0.00","0","0","0.00"
"10695  :  โรงพยาบาลพระพุทธบาท","0","0","0.00","0","0","0.00"
"10807  :  โรงพยาบาลแก่งคอย","910","303","33.30","1,981","657","33.17"
"10808  :  โรงพยาบาลหนองแค","140","22","15.71","315","132","41.90"
"10809  :  โรงพยาบาลวิหารแดง","353","107","30.31","821","303","36.91"
"10810  :  โรงพยาบาลหนองแซง","308","68","22.08","666","229","34.38"
"10811  :  โรงพยาบาลบ้านหมอ","568","153","26.94","1,218","404","33.17"
"10812  :  โรงพยาบาลดอนพุด","0","0","0.00","0","0","0.00"
"10813  :  โรงพยาบาลหนองโดน","411","55","13.38","947","281","29.67"
"10814  :  โรงพยาบาลเสาไห้เฉลิมพระเกียรติ80พรรษา","219","67","30.59","479","211","44.05"
"10815  :  โรงพยาบาลมวกเหล็ก","465","95","20.43","854","263","30.80"
"10816  :  โรงพยาบาลวังม่วงสัทธรรม","288","62","21.53","683","361","52.86"
"11485  :  โรงพยาบาลค่ายอดิศร","452","208","46.02","865","37","4.28"
"10662  :  โรงพยาบาลชลบุรี","0","0","0.00","0","0","0.00"
"10817  :  โรงพยาบาลบ้านบึง","1,317","451","34.24","2,984","1,333","44.67"
"10818  :  โรงพยาบาลหนองใหญ่","303","92","30.36","688","330","47.97"
"10819  :  โรงพยาบาลบางละมุง","2,354","830","35.26","4,288","759","17.70"
"10820  :  โรงพยาบาลวัดญาณสังวราราม","164","77","46.95","349","233","66.76"
"10821  :  โรงพยาบาลพานทอง","553","150","27.12","1,062","382","35.97"
"10822  :  โรงพยาบาลพนัสนิคม","872","327","37.50","1,951","525","26.91"
"10823  :  โรงพยาบาลแหลมฉบัง","3,255","1,335","41.01","6,170","1,710","27.71"
"10824  :  โรงพยาบาลเกาะสีชัง","299","155","51.84","646","331","51.24"
"10825  :  โรงพยาบาลสัตหีบกม10","1,227","441","35.94","2,265","1,075","47.46"
"10826  :  โรงพยาบาลบ่อทอง","209","80","38.28","548","165","30.11"
"11486  :  โรงพยาบาลค่ายนวมินทราชินี","284","126","44.37","582","190","32.65"
"11487  :  โรงพยาบาลอาภากรเกียรติวงศ์","0","0","0.00","0","0","0.00"
"13754  :  โรงพยาบาลสมเด็จพระบรมราชเทวี ณ ศรีราชา","3,877","1,604","41.37","7,197","1,984","27.57"
"13758  :  โรงพยาบาลสมเด็จพระนางเจ้าสิริกิติ์","0","0","0.00","0","0","0.00"
"13760  :  โรงพยาบาลมะเร็งชลบุรี","0","0","0.00","0","0","0.00"
"13766  :  โรงพยาบาลมหาวิทยาลัยบูรพา","11","5","45.45","25","1","4.00"
"28005  :  โรงพยาบาลเมืองพัทยา","0","0","0.00","0","0","0.00"
"28006  :  โรงพยาบาลเกาะจันทร์","246","71","28.86","561","198","35.29"
"10663  :  โรงพยาบาลระยอง","0","0","0.00","0","0","0.00"
"10827  :  โรงพยาบาลเฉลิมพระเกียรติสมเด็จพระเทพรัตนราชสุดาฯ สยามบรมราชกุมารี ระยอง","154","78","50.65","353","201","56.94"
"10828  :  โรงพยาบาลบ้านฉาง","885","341","38.53","1,519","589","38.78"
"10829  :  โรงพยาบาลแกลง","346","112","32.37","637","191","29.98"
"10830  :  โรงพยาบาลวังจันทร์","311","154","49.52","615","282","45.85"
"10831  :  โรงพยาบาลบ้านค่าย","437","138","31.58","861","352","40.88"
"10832  :  โรงพยาบาลปลวกแดง","679","214","31.52","1,040","497","47.79"
"22734  :  โรงพยาบาลเขาชะเมา เฉลิมพระเกียรติ 80 พรรษา","118","23","19.49","269","80","29.74"
"23962  :  โรงพยาบาลนิคมพัฒนา","194","77","39.69","442","63","14.25"
"10664  :  โรงพยาบาลพระปกเกล้า","0","0","0.00","0","0","0.00"
"10834  :  โรงพยาบาลขลุง","0","0","0.00","0","0","0.00"
"10835  :  โรงพยาบาลท่าใหม่","0","0","0.00","0","0","0.00"
"10836  :  โรงพยาบาลเขาสุกิม","340","98","28.82","819","394","48.11"
"10837  :  โรงพยาบาลสองพี่น้อง","419","128","30.55","942","584","62.00"
"10838  :  โรงพยาบาลโป่งน้ำร้อน","558","179","32.08","1,445","640","44.29"
"10839  :  โรงพยาบาลมะขาม","90","41","45.56","222","116","52.25"
"10840  :  โรงพยาบาลแหลมสิงห์","0","0","0.00","0","0","0.00"
"10841  :  โรงพยาบาลสอยดาว","0","0","0.00","0","0","0.00"
"10842  :  โรงพยาบาลแก่งหางแมว","152","64","42.11","464","192","41.38"
"10843  :  โรงพยาบาลนายายอาม","231","124","53.68","550","307","55.82"
"10844  :  โรงพยาบาลเขาคิชฌกูฏ","310","95","30.65","718","244","33.98"
"10696  :  โรงพยาบาลตราด","424","111","26.18","1,046","460","43.98"
"10845  :  โรงพยาบาลคลองใหญ่","538","255","47.40","1,472","750","50.95"
"10846  :  โรงพยาบาลเขาสมิง","411","129","31.39","912","357","39.14"
"10847  :  โรงพยาบาลบ่อไร่","370","146","39.46","909","442","48.62"
"10848  :  โรงพยาบาลแหลมงอบ","339","111","32.74","789","492","62.36"
"10849  :  โรงพยาบาลเกาะกูด","64","14","21.88","189","65","34.39"
"13816  :  โรงพยาบาลเกาะช้าง","101","44","43.56","161","76","47.20"
"10697  :  โรงพยาบาลพุทธโสธร","0","0","0.00","0","0","0.00"
"10833  :  โรงพยาบาลท่าตะเกียบ","243","127","52.26","434","297","68.43"
"10850  :  โรงพยาบาลบางคล้า","831","284","34.18","1,867","832","44.56"
"10851  :  โรงพยาบาลบางน้ำเปรี้ยว","0","0","0.00","0","0","0.00"
"10852  :  โรงพยาบาลบางปะกง","0","0","0.00","0","0","0.00"
"10853  :  โรงพยาบาลบ้านโพธิ์","215","72","33.49","507","262","51.68"
"10854  :  โรงพยาบาลพนมสารคาม","648","261","40.28","1,467","704","47.99"
"10855  :  โรงพยาบาลสนามชัยเขต","238","55","23.11","663","215","32.43"
"10856  :  โรงพยาบาลแปลงยาว","380","169","44.47","775","411","53.03"
"13747  :  โรงพยาบาลราชสาส์น","483","144","29.81","1,113","526","47.26"
"31327  :  โรงพยาบาลคลองเขื่อน","0","0","0.00","0","0","0.00"
"10665  :  โรงพยาบาลเจ้าพระยาอภัยภูเบศร","96","53","55.21","205","64","31.22"
"10857  :  โรงพยาบาลกบินทร์บุรี","486","130","26.75","1,201","433","36.05"
"10858  :  โรงพยาบาลนาดี","481","174","36.17","1,247","462","37.05"
"10859  :  โรงพยาบาลบ้านสร้าง","353","93","26.35","768","332","43.23"
"10860  :  โรงพยาบาลประจันตคาม","620","147","23.71","1,331","649","48.76"
"10861  :  โรงพยาบาลศรีมหาโพธิ","425","76","17.88","1,022","421","41.19"
"10862  :  โรงพยาบาลศรีมโหสถ","556","190","34.17","1,336","649","48.58"
"11490  :  โรงพยาบาลค่ายจักรพงษ์","344","13","3.78","693","105","15.15"
"10698  :  โรงพยาบาลนครนายก","937","292","31.16","1,859","578","31.09"
"10863  :  โรงพยาบาลปากพลี","171","40","23.39","402","120","29.85"
"10864  :  โรงพยาบาลบ้านนา","493","104","21.10","1,016","401","39.47"
"10865  :  โรงพยาบาลองครักษ์","256","119","46.48","554","228","41.16"
"11491  :  โรงพยาบาลรร.นายร้อยพระจุลจอมเกล้า","0","0","0.00","0","0","0.00"
"14904  :  โรงพยาบาลศูนย์การแพทย์สมเด็จพระเทพรัตนราชสุดาฯ","0","0","0.00","0","0","0.00"
"10699  :  โรงพยาบาลสมเด็จพระยุพราชสระแก้ว","0","0","0.00","1","1","100.00"
"10866  :  โรงพยาบาลคลองหาด","510","154","30.20","1,152","523","45.40"
"10867  :  โรงพยาบาลตาพระยา","312","63","20.19","554","326","58.84"
"10868  :  โรงพยาบาลวังน้ำเย็น","970","292","30.10","2,015","933","46.30"
"10869  :  โรงพยาบาลวัฒนานคร","804","363","45.15","1,722","968","56.21"
"10870  :  โรงพยาบาลอรัญประเทศ","607","111","18.29","1,256","471","37.50"
"13817  :  โรงพยาบาลเขาฉกรรจ์","323","102","31.58","644","194","30.12"
"14717  :  โรงพยาบาลจิตเวชสระแก้วราชนครินทร์","0","0","0.00","0","0","0.00"
"10666  :  โรงพยาบาลมหาราชนครราชสีมา","0","0","0.00","0","0","0.00"
"10871  :  โรงพยาบาลครบุรี","564","172","30.50","1,228","566","46.09"
"10872  :  โรงพยาบาลเสิงสาง","621","203","32.69","1,163","603","51.85"
"10873  :  โรงพยาบาลคง","667","188","28.19","1,189","480","40.37"
"10874  :  โรงพยาบาลบ้านเหลื่อม","317","51","16.09","659","356","54.02"
"10875  :  โรงพยาบาลจักราช","461","124","26.90","897","356","39.69"
"10876  :  โรงพยาบาลโชคชัย","811","178","21.95","1,701","639","37.57"
"10877  :  โรงพยาบาลด่านขุนทด","1,583","291","18.38","2,544","596","23.43"
"10878  :  โรงพยาบาลโนนไทย","761","225","29.57","1,508","672","44.56"
"10879  :  โรงพยาบาลโนนสูง","580","158","27.24","1,168","455","38.96"
"10880  :  โรงพยาบาลขามสะแกแสง","608","198","32.57","1,425","459","32.21"
"10881  :  โรงพยาบาลบัวใหญ่","401","146","36.41","527","230","43.64"
"10882  :  โรงพยาบาลประทาย","552","162","29.35","972","632","65.02"
"10883  :  โรงพยาบาลปักธงชัย","454","114","25.11","742","243","32.75"
"10884  :  โรงพยาบาลพิมาย","754","244","32.36","1,535","593","38.63"
"10885  :  โรงพยาบาลห้วยแถลง","587","211","35.95","1,170","657","56.15"
"10886  :  โรงพยาบาลชุมพวง","648","156","24.07","1,512","666","44.05"
"10887  :  โรงพยาบาลสูงเนิน","1,295","442","34.13","2,801","1,349","48.16"
"10888  :  โรงพยาบาลขามทะเลสอ","481","136","28.27","934","344","36.83"
"10889  :  โรงพยาบาลสีคิ้ว","1,418","354","24.96","3,121","1,284","41.14"
"10890  :  โรงพยาบาลปากช่องนานา","528","128","24.24","1,182","213","18.02"
"10891  :  โรงพยาบาลหนองบุญมาก","291","66","22.68","609","225","36.95"
"10892  :  โรงพยาบาลแก้งสนามนาง","471","147","31.21","885","535","60.45"
"10893  :  โรงพยาบาลโนนแดง","378","72","19.05","841","543","64.57"
"10894  :  โรงพยาบาลวังน้ำเขียว","184","51","27.72","389","201","51.67"
"11492  :  โรงพยาบาลค่ายสุรนารี นครราชสีมา","0","0","0.00","0","0","0.00"
"11602  :  โรงพยาบาลเฉลิมพระเกียรติสมเด็จย่า 100 ปี","186","42","22.58","312","189","60.58"
"11608  :  โรงพยาบาลลำทะเมนชัย","299","78","26.09","507","202","39.84"
"11885  :  โรงพยาบาลเดอะโกลเดนเกท","674","40","5.93","1,438","344","23.92"
"11891  :  โรงพยาบาลราชสีมาฮอสพิทอล","1,119","174","15.55","2,313","813","35.15"
"12267  :  ศูนย์อนามัยที่ 9 นครราชสีมา","0","0","0.00","0","0","0.00"
"12268  :  โรงพยาบาลจิตเวชนครราชสีมาราชนครินทร์","0","0","0.00","0","0","0.00"
"14161  :  โรงพยาบาลกองบิน กองบิน1","146","1","0.68","347","19","5.48"
"22456  :  โรงพยาบาลพระทองคำ เฉลิมพระเกียรติ 80 พรรษา","353","200","56.66","810","194","23.95"
"23839  :  โรงพยาบาลเทพรัตน์นครราชสีมา","436","111","25.46","948","329","34.70"
"24060  :  โรงพยาบาลมหาวิทยาลัยเทคโนโลยีสุรนารี","0","0","0.00","0","0","0.00"
"24692  :  โรงพยาบาลเฉลิมพระเกียรติ","305","94","30.82","709","247","34.84"
"27839  :  โรงพยาบาลบัวลาย","223","33","14.80","356","158","44.38"
"27840  :  โรงพยาบาลสีดา","172","90","52.33","407","225","55.28"
"27841  :  โรงพยาบาลเทพารักษ์","354","77","21.75","708","253","35.73"
"10667  :  โรงพยาบาลบุรีรัมย์","0","0","0.00","0","0","0.00"
"10895  :  โรงพยาบาลคูเมือง","578","204","35.29","1,047","661","63.13"
"10896  :  โรงพยาบาลกระสัง","430","213","49.53","825","319","38.67"
"10897  :  โรงพยาบาลนางรอง","0","0","0.00","0","0","0.00"
"10898  :  โรงพยาบาลหนองกี่","560","241","43.04","1,100","564","51.27"
"10899  :  โรงพยาบาลละหานทราย","387","191","49.35","857","554","64.64"
"10900  :  โรงพยาบาลประโคนชัย","1,132","426","37.63","2,023","1,002","49.53"
"10901  :  โรงพยาบาลบ้านกรวด","533","73","13.70","1,278","685","53.60"
"10902  :  โรงพยาบาลพุทไธสง","801","199","24.84","1,327","720","54.26"
"10904  :  โรงพยาบาลลำปลายมาศ","0","0","0.00","0","0","0.00"
"10905  :  โรงพยาบาลสตึก","590","197","33.39","979","637","65.07"
"10906  :  โรงพยาบาลปะคำ","247","122","49.39","683","381","55.78"
"10907  :  โรงพยาบาลนาโพธิ์","396","136","34.34","719","552","76.77"
"10908  :  โรงพยาบาลหนองหงส์","275","118","42.91","589","339","57.56"
"10909  :  โรงพยาบาลพลับพลาชัย","322","50","15.53","650","380","58.46"
"10910  :  โรงพยาบาลห้วยราช","166","32","19.28","404","178","44.06"
"10911  :  โรงพยาบาลโนนสุวรรณ","312","81","25.96","590","241","40.85"
"10912  :  โรงพยาบาลชำนิ","186","16","8.60","526","231","43.92"
"10913  :  โรงพยาบาลบ้านใหม่ไชยพจน์","257","98","38.13","518","385","74.32"
"10914  :  โรงพยาบาลโนนดินแดง","474","109","23.00","1,015","557","54.88"
"11493  :  โรงพยาบาลค่ายสมเด็จเจ้าพระยามหากษัตริย์ศึก","33","0","0.00","48","2","4.17"
"11619  :  โรงพยาบาลเฉลิมพระเกียรติ","288","60","20.83","757","304","40.16"
"23578  :  โรงพยาบาลแคนดง","382","141","36.91","841","465","55.29"
"28020  :  โรงพยาบาลบ้านด่าน","374","164","43.85","822","440","53.53"
"10668  :  โรงพยาบาลสุรินทร์","24","14","58.33","47","7","14.89"
"10915  :  โรงพยาบาลชุมพลบุรี","438","119","27.17","784","536","68.37"
"10916  :  โรงพยาบาลท่าตูม","797","297","37.26","1,803","918","50.92"
"10917  :  โรงพยาบาลจอมพระ","464","153","32.97","1,074","594","55.31"
"10918  :  โรงพยาบาลปราสาท","699","223","31.90","1,350","628","46.52"
"10919  :  โรงพยาบาลกาบเชิง","210","81","38.57","479","256","53.44"
"10920  :  โรงพยาบาลรัตนบุรี","644","291","45.19","1,305","570","43.68"
"10921  :  โรงพยาบาลสนม","334","115","34.43","647","393","60.74"
"10922  :  โรงพยาบาลศีขรภูมิ","559","124","22.18","1,087","505","46.46"
"10923  :  โรงพยาบาลสังขะ","447","131","29.31","872","417","47.82"
"10924  :  โรงพยาบาลลำดวน","448","139","31.03","1,066","748","70.17"
"10925  :  โรงพยาบาลสำโรงทาบ","270","75","27.78","672","238","35.42"
"10926  :  โรงพยาบาลบัวเชด","305","141","46.23","777","334","42.99"
"11494  :  โรงพยาบาลค่ายวีรวัฒน์โยธิน","43","6","13.95","69","18","26.09"
"22302  :  โรงพยาบาลพนมดงรัก เฉลิมพระเกียรติ 80 พรรษา","138","19","13.77","297","83","27.95"
"27842  :  โรงพยาบาลเขวาสินรินทร์","155","43","27.74","337","157","46.59"
"27843  :  โรงพยาบาลศรีณรงค์","122","46","37.70","331","143","43.20"
"27844  :  โรงพยาบาลโนนนารายณ์","90","22","24.44","252","135","53.57"
"10700  :  โรงพยาบาลศรีสะเกษ","272","95","34.93","512","197","38.48"
"10927  :  โรงพยาบาลยางชุมน้อย","330","120","36.36","727","461","63.41"
"10928  :  โรงพยาบาลกันทรารมย์","542","188","34.69","1,126","630","55.95"
"10929  :  โรงพยาบาลกันทรลักษ์","651","146","22.43","1,089","402","36.91"
"10930  :  โรงพยาบาลขุขันธ์","386","122","31.61","960","448","46.67"
"10931  :  โรงพยาบาลไพรบึง","341","162","47.51","1,123","805","71.68"
"10932  :  โรงพยาบาลปรางค์กู่","256","78","30.47","453","194","42.83"
"10933  :  โรงพยาบาลขุนหาญ","362","163","45.03","859","421","49.01"
"10934  :  โรงพยาบาลราษีไศล","379","165","43.54","808","444","54.95"
"10935  :  โรงพยาบาลอุทุมพรพิสัย","423","149","35.22","979","444","45.35"
"10936  :  โรงพยาบาลบึงบูรพ์","120","60","50.00","334","228","68.26"
"10937  :  โรงพยาบาลห้วยทับทัน","204","70","34.31","477","221","46.33"
"10938  :  โรงพยาบาลโนนคูณ","149","40","26.85","182","90","49.45"
"10939  :  โรงพยาบาลศรีรัตนะ","158","76","48.10","353","151","42.78"
"10940  :  โรงพยาบาลวังหิน","84","30","35.71","246","146","59.35"
"10941  :  โรงพยาบาลน้ำเกลี้ยง","93","34","36.56","159","70","44.03"
"10942  :  โรงพยาบาลภูสิงห์","223","92","41.26","440","187","42.50"
"10943  :  โรงพยาบาลเมืองจันทร์","63","26","41.27","206","161","78.16"
"23125  :  โรงพยาบาลเบญจลักษ์เฉลิมพระเกียรติ 80 พรรษา","273","46","16.85","444","208","46.85"
"28014  :  โรงพยาบาลพยุห์","99","36","36.36","204","120","58.82"
"28015  :  โรงพยาบาลโพธิ์ศรีสุวรรณ","77","39","50.65","169","63","37.28"
"28016  :  โรงพยาบาลศิลาลาด","248","92","37.10","523","214","40.92"
"10669  :  โรงพยาบาลสรรพสิทธิประสงค์","0","0","0.00","0","0","0.00"
"10944  :  โรงพยาบาลศรีเมืองใหม่","262","77","29.39","501","254","50.70"
"10945  :  โรงพยาบาลโขงเจียม","223","17","7.62","385","164","42.60"
"10946  :  โรงพยาบาลเขื่องใน","0","0","0.00","0","0","0.00"
"10947  :  โรงพยาบาลเขมราฐ","363","58","15.98","669","294","43.95"
"10948  :  โรงพยาบาลนาจะหลวย","616","86","13.96","1,001","497","49.65"
"10949  :  โรงพยาบาลน้ำยืน","0","0","0.00","0","0","0.00"
"10950  :  โรงพยาบาลบุณฑริก","466","87","18.67","756","279","36.90"
"10951  :  โรงพยาบาลตระการพืชผล","107","6","5.61","268","65","24.25"
"10952  :  โรงพยาบาลกุดข้าวปุ้น","645","82","12.71","947","506","53.43"
"10953  :  โรงพยาบาลม่วงสามสิบ","570","168","29.47","1,148","510","44.43"
"10954  :  โรงพยาบาลวารินชำราบ","0","0","0.00","0","0","0.00"
"10956  :  โรงพยาบาลพิบูลมังสาหาร","63","1","1.59","137","3","2.19"
"10957  :  โรงพยาบาลตาลสุม","213","54","25.35","458","224","48.91"
"10958  :  โรงพยาบาลโพธิ์ไทร","92","1","1.09","148","61","41.22"
"10959  :  โรงพยาบาลสำโรง","310","47","15.16","378","204","53.97"
"10960  :  โรงพยาบาลดอนมดแดง","212","29","13.68","414","281","67.87"
"10961  :  โรงพยาบาลสิรินธร","71","8","11.27","214","102","47.66"
"10962  :  โรงพยาบาลทุ่งศรีอุดม","56","2","3.57","102","35","34.31"
"11443  :  โรงพยาบาลสมเด็จพระยุพราชเดชอุดม","0","0","0.00","0","0","0.00"
"11495  :  โรงพยาบาลกองบิน 21","0","0","0.00","0","0","0.00"
"11496  :  โรงพยาบาลค่ายสรรพสิทธิประสงค์","0","0","0.00","0","0","0.00"
"11918  :  โรงพยาบาลเอกชนร่มเกล้า","213","11","5.16","433","62","14.32"
"12269  :  โรงพยาบาลพระศรีมหาโพธิ์","0","0","0.00","0","0","0.00"
"12270  :  โรงพยาบาลส่งเสริมสุขภาพ ศูนย์อนามัยที่ 10","0","0","0.00","0","0","0.00"
"21984  :  โรงพยาบาล 50 พรรษา มหาวชิราลงกรณ","0","0","0.00","0","0","0.00"
"24032  :  โรงพยาบาลนาตาล","20","9","45.00","32","16","50.00"
"24821  :  โรงพยาบาลนาเยีย","0","0","0.00","0","0","0.00"
"27967  :  โรงพยาบาลสว่างวีระวงศ์","0","0","0.00","0","0","0.00"
"27968  :  โรงพยาบาลน้ำขุ่น","0","0","0.00","0","0","0.00"
"27976  :  โรงพยาบาลเหล่าเสือโก้ก","77","35","45.45","173","104","60.12"
"10701  :  โรงพยาบาลยโสธร","0","0","0.00","0","0","0.00"
"10963  :  โรงพยาบาลทรายมูล","0","0","0.00","0","0","0.00"
"10964  :  โรงพยาบาลกุดชุม","0","0","0.00","0","0","0.00"
"10965  :  โรงพยาบาลคำเขื่อนแก้ว","696","168","24.14","1,132","506","44.70"
"10966  :  โรงพยาบาลป่าติ้ว","443","44","9.93","868","370","42.63"
"10967  :  โรงพยาบาลมหาชนะชัย","368","8","2.17","815","423","51.90"
"10968  :  โรงพยาบาลค้อวัง","245","68","27.76","430","309","71.86"
"10969  :  โรงพยาบาลไทยเจริญ","258","43","16.67","337","179","53.12"
"11444  :  โรงพยาบาลสมเด็จพระยุพราชเลิงนกทา","754","167","22.15","1,184","638","53.89"
"11921  :  โรงพยาบาลนายแพทย์หาญ","142","41","28.87","255","85","33.33"
"04007  :  โรงพยาบาลซับใหญ่","180","63","35.00","356","159","44.66"
"10702  :  โรงพยาบาลชัยภูมิ","0","0","0.00","0","0","0.00"
"10970  :  โรงพยาบาลบ้านเขว้า","1,239","414","33.41","2,371","1,589","67.02"
"10971  :  โรงพยาบาลคอนสวรรค์","626","205","32.75","1,025","549","53.56"
"10972  :  โรงพยาบาลเกษตรสมบูรณ์","699","271","38.77","1,197","600","50.13"
"10973  :  โรงพยาบาลหนองบัวแดง","1,363","349","25.61","1,621","836","51.57"
"10974  :  โรงพยาบาลจัตุรัส","629","165","26.23","1,299","537","41.34"
"10975  :  โรงพยาบาลบำเหน็จณรงค์","920","239","25.98","2,012","1,140","56.66"
"10976  :  โรงพยาบาลหนองบัวระเหว","338","34","10.06","726","297","40.91"
"10977  :  โรงพยาบาลเทพสถิต","490","102","20.82","1,130","464","41.06"
"10978  :  โรงพยาบาลภูเขียวเฉลิมพระเกียรติ","1,410","529","37.52","2,160","738","34.17"
"10979  :  โรงพยาบาลบ้านแท่น","734","90","12.26","1,079","427","39.57"
"10980  :  โรงพยาบาลแก้งคร้อ","925","113","12.22","1,545","829","53.66"
"10981  :  โรงพยาบาลคอนสาร","516","131","25.39","790","452","57.22"
"10982  :  โรงพยาบาลภักดีชุมพล","289","123","42.56","518","379","73.17"
"10983  :  โรงพยาบาลเนินสง่า","173","56","32.37","417","241","57.79"
"10703  :  โรงพยาบาลอำนาจเจริญ","0","0","0.00","0","0","0.00"
"10985  :  โรงพยาบาลชานุมาน","338","78","23.08","601","220","36.61"
"10986  :  โรงพยาบาลปทุมราชวงศา","442","204","46.15","677","328","48.45"
"10987  :  โรงพยาบาลพนา","404","130","32.18","628","435","69.27"
"10988  :  โรงพยาบาลเสนางคนิคม","680","98","14.41","977","444","45.45"
"10989  :  โรงพยาบาลหัวตะพาน","250","114","45.60","407","226","55.53"
"10990  :  โรงพยาบาลลืออำนาจ","349","58","16.62","745","377","50.60"
"11040  :  โรงพยาบาลบึงกาฬ","0","0","0.00","0","0","0.00"
"11041  :  โรงพยาบาลพรเจริญ","644","159","24.69","985","518","52.59"
"11043  :  โรงพยาบาลโซ่พิสัย","270","41","15.19","331","189","57.10"
"11046  :  โรงพยาบาลเซกา","0","0","0.00","2","0","0.00"
"11047  :  โรงพยาบาลปากคาด","427","41","9.60","757","419","55.35"
"11048  :  โรงพยาบาลบึงโขงหลง","0","0","0.00","0","0","0.00"
"11049  :  โรงพยาบาลศรีวิไล","575","143","24.87","977","604","61.82"
"11050  :  โรงพยาบาลบุ่งคล้า","120","27","22.50","281","145","51.60"
"10704  :  โรงพยาบาลหนองบัวลำภู","0","0","0.00","0","0","0.00"
"10991  :  โรงพยาบาลนากลาง","0","0","0.00","0","0","0.00"
"10992  :  โรงพยาบาลโนนสัง","543","72","13.26","689","284","41.22"
"10993  :  โรงพยาบาลศรีบุญเรือง","0","0","0.00","0","0","0.00"
"10994  :  โรงพยาบาลสุวรรณคูหา","0","0","0.00","0","0","0.00"
"23367  :  โรงพยาบาลนาวัง เฉลิมพระเกียรติ 80 พรรษา","0","0","0.00","0","0","0.00"
"10670  :  โรงพยาบาลขอนแก่น","14","0","0.00","35","5","14.29"
"10995  :  โรงพยาบาลบ้านฝาง","0","0","0.00","0","0","0.00"
"10996  :  โรงพยาบาลพระยืน","0","0","0.00","0","0","0.00"
"10997  :  โรงพยาบาลหนองเรือ","0","0","0.00","0","0","0.00"
"10998  :  โรงพยาบาลชุมแพ","0","0","0.00","0","0","0.00"
"10999  :  โรงพยาบาลสีชมพู","550","87","15.82","961","500","52.03"
"11000  :  โรงพยาบาลน้ำพอง","649","345","53.16","967","533","55.12"
"11001  :  โรงพยาบาลอุบลรัตน์","0","0","0.00","0","0","0.00"
"11002  :  โรงพยาบาลบ้านไผ่","0","0","0.00","0","0","0.00"
"11003  :  โรงพยาบาลเปือยน้อย","234","42","17.95","417","220","52.76"
"11004  :  โรงพยาบาลพล","0","0","0.00","0","0","0.00"
"11005  :  โรงพยาบาลแวงใหญ่","0","0","0.00","0","0","0.00"
"11006  :  โรงพยาบาลแวงน้อย","474","99","20.89","810","452","55.80"
"11007  :  โรงพยาบาลหนองสองห้อง","0","0","0.00","0","0","0.00"
"11008  :  โรงพยาบาลภูเวียง","0","0","0.00","0","0","0.00"
"11009  :  โรงพยาบาลมัญจาคีรี","778","103","13.24","1,211","288","23.78"
"11010  :  โรงพยาบาลชนบท","316","29","9.18","506","200","39.53"
"11011  :  โรงพยาบาลเขาสวนกวาง","0","0","0.00","0","0","0.00"
"11012  :  โรงพยาบาลภูผาม่าน","0","0","0.00","0","0","0.00"
"11445  :  โรงพยาบาลสมเด็จพระยุพราชกระนวน","1,317","220","16.70","2,142","825","38.52"
"11497  :  โรงพยาบาลค่ายศรีพัชรินทร","0","0","0.00","0","0","0.00"
"11936  :  โรงพยาบาลขอนแก่นราม","0","0","0.00","0","0","0.00"
"12272  :  โรงพยาบาลจิตเวชขอนแก่นราชนครินทร์","0","0","0.00","0","0","0.00"
"12273  :  โรงพยาบาลส่งเสริมสุขภาพ ศูนย์อนามัยที่ 7","0","0","0.00","0","0","0.00"
"12275  :  โรงพยาบาลสิรินธร(ภาคตะวันออกเฉียงเหนือ)","0","0","0.00","0","0","0.00"
"13777  :  โรงพยาบาลศรีนครินทร์ มหาวิทยาลัยขอนแก่น","0","0","0.00","0","0","0.00"
"14132  :  โรงพยาบาลซำสูง","0","0","0.00","0","0","0.00"
"14196  :  โรงพยาบาลธัญญรักษ์ขอนแก่น","0","0","0.00","0","0","0.00"
"24746  :  สถาบันสุขภาพจิตเด็กและวัยรุ่นภาคตะวันออกเฉียงเหนือ","0","0","0.00","0","0","0.00"
"77649  :  โรงพยาบาลหนองนาคำ","81","13","16.05","118","64","54.24"
"77650  :  โรงพยาบาลเวียงเก่า","62","16","25.81","103","63","61.17"
"77651  :  โรงพยาบาลโคกโพธิ์ไชย","303","38","12.54","345","180","52.17"
"77652  :  โรงพยาบาลโนนศิลา","0","0","0.00","0","0","0.00"
"10671  :  โรงพยาบาลอุดรธานี","0","0","0.00","0","0","0.00"
"11013  :  โรงพยาบาลกุดจับ","372","58","15.59","512","243","47.46"
"11014  :  โรงพยาบาลหนองวัวซอ","421","73","17.34","646","347","53.72"
"11015  :  โรงพยาบาลกุมภวาปี","964","243","25.21","1,539","540","35.09"
"11016  :  โรงพยาบาลห้วยเกิ้ง","1","0","0.00","5","1","20.00"
"11017  :  โรงพยาบาลโนนสะอาด","493","102","20.69","785","475","60.51"
"11018  :  โรงพยาบาลหนองหาน","901","252","27.97","1,430","781","54.62"
"11019  :  โรงพยาบาลทุ่งฝน","632","67","10.60","1,016","620","61.02"
"11020  :  โรงพยาบาลไชยวาน","567","302","53.26","945","510","53.97"
"11021  :  โรงพยาบาลศรีธาตุ","235","45","19.15","337","198","58.75"
"11022  :  โรงพยาบาลวังสามหมอ","473","130","27.48","654","271","41.44"
"11023  :  โรงพยาบาลบ้านผือ","768","65","8.46","1,426","882","61.85"
"11024  :  โรงพยาบาลน้ำโสม","860","216","25.12","1,339","804","60.04"
"11025  :  โรงพยาบาลเพ็ญ","664","146","21.99","913","485","53.12"
"11026  :  โรงพยาบาลสร้างคอม","462","111","24.03","928","479","51.62"
"11027  :  โรงพยาบาลหนองแสง","358","46","12.85","544","275","50.55"
"11028  :  โรงพยาบาลนายูง","202","21","10.40","347","114","32.85"
"11029  :  โรงพยาบาลพิบูลย์รักษ์","250","45","18.00","383","236","61.62"
"11446  :  โรงพยาบาลสมเด็จพระยุพราชบ้านดุง","929","240","25.83","1,408","883","62.71"
"11501  :  โรงพยาบาลค่ายประจักษ์ศิลปาคม","437","19","4.35","877","189","21.55"
"12276  :  โรงพยาบาลมะเร็งอุดรธานี","0","0","0.00","0","0","0.00"
"23951  :  โรงพยาบาลธัญญารักษ์อุดรธานี","0","0","0.00","0","0","0.00"
"25058  :  โรงพยาบาลกู่แก้ว","0","0","0.00","0","0","0.00"
"25059  :  โรงพยาบาลประจักษ์ศิลปาคม","1","0","0.00","1","0","0.00"
"10705  :  โรงพยาบาลเลย","1,228","166","13.52","2,970","1,198","40.34"
"11030  :  โรงพยาบาลนาด้วง","438","73","16.67","929","451","48.55"
"11031  :  โรงพยาบาลเชียงคาน","682","19","2.79","1,390","539","38.78"
"11032  :  โรงพยาบาลปากชม","273","25","9.16","616","218","35.39"
"11033  :  โรงพยาบาลนาแห้ว","105","34","32.38","242","91","37.60"
"11034  :  โรงพยาบาลภูเรือ","355","26","7.32","654","240","36.70"
"11035  :  โรงพยาบาลท่าลี่","315","71","22.54","576","28","4.86"
"11036  :  โรงพยาบาลวังสะพุง","986","57","5.78","1,758","676","38.45"
"11037  :  โรงพยาบาลภูกระดึง","631","38","6.02","1,356","629","46.39"
"11038  :  โรงพยาบาลภูหลวง","379","43","11.35","660","367","55.61"
"11039  :  โรงพยาบาลผาขาว","584","37","6.34","1,183","548","46.32"
"11447  :  โรงพยาบาลสมเด็จพระยุพราชด่านซ้าย","675","207","30.67","1,413","284","20.10"
"14133  :  โรงพยาบาลเอราวัณ","474","57","12.03","885","470","53.11"
"14644  :  โรงพยาบาลจิตเวชเลยราชนครินทร์","0","0","0.00","0","0","0.00"
"28861  :  โรงพยาบาลหนองหิน","51","7","13.73","94","33","35.11"
"10706  :  โรงพยาบาลหนองคาย","1,396","318","22.78","2,371","978","41.25"
"11042  :  โรงพยาบาลโพนพิสัย","458","80","17.47","672","295","43.90"
"11044  :  โรงพยาบาลศรีเชียงใหม่","654","152","23.24","1,390","718","51.65"
"11045  :  โรงพยาบาลสังคม","223","28","12.56","514","253","49.22"
"11448  :  โรงพยาบาลสมเด็จพระยุพราชท่าบ่อ","1,100","167","15.18","2,130","921","43.24"
"14558  :  โรงพยาบาลพิสัยเวช","637","67","10.52","939","155","16.51"
"21356  :  โรงพยาบาลสระใคร","114","14","12.28","189","106","56.08"
"28778  :  โรงพยาบาลโพธิ์ตาก","76","19","25.00","151","72","47.68"
"28811  :  โรงพยาบาลเฝ้าไร่","226","25","11.06","336","148","44.05"
"28815  :  โรงพยาบาลรัตนวาปี","62","20","32.26","115","80","69.57"
"10707  :  โรงพยาบาลมหาสารคาม","0","0","0.00","0","0","0.00"
"11051  :  โรงพยาบาลแกดำ","434","105","24.19","758","424","55.94"
"11052  :  โรงพยาบาลโกสุมพิสัย","1,321","315","23.85","2,108","945","44.83"
"11053  :  โรงพยาบาลกันทรวิชัย","543","173","31.86","918","583","63.51"
"11054  :  โรงพยาบาลเชียงยืน","768","107","13.93","1,159","658","56.77"
"11055  :  โรงพยาบาลบรบือ","1,030","152","14.76","1,405","605","43.06"
"11056  :  โรงพยาบาลนาเชือก","348","93","26.72","582","307","52.75"
"11057  :  โรงพยาบาลพยัคฆภูมิพิสัย","700","126","18.00","1,340","734","54.78"
"11058  :  โรงพยาบาลวาปีปทุม","735","103","14.01","1,246","801","64.29"
"11059  :  โรงพยาบาลนาดูน","267","38","14.23","503","263","52.29"
"11060  :  โรงพยาบาลยางสีสุราช","353","141","39.94","664","351","52.86"
"22953  :  โรงพยาบาลสุทธาเวช คณะแพทยศาสตร์ มหาวิทยาลัยมหาสารคาม","407","101","24.82","755","237","31.39"
"24704  :  โรงพยาบาลกุดรัง","144","26","18.06","153","76","49.67"
"28843  :  โรงพยาบาลชื่นชม","7","3","42.86","5","3","60.00"
"10708  :  โรงพยาบาลร้อยเอ็ด","0","0","0.00","0","0","0.00"
"11061  :  โรงพยาบาลเกษตรวิสัย","912","302","33.11","1,795","887","49.42"
"11062  :  โรงพยาบาลปทุมรัตต์","597","193","32.33","1,032","432","41.86"
"11063  :  โรงพยาบาลจตุรพักตรพิมาน","866","167","19.28","1,337","783","58.56"
"11064  :  โรงพยาบาลธวัชบุรี","424","158","37.26","679","360","53.02"
"11065  :  โรงพยาบาลพนมไพร","660","220","33.33","1,339","395","29.50"
"11066  :  โรงพยาบาลโพนทอง","774","88","11.37","1,326","475","35.82"
"11067  :  โรงพยาบาลโพธิ์ชัย","457","82","17.94","589","274","46.52"
"11068  :  โรงพยาบาลหนองพอก","569","52","9.14","743","280","37.69"
"11069  :  โรงพยาบาลเสลภูมิ","900","220","24.44","1,349","564","41.81"
"11070  :  โรงพยาบาลสุวรรณภูมิ","1,029","260","25.27","2,091","738","35.29"
"11071  :  โรงพยาบาลเมืองสรวง","196","64","32.65","376","206","54.79"
"11072  :  โรงพยาบาลโพนทราย","367","77","20.98","788","457","57.99"
"11073  :  โรงพยาบาลอาจสามารถ","532","93","17.48","1,008","644","63.89"
"11074  :  โรงพยาบาลเมยวดี","323","84","26.01","570","323","56.67"
"11075  :  โรงพยาบาลศรีสมเด็จ","391","68","17.39","563","254","45.12"
"11076  :  โรงพยาบาลจังหาร","379","66","17.41","572","275","48.08"
"11504  :  โรงพยาบาลค่ายสมเด็จพระพุทธยอดฟ้าจุฬาโลกมหาราช","117","19","16.24","193","19","9.84"
"11964  :  โรงพยาบาลทั่วไปขนาดใหญ่จุรีเวช","296","41","13.85","543","157","28.91"
"27988  :  โรงพยาบาลทุ่งเขาหลวง","93","16","17.20","192","82","42.71"
"27989  :  โรงพยาบาลเชียงขวัญ","149","59","39.60","234","142","60.68"
"27990  :  โรงพยาบาลหนองฮี","169","70","41.42","386","213","55.18"
"10709  :  โรงพยาบาลกาฬสินธุ์","330","59","17.88","569","228","40.07"
"11077  :  โรงพยาบาลนามน","488","51","10.45","586","290","49.49"
"11078  :  โรงพยาบาลกมลาไสย","700","188","26.86","1,218","694","56.98"
"11079  :  โรงพยาบาลร่องคำ","419","103","24.58","591","371","62.77"
"11080  :  โรงพยาบาลเขาวง","849","260","30.62","1,309","702","53.63"
"11081  :  โรงพยาบาลยางตลาด","883","136","15.40","1,176","577","49.06"
"11082  :  โรงพยาบาลห้วยเม็ก","614","56","9.12","999","587","58.76"
"11083  :  โรงพยาบาลสหัสขันธ์","316","50","15.82","571","330","57.79"
"11084  :  โรงพยาบาลคำม่วง","505","117","23.17","771","503","65.24"
"11085  :  โรงพยาบาลท่าคันโท","603","89","14.76","924","525","56.82"
"11086  :  โรงพยาบาลหนองกุงศรี","391","44","11.25","500","211","42.20"
"11087  :  โรงพยาบาลสมเด็จ","591","156","26.40","1,049","501","47.76"
"11088  :  โรงพยาบาลห้วยผึ้ง","522","143","27.39","729","398","54.60"
"11449  :  โรงพยาบาลสมเด็จพระยุพราชกุฉินารายณ์","1,139","168","14.75","1,935","773","39.95"
"11965  :  โรงพยาบาลธีรวัฒน์","0","0","0.00","0","0","0.00"
"28017  :  โรงพยาบาลนาคู","335","50","14.93","450","245","54.44"
"28789  :  โรงพยาบาลฆ้องชัย","239","68","28.45","417","148","35.49"
"28790  :  โรงพยาบาลดอนจาน","298","53","17.79","367","97","26.43"
"28791  :  โรงพยาบาลสามชัย","135","2","1.48","139","63","45.32"
"10710  :  โรงพยาบาลสกลนคร","0","0","0.00","0","0","0.00"
"11089  :  โรงพยาบาลกุสุมาลย์","542","24","4.43","574","273","47.56"
"11090  :  โรงพยาบาลกุดบาก","256","1","0.39","401","186","46.38"
"11091  :  โรงพยาบาลพระอาจารย์ฝั้นอาจาโร","359","48","13.37","658","286","43.47"
"11092  :  โรงพยาบาลพังโคน","908","100","11.01","1,468","520","35.42"
"11093  :  โรงพยาบาลวาริชภูมิ","510","106","20.78","946","640","67.65"
"11094  :  โรงพยาบาลนิคมน้ำอูน","214","31","14.49","343","178","51.90"
"11095  :  โรงพยาบาลวานรนิวาส","736","139","18.89","1,177","487","41.38"
"11096  :  โรงพยาบาลคำตากล้า","692","112","16.18","1,121","467","41.66"
"11097  :  โรงพยาบาลบ้านม่วง","480","3","0.63","741","363","48.99"
"11098  :  โรงพยาบาลอากาศอำนวย","724","97","13.40","1,216","799","65.71"
"11099  :  โรงพยาบาลส่องดาว","461","154","33.41","646","341","52.79"
"11100  :  โรงพยาบาลเต่างอย","94","18","19.15","228","98","42.98"
"11101  :  โรงพยาบาลโคกศรีสุพรรณ","469","125","26.65","736","462","62.77"
"11102  :  โรงพยาบาลเจริญศิลป์","510","88","17.25","712","323","45.37"
"11103  :  โรงพยาบาลโพนนาแก้ว","162","0","0.00","248","117","47.18"
"11450  :  โรงพยาบาลสมเด็จพระยุพราชสว่างแดนดิน","1,398","364","26.04","2,323","582","25.05"
"11505  :  โรงพยาบาลค่ายกฤษณ์สีวะรา","404","35","8.66","797","113","14.18"
"21323  :  โรงพยาบาลพระอาจารย์แบน  ธนากโร","133","7","5.26","190","67","35.26"
"24976  :  โรงพยาบาลการแพทย์แผนไทยสกลนคร หลวงปู่แฟ๊ป สุภัทโท","0","0","0.00","0","0","0.00"
"10711  :  โรงพยาบาลนครพนม","158","15","9.49","202","23","11.39"
"11104  :  โรงพยาบาลปลาปาก","352","103","29.26","425","157","36.94"
"11105  :  โรงพยาบาลท่าอุเทน","240","37","15.42","578","334","57.79"
"11106  :  โรงพยาบาลบ้านแพง","428","98","22.90","1,014","650","64.10"
"11107  :  โรงพยาบาลนาทม","139","33","23.74","202","88","43.56"
"11108  :  โรงพยาบาลเรณูนคร","526","42","7.98","994","607","61.07"
"11109  :  โรงพยาบาลนาแก","521","88","16.89","745","126","16.91"
"11110  :  โรงพยาบาลศรีสงคราม","379","62","16.36","647","252","38.95"
"11111  :  โรงพยาบาลนาหว้า","524","123","23.47","995","483","48.54"
"11112  :  โรงพยาบาลโพนสวรรค์","541","111","20.52","818","486","59.41"
"11451  :  โรงพยาบาลสมเด็จพระยุพราชธาตุพนม","158","20","12.66","249","171","68.67"
"12277  :  โรงพยาบาลจิตเวชนครพนมราชนครินทร์","0","0","0.00","0","0","0.00"
"40840  :  โรงพยาบาลวังยาง","236","78","33.05","312","112","35.90"
"10712  :  โรงพยาบาลมุกดาหาร","1,329","211","15.88","2,415","1,008","41.74"
"11113  :  โรงพยาบาลนิคมคำสร้อย","387","90","23.26","613","298","48.61"
"11114  :  โรงพยาบาลดอนตาล","412","153","37.14","669","382","57.10"
"11115  :  โรงพยาบาลดงหลวง","346","63","18.21","488","261","53.48"
"11116  :  โรงพยาบาลคำชะอี","296","55","18.58","575","227","39.48"
"11117  :  โรงพยาบาลหว้านใหญ่","106","27","25.47","189","131","69.31"
"11118  :  โรงพยาบาลหนองสูง","196","29","14.80","375","224","59.73"
"06009  :  โรงพยาบาลแม่ตื่น","120","20","16.67","460","62","13.48"
"10713  :  โรงพยาบาลนครพิงค์","10","1","10.00","27","4","14.81"
"11119  :  โรงพยาบาลจอมทอง","1,676","434","25.89","3,367","1,545","45.89"
"11120  :  โรงพยาบาลเทพรัตนเวชชานุกูล เฉลิมพระเกียรติ ๖๐ พรรษา","536","54","10.07","1,687","911","54.00"
"11121  :  โรงพยาบาลเชียงดาว","793","166","20.93","2,446","915","37.41"
"11122  :  โรงพยาบาลดอยสะเก็ด","0","0","0.00","0","0","0.00"
"11123  :  โรงพยาบาลแม่แตง","0","0","0.00","0","0","0.00"
"11124  :  โรงพยาบาลสะเมิง","267","63","23.60","897","415","46.27"
"11125  :  โรงพยาบาลฝาง","1,757","125","7.11","2,188","963","44.01"
"11126  :  โรงพยาบาลแม่อาย","198","44","22.22","703","400","56.90"
"11127  :  โรงพยาบาลพร้าว","0","0","0.00","0","0","0.00"
"11128  :  โรงพยาบาลสันป่าตอง","531","149","28.06","1,453","447","30.76"
"11129  :  โรงพยาบาลสันกำแพง","0","0","0.00","0","0","0.00"
"11130  :  โรงพยาบาลสันทราย","0","0","0.00","0","0","0.00"
"11131  :  โรงพยาบาลหางดง","0","0","0.00","0","0","0.00"
"11132  :  โรงพยาบาลฮอด","610","146","23.93","1,536","813","52.93"
"11133  :  โรงพยาบาลดอยเต่า","184","47","25.54","559","309","55.28"
"11134  :  โรงพยาบาลอมก๋อย","158","25","15.82","492","245","49.80"
"11135  :  โรงพยาบาลสารภี","0","0","0.00","0","0","0.00"
"11136  :  โรงพยาบาลเวียงแหง","1","0","0.00","1","0","0.00"
"11137  :  โรงพยาบาลไชยปราการ","264","74","28.03","696","313","44.97"
"11138  :  โรงพยาบาลแม่วาง","373","87","23.32","1,059","311","29.37"
"11139  :  โรงพยาบาลแม่ออน","0","0","0.00","0","0","0.00"
"11507  :  โรงพยาบาลกองบิน 41","48","0","0.00","111","61","54.95"
"11508  :  โรงพยาบาลค่ายกาวิละ เชียงใหม่","0","0","0.00","0","0","0.00"
"11643  :  โรงพยาบาลดอยหล่อ","0","0","0.00","0","0","0.00"
"11978  :  โรงพยาบาลดารารัศมี","0","0","0.00","0","0","0.00"
"11992  :  โรงพยาบาลเทพปัญญา 2 โรงพยาบาลทั่วไปขนาดกลาง","0","0","0.00","0","0","0.00"
"11995  :  โรงพยาบาลทั่วไปขนาดใหญ่เซ็นทรัลเชียงใหม่ เมโมเรียล","288","4","1.39","700","203","29.00"
"11999  :  โรงพยาบาลทั่วไปขนาดใหญ่เชียงใหม่เมดิคอลเซ็นเตอร์","12","0","0.00","18","4","22.22"
"12279  :  โรงพยาบาลส่งเสริมสุขภาพ ศูนย์อนามัยที่ 1","0","0","0.00","0","0","0.00"
"12280  :  โรงพยาบาลสวนปรุง","0","0","0.00","0","0","0.00"
"12281  :  โรงพยาบาลประสาทเชียงใหม่","0","0","0.00","0","0","0.00"
"13775  :  สถาบันพัฒนาการเด็กราชนครินทร์","0","0","0.00","0","0","0.00"
"13780  :  โรงพยาบาลมหาราชนครเชียงใหม่  มหาวิทยาลัยเชียงใหม่","0","0","0.00","0","0","0.00"
"13785  :  โรงพยาบาลธัญญารักษ์เชียงใหม่","0","0","0.00","0","0","0.00"
"14550  :  โรงพยาบาลทั่วไปขนาดใหญ่ เชียงใหม่ใกล้หมอ","697","24","3.44","1,533","338","22.05"
"14916  :  โรงพยาบาลทั่วไปขนาดกลางเชียงใหม่ฮอสพิทอล","692","89","12.86","1,748","468","26.77"
"23736  :  โรงพยาบาลวัดจันทร์ เฉลิมพระเกียรติ 80 พรรษา","30","7","23.33","154","52","33.77"
"10714  :  โรงพยาบาลลำพูน","0","0","0.00","0","0","0.00"
"11140  :  โรงพยาบาลแม่ทา","505","0","0.00","1,244","541","43.49"
"11141  :  โรงพยาบาลบ้านโฮ่ง","557","125","22.44","1,852","828","44.71"
"11142  :  โรงพยาบาลลี้","0","0","0.00","0","0","0.00"
"11143  :  โรงพยาบาลทุ่งหัวช้าง","169","47","27.81","509","199","39.10"
"11144  :  โรงพยาบาลป่าซาง","456","3","0.66","1,146","511","44.59"
"11145  :  โรงพยาบาลบ้านธิ","701","129","18.40","1,771","1,034","58.39"
"12000  :  โรงพยาบาลหริภุญชัยเมโมเรียล","0","0","0.00","0","0","0.00"
"14555  :  โรงพยาบาลทั่วไปขนาดกลางศิริเวช ลำพูน","298","29","9.73","749","45","6.01"
"24956  :  โรงพยาบาลเวียงหนองล่อง","195","36","18.46","441","119","26.98"
"10672  :  โรงพยาบาลลำปาง","2,314","796","34.40","4,397","1,203","27.36"
"11146  :  โรงพยาบาลแม่เมาะ","826","176","21.31","1,898","929","48.95"
"11147  :  โรงพยาบาลเกาะคา","144","41","28.47","390","204","52.31"
"11148  :  โรงพยาบาลเสริมงาม","467","61","13.06","1,124","598","53.20"
"11149  :  โรงพยาบาลงาว","245","85","34.69","737","469","63.64"
"11150  :  โรงพยาบาลแจ้ห่ม","555","123","22.16","1,281","837","65.34"
"11151  :  โรงพยาบาลวังเหนือ","402","68","16.92","1,202","630","52.41"
"11152  :  โรงพยาบาลเถิน","354","99","27.97","929","402","43.27"
"11153  :  โรงพยาบาลแม่พริก","326","99","30.37","1,035","574","55.46"
"11154  :  โรงพยาบาลแม่ทะ","505","42","8.32","799","434","54.32"
"11155  :  โรงพยาบาลสบปราบ","617","102","16.53","1,916","1,092","56.99"
"11156  :  โรงพยาบาลห้างฉัตร","694","161","23.20","1,643","725","44.13"
"11157  :  โรงพยาบาลเมืองปาน","299","51","17.06","773","301","38.94"
"11512  :  โรงพยาบาลค่ายสุรศักดิ์มนตรี","0","0","0.00","0","0","0.00"
"12283  :  โรงพยาบาลมะเร็งลำปาง","0","0","0.00","0","0","0.00"
"10673  :  โรงพยาบาลอุตรดิตถ์","1,543","498","32.27","3,700","1,057","28.57"
"11158  :  โรงพยาบาลตรอน","523","178","34.03","1,344","615","45.76"
"11159  :  โรงพยาบาลท่าปลา","399","121","30.33","1,144","490","42.83"
"11160  :  โรงพยาบาลน้ำปาด","375","151","40.27","970","464","47.84"
"11161  :  โรงพยาบาลฟากท่า","271","124","45.76","694","562","80.98"
"11162  :  โรงพยาบาลบ้านโคก","152","47","30.92","482","337","69.92"
"11163  :  โรงพยาบาลพิชัย","499","146","29.26","1,310","602","45.95"
"11164  :  โรงพยาบาลลับแล","656","195","29.73","1,474","592","40.16"
"11165  :  โรงพยาบาลทองแสนขัน","290","103","35.52","800","565","70.63"
"11509  :  โรงพยาบาลค่ายพิชัยดาบหัก","54","18","33.33","93","24","25.81"
"10715  :  โรงพยาบาลแพร่","0","0","0.00","0","0","0.00"
"11166  :  โรงพยาบาลร้องกวาง","267","55","20.60","944","550","58.26"
"11167  :  โรงพยาบาลลอง","658","134","20.36","1,376","729","52.98"
"11169  :  โรงพยาบาลสูงเม่น","0","0","0.00","0","0","0.00"
"11170  :  โรงพยาบาลสอง","668","209","31.29","1,934","926","47.88"
"11171  :  โรงพยาบาลวังชิ้น","283","81","28.62","838","198","23.63"
"11172  :  โรงพยาบาลหนองม่วงไข่","242","52","21.49","561","260","46.35"
"11452  :  โรงพยาบาลสมเด็จพระยุพราชเด่นชัย","642","28","4.36","1,749","837","47.86"
"10716  :  โรงพยาบาลน่าน","1,248","459","36.78","3,339","1,219","36.51"
"11173  :  โรงพยาบาลแม่จริม","144","79","54.86","401","171","42.64"
"11174  :  โรงพยาบาลบ้านหลวง","147","68","46.26","377","255","67.64"
"11175  :  โรงพยาบาลนาน้อย","402","194","48.26","963","477","49.53"
"11176  :  โรงพยาบาลท่าวังผา","309","90","29.13","838","456","54.42"
"11177  :  โรงพยาบาลเวียงสา","729","247","33.88","1,893","961","50.77"
"11178  :  โรงพยาบาลทุ่งช้าง","177","43","24.29","462","232","50.22"
"11179  :  โรงพยาบาลเชียงกลาง","279","85","30.47","928","597","64.33"
"11180  :  โรงพยาบาลนาหมื่น","240","72","30.00","796","535","67.21"
"11181  :  โรงพยาบาลสันติสุข","213","45","21.13","526","292","55.51"
"11182  :  โรงพยาบาลบ่อเกลือ","39","12","30.77","168","45","26.79"
"11183  :  โรงพยาบาลสองแคว","86","30","34.88","418","200","47.85"
"11453  :  โรงพยาบาลสมเด็จพระยุพราชปัว","282","78","27.66","830","391","47.11"
"11510  :  โรงพยาบาลค่ายสุริยพงษ์","25","2","8.00","91","5","5.49"
"11625  :  โรงพยาบาลเฉลิมพระเกียรติ","15","1","6.67","68","9","13.24"
"25017  :  โรงพยาบาลภูเพียง","70","28","40.00","183","70","38.25"
"10717  :  โรงพยาบาลพะเยา","0","0","0.00","0","0","0.00"
"10718  :  โรงพยาบาลเชียงคำ","0","0","0.00","0","0","0.00"
"11184  :  โรงพยาบาลจุน","445","107","24.04","1,335","752","56.33"
"11185  :  โรงพยาบาลเชียงม่วน","0","0","0.00","0","0","0.00"
"11186  :  โรงพยาบาลดอกคำใต้","457","84","18.38","1,033","282","27.30"
"11187  :  โรงพยาบาลปง","255","49","19.22","727","327","44.98"
"11188  :  โรงพยาบาลแม่ใจ","0","0","0.00","0","0","0.00"
"15140  :  โรงพยาบาลค่ายขุนเจืองธรรมิกราช","2","0","0.00","9","0","0.00"
"40744  :  โรงพยาบาลภูซาง","0","0","0.00","0","0","0.00"
"40745  :  โรงพยาบาลภูกามยาว","0","0","0.00","0","0","0.00"
"41347  :  โรงพยาบาลมหาวิทยาลัยพะเยา","4","0","0.00","15","0","0.00"
"10674  :  โรงพยาบาลเชียงรายประชานุเคราะห์","1,597","308","19.29","4,159","793","19.07"
"11189  :  โรงพยาบาลเทิง","856","165","19.28","1,982","1,009","50.91"
"11190  :  โรงพยาบาลพาน","0","0","0.00","0","0","0.00"
"11191  :  โรงพยาบาลป่าแดด","182","69","37.91","452","335","74.12"
"11192  :  โรงพยาบาลแม่จัน","0","0","0.00","0","0","0.00"
"11193  :  โรงพยาบาลเชียงแสน","199","42","21.11","453","237","52.32"
"11194  :  โรงพยาบาลแม่สาย","652","211","32.36","1,612","669","41.50"
"11195  :  โรงพยาบาลแม่สรวย","320","72","22.50","935","408","43.64"
"11196  :  โรงพยาบาลเวียงป่าเป้า","576","141","24.48","1,682","731","43.46"
"11197  :  โรงพยาบาลพญาเม็งราย","173","50","28.90","524","336","64.12"
"11198  :  โรงพยาบาลเวียงแก่น","164","38","23.17","481","245","50.94"
"11199  :  โรงพยาบาลขุนตาล","203","99","48.77","542","377","69.56"
"11200  :  โรงพยาบาลแม่ฟ้าหลวง","81","28","34.57","332","227","68.37"
"11201  :  โรงพยาบาลแม่ลาว","141","22","15.60","358","171","47.77"
"11202  :  โรงพยาบาลเวียงเชียงรุ้ง","254","34","13.39","861","475","55.17"
"11454  :  โรงพยาบาลสมเด็จพระยุพราชเชียงของ","627","162","25.84","1,823","840","46.08"
"15012  :  โรงพยาบาลสมเด็จพระญาณสังวร","224","85","37.95","468","177","37.82"
"23429  :  โรงพยาบาลมหาวิทยาลัยแม่ฟ้าหลวง","0","0","0.00","0","0","0.00"
"28823  :  โรงพยาบาลดอยหลวง","43","6","13.95","171","113","66.08"
"41509  :  โรงพยาบาลศูนย์การแพทย์มหาวิทยาลัยแม่ฟ้าหลวง","0","0","0.00","0","0","0.00"
"10719  :  โรงพยาบาลศรีสังวาลย์","352","125","35.51","924","439","47.51"
"11203  :  โรงพยาบาลขุนยวม","207","42","20.29","831","408","49.10"
"11204  :  โรงพยาบาลปาย","224","87","38.84","613","372","60.69"
"11205  :  โรงพยาบาลแม่สะเรียง","592","147","24.83","1,554","841","54.12"
"11206  :  โรงพยาบาลแม่ลาน้อย","230","99","43.04","694","396","57.06"
"11207  :  โรงพยาบาลสบเมย","102","49","48.04","338","89","26.33"
"11208  :  โรงพยาบาลปางมะผ้า","95","31","32.63","346","173","50.00"
"14197  :  โรงพยาบาลธัญญรักษ์แม่ฮ่องสอน","1","0","0.00","4","0","0.00"
"10675  :  โรงพยาบาลสวรรค์ประชารักษ์","0","0","0.00","0","0","0.00"
"11209  :  โรงพยาบาลโกรกพระ","425","166","39.06","1,214","458","37.73"
"11210  :  โรงพยาบาลชุมแสง","291","134","46.05","737","433","58.75"
"11211  :  โรงพยาบาลหนองบัว","995","432","43.42","2,402","1,239","51.58"
"11212  :  โรงพยาบาลบรรพตพิสัย","216","85","39.35","627","252","40.19"
"11213  :  โรงพยาบาลเก้าเลี้ยว","339","125","36.87","896","358","39.96"
"11214  :  โรงพยาบาลตาคลี","561","143","25.49","1,334","323","24.21"
"11215  :  โรงพยาบาลท่าตะโก","604","210","34.77","1,203","473","39.32"
"11216  :  โรงพยาบาลไพศาลี","554","129","23.29","1,330","657","49.40"
"11217  :  โรงพยาบาลพยุหะคีรี","642","233","36.29","1,425","792","55.58"
"11218  :  โรงพยาบาลลาดยาว","781","284","36.36","1,654","629","38.03"
"11219  :  โรงพยาบาลตากฟ้า","530","146","27.55","1,232","476","38.64"
"11220  :  โรงพยาบาลแม่วงก์","161","53","32.92","514","216","42.02"
"11513  :  โรงพยาบาลค่ายจิรประวัติ","465","247","53.12","1,074","291","27.09"
"12030  :  โรงพยาบาลพริ้นซ์ ปากน้ำโพ 1 โรงพยาบาลทั่วไปขนาดใหญ่","0","0","0.00","0","0","0.00"
"12033  :  โรงพยาบาลรวมแพทย์นครสวรรค์","0","0","0.00","0","0","0.00"
"12034  :  โรงพยาบาลพริ้นซ์ ปากน้ำโพ 2 โรงพยาบาลทั่วไปขนาดใหญ่","0","0","0.00","0","0","0.00"
"12042  :  โรงพยาบาลร่มฉัตร","0","0","0.00","0","0","0.00"
"12044  :  โรงพยาบาลศรีสวรรค์","0","0","0.00","0","0","0.00"
"12284  :  โรงพยาบาลส่งเสริมสุขภาพ ศูนย์อนามัยที่ 3","0","0","0.00","0","0","0.00"
"14171  :  โรงพยาบาลจิตเวชนครสวรรค์ราชนครินทร์","0","0","0.00","0","0","0.00"
"40749  :  โรงพยาบาลชุมตาบง","155","57","36.77","275","137","49.82"
"10720  :  โรงพยาบาลอุทัยธานี","78","28","35.90","182","82","45.05"
"11221  :  โรงพยาบาลทัพทัน","326","78","23.93","676","291","43.05"
"11222  :  โรงพยาบาลสว่างอารมณ์","335","114","34.03","764","364","47.64"
"11223  :  โรงพยาบาลหนองฉาง","340","94","27.65","807","419","51.92"
"11224  :  โรงพยาบาลหนองขาหย่าง","181","33","18.23","523","324","61.95"
"11225  :  โรงพยาบาลบ้านไร่","341","91","26.69","1,090","479","43.94"
"11226  :  โรงพยาบาลลานสัก","469","125","26.65","1,196","485","40.55"
"11227  :  โรงพยาบาลห้วยคต","284","80","28.17","694","327","47.12"
"10721  :  โรงพยาบาลกำแพงเพชร","0","0","0.00","0","0","0.00"
"11228  :  โรงพยาบาลทุ่งโพธิ์ทะเล","648","257","39.66","1,340","806","60.15"
"11229  :  โรงพยาบาลไทรงาม","431","122","28.31","1,066","853","80.02"
"11230  :  โรงพยาบาลคลองลาน","681","282","41.41","1,739","481","27.66"
"11231  :  โรงพยาบาลขาณุวรลักษบุรี","345","160","46.38","982","466","47.45"
"11232  :  โรงพยาบาลคลองขลุง","407","92","22.60","1,079","588","54.49"
"11233  :  โรงพยาบาลพรานกระต่าย","583","202","34.65","1,389","681","49.03"
"11234  :  โรงพยาบาลลานกระบือ","344","142","41.28","1,040","640","61.54"
"11235  :  โรงพยาบาลทรายทองวัฒนา","339","136","40.12","920","565","61.41"
"11236  :  โรงพยาบาลปางศิลาทอง","103","40","38.83","283","143","50.53"
"14135  :  โรงพยาบาลบึงสามัคคี","341","158","46.33","837","501","59.86"
"28010  :  โรงพยาบาลโกสัมพีนคร","143","61","42.66","438","134","30.59"
"10722  :  โรงพยาบาลสมเด็จพระเจ้าตากสินมหาราช","1,061","398","37.51","3,068","1,397","45.53"
"10723  :  โรงพยาบาลแม่สอด","660","295","44.70","1,980","756","38.18"
"11238  :  โรงพยาบาลบ้านตาก","414","203","49.03","1,246","675","54.17"
"11239  :  โรงพยาบาลสามเงา","354","117","33.05","1,032","512","49.61"
"11240  :  โรงพยาบาลแม่ระมาด","521","254","48.75","1,614","940","58.24"
"11241  :  โรงพยาบาลท่าสองยาง","193","68","35.23","836","536","64.11"
"11242  :  โรงพยาบาลพบพระ","390","186","47.69","1,549","1,044","67.40"
"11243  :  โรงพยาบาลอุ้มผาง","152","64","42.11","483","329","68.12"
"27443  :  โรงพยาบาลวังเจ้า","64","38","59.38","207","139","67.15"
"10724  :  โรงพยาบาลสุโขทัย","241","71","29.46","599","292","48.75"
"10725  :  โรงพยาบาลศรีสังวรสุโขทัย","233","79","33.91","676","213","31.51"
"11244  :  โรงพยาบาลบ้านด่านลานหอย","343","81","23.62","1,089","563","51.70"
"11245  :  โรงพยาบาลคีรีมาศ","397","196","49.37","1,113","471","42.32"
"11246  :  โรงพยาบาลกงไกรลาศ","387","95","24.55","1,050","608","57.90"
"11247  :  โรงพยาบาลศรีสัชนาลัย","597","242","40.54","1,849","883","47.76"
"11248  :  โรงพยาบาลสวรรคโลก","0","0","0.00","0","0","0.00"
"11249  :  โรงพยาบาลศรีนคร","385","147","38.18","1,146","583","50.87"
"11250  :  โรงพยาบาลทุ่งเสลี่ยม","893","325","36.39","2,217","1,054","47.54"
"10676  :  โรงพยาบาลพุทธชินราช","0","0","0.00","0","0","0.00"
"11251  :  โรงพยาบาลชาติตระการ","391","166","42.46","735","464","63.13"
"11252  :  โรงพยาบาลบางระกำ","1,027","439","42.75","2,511","1,384","55.12"
"11253  :  โรงพยาบาลบางกระทุ่ม","438","222","50.68","1,107","638","57.63"
"11254  :  โรงพยาบาลพรหมพิราม","844","297","35.19","1,957","1,331","68.01"
"11255  :  โรงพยาบาลวัดโบสถ์","660","227","34.39","1,452","825","56.82"
"11256  :  โรงพยาบาลวังทอง","0","0","0.00","0","0","0.00"
"11257  :  โรงพยาบาลเนินมะปราง","0","0","0.00","0","0","0.00"
"11455  :  โรงพยาบาลสมเด็จพระยุพราชนครไทย","644","321","49.84","1,513","886","58.56"
"11517  :  โรงพยาบาลค่ายสมเด็จพระนเรศวร","400","181","45.25","813","175","21.53"
"14972  :  โรงพยาบาลมหาวิทยาลัยนเรศวร","0","0","0.00","0","0","0.00"
"41429  :  โรงพยาบาลจิตเวชพิษณุโลก","0","0","0.00","0","0","0.00"
"10726  :  โรงพยาบาลพิจิตร","1,335","384","28.76","3,413","762","22.33"
"11258  :  โรงพยาบาลวังทรายพูน","253","89","35.18","664","368","55.42"
"11259  :  โรงพยาบาลโพธิ์ประทับช้าง","325","116","35.69","742","415","55.93"
"11260  :  โรงพยาบาลบางมูลนาก","444","117","26.35","1,045","398","38.09"
"11261  :  โรงพยาบาลโพทะเล","387","132","34.11","981","600","61.16"
"11262  :  โรงพยาบาลสามง่าม","473","115","24.31","1,053","430","40.84"
"11263  :  โรงพยาบาลทับคล้อ","585","193","32.99","1,344","747","55.58"
"11456  :  โรงพยาบาลสมเด็จพระยุพราชตะพานหิน","814","260","31.94","1,927","618","32.07"
"11631  :  โรงพยาบาลวชิรบารมี","268","76","28.36","509","261","51.28"
"27978  :  โรงพยาบาลสากเหล็ก","354","113","31.92","824","355","43.08"
"27979  :  โรงพยาบาลบึงนาราง","24","10","41.67","54","34","62.96"
"27980  :  โรงพยาบาลดงเจริญ","43","17","39.53","99","52","52.53"
"10727  :  โรงพยาบาลเพชรบูรณ์","1,419","492","34.67","3,196","463","14.49"
"11264  :  โรงพยาบาลชนแดน","435","242","55.63","1,161","703","60.55"
"11265  :  โรงพยาบาลหล่มสัก","1,011","301","29.77","1,982","212","10.70"
"11266  :  โรงพยาบาลวิเชียรบุรี","335","117","34.93","752","325","43.22"
"11267  :  โรงพยาบาลศรีเทพ","596","180","30.20","1,328","731","55.05"
"11268  :  โรงพยาบาลหนองไผ่","630","114","18.10","1,474","615","41.72"
"11269  :  โรงพยาบาลบึงสามพัน","781","321","41.10","1,781","979","54.97"
"11270  :  โรงพยาบาลน้ำหนาว","239","84","35.15","583","339","58.15"
"11271  :  โรงพยาบาลวังโป่ง","542","253","46.68","1,121","738","65.83"
"11272  :  โรงพยาบาลเขาค้อ","81","21","25.93","212","73","34.43"
"11457  :  โรงพยาบาลสมเด็จพระยุพราชหล่มเก่า","724","228","31.49","1,703","1,002","58.84"
"11946  :  โรงพยาบาลค่ายพ่อขุนผาเมือง","197","64","32.49","504","116","23.02"
"10677  :  โรงพยาบาลราชบุรี","0","0","0.00","0","0","0.00"
"10728  :  โรงพยาบาลดำเนินสะดวก","0","0","0.00","0","0","0.00"
"10729  :  โรงพยาบาลบ้านโป่ง","713","208","29.17","1,454","441","30.33"
"10730  :  โรงพยาบาลโพธาราม","0","0","0.00","0","0","0.00"
"11273  :  โรงพยาบาลสวนผึ้ง","364","123","33.79","898","320","35.63"
"11274  :  โรงพยาบาลบางแพ","546","107","19.60","1,080","338","31.30"
"11275  :  โรงพยาบาลเจ็ดเสมียน","316","125","39.56","870","295","33.91"
"11276  :  โรงพยาบาลปากท่อ","409","137","33.50","964","299","31.02"
"11277  :  โรงพยาบาลวัดเพลง","313","154","49.20","876","394","44.98"
"11458  :  โรงพยาบาลสมเด็จพระยุพราชจอมบึง","651","197","30.26","1,599","716","44.78"
"11519  :  โรงพยาบาลค่ายภาณุรังษี","147","45","30.61","378","92","24.34"
"12093  :  สถานพยาบาลแพทย์ประดิษฐ์","0","0","0.00","0","0","0.00"
"12097  :  มหาชัยพร้อมแพทย์โรงพยาบาลทั่วไปขนาดกลาง","0","0","0.00","0","0","0.00"
"12098  :  โรงพยาบาลกรุงเทพเมืองราชโรงพยาบาลทั่วไปขนาดใหญ่","0","0","0.00","0","0","0.00"
"12103  :  โรงพยาบาลซานคามิลโล","0","0","0.00","0","0","0.00"
"12286  :  โรงพยาบาลส่งเสริมสุขภาพ ศูนย์อนามัยที่ 5","0","0","0.00","0","0","0.00"
"28858  :  โรงพยาบาลบ้านคา","36","5","13.89","98","9","9.18"
"10731  :  โรงพยาบาลพหลพลพยุหเสนา","741","151","20.38","1,701","451","26.51"
"10732  :  โรงพยาบาลมะการักษ์","720","279","38.75","1,530","826","53.99"
"11278  :  โรงพยาบาลไทรโยค","295","112","37.97","786","444","56.49"
"11279  :  โรงพยาบาลสมเด็จพระปิยมหาราชรมณียเขต","25","8","32.00","35","14","40.00"
"11280  :  โรงพยาบาลบ่อพลอย","698","233","33.38","1,605","881","54.89"
"11281  :  โรงพยาบาลท่ากระดาน","121","57","47.11","350","200","57.14"
"11282  :  โรงพยาบาลสมเด็จพระสังฆราชองค์ที่ ๑๙","666","265","39.79","1,513","724","47.85"
"11283  :  โรงพยาบาลทองผาภูมิ","348","133","38.22","935","460","49.20"
"11284  :  โรงพยาบาลสังขละบุรี","213","77","36.15","626","338","53.99"
"11285  :  โรงพยาบาลเจ้าคุณไพบูลย์พนมทวน","395","197","49.87","970","514","52.99"
"11286  :  โรงพยาบาลเลาขวัญ","308","128","41.56","662","409","61.78"
"11287  :  โรงพยาบาลด่านมะขามเตี้ย","259","104","40.15","641","161","25.12"
"11288  :  โรงพยาบาลสถานพระบารมี","177","75","42.37","440","145","32.95"
"11520  :  โรงพยาบาลค่ายสุรสีห์","289","147","50.87","646","78","12.07"
"14136  :  โรงพยาบาลศุกร์ศิริศรีสวัสดิ์","79","33","41.77","232","133","57.33"
"21948  :  โรงพยาบาลห้วยกระเจา เฉลิมพระเกียรติ 80 พรรษา","294","130","44.22","745","489","65.64"
"41701  :  โรงพยาบาลหนองปรือ","0","0","0.00","0","0","0.00"
"10678  :  โรงพยาบาลเจ้าพระยายมราช","1,466","608","41.47","3,173","1,216","38.32"
"10733  :  โรงพยาบาลสมเด็จพระสังฆราชองค์ที่17","703","247","35.14","1,493","347","23.24"
"11289  :  โรงพยาบาลเดิมบางนางบวช","387","125","32.30","853","339","39.74"
"11290  :  โรงพยาบาลด่านช้าง","517","103","19.92","1,130","386","34.16"
"11291  :  โรงพยาบาลบางปลาม้า","456","151","33.11","1,016","351","34.55"
"11292  :  โรงพยาบาลศรีประจันต์","556","164","29.50","1,154","562","48.70"
"11293  :  โรงพยาบาลดอนเจดีย์","748","170","22.73","1,726","878","50.87"
"11294  :  โรงพยาบาลสามชุก","690","217","31.45","1,687","620","36.75"
"11295  :  โรงพยาบาลอู่ทอง","1,233","268","21.74","2,610","771","29.54"
"11296  :  โรงพยาบาลหนองหญ้าไซ","879","163","18.54","1,993","1,218","61.11"
"12123  :  โรงพยาบาลวิภาวดี-ปิยราษฎร์","54","7","12.96","85","11","12.94"
"10679  :  โรงพยาบาลนครปฐม","0","0","0.00","0","0","0.00"
"11297  :  โรงพยาบาลกำแพงแสน","439","131","29.84","974","412","42.30"
"11298  :  โรงพยาบาลนครชัยศรี","633","276","43.60","1,225","597","48.73"
"11299  :  โรงพยาบาลห้วยพลู","255","113","44.31","662","279","42.15"
"11300  :  โรงพยาบาลดอนตูม","453","106","23.40","1,032","352","34.11"
"11301  :  โรงพยาบาลบางเลน","407","134","32.92","996","473","47.49"
"11302  :  โรงพยาบาลสามพราน","762","198","25.98","1,832","710","38.76"
"11303  :  โรงพยาบาลพุทธมณฑล","127","47","37.01","224","125","55.80"
"11473  :  โรงพยาบาลเมตตาประชารักษ์(วัดไร่ขิง)","0","0","0.00","0","0","0.00"
"11521  :  โรงพยาบาลจันทรุเบกษา","0","0","0.00","0","0","0.00"
"13819  :  โรงพยาบาลหลวงพ่อเปิ่น","129","45","34.88","327","140","42.81"
"10734  :  โรงพยาบาลสมุทรสาคร","3,146","1,225","38.94","6,878","2,253","32.76"
"11304  :  โรงพยาบาลกระทุ่มแบน","3","1","33.33","5","4","80.00"
"11305  :  โรงพยาบาลบ้านแพ้ว","1,086","456","41.99","2,291","652","28.46"
"12137  :  โรงพยาบาลทั่วไปขนาดเล็กเจษฎา","60","5","8.33","98","13","13.27"
"10735  :  โรงพยาบาลสมเด็จพระพุทธเลิศหล้า","0","0","0.00","0","0","0.00"
"11306  :  โรงพยาบาลนภาลัย","0","0","0.00","0","0","0.00"
"11307  :  โรงพยาบาลอัมพวา","149","29","19.46","407","207","50.86"
"10736  :  โรงพยาบาลพระจอมเกล้า","982","242","24.64","2,047","541","26.43"
"11308  :  โรงพยาบาลเขาย้อย","204","83","40.69","594","312","52.53"
"11309  :  โรงพยาบาลหนองหญ้าปล้อง","43","19","44.19","196","111","56.63"
"11310  :  โรงพยาบาลชะอำ","1,113","357","32.08","2,481","988","39.82"
"11311  :  โรงพยาบาลท่ายาง","476","138","28.99","1,176","297","25.26"
"11312  :  โรงพยาบาลบ้านลาด","55","25","45.45","168","57","33.93"
"11313  :  โรงพยาบาลบ้านแหลม","1,047","387","36.96","2,428","1,192","49.09"
"11314  :  โรงพยาบาลแก่งกระจาน","54","10","18.52","165","72","43.64"
"10737  :  โรงพยาบาลประจวบคีรีขันธ์","0","0","0.00","0","0","0.00"
"11315  :  โรงพยาบาลกุยบุรี","397","88","22.17","808","475","58.79"
"11316  :  โรงพยาบาลทับสะแก","386","159","41.19","1,002","344","34.33"
"11317  :  โรงพยาบาลบางสะพาน","361","102","28.25","915","258","28.20"
"11318  :  โรงพยาบาลบางสะพานน้อย","0","0","0.00","0","0","0.00"
"11319  :  โรงพยาบาลปราณบุรี","0","0","0.00","0","0","0.00"
"11320  :  โรงพยาบาลหัวหิน","0","0","0.00","0","0","0.00"
"11321  :  โรงพยาบาลสามร้อยยอด","467","122","26.12","1,028","691","67.22"
"11500  :  โรงพยาบาลกองบิน 5","0","0","0.00","0","0","0.00"
"11522  :  โรงพยาบาลค่ายธนะรัชต์","0","0","0.00","0","0","0.00"
"12471  :  สถานีกาชาดหัวหินเฉลิมพระเกียรติ","333","120","36.04","798","290","36.34"
"10680  :  โรงพยาบาลมหาราชนครศรีธรรมราช","0","0","0.00","0","0","0.00"
"11322  :  โรงพยาบาลพรหมคีรี","324","134","41.36","741","346","46.69"
"11324  :  โรงพยาบาลลานสะกา","326","146","44.79","825","416","50.42"
"11325  :  โรงพยาบาลสมเด็จพระยุพราชฉวาง","365","77","21.10","791","359","45.39"
"11326  :  โรงพยาบาลพิปูน","302","91","30.13","753","294","39.04"
"11327  :  โรงพยาบาลเชียรใหญ่","316","74","23.42","689","276","40.06"
"11328  :  โรงพยาบาลชะอวด","444","108","24.32","1,041","340","32.66"
"11329  :  โรงพยาบาลท่าศาลา","1,353","364","26.90","2,783","942","33.85"
"11330  :  โรงพยาบาลทุ่งสง","0","0","0.00","0","0","0.00"
"11331  :  โรงพยาบาลนาบอน","207","70","33.82","477","314","65.83"
"11332  :  โรงพยาบาลทุ่งใหญ่","591","185","31.30","1,306","486","37.21"
"11333  :  โรงพยาบาลปากพนัง","141","45","31.91","286","174","60.84"
"11334  :  โรงพยาบาลร่อนพิบูลย์","0","0","0.00","0","0","0.00"
"11335  :  โรงพยาบาลสิชล","813","258","31.73","1,719","623","36.24"
"11336  :  โรงพยาบาลขนอม","850","178","20.94","2,030","730","35.96"
"11337  :  โรงพยาบาลหัวไทร","198","53","26.77","455","233","51.21"
"11338  :  โรงพยาบาลบางขัน","242","100","41.32","560","306","54.64"
"11339  :  โรงพยาบาลถ้ำพรรณรา","140","32","22.86","294","187","63.61"
"11523  :  โรงพยาบาลค่ายวชิราวุธ","935","130","13.90","1,785","361","20.22"
"11660  :  โรงพยาบาลจุฬาภรณ์","247","38","15.38","437","259","59.27"
"12287  :  โรงพยาบาลส่งเสริมสุขภาพ ศูนย์อนามัยที่ 11","0","0","0.00","0","0","0.00"
"12472  :  สถานีกาชาดสิริธร (สถานีกาชาดที่ 12 ทุ่งสง)","187","48","25.67","471","168","35.67"
"14918  :  โรงพยาบาลค่ายเทพสตรีศรีสุนทร","158","41","25.95","332","89","26.81"
"21771  :  โรงพยาบาลเทศบาลนครนครศรีธรรมราช","1,161","380","32.73","2,244","333","14.84"
"40491  :  โรงพยาบาลเฉลิมพระเกียรติ","226","80","35.40","454","27","5.95"
"40492  :  โรงพยาบาลพ่อท่านคล้ายวาจาสิทธิ์","240","61","25.42","613","221","36.05"
"40742  :  โรงพยาบาลนบพิตำ","198","53","26.77","351","112","31.91"
"40743  :  โรงพยาบาลพระพรหม","277","82","29.60","613","279","45.51"
"40970  :  โรงพยาบาลศูนย์การแพทย์มหาวิทยาลัยวลัยลักษณ์","0","0","0.00","0","0","0.00"
"10738  :  โรงพยาบาลกระบี่","0","0","0.00","0","0","0.00"
"11340  :  โรงพยาบาลเขาพนม","0","0","0.00","0","0","0.00"
"11341  :  โรงพยาบาลเกาะลันตา","0","0","0.00","0","0","0.00"
"11342  :  โรงพยาบาลคลองท่อม","0","0","0.00","0","0","0.00"
"11343  :  โรงพยาบาลอ่าวลึก","4","2","50.00","3","1","33.33"
"11344  :  โรงพยาบาลปลายพระยา","0","0","0.00","0","0","0.00"
"11345  :  โรงพยาบาลลำทับ","0","0","0.00","0","0","0.00"
"11346  :  โรงพยาบาลเหนือคลอง","0","0","0.00","0","0","0.00"
"77753  :  โรงพยาบาลเกาะพีพี","33","6","18.18","71","29","40.85"
"10739  :  โรงพยาบาลพังงา","0","0","0.00","0","0","0.00"
"10740  :  โรงพยาบาลตะกั่วป่า","0","0","0.00","0","0","0.00"
"11347  :  โรงพยาบาลเกาะยาวชัยพัฒน์","347","84","24.21","661","258","39.03"
"11348  :  โรงพยาบาลกะปงชัยพัฒน์","317","103","32.49","739","268","36.27"
"11349  :  โรงพยาบาลตะกั่วทุ่ง","528","81","15.34","1,198","218","18.20"
"11350  :  โรงพยาบาลบางไทร","192","47","24.48","447","140","31.32"
"11352  :  โรงพยาบาลคุระบุรีชัยพัฒน์","413","223","54.00","865","387","44.74"
"11353  :  โรงพยาบาลทับปุด","335","107","31.94","716","306","42.74"
"11354  :  โรงพยาบาลท้ายเหมืองชัยพัฒน์","688","242","35.17","1,347","710","52.71"
"10741  :  โรงพยาบาลวชิระภูเก็ต","855","273","31.93","1,640","205","12.50"
"11355  :  โรงพยาบาลป่าตอง","1,318","262","19.88","2,285","823","36.02"
"11356  :  โรงพยาบาลถลาง","0","0","0.00","0","0","0.00"
"24678  :  โรงพยาบาลองค์การบริหารส่วนจังหวัดภูเก็ต","623","129","20.71","1,100","220","20.00"
"41436  :  โรงพยาบาลฉลอง","0","0","0.00","0","0","0.00"
"09192  :  โรงพยาบาลเกาะเต่า","172","14","8.14","170","19","11.18"
"10681  :  โรงพยาบาลสุราษฎร์ธานี","0","0","0.00","0","0","0.00"
"10742  :  โรงพยาบาลเกาะสมุย","167","51","30.54","309","64","20.71"
"11357  :  โรงพยาบาลกาญจนดิษฐ์","0","0","0.00","0","0","0.00"
"11358  :  โรงพยาบาลดอนสัก","536","143","26.68","1,100","609","55.36"
"11359  :  โรงพยาบาลเกาะพงัน","139","42","30.22","353","154","43.63"
"11360  :  โรงพยาบาลไชยา","278","97","34.89","646","297","45.98"
"11361  :  โรงพยาบาลท่าชนะ","325","88","27.08","847","332","39.20"
"11362  :  โรงพยาบาลคีรีรัฐนิคม","77","32","41.56","200","48","24.00"
"11363  :  โรงพยาบาลบ้านตาขุน","160","62","38.75","366","204","55.74"
"11364  :  โรงพยาบาลพนม","117","41","35.04","265","132","49.81"
"11365  :  โรงพยาบาลท่าฉาง","310","123","39.68","746","392","52.55"
"11366  :  โรงพยาบาลบ้านนาสาร","0","0","0.00","0","0","0.00"
"11367  :  โรงพยาบาลบ้านนาเดิม","290","79","27.24","840","447","53.21"
"11368  :  โรงพยาบาลเคียนซา","336","146","43.45","761","356","46.78"
"11369  :  โรงพยาบาลพระแสง","386","133","34.46","917","487","53.11"
"11370  :  โรงพยาบาลพุนพิน","865","351","40.58","1,906","1,064","55.82"
"11371  :  โรงพยาบาลชัยบุรี","124","41","33.06","268","141","52.61"
"11459  :  โรงพยาบาลสมเด็จพระยุพราชเวียงสระ","492","151","30.69","1,147","524","45.68"
"11654  :  โรงพยาบาลวิภาวดี","169","63","37.28","268","91","33.96"
"12289  :  โรงพยาบาลสวนสราญรมย์","0","0","0.00","0","0","0.00"
"14138  :  โรงพยาบาลท่าโรงช้าง","148","49","33.11","382","140","36.65"
"14203  :  โรงพยาบาลมะเร็งสุราษฎร์ธานี","0","0","0.00","0","0","0.00"
"14862  :  โรงพยาบาลกองบิน7","25","1","4.00","52","3","5.77"
"14901  :  โรงพยาบาลค่ายวิภาวดีรังสิต","136","22","16.18","268","24","8.96"
"40915  :  สถาบันสุขภาพจิตเด็กและวัยรุ่นภาคใต้","0","0","0.00","0","0","0.00"
"10743  :  โรงพยาบาลระนอง","0","0","0.00","0","0","0.00"
"11323  :  โรงพยาบาลละอุ่น","43","22","51.16","140","65","46.43"
"11372  :  โรงพยาบาลกะเปอร์","352","129","36.65","970","592","61.03"
"11373  :  โรงพยาบาลกระบุรี","353","115","32.58","1,035","428","41.35"
"11374  :  โรงพยาบาลสุขสำราญ","92","42","45.65","200","119","59.50"
"10744  :  โรงพยาบาลชุมพรเขตรอุดมศักดิ์","0","0","0.00","0","0","0.00"
"11375  :  โรงพยาบาลปากน้ำชุมพร","677","316","46.68","1,648","836","50.73"
"11376  :  โรงพยาบาลท่าแซะ","144","45","31.25","466","237","50.86"
"11377  :  โรงพยาบาลปะทิว","131","34","25.95","330","171","51.82"
"11378  :  โรงพยาบาลมาบอำมฤต","330","55","16.67","961","400","41.62"
"11379  :  โรงพยาบาลหลังสวน","359","130","36.21","975","444","45.54"
"11380  :  โรงพยาบาลปากน้ำหลังสวน","353","167","47.31","848","477","56.25"
"11381  :  โรงพยาบาลละแม","318","105","33.02","768","327","42.58"
"11382  :  โรงพยาบาลพะโต๊ะ","318","104","32.70","1,090","571","52.39"
"11383  :  โรงพยาบาลสวี","421","139","33.02","1,050","534","50.86"
"11385  :  โรงพยาบาลทุ่งตะโก","248","45","18.15","746","309","41.42"
"11525  :  โรงพยาบาลค่ายเขตอุดมศักดิ์","101","5","4.95","274","9","3.28"
"10682  :  โรงพยาบาลหาดใหญ่","0","0","0.00","0","0","0.00"
"10745  :  โรงพยาบาลสงขลา","0","0","0.00","0","0","0.00"
"11386  :  โรงพยาบาลสทิงพระ","0","0","0.00","0","0","0.00"
"11387  :  โรงพยาบาลจะนะ","0","0","0.00","0","0","0.00"
"11388  :  โรงพยาบาลสมเด็จพระบรมราชินีนาถ ณ  อำเภอนาทวี","0","0","0.00","0","0","0.00"
"11390  :  โรงพยาบาลเทพา","0","0","0.00","0","0","0.00"
"11391  :  โรงพยาบาลสะบ้าย้อย","0","0","0.00","0","0","0.00"
"11392  :  โรงพยาบาลระโนด","0","0","0.00","0","0","0.00"
"11393  :  โรงพยาบาลกระแสสินธุ์","0","0","0.00","0","0","0.00"
"11394  :  โรงพยาบาลรัตภูมิ","0","0","0.00","0","0","0.00"
"11395  :  โรงพยาบาลสะเดา","0","0","0.00","0","0","0.00"
"11396  :  โรงพยาบาลนาหม่อม","0","0","0.00","0","0","0.00"
"11397  :  โรงพยาบาลควนเนียง","0","0","0.00","0","0","0.00"
"11398  :  โรงพยาบาลปาดังเบซาร์","0","0","0.00","0","0","0.00"
"11399  :  โรงพยาบาลบางกล่ำ","0","0","0.00","0","0","0.00"
"11400  :  โรงพยาบาลสิงหนคร","0","0","0.00","0","0","0.00"
"11401  :  โรงพยาบาลคลองหอยโข่ง","0","0","0.00","0","0","0.00"
"12290  :  โรงพยาบาลจิตเวชสงขลาราชนครินทร์","0","0","0.00","0","0","0.00"
"14194  :  โรงพยาบาลธัญญารักษ์สงขลา","0","0","0.00","0","0","0.00"
"10746  :  โรงพยาบาลสตูล","0","0","0.00","0","0","0.00"
"11402  :  โรงพยาบาลควนโดน","176","22","12.50","614","240","39.09"
"11403  :  โรงพยาบาลควนกาหลง","196","42","21.43","386","125","32.38"
"11404  :  โรงพยาบาลท่าแพ","0","0","0.00","0","0","0.00"
"11405  :  โรงพยาบาลละงู","0","0","0.00","0","0","0.00"
"11406  :  โรงพยาบาลทุ่งหว้า","149","16","10.74","429","118","27.51"
"28786  :  โรงพยาบาลมะนัง","140","25","17.86","287","80","27.87"
"10683  :  โรงพยาบาลตรัง","0","0","0.00","0","0","0.00"
"11407  :  โรงพยาบาลกันตัง","221","42","19.00","566","219","38.69"
"11408  :  โรงพยาบาลย่านตาขาว","512","152","29.69","1,214","356","29.32"
"11409  :  โรงพยาบาลปะเหลียน","0","0","0.00","0","0","0.00"
"11410  :  โรงพยาบาลสิเกา","233","64","27.47","579","202","34.89"
"11411  :  โรงพยาบาลห้วยยอด","0","0","0.00","0","0","0.00"
"11412  :  โรงพยาบาลวังวิเศษ","246","76","30.89","701","214","30.53"
"11413  :  โรงพยาบาลนาโยง","0","0","0.00","0","0","0.00"
"12226  :  โรงพยาบาลวัฒนแพทย์","0","0","0.00","0","0","0.00"
"12230  :  โรงพยาบาล ทีอาร์พีเอช โรงพยาบาลทั่วไปขนาดใหญ่","0","0","0.00","0","0","0.00"
"13755  :  โรงพยาบาลโรคผิวหนังเขตร้อนภาคใต้ จังหวัดตรัง","0","0","0.00","0","0","0.00"
"14139  :  โรงพยาบาลรัษฎา","62","11","17.74","108","23","21.30"
"28817  :  โรงพยาบาลหาดสำราญเฉลิมพระเกียรติ 80 พรรษา","35","12","34.29","103","42","40.78"
"10747  :  โรงพยาบาลพัทลุง","0","0","0.00","0","0","0.00"
"11414  :  โรงพยาบาลกงหรา","138","68","49.28","312","212","67.95"
"11415  :  โรงพยาบาลเขาชัยสน","0","0","0.00","0","0","0.00"
"11416  :  โรงพยาบาลตะโหมด","429","113","26.34","876","403","46.00"
"11417  :  โรงพยาบาลควนขนุน","0","0","0.00","0","0","0.00"
"11418  :  โรงพยาบาลปากพะยูน","0","0","0.00","0","0","0.00"
"11419  :  โรงพยาบาลศรีบรรพต","0","0","0.00","0","0","0.00"
"11420  :  โรงพยาบาลป่าบอน","137","39","28.47","402","175","43.53"
"11421  :  โรงพยาบาลบางแก้ว","0","0","0.00","0","0","0.00"
"11422  :  โรงพยาบาลป่าพะยอม","0","0","0.00","0","0","0.00"
"24673  :  โรงพยาบาลศรีนครินทร์(ปัญญานันทภิขุ)","260","63","24.23","643","276","42.92"
"10748  :  โรงพยาบาลปัตตานี","1","0","0.00","1","0","0.00"
"11423  :  โรงพยาบาลโคกโพธิ์","0","0","0.00","0","0","0.00"
"11424  :  โรงพยาบาลหนองจิก","0","0","0.00","0","0","0.00"
"11425  :  โรงพยาบาลปะนาเระ","0","0","0.00","0","0","0.00"
"11426  :  โรงพยาบาลมายอ","0","0","0.00","0","0","0.00"
"11427  :  โรงพยาบาลทุ่งยางแดง","0","0","0.00","0","0","0.00"
"11428  :  โรงพยาบาลไม้แก่น","0","0","0.00","0","0","0.00"
"11429  :  โรงพยาบาลยะหริ่ง","0","0","0.00","0","0","0.00"
"11430  :  โรงพยาบาลยะรัง","0","0","0.00","0","0","0.00"
"11431  :  โรงพยาบาลแม่ลาน","0","0","0.00","0","0","0.00"
"11460  :  โรงพยาบาลสมเด็จพระยุพราชสายบุรี","0","0","0.00","0","0","0.00"
"11464  :  โรงพยาบาลกะพ้อ","0","0","0.00","0","0","0.00"
"11529  :  โรงพยาบาลค่ายอิงคยุทธบริหาร","0","0","0.00","0","0","0.00"
"14195  :  โรงพยาบาลธัญญรักษ์ปัตตานี","0","0","0.00","0","0","0.00"
"10684  :  โรงพยาบาลยะลา","0","0","0.00","0","0","0.00"
"10749  :  โรงพยาบาลเบตง","0","0","0.00","0","0","0.00"
"11432  :  โรงพยาบาลบันนังสตา","0","0","0.00","0","0","0.00"
"11433  :  โรงพยาบาลธารโต","142","49","34.51","372","108","29.03"
"11434  :  โรงพยาบาลรามัน","0","0","0.00","0","0","0.00"
"11461  :  โรงพยาบาลสมเด็จพระยุพราชยะหา","0","0","0.00","0","0","0.00"
"12238  :  โรงพยาบาลสิโรรส","0","0","0.00","0","0","0.00"
"13806  :  โรงพยาบาลกาบัง","0","0","0.00","0","0","0.00"
"14663  :  โรงพยาบาลส่งเสริมสุขภาพ ศูนย์อนามัยที่ 12","0","0","0.00","0","0","0.00"
"24689  :  โรงพยาบาลกรงปินัง","0","0","0.00","0","0","0.00"
"10750  :  โรงพยาบาลนราธิวาสราชนครินทร์","0","0","0.00","0","0","0.00"
"10751  :  โรงพยาบาลสุไหงโก-ลก","0","0","0.00","0","0","0.00"
"11435  :  โรงพยาบาลตากใบ","866","289","33.37","2,063","501","24.29"
"11436  :  โรงพยาบาลบาเจาะ","314","87","27.71","1,158","457","39.46"
"11437  :  โรงพยาบาลระแงะ","601","243","40.43","1,633","435","26.64"
"11438  :  โรงพยาบาลรือเสาะ","169","29","17.16","512","95","18.55"
"11439  :  โรงพยาบาลศรีสาคร","273","37","13.55","772","166","21.50"
"11440  :  โรงพยาบาลแว้ง","338","85","25.15","980","293","29.90"
"11441  :  โรงพยาบาลสุคิริน","219","72","32.88","646","239","37.00"
"11442  :  โรงพยาบาลสุไหงปาดี","426","209","49.06","1,264","435","34.41"
"13818  :  โรงพยาบาลจะแนะ","256","39","15.23","959","273","28.47"
"15010  :  โรงพยาบาลเจาะไอร้อง","249","73","29.32","871","287","32.95"
"23771  :  โรงพยาบาลยี่งอเฉลิมพระเกียรติ 80 พรรษา","351","67","19.09","759","176","23.19"