"โรงพยาบาล","รวม","ปี พ.ศ. 2564","ปี พ.ศ. 2565"
"ตค.","พย.","ธค.","มค.","กพ.","มีค.","เมย.","พค.","มิย.","กค.","สค.","กย."
"11468  :  ทัณฑสถานโรงพยาบาลราชทัณฑ์","0","0","0","0","0","0","0","0","0","0","0","0","0"
"11469  :  โรงพยาบาลเลิดสิน","0","0","0","0","0","0","0","0","0","0","0","0","0"
"11470  :  โรงพยาบาลนพรัตนราชธานี","0","0","0","0","0","0","0","0","0","0","0","0","0"
"11471  :  โรงพยาบาลสงฆ์","0","0","0","0","0","0","0","0","0","0","0","0","0"
"11472  :  โรงพยาบาลราชวิถี","0","0","0","0","0","0","0","0","0","0","0","0","0"
"11477  :  โรงพยาบาลทหารผ่านศึก","0","0","0","0","0","0","0","0","0","0","0","0","0"
"11478  :  โรงพยาบาลสมเด็จพระปิ่นเกล้า","0","0","0","0","0","0","0","0","0","0","0","0","0"
"11481  :  โรงพยาบาลพระมงกุฎเกล้า","0","0","0","0","0","0","0","0","0","0","0","0","0"
"11482  :  โรงพยาบาลภูมิพลอดุลยเดช","0","0","0","0","0","0","0","0","0","0","0","0","0"
"11532  :  โรงพยาบาลสวนเบญจกิติเฉลิมพระเกียรติ84พรรษา","0","0","0","0","0","0","0","0","0","0","0","0","0"
"11534  :  โรงพยาบาลบุรฉัตรไชยากร (รถไฟ)","0","0","0","0","0","0","0","0","0","0","0","0","0"
"11535  :  คณะแพทย์ศาสตร์วชิรพยาบาล มหาวิทยาลัยกรุงเทพมหานคร","0","0","0","0","0","0","0","0","0","0","0","0","0"
"11536  :  โรงพยาบาลเวชการุณย์รัศมิ์","0","0","0","0","0","0","0","0","0","0","0","0","0"
"11537  :  โรงพยาบาลกลาง","0","0","0","0","0","0","0","0","0","0","0","0","0"
"11538  :  โรงพยาบาลลาดกระบังกรุงเทพมหานคร","0","0","0","0","0","0","0","0","0","0","0","0","0"
"11539  :  โรงพยาบาลตากสิน","0","0","0","0","0","0","0","0","0","0","0","0","0"
"11540  :  โรงพยาบาลหลวงพ่อทวีศักดิ์ฯ ชุตินธโร อุทิศ","0","0","0","0","0","0","0","0","0","0","0","0","0"
"11541  :  โรงพยาบาลเจริญกรุงประชารักษ์","0","0","0","0","0","0","0","0","0","0","0","0","0"
"11546  :  โรงพยาบาลบี เอ็น เอช","0","0","0","0","0","0","0","0","0","0","0","0","0"
"11548  :  โรงพยาบาลกรุงเทพคริสเตียน","0","0","0","0","0","0","0","0","0","0","0","0","0"
"11552  :  โรงพยาบาลมเหสักข์","0","0","0","0","0","0","0","0","0","0","0","0","0"
"11559  :  สถานพยาบาลชินเขตงามวงศ์วาน","0","0","0","0","0","0","0","0","0","0","0","0","0"
"11560  :  โรงพยาบาลทั่วไปขนาดใหญ่เปาโล เกษตร","0","0","0","0","0","0","0","0","0","0","0","0","0"
"11565  :  โรงพยาบาลรามคำแหง","0","0","0","0","0","0","0","0","0","0","0","0","0"
"11581  :  โรงพยาบาลผู้สูงอายุขนาดกลางกล้วยน้ำไท 2","0","0","0","0","0","0","0","0","0","0","0","0","0"
"11583  :  โรงพยาบาลกล้วยน้ำไท","0","0","0","0","0","0","0","0","0","0","0","0","0"
"11592  :  โรงพยาบาลบางนา1","0","0","0","0","0","0","0","0","0","0","0","0","0"
"11595  :  นวมินทร์โรงพยาบาลทั่วไปขนาดใหญ่","0","0","0","0","0","0","0","0","0","0","0","0","0"
"11597  :  สถาบันกัลยาณ์ราชนครินทร์","0","0","0","0","0","0","0","0","0","0","0","0","0"
"11600  :  โรงพยาบาลเซนต์หลุยส์","0","0","0","0","0","0","0","0","0","0","0","0","0"
"11603  :  โรงพยาบาลเทียนฟ้ามูลนิธิโรงพยาบาลทั่วไปขนาดกลาง","0","0","0","0","0","0","0","0","0","0","0","0","0"
"11607  :  โรงพยาบาลเปาโลเมโมเรียล","0","0","0","0","0","0","0","0","0","0","0","0","0"
"11609  :  โรงพยาบาลพญาไท 2","0","0","0","0","0","0","0","0","0","0","0","0","0"
"11616  :  โรงพยาบาลสมิติเวชธนบุรี","0","0","0","0","0","0","0","0","0","0","0","0","0"
"11621  :  โรงพยาบาลบางไผ่","0","0","0","0","0","0","0","0","0","0","0","0","0"
"11626  :  โรงพยาบาลคลองตัน","0","0","0","0","0","0","0","0","0","0","0","0","0"
"11628  :  โรงพยาบาลพระราม 9","0","0","0","0","0","0","0","0","0","0","0","0","0"
"11629  :  โรงพยาบาลเพชรเวช","0","0","0","0","0","0","0","0","0","0","0","0","0"
"11640  :  โรงพยาบาลธนบุรี 2","0","0","0","0","0","0","0","0","0","0","0","0","0"
"11641  :  โรงพยาบาลทั่วไปขนาดกลางโรงพยาบาลวิชัยเวช แยกไฟฉาย","0","0","0","0","0","0","0","0","0","0","0","0","0"
"11644  :  โรงพยาบาลเจ้าพระยา","0","0","0","0","0","0","0","0","0","0","0","0","0"
"11645  :  โรงพยาบาลทั่วไปขนาดใหญ่ธนบุรี","0","0","0","0","0","0","0","0","0","0","0","0","0"
"11656  :  โรงพยาบาลเกษมราษฎร์ บางแค","0","0","0","0","0","0","0","0","0","0","0","0","0"
"11661  :  โรงพยาบาลวิชัยเวช อินเตอร์เนชั่นแนล หนองแขม","0","0","0","0","0","0","0","0","0","0","0","0","0"
"11667  :  โรงพยาบาลประชาพัฒน์","0","0","0","0","0","0","0","0","0","0","0","0","0"
"11668  :  โรงพยาบาลสุขสวัสดิ์","0","0","0","0","0","0","0","0","0","0","0","0","0"
"11669  :  โรงพยาบาลราษฏร์บูรณะ","0","0","0","0","0","0","0","0","0","0","0","0","0"
"11670  :  โรงพยาบาลบางปะกอก 1","0","0","0","0","0","0","0","0","0","0","0","0","0"
"11676  :  โรงพยาบาลยันฮี","0","0","0","0","0","0","0","0","0","0","0","0","0"
"11686  :  โรงพยาบาลบางโพ","0","0","0","0","0","0","0","0","0","0","0","0","0"
"11687  :  โรงพยาบาลเกษมราษฎร์ประชาชื่น","0","0","0","0","0","0","0","0","0","0","0","0","0"
"11691  :  โรงพยาบาลวิภาวดี","0","0","0","0","0","0","0","0","0","0","0","0","0"
"11694  :  โรงพยาบาลจักษุรัตนิน","0","0","0","0","0","0","0","0","0","0","0","0","0"
"11697  :  โรงพยาบาลคามิลเลียน","0","0","0","0","0","0","0","0","0","0","0","0","0"
"11699  :  โรงพยาบาลบำรุงราษฎร์","0","0","0","0","0","0","0","0","0","0","0","0","0"
"11703  :  โรงพยาบาลแพทย์ปัญญา","0","0","0","0","0","0","0","0","0","0","0","0","0"
"11708  :  โรงพยาบาลบางมดโรงพยาบาลทั่วไปขนาดใหญ่","0","0","0","0","0","0","0","0","0","0","0","0","0"
"11715  :  โรงพยาบาลพญาไท 1","0","0","0","0","0","0","0","0","0","0","0","0","0"
"11721  :  โรงพยาบาลเปาโลเมโมเรียล โชคชัย 4","0","0","0","0","0","0","0","0","0","0","0","0","0"
"11729  :  โรงพยาบาลลาดพร้าว","0","0","0","0","0","0","0","0","0","0","0","0","0"
"11730  :  โรงพยาบาลไทยนครินทร์","0","0","0","0","0","0","0","0","0","0","0","0","0"
"11750  :  โรงพยาบาลหัวเฉียวโรงพยาบาลทั่วไปขนาดใหญ่","0","0","0","0","0","0","0","0","0","0","0","0","0"
"11811  :  โรงพยาบาลสมิติเวช","0","0","0","0","0","0","0","0","0","0","0","0","0"
"12243  :  สถาบันพัฒนาสุขภาวะเขตเมือง","0","0","0","0","0","0","0","0","0","0","0","0","0"
"12244  :  สถาบันจิตเวชศาสตร์สมเด็จเจ้าพระยา","74","2","19","11","9","10","11","12","0","0","0","0","0"
"12246  :  สถาบันราชานุกูล","17","0","7","6","1","2","0","1","0","0","0","0","0"
"12249  :  สถาบันโรคผิวหนัง","0","0","0","0","0","0","0","0","0","0","0","0","0"
"12250  :  สถาบันมะเร็งแห่งชาติ","0","0","0","0","0","0","0","0","0","0","0","0","0"
"12438  :  สถาบันสุขภาพเด็กแห่งชาติมหาราชินี","0","0","0","0","0","0","0","0","0","0","0","0","0"
"12439  :  สถาบันประสาทวิทยา","0","0","0","0","0","0","0","0","0","0","0","0","0"
"13756  :  โรงพยาบาลจุฬาลงกรณ์สภากาชาดไทย","0","0","0","0","0","0","0","0","0","0","0","0","0"
"13757  :  โรงพยาบาลเวชศาสตร์เขตร้อน มหาวิทยาลัยมหิดล","0","0","0","0","0","0","0","0","0","0","0","0","0"
"13814  :  โรงพยาบาลศิริราช","0","0","0","0","0","0","0","0","0","0","0","0","0"
"14173  :  โรงพยาบาลตำรวจ","0","0","0","0","0","0","0","0","0","0","0","0","0"
"14572  :  โรงพยาบาลบี.แคร์.เมดิคอลเซ็นเตอร์","0","0","0","0","0","0","0","0","0","0","0","0","0"
"14574  :  โรงพยาบาลพญาไท 3","0","0","0","0","0","0","0","0","0","0","0","0","0"
"14577  :  โรงพยาบาลวิภาราม","0","0","0","0","0","0","0","0","0","0","0","0","0"
"14641  :  โรงพยาบาลราชพิพัฒน์","0","0","0","0","0","0","0","0","0","0","0","0","0"
"14908  :  โรงพยาบาลการุญเวช สุขาภิบาล3","0","0","0","0","0","0","0","0","0","0","0","0","0"
"15049  :  โรงพยาบาลสิรินธร","0","0","0","0","0","0","0","0","0","0","0","0","0"
"15147  :  โรงพยาบาลบางปะกอก 8 โรงพยาบาลทั่วไปขนาดใหญ่","0","0","0","0","0","0","0","0","0","0","0","0","0"
"21673  :  โรงพยาบาลซีจีเอช สายไหม โรงพยาบาลทั่วไปขนาดใหญ่","0","0","0","0","0","0","0","0","0","0","0","0","0"
"22155  :  โรงพยาบาลครู","0","0","0","0","0","0","0","0","0","0","0","0","0"
"22737  :  โรงพยาบาลจุฬาภรณ์","0","0","0","0","0","0","0","0","0","0","0","0","0"
"23762  :  โรงพยาบาลนวุติสมเด็จย่า","0","0","0","0","0","0","0","0","0","0","0","0","0"
"23781  :  นวมินทร์ 9โรงพยาบาลทั่วไปขนาดใหญ่","0","0","0","0","0","0","0","0","0","0","0","0","0"
"23783  :  โรงพยาบาลเสรีรักษ์","0","0","0","0","0","0","0","0","0","0","0","0","0"
"24085  :  สถาบันวิจัยการแพทย์แผนไทย","0","0","0","0","0","0","0","0","0","0","0","0","0"
"24748  :  โรงพยาบาลศิริราช ปิยมหาราชการุณย์","0","0","0","0","0","0","0","0","0","0","0","0","0"
"25015  :  โรงพยาบาลทั่วไปขนาดใหญ่มิตรประชา","0","0","0","0","0","0","0","0","0","0","0","0","0"
"25060  :  โรงพยาบาลผู้สูงอายุบางขุนเทียน","0","0","0","0","0","0","0","0","0","0","0","0","0"
"41329  :  โรงพยาบาลเฉพาะประเภทผู้ป่วยสูงอายุ เฌ้อสเซอรี่โฮมขนาดเล็ก","0","0","0","0","0","0","0","0","0","0","0","0","0"
"41414  :  โรงพยาบาลทหารอากาศ (สีกัน)","0","0","0","0","0","0","0","0","0","0","0","0","0"
"77665  :  โรงพยาบาลการแพทย์แผนไทยและการแพทย์ผสมผสาน","0","0","0","0","0","0","0","0","0","0","0","0","0"
"10685  :  โรงพยาบาลสมุทรปราการ","2","0","2","0","0","0","0","0","0","0","0","0","0"
"10752  :  โรงพยาบาลบางบ่อ","0","0","0","0","0","0","0","0","0","0","0","0","0"
"10753  :  โรงพยาบาลบางพลี","4","0","1","2","0","1","0","0","0","0","0","0","0"
"10754  :  โรงพยาบาลบางจาก","36","0","0","0","0","8","18","10","0","0","0","0","0"
"10755  :  โรงพยาบาลพระสมุทรเจดีย์สวาทยานนท์","2","0","0","1","0","0","0","0","1","0","0","0","0"
"11769  :  โรงพยาบาลเซ็นทรัลปาร์ค","0","0","0","0","0","0","0","0","0","0","0","0","0"
"11775  :  โรงพยาบาลเมืองสมุทรปู่เจ้าสมิงพราย","0","0","0","0","0","0","0","0","0","0","0","0","0"
"12251  :  โรงพยาบาลยุวประสาทไวทโยปถัมภ์","0","0","0","0","0","0","0","0","0","0","0","0","0"
"15138  :  โรงพยาบาลเมืองสมุทรบางปูโรงพยาบาลทั่วไปขนาดเล็ก","1","0","0","0","1","0","0","0","0","0","0","0","0"
"28785  :  โรงพยาบาลบางเสาธง","0","0","0","0","0","0","0","0","0","0","0","0","0"
"10686  :  โรงพยาบาลพระนั่งเกล้า","339","38","45","56","58","52","52","38","0","0","0","0","0"
"10756  :  โรงพยาบาลบางกรวย","59","4","14","11","4","7","7","9","3","0","0","0","0"
"10757  :  โรงพยาบาลบางใหญ่","8","0","1","0","0","3","1","1","2","0","0","0","0"
"10758  :  โรงพยาบาลบางบัวทอง","13","1","0","1","2","5","3","1","0","0","0","0","0"
"10759  :  โรงพยาบาลไทรน้อย","5","0","0","2","1","1","1","0","0","0","0","0","0"
"10760  :  โรงพยาบาลปากเกร็ด","0","0","0","0","0","0","0","0","0","0","0","0","0"
"11781  :  โรงพยาบาลนนทเวช","0","0","0","0","0","0","0","0","0","0","0","0","0"
"11786  :  โรงพยาบาลอนันต์พัฒนา 2","0","0","0","0","0","0","0","0","0","0","0","0","0"
"11787  :  โรงพยาบาลเกษมราษฎร์อินเตอร์เนชั่นแนล รัตนาธิเบศร์โรงพยาบาลทั่วไปขนาดใหญ่","0","0","0","0","0","0","0","0","0","0","0","0","0"
"12256  :  สถาบันโรคทรวงอก","0","0","0","0","0","0","0","0","0","0","0","0","0"
"12257  :  สถาบันบำราศนราดูร","0","0","0","0","0","0","0","0","0","0","0","0","0"
"12258  :  สถาบันสิรินธรเพื่อการฟื้นฟูสมรรถภาพทางการแพทย์แห่งชาติ","0","0","0","0","0","0","0","0","0","0","0","0","0"
"12260  :  โรงพยาบาลศรีธัญญา","82","7","13","13","14","12","13","3","7","0","0","0","0"
"13815  :  ศูนย์การแพทย์ปัญญานันทภิกขุ ชลประทาน มหาวิทยาลัยศรีนครินทรวิโรฒ","4","0","1","1","1","0","0","1","0","0","0","0","0"
"22127  :  โรงพยาบาลชลลดา","0","0","0","0","0","0","0","0","0","0","0","0","0"
"28875  :  โรงพยาบาลบางบัวทอง ๒","1","0","0","0","1","0","0","0","0","0","0","0","0"
"10687  :  โรงพยาบาลปทุมธานี","7","0","0","2","0","1","4","0","0","0","0","0","0"
"10761  :  โรงพยาบาลคลองหลวง","8","0","0","0","0","8","0","0","0","0","0","0","0"
"10762  :  โรงพยาบาลธัญบุรี","1,003","39","107","83","225","257","197","69","26","0","0","0","0"
"10763  :  โรงพยาบาลประชาธิปัตย์","607","57","77","122","115","89","51","46","50","0","0","0","0"
"10764  :  โรงพยาบาลหนองเสือ","119","44","21","11","13","13","8","6","3","0","0","0","0"
"10765  :  โรงพยาบาลลาดหลุมแก้ว","2","0","0","0","0","0","2","0","0","0","0","0","0"
"10766  :  โรงพยาบาลลำลูกกา","79","0","4","2","9","40","24","0","0","0","0","0","0"
"10767  :  โรงพยาบาลสามโคก","350","51","53","49","41","29","76","22","29","0","0","0","0"
"12262  :  สถาบันบำบัดรักษาและฟื้นฟูผู้ติดยาเสพติดแห่งชาติบรมราชชนนี","0","0","0","0","0","0","0","0","0","0","0","0","0"
"14923  :  โรงพยาบาลมหาวชิราลงกรณ ธัญบุรี","0","0","0","0","0","0","0","0","0","0","0","0","0"
"10660  :  โรงพยาบาลพระนครศรีอยุธยา","61","1","5","6","12","12","7","1","17","0","0","0","0"
"10688  :  โรงพยาบาลเสนา","5","0","1","0","1","1","2","0","0","0","0","0","0"
"10768  :  โรงพยาบาลท่าเรือ","0","0","0","0","0","0","0","0","0","0","0","0","0"
"10769  :  โรงพยาบาลสมเด็จพระสังฆราชเจ้า กรมหลวงชินวราลงกรณ (วาสนมหาเถร)","2","0","0","0","0","1","1","0","0","0","0","0","0"
"10770  :  โรงพยาบาลบางไทร","0","0","0","0","0","0","0","0","0","0","0","0","0"
"10771  :  โรงพยาบาลบางบาล","1","0","0","0","0","0","0","1","0","0","0","0","0"
"10772  :  โรงพยาบาลบางปะอิน","208","5","22","45","49","48","11","7","21","0","0","0","0"
"10773  :  โรงพยาบาลบางปะหัน","0","0","0","0","0","0","0","0","0","0","0","0","0"
"10774  :  โรงพยาบาลผักไห่","0","0","0","0","0","0","0","0","0","0","0","0","0"
"10775  :  โรงพยาบาลภาชี","0","0","0","0","0","0","0","0","0","0","0","0","0"
"10776  :  โรงพยาบาลลาดบัวหลวง","0","0","0","0","0","0","0","0","0","0","0","0","0"
"10777  :  โรงพยาบาลวังน้อย","488","5","174","108","62","61","62","10","6","0","0","0","0"
"10778  :  โรงพยาบาลบางซ้าย","0","0","0","0","0","0","0","0","0","0","0","0","0"
"10779  :  โรงพยาบาลอุทัย","0","0","0","0","0","0","0","0","0","0","0","0","0"
"10780  :  โรงพยาบาลมหาราช","0","0","0","0","0","0","0","0","0","0","0","0","0"
"10781  :  โรงพยาบาลบ้านแพรก","5","0","0","1","1","1","0","2","0","0","0","0","0"
"10689  :  โรงพยาบาลอ่างทอง","26","1","0","8","1","1","14","1","0","0","0","0","0"
"10782  :  โรงพยาบาลไชโย","3","1","0","0","1","1","0","0","0","0","0","0","0"
"10784  :  โรงพยาบาลป่าโมก","58","2","11","3","12","11","6","9","4","0","0","0","0"
"10785  :  โรงพยาบาลโพธิ์ทอง","264","8","11","92","59","53","17","9","15","0","0","0","0"
"10786  :  โรงพยาบาลแสวงหา","0","0","0","0","0","0","0","0","0","0","0","0","0"
"10787  :  โรงพยาบาลวิเศษชัยชาญ","18","2","4","2","2","1","2","2","3","0","0","0","0"
"10788  :  โรงพยาบาลสามโก้","0","0","0","0","0","0","0","0","0","0","0","0","0"
"10690  :  โรงพยาบาลพระนารายณ์มหาราช","0","0","0","0","0","0","0","0","0","0","0","0","0"
"10691  :  โรงพยาบาลบ้านหมี่","0","0","0","0","0","0","0","0","0","0","0","0","0"
"10789  :  โรงพยาบาลพัฒนานิคม","348","68","57","48","50","41","42","10","32","0","0","0","0"
"10790  :  โรงพยาบาลโคกสำโรง","21","0","0","5","1","9","1","2","3","0","0","0","0"
"10791  :  โรงพยาบาลชัยบาดาล","0","0","0","0","0","0","0","0","0","0","0","0","0"
"10792  :  โรงพยาบาลท่าวุ้ง","2","1","0","0","0","0","0","0","1","0","0","0","0"
"10793  :  โรงพยาบาลท่าหลวง","2","0","0","0","2","0","0","0","0","0","0","0","0"
"10794  :  โรงพยาบาลสระโบสถ์","196","43","23","33","23","27","19","22","6","0","0","0","0"
"10795  :  โรงพยาบาลโคกเจริญ","1","0","0","0","0","0","0","1","0","0","0","0","0"
"10796  :  โรงพยาบาลลำสนธิ","0","0","0","0","0","0","0","0","0","0","0","0","0"
"10797  :  โรงพยาบาลหนองม่วง","3","0","0","0","1","0","1","1","0","0","0","0","0"
"14199  :  โรงพยาบาลมะเร็งลพบุรี","0","0","0","0","0","0","0","0","0","0","0","0","0"
"14928  :  โรงพยาบาลกองบิน 2","0","0","0","0","0","0","0","0","0","0","0","0","0"
"10692  :  โรงพยาบาลสิงห์บุรี","12","6","0","2","0","0","1","1","2","0","0","0","0"
"10693  :  โรงพยาบาลอินทร์บุรี","3","0","0","0","0","0","1","1","1","0","0","0","0"
"10798  :  โรงพยาบาลบางระจัน","15","0","0","0","0","0","6","9","0","0","0","0","0"
"10799  :  โรงพยาบาลค่ายบางระจัน","1","0","1","0","0","0","0","0","0","0","0","0","0"
"10800  :  โรงพยาบาลพรหมบุรี","0","0","0","0","0","0","0","0","0","0","0","0","0"
"10801  :  โรงพยาบาลท่าช้าง","65","2","0","3","4","6","48","1","1","0","0","0","0"
"10694  :  โรงพยาบาลชัยนาทนเรนทร","339","52","59","51","48","35","31","29","34","0","0","0","0"
"10802  :  โรงพยาบาลมโนรมย์","3","0","0","0","1","1","0","1","0","0","0","0","0"
"10803  :  โรงพยาบาลวัดสิงห์","583","86","81","134","84","30","56","46","64","2","0","0","0"
"10804  :  โรงพยาบาลสรรพยา","219","1","46","22","24","20","24","45","29","8","0","0","0"
"10805  :  โรงพยาบาลสรรคบุรี","3","0","0","0","0","1","1","1","0","0","0","0","0"
"10806  :  โรงพยาบาลหันคา","18","4","1","4","3","0","0","1","5","0","0","0","0"
"27974  :  โรงพยาบาลหนองมะโมง","270","10","9","108","50","34","28","11","19","1","0","0","0"
"27975  :  โรงพยาบาลเนินขาม","0","0","0","0","0","0","0","0","0","0","0","0","0"
"10661  :  โรงพยาบาลสระบุรี","993","147","176","169","151","134","117","99","0","0","0","0","0"
"10695  :  โรงพยาบาลพระพุทธบาท","21","0","0","0","2","2","10","7","0","0","0","0","0"
"10807  :  โรงพยาบาลแก่งคอย","1","0","0","0","0","1","0","0","0","0","0","0","0"
"10808  :  โรงพยาบาลหนองแค","16","0","1","0","0","1","14","0","0","0","0","0","0"
"10809  :  โรงพยาบาลวิหารแดง","403","0","50","117","127","52","34","23","0","0","0","0","0"
"10810  :  โรงพยาบาลหนองแซง","2","0","0","1","0","1","0","0","0","0","0","0","0"
"10811  :  โรงพยาบาลบ้านหมอ","5","1","1","0","0","1","2","0","0","0","0","0","0"
"10812  :  โรงพยาบาลดอนพุด","148","26","24","35","0","22","12","29","0","0","0","0","0"
"10813  :  โรงพยาบาลหนองโดน","0","0","0","0","0","0","0","0","0","0","0","0","0"
"10814  :  โรงพยาบาลเสาไห้เฉลิมพระเกียรติ80พรรษา","229","58","58","23","26","23","18","8","15","0","0","0","0"
"10815  :  โรงพยาบาลมวกเหล็ก","306","11","21","54","57","41","41","32","44","5","0","0","0"
"10816  :  โรงพยาบาลวังม่วงสัทธรรม","0","0","0","0","0","0","0","0","0","0","0","0","0"
"11485  :  โรงพยาบาลค่ายอดิศร","0","0","0","0","0","0","0","0","0","0","0","0","0"
"10662  :  โรงพยาบาลชลบุรี","17","0","0","1","4","2","5","3","2","0","0","0","0"
"10817  :  โรงพยาบาลบ้านบึง","0","0","0","0","0","0","0","0","0","0","0","0","0"
"10818  :  โรงพยาบาลหนองใหญ่","622","2","2","210","202","126","77","1","2","0","0","0","0"
"10819  :  โรงพยาบาลบางละมุง","38","5","3","3","8","6","6","4","3","0","0","0","0"
"10820  :  โรงพยาบาลวัดญาณสังวราราม","2","0","2","0","0","0","0","0","0","0","0","0","0"
"10821  :  โรงพยาบาลพานทอง","63","1","6","6","19","6","9","3","13","0","0","0","0"
"10822  :  โรงพยาบาลพนัสนิคม","6","1","0","0","0","2","0","0","3","0","0","0","0"
"10823  :  โรงพยาบาลแหลมฉบัง","8","0","0","3","2","0","3","0","0","0","0","0","0"
"10824  :  โรงพยาบาลเกาะสีชัง","237","125","90","9","3","2","4","1","3","0","0","0","0"
"10825  :  โรงพยาบาลสัตหีบกม10","23","0","0","6","4","12","1","0","0","0","0","0","0"
"10826  :  โรงพยาบาลบ่อทอง","8","1","1","0","2","2","0","2","0","0","0","0","0"
"11486  :  โรงพยาบาลค่ายนวมินทราชินี","0","0","0","0","0","0","0","0","0","0","0","0","0"
"11487  :  โรงพยาบาลอาภากรเกียรติวงศ์","0","0","0","0","0","0","0","0","0","0","0","0","0"
"13754  :  โรงพยาบาลสมเด็จพระบรมราชเทวี ณ ศรีราชา","0","0","0","0","0","0","0","0","0","0","0","0","0"
"13758  :  โรงพยาบาลสมเด็จพระนางเจ้าสิริกิติ์","0","0","0","0","0","0","0","0","0","0","0","0","0"
"13760  :  โรงพยาบาลมะเร็งชลบุรี","0","0","0","0","0","0","0","0","0","0","0","0","0"
"13766  :  โรงพยาบาลมหาวิทยาลัยบูรพา","1","0","0","0","0","0","1","0","0","0","0","0","0"
"28005  :  โรงพยาบาลเมืองพัทยา","0","0","0","0","0","0","0","0","0","0","0","0","0"
"28006  :  โรงพยาบาลเกาะจันทร์","0","0","0","0","0","0","0","0","0","0","0","0","0"
"10663  :  โรงพยาบาลระยอง","37","5","2","1","11","9","7","2","0","0","0","0","0"
"10827  :  โรงพยาบาลเฉลิมพระเกียรติสมเด็จพระเทพรัตนราชสุดาฯ สยามบรมราชกุมารี ระยอง","390","36","62","57","61","56","59","37","22","0","0","0","0"
"10828  :  โรงพยาบาลบ้านฉาง","702","152","223","124","64","55","37","38","9","0","0","0","0"
"10829  :  โรงพยาบาลแกลง","79","0","51","9","3","5","4","2","5","0","0","0","0"
"10830  :  โรงพยาบาลวังจันทร์","0","0","0","0","0","0","0","0","0","0","0","0","0"
"10831  :  โรงพยาบาลบ้านค่าย","170","1","0","1","32","19","69","33","15","0","0","0","0"
"10832  :  โรงพยาบาลปลวกแดง","172","0","0","0","1","1","0","0","152","18","0","0","0"
"22734  :  โรงพยาบาลเขาชะเมา เฉลิมพระเกียรติ 80 พรรษา","0","0","0","0","0","0","0","0","0","0","0","0","0"
"23962  :  โรงพยาบาลนิคมพัฒนา","1","0","0","0","0","0","0","1","0","0","0","0","0"
"10664  :  โรงพยาบาลพระปกเกล้า","1,330","131","138","167","176","297","278","107","36","0","0","0","0"
"10834  :  โรงพยาบาลขลุง","13","1","6","4","1","0","1","0","0","0","0","0","0"
"10835  :  โรงพยาบาลท่าใหม่","0","0","0","0","0","0","0","0","0","0","0","0","0"
"10836  :  โรงพยาบาลเขาสุกิม","64","5","16","9","17","6","7","4","0","0","0","0","0"
"10837  :  โรงพยาบาลสองพี่น้อง","0","0","0","0","0","0","0","0","0","0","0","0","0"
"10838  :  โรงพยาบาลโป่งน้ำร้อน","282","0","0","0","19","70","103","49","41","0","0","0","0"
"10839  :  โรงพยาบาลมะขาม","108","0","0","0","0","10","98","0","0","0","0","0","0"
"10840  :  โรงพยาบาลแหลมสิงห์","0","0","0","0","0","0","0","0","0","0","0","0","0"
"10841  :  โรงพยาบาลสอยดาว","15","0","1","2","4","4","0","4","0","0","0","0","0"
"10842  :  โรงพยาบาลแก่งหางแมว","431","78","83","70","44","56","49","33","18","0","0","0","0"
"10843  :  โรงพยาบาลนายายอาม","21","1","3","3","5","4","4","1","0","0","0","0","0"
"10844  :  โรงพยาบาลเขาคิชฌกูฏ","843","209","311","239","66","5","2","8","3","0","0","0","0"
"10696  :  โรงพยาบาลตราด","180","17","54","10","31","20","9","13","26","0","0","0","0"
"10845  :  โรงพยาบาลคลองใหญ่","1","0","0","0","1","0","0","0","0","0","0","0","0"
"10846  :  โรงพยาบาลเขาสมิง","0","0","0","0","0","0","0","0","0","0","0","0","0"
"10847  :  โรงพยาบาลบ่อไร่","251","25","81","100","43","0","2","0","0","0","0","0","0"
"10848  :  โรงพยาบาลแหลมงอบ","63","0","7","23","13","0","20","0","0","0","0","0","0"
"10849  :  โรงพยาบาลเกาะกูด","10","0","0","0","0","0","0","0","10","0","0","0","0"
"13816  :  โรงพยาบาลเกาะช้าง","0","0","0","0","0","0","0","0","0","0","0","0","0"
"10697  :  โรงพยาบาลพุทธโสธร","25","0","0","4","4","3","7","7","0","0","0","0","0"
"10833  :  โรงพยาบาลท่าตะเกียบ","21","4","4","2","1","4","3","1","2","0","0","0","0"
"10850  :  โรงพยาบาลบางคล้า","317","21","57","50","67","41","43","38","0","0","0","0","0"
"10851  :  โรงพยาบาลบางน้ำเปรี้ยว","0","0","0","0","0","0","0","0","0","0","0","0","0"
"10852  :  โรงพยาบาลบางปะกง","180","90","32","35","4","8","3","3","5","0","0","0","0"
"10853  :  โรงพยาบาลบ้านโพธิ์","6","0","1","0","0","3","1","1","0","0","0","0","0"
"10854  :  โรงพยาบาลพนมสารคาม","915","45","77","69","267","198","174","53","32","0","0","0","0"
"10855  :  โรงพยาบาลสนามชัยเขต","367","49","51","28","80","65","57","37","0","0","0","0","0"
"10856  :  โรงพยาบาลแปลงยาว","1","0","0","0","0","1","0","0","0","0","0","0","0"
"13747  :  โรงพยาบาลราชสาส์น","211","27","46","34","38","22","31","9","4","0","0","0","0"
"31327  :  โรงพยาบาลคลองเขื่อน","282","26","39","66","53","37","41","20","0","0","0","0","0"
"10665  :  โรงพยาบาลเจ้าพระยาอภัยภูเบศร","17","0","2","1","2","1","4","3","4","0","0","0","0"
"10857  :  โรงพยาบาลกบินทร์บุรี","40","0","2","0","4","13","2","3","16","0","0","0","0"
"10858  :  โรงพยาบาลนาดี","5","1","0","1","2","0","0","1","0","0","0","0","0"
"10859  :  โรงพยาบาลบ้านสร้าง","181","36","41","28","22","25","29","0","0","0","0","0","0"
"10860  :  โรงพยาบาลประจันตคาม","143","1","32","32","24","21","20","13","0","0","0","0","0"
"10861  :  โรงพยาบาลศรีมหาโพธิ","310","64","71","61","57","0","27","30","0","0","0","0","0"
"10862  :  โรงพยาบาลศรีมโหสถ","0","0","0","0","0","0","0","0","0","0","0","0","0"
"11490  :  โรงพยาบาลค่ายจักรพงษ์","0","0","0","0","0","0","0","0","0","0","0","0","0"
"10698  :  โรงพยาบาลนครนายก","514","74","93","95","78","83","52","30","9","0","0","0","0"
"10863  :  โรงพยาบาลปากพลี","0","0","0","0","0","0","0","0","0","0","0","0","0"
"10864  :  โรงพยาบาลบ้านนา","9","1","2","1","1","4","0","0","0","0","0","0","0"
"10865  :  โรงพยาบาลองครักษ์","370","46","70","59","52","51","34","24","34","0","0","0","0"
"11491  :  โรงพยาบาลรร.นายร้อยพระจุลจอมเกล้า","0","0","0","0","0","0","0","0","0","0","0","0","0"
"14904  :  โรงพยาบาลศูนย์การแพทย์สมเด็จพระเทพรัตนราชสุดาฯ","0","0","0","0","0","0","0","0","0","0","0","0","0"
"10699  :  โรงพยาบาลสมเด็จพระยุพราชสระแก้ว","473","13","85","72","111","98","78","16","0","0","0","0","0"
"10866  :  โรงพยาบาลคลองหาด","707","121","144","180","116","44","16","34","52","0","0","0","0"
"10867  :  โรงพยาบาลตาพระยา","1,066","70","67","91","188","277","244","96","33","0","0","0","0"
"10868  :  โรงพยาบาลวังน้ำเย็น","0","0","0","0","0","0","0","0","0","0","0","0","0"
"10869  :  โรงพยาบาลวัฒนานคร","95","0","1","3","4","31","47","9","0","0","0","0","0"
"10870  :  โรงพยาบาลอรัญประเทศ","3","1","0","1","1","0","0","0","0","0","0","0","0"
"13817  :  โรงพยาบาลเขาฉกรรจ์","432","0","2","1","0","427","0","2","0","0","0","0","0"
"14717  :  โรงพยาบาลจิตเวชสระแก้วราชนครินทร์","0","0","0","0","0","0","0","0","0","0","0","0","0"
"10666  :  โรงพยาบาลมหาราชนครราชสีมา","256","54","46","50","33","38","12","23","0","0","0","0","0"
"10871  :  โรงพยาบาลครบุรี","459","2","4","127","95","109","92","25","5","0","0","0","0"
"10872  :  โรงพยาบาลเสิงสาง","703","90","129","116","115","82","79","38","54","0","0","0","0"
"10873  :  โรงพยาบาลคง","1","0","1","0","0","0","0","0","0","0","0","0","0"
"10874  :  โรงพยาบาลบ้านเหลื่อม","376","0","0","0","2","0","374","0","0","0","0","0","0"
"10875  :  โรงพยาบาลจักราช","627","17","17","75","216","176","118","8","0","0","0","0","0"
"10876  :  โรงพยาบาลโชคชัย","25","1","2","1","5","13","0","2","1","0","0","0","0"
"10877  :  โรงพยาบาลด่านขุนทด","1","0","0","1","0","0","0","0","0","0","0","0","0"
"10878  :  โรงพยาบาลโนนไทย","4","0","0","0","2","1","1","0","0","0","0","0","0"
"10879  :  โรงพยาบาลโนนสูง","7","0","2","1","1","2","1","0","0","0","0","0","0"
"10880  :  โรงพยาบาลขามสะแกแสง","1","1","0","0","0","0","0","0","0","0","0","0","0"
"10881  :  โรงพยาบาลบัวใหญ่","2","0","0","0","0","1","1","0","0","0","0","0","0"
"10882  :  โรงพยาบาลประทาย","26","3","10","3","1","9","0","0","0","0","0","0","0"
"10883  :  โรงพยาบาลปักธงชัย","36","0","1","3","3","1","13","15","0","0","0","0","0"
"10884  :  โรงพยาบาลพิมาย","23","0","0","0","0","7","1","8","7","0","0","0","0"
"10885  :  โรงพยาบาลห้วยแถลง","8","1","2","1","0","0","2","2","0","0","0","0","0"
"10886  :  โรงพยาบาลชุมพวง","285","27","28","20","110","29","31","18","22","0","0","0","0"
"10887  :  โรงพยาบาลสูงเนิน","4","0","0","2","1","1","0","0","0","0","0","0","0"
"10888  :  โรงพยาบาลขามทะเลสอ","44","0","0","0","0","0","0","0","44","0","0","0","0"
"10889  :  โรงพยาบาลสีคิ้ว","1,445","723","413","307","1","0","0","1","0","0","0","0","0"
"10890  :  โรงพยาบาลปากช่องนานา","42","3","10","11","7","4","3","4","0","0","0","0","0"
"10891  :  โรงพยาบาลหนองบุญมาก","121","0","7","22","12","4","76","0","0","0","0","0","0"
"10892  :  โรงพยาบาลแก้งสนามนาง","71","0","0","1","63","0","6","1","0","0","0","0","0"
"10893  :  โรงพยาบาลโนนแดง","29","0","3","11","3","4","2","4","2","0","0","0","0"
"10894  :  โรงพยาบาลวังน้ำเขียว","6","0","1","0","3","0","1","0","1","0","0","0","0"
"11492  :  โรงพยาบาลค่ายสุรนารี นครราชสีมา","0","0","0","0","0","0","0","0","0","0","0","0","0"
"11602  :  โรงพยาบาลเฉลิมพระเกียรติสมเด็จย่า 100 ปี","239","31","20","47","32","24","26","41","18","0","0","0","0"
"11608  :  โรงพยาบาลลำทะเมนชัย","44","0","5","7","4","15","10","2","1","0","0","0","0"
"11885  :  โรงพยาบาลเดอะโกลเดนเกท","0","0","0","0","0","0","0","0","0","0","0","0","0"
"11891  :  โรงพยาบาลราชสีมาฮอสพิทอล","0","0","0","0","0","0","0","0","0","0","0","0","0"
"12267  :  ศูนย์อนามัยที่ 9 นครราชสีมา","0","0","0","0","0","0","0","0","0","0","0","0","0"
"12268  :  โรงพยาบาลจิตเวชนครราชสีมาราชนครินทร์","0","0","0","0","0","0","0","0","0","0","0","0","0"
"14161  :  โรงพยาบาลกองบิน กองบิน1","0","0","0","0","0","0","0","0","0","0","0","0","0"
"22456  :  โรงพยาบาลพระทองคำ เฉลิมพระเกียรติ 80 พรรษา","545","82","196","108","77","40","21","21","0","0","0","0","0"
"23839  :  โรงพยาบาลเทพรัตน์นครราชสีมา","1","0","0","0","0","0","0","0","1","0","0","0","0"
"24060  :  โรงพยาบาลมหาวิทยาลัยเทคโนโลยีสุรนารี","5","0","2","1","0","0","1","1","0","0","0","0","0"
"24692  :  โรงพยาบาลเฉลิมพระเกียรติ","90","4","6","26","11","19","12","12","0","0","0","0","0"
"27839  :  โรงพยาบาลบัวลาย","158","22","21","21","29","30","16","15","4","0","0","0","0"
"27840  :  โรงพยาบาลสีดา","1","0","0","0","0","1","0","0","0","0","0","0","0"
"27841  :  โรงพยาบาลเทพารักษ์","64","0","0","0","0","1","63","0","0","0","0","0","0"
"10667  :  โรงพยาบาลบุรีรัมย์","0","0","0","0","0","0","0","0","0","0","0","0","0"
"10895  :  โรงพยาบาลคูเมือง","263","47","11","20","20","26","62","37","40","0","0","0","0"
"10896  :  โรงพยาบาลกระสัง","108","2","3","1","1","89","10","2","0","0","0","0","0"
"10897  :  โรงพยาบาลนางรอง","29","3","2","3","20","1","0","0","0","0","0","0","0"
"10898  :  โรงพยาบาลหนองกี่","835","132","104","130","104","92","83","69","121","0","0","0","0"
"10899  :  โรงพยาบาลละหานทราย","7","0","0","0","3","1","1","0","2","0","0","0","0"
"10900  :  โรงพยาบาลประโคนชัย","65","11","6","16","8","4","9","7","4","0","0","0","0"
"10901  :  โรงพยาบาลบ้านกรวด","305","0","0","1","0","3","55","132","114","0","0","0","0"
"10902  :  โรงพยาบาลพุทไธสง","284","14","51","84","54","18","27","14","22","0","0","0","0"
"10904  :  โรงพยาบาลลำปลายมาศ","26","1","0","3","0","11","10","0","1","0","0","0","0"
"10905  :  โรงพยาบาลสตึก","59","0","0","2","3","20","4","29","1","0","0","0","0"
"10906  :  โรงพยาบาลปะคำ","23","1","2","2","1","7","3","1","6","0","0","0","0"
"10907  :  โรงพยาบาลนาโพธิ์","599","137","95","92","44","101","51","41","38","0","0","0","0"
"10908  :  โรงพยาบาลหนองหงส์","16","4","1","2","1","5","0","1","2","0","0","0","0"
"10909  :  โรงพยาบาลพลับพลาชัย","6","2","2","1","0","1","0","0","0","0","0","0","0"
"10910  :  โรงพยาบาลห้วยราช","51","0","0","0","3","38","4","6","0","0","0","0","0"
"10911  :  โรงพยาบาลโนนสุวรรณ","0","0","0","0","0","0","0","0","0","0","0","0","0"
"10912  :  โรงพยาบาลชำนิ","2","0","0","1","1","0","0","0","0","0","0","0","0"
"10913  :  โรงพยาบาลบ้านใหม่ไชยพจน์","74","3","7","9","32","12","6","3","2","0","0","0","0"
"10914  :  โรงพยาบาลโนนดินแดง","40","1","4","1","2","30","1","0","1","0","0","0","0"
"11493  :  โรงพยาบาลค่ายสมเด็จเจ้าพระยามหากษัตริย์ศึก","0","0","0","0","0","0","0","0","0","0","0","0","0"
"11619  :  โรงพยาบาลเฉลิมพระเกียรติ","0","0","0","0","0","0","0","0","0","0","0","0","0"
"23578  :  โรงพยาบาลแคนดง","13","0","0","1","2","3","1","4","2","0","0","0","0"
"28020  :  โรงพยาบาลบ้านด่าน","132","10","49","46","19","7","0","0","1","0","0","0","0"
"10668  :  โรงพยาบาลสุรินทร์","1,459","214","236","238","229","167","189","186","0","0","0","0","0"
"10915  :  โรงพยาบาลชุมพลบุรี","2","0","0","1","0","0","1","0","0","0","0","0","0"
"10916  :  โรงพยาบาลท่าตูม","1,186","120","109","105","96","77","71","73","535","0","0","0","0"
"10917  :  โรงพยาบาลจอมพระ","0","0","0","0","0","0","0","0","0","0","0","0","0"
"10918  :  โรงพยาบาลปราสาท","1,016","164","136","185","159","105","90","83","94","0","0","0","0"
"10919  :  โรงพยาบาลกาบเชิง","83","3","4","61","2","1","1","6","5","0","0","0","0"
"10920  :  โรงพยาบาลรัตนบุรี","845","150","149","115","119","90","89","57","76","0","0","0","0"
"10921  :  โรงพยาบาลสนม","329","40","40","65","56","43","39","23","23","0","0","0","0"
"10922  :  โรงพยาบาลศีขรภูมิ","696","152","102","139","48","93","78","84","0","0","0","0","0"
"10923  :  โรงพยาบาลสังขะ","831","72","99","122","158","131","127","122","0","0","0","0","0"
"10924  :  โรงพยาบาลลำดวน","919","88","54","78","148","114","209","163","65","0","0","0","0"
"10925  :  โรงพยาบาลสำโรงทาบ","0","0","0","0","0","0","0","0","0","0","0","0","0"
"10926  :  โรงพยาบาลบัวเชด","273","0","1","1","1","261","0","6","3","0","0","0","0"
"11494  :  โรงพยาบาลค่ายวีรวัฒน์โยธิน","0","0","0","0","0","0","0","0","0","0","0","0","0"
"22302  :  โรงพยาบาลพนมดงรัก เฉลิมพระเกียรติ 80 พรรษา","0","0","0","0","0","0","0","0","0","0","0","0","0"
"27842  :  โรงพยาบาลเขวาสินรินทร์","11","0","0","1","0","0","3","7","0","0","0","0","0"
"27843  :  โรงพยาบาลศรีณรงค์","499","54","58","85","86","61","73","38","44","0","0","0","0"
"27844  :  โรงพยาบาลโนนนารายณ์","347","67","40","69","32","40","30","34","35","0","0","0","0"
"10700  :  โรงพยาบาลศรีสะเกษ","30","1","7","1","2","3","4","6","6","0","0","0","0"
"10927  :  โรงพยาบาลยางชุมน้อย","1","1","0","0","0","0","0","0","0","0","0","0","0"
"10928  :  โรงพยาบาลกันทรารมย์","114","23","16","23","11","12","6","18","5","0","0","0","0"
"10929  :  โรงพยาบาลกันทรลักษ์","5","0","5","0","0","0","0","0","0","0","0","0","0"
"10930  :  โรงพยาบาลขุขันธ์","0","0","0","0","0","0","0","0","0","0","0","0","0"
"10931  :  โรงพยาบาลไพรบึง","11","0","0","0","0","0","3","8","0","0","0","0","0"
"10932  :  โรงพยาบาลปรางค์กู่","2","1","0","0","0","0","0","1","0","0","0","0","0"
"10933  :  โรงพยาบาลขุนหาญ","382","0","65","90","3","185","9","24","6","0","0","0","0"
"10934  :  โรงพยาบาลราษีไศล","466","43","60","46","40","62","81","61","73","0","0","0","0"
"10935  :  โรงพยาบาลอุทุมพรพิสัย","300","0","0","0","0","48","251","1","0","0","0","0","0"
"10936  :  โรงพยาบาลบึงบูรพ์","13","1","0","0","0","0","2","0","10","0","0","0","0"
"10937  :  โรงพยาบาลห้วยทับทัน","440","100","46","61","71","28","30","60","44","0","0","0","0"
"10938  :  โรงพยาบาลโนนคูณ","369","25","28","21","23","27","225","9","11","0","0","0","0"
"10939  :  โรงพยาบาลศรีรัตนะ","8","1","2","2","0","0","2","1","0","0","0","0","0"
"10940  :  โรงพยาบาลวังหิน","25","3","4","5","5","1","4","2","1","0","0","0","0"
"10941  :  โรงพยาบาลน้ำเกลี้ยง","24","0","0","4","8","3","1","2","6","0","0","0","0"
"10942  :  โรงพยาบาลภูสิงห์","40","8","4","3","8","1","4","5","7","0","0","0","0"
"10943  :  โรงพยาบาลเมืองจันทร์","155","20","26","21","21","17","20","16","14","0","0","0","0"
"23125  :  โรงพยาบาลเบญจลักษ์เฉลิมพระเกียรติ 80 พรรษา","0","0","0","0","0","0","0","0","0","0","0","0","0"
"28014  :  โรงพยาบาลพยุห์","10","0","0","9","0","0","0","0","1","0","0","0","0"
"28015  :  โรงพยาบาลโพธิ์ศรีสุวรรณ","27","8","2","5","2","1","4","1","4","0","0","0","0"
"28016  :  โรงพยาบาลศิลาลาด","0","0","0","0","0","0","0","0","0","0","0","0","0"
"10669  :  โรงพยาบาลสรรพสิทธิประสงค์","105","14","13","13","11","14","24","16","0","0","0","0","0"
"10944  :  โรงพยาบาลศรีเมืองใหม่","230","43","39","51","33","24","22","16","2","0","0","0","0"
"10945  :  โรงพยาบาลโขงเจียม","91","2","10","23","10","14","4","9","19","0","0","0","0"
"10946  :  โรงพยาบาลเขื่องใน","8","2","0","3","0","0","1","1","1","0","0","0","0"
"10947  :  โรงพยาบาลเขมราฐ","8","3","1","1","0","0","1","2","0","0","0","0","0"
"10948  :  โรงพยาบาลนาจะหลวย","0","0","0","0","0","0","0","0","0","0","0","0","0"
"10949  :  โรงพยาบาลน้ำยืน","53","2","5","7","7","6","0","4","22","0","0","0","0"
"10950  :  โรงพยาบาลบุณฑริก","35","10","5","4","5","3","2","3","3","0","0","0","0"
"10951  :  โรงพยาบาลตระการพืชผล","647","49","67","74","116","134","83","69","55","0","0","0","0"
"10952  :  โรงพยาบาลกุดข้าวปุ้น","358","80","52","71","43","32","47","33","0","0","0","0","0"
"10953  :  โรงพยาบาลม่วงสามสิบ","65","0","8","8","1","46","2","0","0","0","0","0","0"
"10954  :  โรงพยาบาลวารินชำราบ","319","20","29","52","53","34","48","59","24","0","0","0","0"
"10956  :  โรงพยาบาลพิบูลมังสาหาร","17","1","3","5","4","2","1","1","0","0","0","0","0"
"10957  :  โรงพยาบาลตาลสุม","113","15","29","16","6","11","11","13","12","0","0","0","0"
"10958  :  โรงพยาบาลโพธิ์ไทร","1","0","0","0","0","1","0","0","0","0","0","0","0"
"10959  :  โรงพยาบาลสำโรง","30","1","3","6","1","7","3","5","4","0","0","0","0"
"10960  :  โรงพยาบาลดอนมดแดง","544","78","79","83","66","64","74","44","56","0","0","0","0"
"10961  :  โรงพยาบาลสิรินธร","0","0","0","0","0","0","0","0","0","0","0","0","0"
"10962  :  โรงพยาบาลทุ่งศรีอุดม","94","26","15","18","18","11","5","1","0","0","0","0","0"
"11443  :  โรงพยาบาลสมเด็จพระยุพราชเดชอุดม","125","15","1","14","17","32","31","15","0","0","0","0","0"
"11495  :  โรงพยาบาลกองบิน 21","0","0","0","0","0","0","0","0","0","0","0","0","0"
"11496  :  โรงพยาบาลค่ายสรรพสิทธิประสงค์","0","0","0","0","0","0","0","0","0","0","0","0","0"
"11918  :  โรงพยาบาลเอกชนร่มเกล้า","0","0","0","0","0","0","0","0","0","0","0","0","0"
"12269  :  โรงพยาบาลพระศรีมหาโพธิ์","0","0","0","0","0","0","0","0","0","0","0","0","0"
"12270  :  โรงพยาบาลส่งเสริมสุขภาพ ศูนย์อนามัยที่ 10","0","0","0","0","0","0","0","0","0","0","0","0","0"
"21984  :  โรงพยาบาล 50 พรรษา มหาวชิราลงกรณ","0","0","0","0","0","0","0","0","0","0","0","0","0"
"24032  :  โรงพยาบาลนาตาล","7","1","0","0","0","0","3","2","1","0","0","0","0"
"24821  :  โรงพยาบาลนาเยีย","130","23","20","25","5","4","23","17","13","0","0","0","0"
"27967  :  โรงพยาบาลสว่างวีระวงศ์","0","0","0","0","0","0","0","0","0","0","0","0","0"
"27968  :  โรงพยาบาลน้ำขุ่น","35","1","0","0","0","33","1","0","0","0","0","0","0"
"27976  :  โรงพยาบาลเหล่าเสือโก้ก","15","1","4","4","0","2","1","2","1","0","0","0","0"
"10701  :  โรงพยาบาลยโสธร","1,293","21","393","278","259","139","163","40","0","0","0","0","0"
"10963  :  โรงพยาบาลทรายมูล","137","4","11","16","25","22","30","11","18","0","0","0","0"
"10964  :  โรงพยาบาลกุดชุม","0","0","0","0","0","0","0","0","0","0","0","0","0"
"10965  :  โรงพยาบาลคำเขื่อนแก้ว","521","90","69","92","57","59","80","71","3","0","0","0","0"
"10966  :  โรงพยาบาลป่าติ้ว","6","2","1","1","0","0","0","0","2","0","0","0","0"
"10967  :  โรงพยาบาลมหาชนะชัย","2","1","0","0","0","0","0","1","0","0","0","0","0"
"10968  :  โรงพยาบาลค้อวัง","585","137","193","86","31","40","40","26","32","0","0","0","0"
"10969  :  โรงพยาบาลไทยเจริญ","143","15","7","15","14","19","15","22","36","0","0","0","0"
"11444  :  โรงพยาบาลสมเด็จพระยุพราชเลิงนกทา","6","0","2","0","1","2","0","1","0","0","0","0","0"
"11921  :  โรงพยาบาลนายแพทย์หาญ","0","0","0","0","0","0","0","0","0","0","0","0","0"
"04007  :  โรงพยาบาลซับใหญ่","0","0","0","0","0","0","0","0","0","0","0","0","0"
"10702  :  โรงพยาบาลชัยภูมิ","1,139","150","170","154","147","149","141","95","133","0","0","0","0"
"10970  :  โรงพยาบาลบ้านเขว้า","449","101","0","101","76","43","42","33","49","4","0","0","0"
"10971  :  โรงพยาบาลคอนสวรรค์","360","33","54","21","55","57","41","43","56","0","0","0","0"
"10972  :  โรงพยาบาลเกษตรสมบูรณ์","462","59","112","83","48","47","43","48","18","4","0","0","0"
"10973  :  โรงพยาบาลหนองบัวแดง","2,552","578","598","484","203","176","199","137","172","5","0","0","0"
"10974  :  โรงพยาบาลจัตุรัส","348","37","17","29","33","59","142","13","18","0","0","0","0"
"10975  :  โรงพยาบาลบำเหน็จณรงค์","410","0","1","1","19","76","290","6","17","0","0","0","0"
"10976  :  โรงพยาบาลหนองบัวระเหว","0","0","0","0","0","0","0","0","0","0","0","0","0"
"10977  :  โรงพยาบาลเทพสถิต","410","61","70","59","46","38","35","40","61","0","0","0","0"
"10978  :  โรงพยาบาลภูเขียวเฉลิมพระเกียรติ","8","0","1","1","0","3","0","1","2","0","0","0","0"
"10979  :  โรงพยาบาลบ้านแท่น","178","3","152","18","0","0","1","1","3","0","0","0","0"
"10980  :  โรงพยาบาลแก้งคร้อ","878","142","116","135","143","72","87","78","105","0","0","0","0"
"10981  :  โรงพยาบาลคอนสาร","1,068","155","99","129","174","97","109","204","101","0","0","0","0"
"10982  :  โรงพยาบาลภักดีชุมพล","288","53","125","80","7","2","4","1","16","0","0","0","0"
"10983  :  โรงพยาบาลเนินสง่า","4","1","1","0","0","1","1","0","0","0","0","0","0"
"10703  :  โรงพยาบาลอำนาจเจริญ","3","0","0","0","1","1","0","1","0","0","0","0","0"
"10985  :  โรงพยาบาลชานุมาน","3","1","0","0","0","1","1","0","0","0","0","0","0"
"10986  :  โรงพยาบาลปทุมราชวงศา","0","0","0","0","0","0","0","0","0","0","0","0","0"
"10987  :  โรงพยาบาลพนา","4","1","0","0","0","1","0","2","0","0","0","0","0"
"10988  :  โรงพยาบาลเสนางคนิคม","3","0","0","0","2","0","1","0","0","0","0","0","0"
"10989  :  โรงพยาบาลหัวตะพาน","0","0","0","0","0","0","0","0","0","0","0","0","0"
"10990  :  โรงพยาบาลลืออำนาจ","0","0","0","0","0","0","0","0","0","0","0","0","0"
"11040  :  โรงพยาบาลบึงกาฬ","9","2","1","1","2","0","0","3","0","0","0","0","0"
"11041  :  โรงพยาบาลพรเจริญ","2","0","0","1","0","1","0","0","0","0","0","0","0"
"11043  :  โรงพยาบาลโซ่พิสัย","8","0","2","2","2","0","2","0","0","0","0","0","0"
"11046  :  โรงพยาบาลเซกา","6","0","0","0","2","0","0","0","4","0","0","0","0"
"11047  :  โรงพยาบาลปากคาด","0","0","0","0","0","0","0","0","0","0","0","0","0"
"11048  :  โรงพยาบาลบึงโขงหลง","0","0","0","0","0","0","0","0","0","0","0","0","0"
"11049  :  โรงพยาบาลศรีวิไล","0","0","0","0","0","0","0","0","0","0","0","0","0"
"11050  :  โรงพยาบาลบุ่งคล้า","0","0","0","0","0","0","0","0","0","0","0","0","0"
"10704  :  โรงพยาบาลหนองบัวลำภู","0","0","0","0","0","0","0","0","0","0","0","0","0"
"10991  :  โรงพยาบาลนากลาง","0","0","0","0","0","0","0","0","0","0","0","0","0"
"10992  :  โรงพยาบาลโนนสัง","0","0","0","0","0","0","0","0","0","0","0","0","0"
"10993  :  โรงพยาบาลศรีบุญเรือง","0","0","0","0","0","0","0","0","0","0","0","0","0"
"10994  :  โรงพยาบาลสุวรรณคูหา","0","0","0","0","0","0","0","0","0","0","0","0","0"
"23367  :  โรงพยาบาลนาวัง เฉลิมพระเกียรติ 80 พรรษา","0","0","0","0","0","0","0","0","0","0","0","0","0"
"10670  :  โรงพยาบาลขอนแก่น","231","59","33","38","32","20","30","19","0","0","0","0","0"
"10995  :  โรงพยาบาลบ้านฝาง","6","1","1","1","1","2","0","0","0","0","0","0","0"
"10996  :  โรงพยาบาลพระยืน","480","108","79","119","36","84","54","0","0","0","0","0","0"
"10997  :  โรงพยาบาลหนองเรือ","0","0","0","0","0","0","0","0","0","0","0","0","0"
"10998  :  โรงพยาบาลชุมแพ","0","0","0","0","0","0","0","0","0","0","0","0","0"
"10999  :  โรงพยาบาลสีชมพู","1","0","0","0","0","0","0","1","0","0","0","0","0"
"11000  :  โรงพยาบาลน้ำพอง","10","2","1","3","1","2","1","0","0","0","0","0","0"
"11001  :  โรงพยาบาลอุบลรัตน์","0","0","0","0","0","0","0","0","0","0","0","0","0"
"11002  :  โรงพยาบาลบ้านไผ่","1","0","1","0","0","0","0","0","0","0","0","0","0"
"11003  :  โรงพยาบาลเปือยน้อย","6","0","0","1","0","2","2","1","0","0","0","0","0"
"11004  :  โรงพยาบาลพล","705","141","103","105","88","101","99","68","0","0","0","0","0"
"11005  :  โรงพยาบาลแวงใหญ่","378","58","43","90","55","34","51","47","0","0","0","0","0"
"11006  :  โรงพยาบาลแวงน้อย","3","0","0","1","0","0","1","1","0","0","0","0","0"
"11007  :  โรงพยาบาลหนองสองห้อง","467","41","54","61","87","80","85","59","0","0","0","0","0"
"11008  :  โรงพยาบาลภูเวียง","547","74","92","114","70","91","88","18","0","0","0","0","0"
"11009  :  โรงพยาบาลมัญจาคีรี","6","0","2","2","1","0","1","0","0","0","0","0","0"
"11010  :  โรงพยาบาลชนบท","0","0","0","0","0","0","0","0","0","0","0","0","0"
"11011  :  โรงพยาบาลเขาสวนกวาง","88","11","7","9","14","15","11","21","0","0","0","0","0"
"11012  :  โรงพยาบาลภูผาม่าน","152","30","30","27","33","21","6","5","0","0","0","0","0"
"11445  :  โรงพยาบาลสมเด็จพระยุพราชกระนวน","17","2","3","0","5","2","1","0","4","0","0","0","0"
"11497  :  โรงพยาบาลค่ายศรีพัชรินทร","0","0","0","0","0","0","0","0","0","0","0","0","0"
"11936  :  โรงพยาบาลขอนแก่นราม","0","0","0","0","0","0","0","0","0","0","0","0","0"
"12272  :  โรงพยาบาลจิตเวชขอนแก่นราชนครินทร์","0","0","0","0","0","0","0","0","0","0","0","0","0"
"12273  :  โรงพยาบาลส่งเสริมสุขภาพ ศูนย์อนามัยที่ 7","1","0","0","0","0","0","0","1","0","0","0","0","0"
"12275  :  โรงพยาบาลสิรินธร(ภาคตะวันออกเฉียงเหนือ)","0","0","0","0","0","0","0","0","0","0","0","0","0"
"13777  :  โรงพยาบาลศรีนครินทร์ มหาวิทยาลัยขอนแก่น","0","0","0","0","0","0","0","0","0","0","0","0","0"
"14132  :  โรงพยาบาลซำสูง","0","0","0","0","0","0","0","0","0","0","0","0","0"
"14196  :  โรงพยาบาลธัญญรักษ์ขอนแก่น","0","0","0","0","0","0","0","0","0","0","0","0","0"
"24746  :  สถาบันสุขภาพจิตเด็กและวัยรุ่นภาคตะวันออกเฉียงเหนือ","0","0","0","0","0","0","0","0","0","0","0","0","0"
"77649  :  โรงพยาบาลหนองนาคำ","234","8","45","40","39","27","37","38","0","0","0","0","0"
"77650  :  โรงพยาบาลเวียงเก่า","246","40","27","38","44","33","30","21","13","0","0","0","0"
"77651  :  โรงพยาบาลโคกโพธิ์ไชย","15","0","1","6","4","1","1","2","0","0","0","0","0"
"77652  :  โรงพยาบาลโนนศิลา","0","0","0","0","0","0","0","0","0","0","0","0","0"
"10671  :  โรงพยาบาลอุดรธานี","426","49","75","71","74","61","42","54","0","0","0","0","0"
"11013  :  โรงพยาบาลกุดจับ","147","9","23","29","25","22","23","3","13","0","0","0","0"
"11014  :  โรงพยาบาลหนองวัวซอ","436","56","66","71","61","61","50","39","32","0","0","0","0"
"11015  :  โรงพยาบาลกุมภวาปี","1,099","104","103","150","177","173","187","100","105","0","0","0","0"
"11016  :  โรงพยาบาลห้วยเกิ้ง","16","0","1","3","2","1","5","2","2","0","0","0","0"
"11017  :  โรงพยาบาลโนนสะอาด","457","53","49","61","58","61","57","55","63","0","0","0","0"
"11018  :  โรงพยาบาลหนองหาน","693","69","129","112","96","71","95","42","79","0","0","0","0"
"11019  :  โรงพยาบาลทุ่งฝน","378","58","41","45","56","15","32","62","69","0","0","0","0"
"11020  :  โรงพยาบาลไชยวาน","0","0","0","0","0","0","0","0","0","0","0","0","0"
"11021  :  โรงพยาบาลศรีธาตุ","529","51","47","84","85","73","74","53","62","0","0","0","0"
"11022  :  โรงพยาบาลวังสามหมอ","922","81","67","97","81","81","118","65","332","0","0","0","0"
"11023  :  โรงพยาบาลบ้านผือ","4","0","0","0","0","0","0","0","4","0","0","0","0"
"11024  :  โรงพยาบาลน้ำโสม","0","0","0","0","0","0","0","0","0","0","0","0","0"
"11025  :  โรงพยาบาลเพ็ญ","6","2","3","0","1","0","0","0","0","0","0","0","0"
"11026  :  โรงพยาบาลสร้างคอม","54","0","1","0","0","52","1","0","0","0","0","0","0"
"11027  :  โรงพยาบาลหนองแสง","2","0","0","2","0","0","0","0","0","0","0","0","0"
"11028  :  โรงพยาบาลนายูง","1","0","0","0","0","0","1","0","0","0","0","0","0"
"11029  :  โรงพยาบาลพิบูลย์รักษ์","248","46","43","36","40","45","38","0","0","0","0","0","0"
"11446  :  โรงพยาบาลสมเด็จพระยุพราชบ้านดุง","971","152","105","116","95","112","263","50","78","0","0","0","0"
"11501  :  โรงพยาบาลค่ายประจักษ์ศิลปาคม","0","0","0","0","0","0","0","0","0","0","0","0","0"
"12276  :  โรงพยาบาลมะเร็งอุดรธานี","0","0","0","0","0","0","0","0","0","0","0","0","0"
"23951  :  โรงพยาบาลธัญญารักษ์อุดรธานี","0","0","0","0","0","0","0","0","0","0","0","0","0"
"25058  :  โรงพยาบาลกู่แก้ว","279","16","22","71","64","26","44","26","10","0","0","0","0"
"25059  :  โรงพยาบาลประจักษ์ศิลปาคม","146","24","28","13","31","19","23","7","1","0","0","0","0"
"10705  :  โรงพยาบาลเลย","5","0","0","0","2","1","0","2","0","0","0","0","0"
"11030  :  โรงพยาบาลนาด้วง","196","0","0","0","1","81","79","0","35","0","0","0","0"
"11031  :  โรงพยาบาลเชียงคาน","1","0","1","0","0","0","0","0","0","0","0","0","0"
"11032  :  โรงพยาบาลปากชม","467","5","11","10","84","91","186","6","74","0","0","0","0"
"11033  :  โรงพยาบาลนาแห้ว","228","2","4","1","30","1","189","1","0","0","0","0","0"
"11034  :  โรงพยาบาลภูเรือ","60","1","1","0","0","4","54","0","0","0","0","0","0"
"11035  :  โรงพยาบาลท่าลี่","8","2","1","0","3","0","1","1","0","0","0","0","0"
"11036  :  โรงพยาบาลวังสะพุง","582","1","16","3","1","0","41","253","267","0","0","0","0"
"11037  :  โรงพยาบาลภูกระดึง","7","0","1","4","0","0","0","2","0","0","0","0","0"
"11038  :  โรงพยาบาลภูหลวง","26","0","0","0","0","0","0","4","22","0","0","0","0"
"11039  :  โรงพยาบาลผาขาว","606","155","151","159","42","97","0","2","0","0","0","0","0"
"11447  :  โรงพยาบาลสมเด็จพระยุพราชด่านซ้าย","0","0","0","0","0","0","0","0","0","0","0","0","0"
"14133  :  โรงพยาบาลเอราวัณ","271","0","0","50","136","58","27","0","0","0","0","0","0"
"14644  :  โรงพยาบาลจิตเวชเลยราชนครินทร์","0","0","0","0","0","0","0","0","0","0","0","0","0"
"28861  :  โรงพยาบาลหนองหิน","134","5","4","0","2","1","0","12","110","0","0","0","0"
"10706  :  โรงพยาบาลหนองคาย","104","1","2","18","27","14","3","39","0","0","0","0","0"
"11042  :  โรงพยาบาลโพนพิสัย","0","0","0","0","0","0","0","0","0","0","0","0","0"
"11044  :  โรงพยาบาลศรีเชียงใหม่","0","0","0","0","0","0","0","0","0","0","0","0","0"
"11045  :  โรงพยาบาลสังคม","493","130","154","84","40","25","24","9","27","0","0","0","0"
"11448  :  โรงพยาบาลสมเด็จพระยุพราชท่าบ่อ","43","0","24","6","7","3","2","0","1","0","0","0","0"
"14558  :  โรงพยาบาลพิสัยเวช","11","0","0","0","0","10","1","0","0","0","0","0","0"
"21356  :  โรงพยาบาลสระใคร","0","0","0","0","0","0","0","0","0","0","0","0","0"
"28778  :  โรงพยาบาลโพธิ์ตาก","0","0","0","0","0","0","0","0","0","0","0","0","0"
"28811  :  โรงพยาบาลเฝ้าไร่","190","0","1","0","0","164","16","6","3","0","0","0","0"
"28815  :  โรงพยาบาลรัตนวาปี","0","0","0","0","0","0","0","0","0","0","0","0","0"
"10707  :  โรงพยาบาลมหาสารคาม","0","0","0","0","0","0","0","0","0","0","0","0","0"
"11051  :  โรงพยาบาลแกดำ","32","0","30","0","1","1","0","0","0","0","0","0","0"
"11052  :  โรงพยาบาลโกสุมพิสัย","70","24","20","0","2","5","16","2","1","0","0","0","0"
"11053  :  โรงพยาบาลกันทรวิชัย","0","0","0","0","0","0","0","0","0","0","0","0","0"
"11054  :  โรงพยาบาลเชียงยืน","1,024","79","238","181","154","101","117","74","80","0","0","0","0"
"11055  :  โรงพยาบาลบรบือ","10","1","3","2","0","0","4","0","0","0","0","0","0"
"11056  :  โรงพยาบาลนาเชือก","451","86","59","65","74","69","55","43","0","0","0","0","0"
"11057  :  โรงพยาบาลพยัคฆภูมิพิสัย","10","1","1","2","2","2","1","1","0","0","0","0","0"
"11058  :  โรงพยาบาลวาปีปทุม","136","5","28","26","18","13","29","17","0","0","0","0","0"
"11059  :  โรงพยาบาลนาดูน","18","1","0","3","2","4","4","3","1","0","0","0","0"
"11060  :  โรงพยาบาลยางสีสุราช","12","2","1","0","7","0","0","1","1","0","0","0","0"
"22953  :  โรงพยาบาลสุทธาเวช คณะแพทยศาสตร์ มหาวิทยาลัยมหาสารคาม","0","0","0","0","0","0","0","0","0","0","0","0","0"
"24704  :  โรงพยาบาลกุดรัง","140","4","17","20","1","0","3","24","68","3","0","0","0"
"28843  :  โรงพยาบาลชื่นชม","253","35","35","45","40","18","38","30","12","0","0","0","0"
"10708  :  โรงพยาบาลร้อยเอ็ด","1,004","193","168","111","121","100","119","71","121","0","0","0","0"
"11061  :  โรงพยาบาลเกษตรวิสัย","135","17","19","19","29","20","7","13","11","0","0","0","0"
"11062  :  โรงพยาบาลปทุมรัตต์","525","90","67","82","89","44","52","47","54","0","0","0","0"
"11063  :  โรงพยาบาลจตุรพักตรพิมาน","11","4","1","1","2","1","1","0","1","0","0","0","0"
"11064  :  โรงพยาบาลธวัชบุรี","47","16","18","7","3","0","3","0","0","0","0","0","0"
"11065  :  โรงพยาบาลพนมไพร","101","0","0","2","1","95","1","1","1","0","0","0","0"
"11066  :  โรงพยาบาลโพนทอง","970","173","146","143","78","109","106","101","114","0","0","0","0"
"11067  :  โรงพยาบาลโพธิ์ชัย","1","0","0","0","0","0","0","0","1","0","0","0","0"
"11068  :  โรงพยาบาลหนองพอก","539","84","44","66","77","68","62","75","63","0","0","0","0"
"11069  :  โรงพยาบาลเสลภูมิ","11","2","0","0","0","0","7","0","2","0","0","0","0"
"11070  :  โรงพยาบาลสุวรรณภูมิ","8","1","3","1","1","0","0","1","1","0","0","0","0"
"11071  :  โรงพยาบาลเมืองสรวง","43","13","6","8","2","4","7","2","1","0","0","0","0"
"11072  :  โรงพยาบาลโพนทราย","144","19","13","20","19","12","19","17","24","1","0","0","0"
"11073  :  โรงพยาบาลอาจสามารถ","4","0","2","0","1","0","0","0","1","0","0","0","0"
"11074  :  โรงพยาบาลเมยวดี","1","1","0","0","0","0","0","0","0","0","0","0","0"
"11075  :  โรงพยาบาลศรีสมเด็จ","0","0","0","0","0","0","0","0","0","0","0","0","0"
"11076  :  โรงพยาบาลจังหาร","0","0","0","0","0","0","0","0","0","0","0","0","0"
"11504  :  โรงพยาบาลค่ายสมเด็จพระพุทธยอดฟ้าจุฬาโลกมหาราช","0","0","0","0","0","0","0","0","0","0","0","0","0"
"11964  :  โรงพยาบาลทั่วไปขนาดใหญ่จุรีเวช","0","0","0","0","0","0","0","0","0","0","0","0","0"
"27988  :  โรงพยาบาลทุ่งเขาหลวง","193","40","32","31","19","23","22","16","8","2","0","0","0"
"27989  :  โรงพยาบาลเชียงขวัญ","1","0","0","0","1","0","0","0","0","0","0","0","0"
"27990  :  โรงพยาบาลหนองฮี","5","0","1","0","0","0","3","0","1","0","0","0","0"
"10709  :  โรงพยาบาลกาฬสินธุ์","4","3","1","0","0","0","0","0","0","0","0","0","0"
"11077  :  โรงพยาบาลนามน","0","0","0","0","0","0","0","0","0","0","0","0","0"
"11078  :  โรงพยาบาลกมลาไสย","5","1","1","0","1","1","1","0","0","0","0","0","0"
"11079  :  โรงพยาบาลร่องคำ","6","0","4","2","0","0","0","0","0","0","0","0","0"
"11080  :  โรงพยาบาลเขาวง","155","0","0","0","0","35","120","0","0","0","0","0","0"
"11081  :  โรงพยาบาลยางตลาด","6","0","0","3","0","0","3","0","0","0","0","0","0"
"11082  :  โรงพยาบาลห้วยเม็ก","1","0","1","0","0","0","0","0","0","0","0","0","0"
"11083  :  โรงพยาบาลสหัสขันธ์","0","0","0","0","0","0","0","0","0","0","0","0","0"
"11084  :  โรงพยาบาลคำม่วง","6","1","0","2","1","0","2","0","0","0","0","0","0"
"11085  :  โรงพยาบาลท่าคันโท","0","0","0","0","0","0","0","0","0","0","0","0","0"
"11086  :  โรงพยาบาลหนองกุงศรี","317","0","154","152","10","1","0","0","0","0","0","0","0"
"11087  :  โรงพยาบาลสมเด็จ","141","66","26","5","8","1","13","17","5","0","0","0","0"
"11088  :  โรงพยาบาลห้วยผึ้ง","106","5","2","6","9","16","47","21","0","0","0","0","0"
"11449  :  โรงพยาบาลสมเด็จพระยุพราชกุฉินารายณ์","5","3","0","0","0","1","0","1","0","0","0","0","0"
"11965  :  โรงพยาบาลธีรวัฒน์","0","0","0","0","0","0","0","0","0","0","0","0","0"
"28017  :  โรงพยาบาลนาคู","1","0","0","0","0","1","0","0","0","0","0","0","0"
"28789  :  โรงพยาบาลฆ้องชัย","37","0","1","0","0","0","36","0","0","0","0","0","0"
"28790  :  โรงพยาบาลดอนจาน","0","0","0","0","0","0","0","0","0","0","0","0","0"
"28791  :  โรงพยาบาลสามชัย","3","0","1","0","1","0","1","0","0","0","0","0","0"
"10710  :  โรงพยาบาลสกลนคร","0","0","0","0","0","0","0","0","0","0","0","0","0"
"11089  :  โรงพยาบาลกุสุมาลย์","7","1","0","1","1","2","1","1","0","0","0","0","0"
"11090  :  โรงพยาบาลกุดบาก","349","49","45","70","56","32","43","24","30","0","0","0","0"
"11091  :  โรงพยาบาลพระอาจารย์ฝั้นอาจาโร","52","9","14","10","0","3","8","0","8","0","0","0","0"
"11092  :  โรงพยาบาลพังโคน","4","1","1","0","0","0","2","0","0","0","0","0","0"
"11093  :  โรงพยาบาลวาริชภูมิ","0","0","0","0","0","0","0","0","0","0","0","0","0"
"11094  :  โรงพยาบาลนิคมน้ำอูน","0","0","0","0","0","0","0","0","0","0","0","0","0"
"11095  :  โรงพยาบาลวานรนิวาส","21","2","2","3","6","2","2","3","1","0","0","0","0"
"11096  :  โรงพยาบาลคำตากล้า","285","38","40","62","48","39","24","20","14","0","0","0","0"
"11097  :  โรงพยาบาลบ้านม่วง","0","0","0","0","0","0","0","0","0","0","0","0","0"
"11098  :  โรงพยาบาลอากาศอำนวย","3","0","0","0","1","1","0","1","0","0","0","0","0"
"11099  :  โรงพยาบาลส่องดาว","227","43","42","28","45","24","27","5","13","0","0","0","0"
"11100  :  โรงพยาบาลเต่างอย","0","0","0","0","0","0","0","0","0","0","0","0","0"
"11101  :  โรงพยาบาลโคกศรีสุพรรณ","107","3","41","6","25","7","6","8","11","0","0","0","0"
"11102  :  โรงพยาบาลเจริญศิลป์","8","3","1","1","1","1","1","0","0","0","0","0","0"
"11103  :  โรงพยาบาลโพนนาแก้ว","0","0","0","0","0","0","0","0","0","0","0","0","0"
"11450  :  โรงพยาบาลสมเด็จพระยุพราชสว่างแดนดิน","14","0","2","0","4","2","2","2","2","0","0","0","0"
"11505  :  โรงพยาบาลค่ายกฤษณ์สีวะรา","0","0","0","0","0","0","0","0","0","0","0","0","0"
"21323  :  โรงพยาบาลพระอาจารย์แบน  ธนากโร","13","2","3","2","1","5","0","0","0","0","0","0","0"
"24976  :  โรงพยาบาลการแพทย์แผนไทยสกลนคร หลวงปู่แฟ๊ป สุภัทโท","0","0","0","0","0","0","0","0","0","0","0","0","0"
"10711  :  โรงพยาบาลนครพนม","0","0","0","0","0","0","0","0","0","0","0","0","0"
"11104  :  โรงพยาบาลปลาปาก","120","12","12","18","2","13","19","15","29","0","0","0","0"
"11105  :  โรงพยาบาลท่าอุเทน","0","0","0","0","0","0","0","0","0","0","0","0","0"
"11106  :  โรงพยาบาลบ้านแพง","99","2","56","37","1","2","0","0","1","0","0","0","0"
"11107  :  โรงพยาบาลนาทม","4","0","0","1","0","1","1","1","0","0","0","0","0"
"11108  :  โรงพยาบาลเรณูนคร","470","75","98","61","59","35","54","38","50","0","0","0","0"
"11109  :  โรงพยาบาลนาแก","31","22","5","0","0","0","3","1","0","0","0","0","0"
"11110  :  โรงพยาบาลศรีสงคราม","4","0","2","0","0","0","1","0","1","0","0","0","0"
"11111  :  โรงพยาบาลนาหว้า","0","0","0","0","0","0","0","0","0","0","0","0","0"
"11112  :  โรงพยาบาลโพนสวรรค์","42","6","7","0","9","3","7","6","4","0","0","0","0"
"11451  :  โรงพยาบาลสมเด็จพระยุพราชธาตุพนม","0","0","0","0","0","0","0","0","0","0","0","0","0"
"12277  :  โรงพยาบาลจิตเวชนครพนมราชนครินทร์","0","0","0","0","0","0","0","0","0","0","0","0","0"
"40840  :  โรงพยาบาลวังยาง","69","0","2","8","15","24","13","3","4","0","0","0","0"
"10712  :  โรงพยาบาลมุกดาหาร","1","0","0","0","1","0","0","0","0","0","0","0","0"
"11113  :  โรงพยาบาลนิคมคำสร้อย","0","0","0","0","0","0","0","0","0","0","0","0","0"
"11114  :  โรงพยาบาลดอนตาล","43","8","4","3","13","4","7","1","3","0","0","0","0"
"11115  :  โรงพยาบาลดงหลวง","111","44","20","18","10","10","2","5","2","0","0","0","0"
"11116  :  โรงพยาบาลคำชะอี","63","10","2","18","1","3","10","8","11","0","0","0","0"
"11117  :  โรงพยาบาลหว้านใหญ่","12","5","3","2","0","0","1","1","0","0","0","0","0"
"11118  :  โรงพยาบาลหนองสูง","283","70","27","39","39","17","24","28","39","0","0","0","0"
"06009  :  โรงพยาบาลแม่ตื่น","0","0","0","0","0","0","0","0","0","0","0","0","0"
"10713  :  โรงพยาบาลนครพิงค์","156","29","29","18","31","23","11","15","0","0","0","0","0"
"11119  :  โรงพยาบาลจอมทอง","0","0","0","0","0","0","0","0","0","0","0","0","0"
"11120  :  โรงพยาบาลเทพรัตนเวชชานุกูล เฉลิมพระเกียรติ ๖๐ พรรษา","7","0","1","1","0","0","5","0","0","0","0","0","0"
"11121  :  โรงพยาบาลเชียงดาว","2","1","0","1","0","0","0","0","0","0","0","0","0"
"11122  :  โรงพยาบาลดอยสะเก็ด","4","0","0","0","1","0","1","2","0","0","0","0","0"
"11123  :  โรงพยาบาลแม่แตง","0","0","0","0","0","0","0","0","0","0","0","0","0"
"11124  :  โรงพยาบาลสะเมิง","10","1","0","0","2","3","4","0","0","0","0","0","0"
"11125  :  โรงพยาบาลฝาง","0","0","0","0","0","0","0","0","0","0","0","0","0"
"11126  :  โรงพยาบาลแม่อาย","0","0","0","0","0","0","0","0","0","0","0","0","0"
"11127  :  โรงพยาบาลพร้าว","3","1","1","0","0","1","0","0","0","0","0","0","0"
"11128  :  โรงพยาบาลสันป่าตอง","541","99","75","89","61","59","66","52","40","0","0","0","0"
"11129  :  โรงพยาบาลสันกำแพง","1","0","1","0","0","0","0","0","0","0","0","0","0"
"11130  :  โรงพยาบาลสันทราย","36","8","5","6","4","2","4","6","1","0","0","0","0"
"11131  :  โรงพยาบาลหางดง","711","111","112","171","110","55","59","41","50","2","0","0","0"
"11132  :  โรงพยาบาลฮอด","0","0","0","0","0","0","0","0","0","0","0","0","0"
"11133  :  โรงพยาบาลดอยเต่า","416","69","43","59","61","37","57","37","53","0","0","0","0"
"11134  :  โรงพยาบาลอมก๋อย","362","111","66","39","31","33","37","12","33","0","0","0","0"
"11135  :  โรงพยาบาลสารภี","0","0","0","0","0","0","0","0","0","0","0","0","0"
"11136  :  โรงพยาบาลเวียงแหง","4","1","1","1","1","0","0","0","0","0","0","0","0"
"11137  :  โรงพยาบาลไชยปราการ","4","0","1","0","0","1","0","2","0","0","0","0","0"
"11138  :  โรงพยาบาลแม่วาง","131","2","10","17","48","20","26","8","0","0","0","0","0"
"11139  :  โรงพยาบาลแม่ออน","3","0","0","0","2","1","0","0","0","0","0","0","0"
"11507  :  โรงพยาบาลกองบิน 41","0","0","0","0","0","0","0","0","0","0","0","0","0"
"11508  :  โรงพยาบาลค่ายกาวิละ เชียงใหม่","0","0","0","0","0","0","0","0","0","0","0","0","0"
"11643  :  โรงพยาบาลดอยหล่อ","80","12","0","2","9","37","12","5","3","0","0","0","0"
"11978  :  โรงพยาบาลดารารัศมี","0","0","0","0","0","0","0","0","0","0","0","0","0"
"11992  :  โรงพยาบาลเทพปัญญา 2 โรงพยาบาลทั่วไปขนาดกลาง","0","0","0","0","0","0","0","0","0","0","0","0","0"
"11995  :  โรงพยาบาลทั่วไปขนาดใหญ่เซ็นทรัลเชียงใหม่ เมโมเรียล","0","0","0","0","0","0","0","0","0","0","0","0","0"
"11999  :  โรงพยาบาลทั่วไปขนาดใหญ่เชียงใหม่เมดิคอลเซ็นเตอร์","0","0","0","0","0","0","0","0","0","0","0","0","0"
"12279  :  โรงพยาบาลส่งเสริมสุขภาพ ศูนย์อนามัยที่ 1","0","0","0","0","0","0","0","0","0","0","0","0","0"
"12280  :  โรงพยาบาลสวนปรุง","0","0","0","0","0","0","0","0","0","0","0","0","0"
"12281  :  โรงพยาบาลประสาทเชียงใหม่","0","0","0","0","0","0","0","0","0","0","0","0","0"
"13775  :  สถาบันพัฒนาการเด็กราชนครินทร์","0","0","0","0","0","0","0","0","0","0","0","0","0"
"13780  :  โรงพยาบาลมหาราชนครเชียงใหม่  มหาวิทยาลัยเชียงใหม่","0","0","0","0","0","0","0","0","0","0","0","0","0"
"13785  :  โรงพยาบาลธัญญารักษ์เชียงใหม่","0","0","0","0","0","0","0","0","0","0","0","0","0"
"14550  :  โรงพยาบาลทั่วไปขนาดใหญ่ เชียงใหม่ใกล้หมอ","0","0","0","0","0","0","0","0","0","0","0","0","0"
"14916  :  โรงพยาบาลทั่วไปขนาดกลางเชียงใหม่ฮอสพิทอล","0","0","0","0","0","0","0","0","0","0","0","0","0"
"23736  :  โรงพยาบาลวัดจันทร์ เฉลิมพระเกียรติ 80 พรรษา","135","16","13","19","12","15","24","14","22","0","0","0","0"
"10714  :  โรงพยาบาลลำพูน","14","2","2","6","1","2","1","0","0","0","0","0","0"
"11140  :  โรงพยาบาลแม่ทา","3","0","0","1","1","1","0","0","0","0","0","0","0"
"11141  :  โรงพยาบาลบ้านโฮ่ง","0","0","0","0","0","0","0","0","0","0","0","0","0"
"11142  :  โรงพยาบาลลี้","13","2","5","1","1","2","2","0","0","0","0","0","0"
"11143  :  โรงพยาบาลทุ่งหัวช้าง","0","0","0","0","0","0","0","0","0","0","0","0","0"
"11144  :  โรงพยาบาลป่าซาง","0","0","0","0","0","0","0","0","0","0","0","0","0"
"11145  :  โรงพยาบาลบ้านธิ","0","0","0","0","0","0","0","0","0","0","0","0","0"
"12000  :  โรงพยาบาลหริภุญชัยเมโมเรียล","0","0","0","0","0","0","0","0","0","0","0","0","0"
"14555  :  โรงพยาบาลทั่วไปขนาดกลางศิริเวช ลำพูน","0","0","0","0","0","0","0","0","0","0","0","0","0"
"24956  :  โรงพยาบาลเวียงหนองล่อง","19","4","3","5","3","1","3","0","0","0","0","0","0"
"10672  :  โรงพยาบาลลำปาง","1,652","253","175","247","220","243","237","194","83","0","0","0","0"
"11146  :  โรงพยาบาลแม่เมาะ","570","56","75","76","83","88","128","34","30","0","0","0","0"
"11147  :  โรงพยาบาลเกาะคา","510","4","154","113","62","63","85","26","3","0","0","0","0"
"11148  :  โรงพยาบาลเสริมงาม","58","1","38","17","1","0","0","1","0","0","0","0","0"
"11149  :  โรงพยาบาลงาว","239","31","35","30","26","34","36","16","31","0","0","0","0"
"11150  :  โรงพยาบาลแจ้ห่ม","109","3","22","31","18","14","6","10","5","0","0","0","0"
"11151  :  โรงพยาบาลวังเหนือ","10","2","1","1","1","1","1","1","2","0","0","0","0"
"11152  :  โรงพยาบาลเถิน","12","2","1","1","1","1","0","2","4","0","0","0","0"
"11153  :  โรงพยาบาลแม่พริก","5","5","0","0","0","0","0","0","0","0","0","0","0"
"11154  :  โรงพยาบาลแม่ทะ","172","17","21","30","24","30","24","16","10","0","0","0","0"
"11155  :  โรงพยาบาลสบปราบ","299","58","45","72","20","37","65","2","0","0","0","0","0"
"11156  :  โรงพยาบาลห้างฉัตร","1","0","0","1","0","0","0","0","0","0","0","0","0"
"11157  :  โรงพยาบาลเมืองปาน","6","1","0","0","2","0","3","0","0","0","0","0","0"
"11512  :  โรงพยาบาลค่ายสุรศักดิ์มนตรี","0","0","0","0","0","0","0","0","0","0","0","0","0"
"12283  :  โรงพยาบาลมะเร็งลำปาง","0","0","0","0","0","0","0","0","0","0","0","0","0"
"10673  :  โรงพยาบาลอุตรดิตถ์","6","2","1","0","2","1","0","0","0","0","0","0","0"
"11158  :  โรงพยาบาลตรอน","1","0","0","0","0","0","0","1","0","0","0","0","0"
"11159  :  โรงพยาบาลท่าปลา","536","93","90","90","77","60","50","28","48","0","0","0","0"
"11160  :  โรงพยาบาลน้ำปาด","314","10","93","11","68","113","8","6","5","0","0","0","0"
"11161  :  โรงพยาบาลฟากท่า","531","7","233","104","102","59","26","0","0","0","0","0","0"
"11162  :  โรงพยาบาลบ้านโคก","292","32","43","42","58","32","63","19","3","0","0","0","0"
"11163  :  โรงพยาบาลพิชัย","7","2","0","1","1","1","1","1","0","0","0","0","0"
"11164  :  โรงพยาบาลลับแล","544","96","108","81","82","62","22","38","55","0","0","0","0"
"11165  :  โรงพยาบาลทองแสนขัน","572","98","155","155","109","22","7","12","13","1","0","0","0"
"11509  :  โรงพยาบาลค่ายพิชัยดาบหัก","0","0","0","0","0","0","0","0","0","0","0","0","0"
"10715  :  โรงพยาบาลแพร่","452","90","54","46","42","68","59","46","47","0","0","0","0"
"11166  :  โรงพยาบาลร้องกวาง","1,081","230","227","199","133","115","115","62","0","0","0","0","0"
"11167  :  โรงพยาบาลลอง","913","122","95","78","63","78","358","54","65","0","0","0","0"
"11169  :  โรงพยาบาลสูงเม่น","171","36","57","22","8","21","21","6","0","0","0","0","0"
"11170  :  โรงพยาบาลสอง","44","0","3","4","3","6","21","4","3","0","0","0","0"
"11171  :  โรงพยาบาลวังชิ้น","50","8","12","4","17","1","1","1","6","0","0","0","0"
"11172  :  โรงพยาบาลหนองม่วงไข่","2","0","0","0","0","0","2","0","0","0","0","0","0"
"11452  :  โรงพยาบาลสมเด็จพระยุพราชเด่นชัย","299","52","38","39","34","39","40","27","29","1","0","0","0"
"10716  :  โรงพยาบาลน่าน","251","32","49","52","37","32","26","23","0","0","0","0","0"
"11173  :  โรงพยาบาลแม่จริม","0","0","0","0","0","0","0","0","0","0","0","0","0"
"11174  :  โรงพยาบาลบ้านหลวง","0","0","0","0","0","0","0","0","0","0","0","0","0"
"11175  :  โรงพยาบาลนาน้อย","1","0","0","0","0","0","0","1","0","0","0","0","0"
"11176  :  โรงพยาบาลท่าวังผา","35","9","3","7","5","3","2","1","5","0","0","0","0"
"11177  :  โรงพยาบาลเวียงสา","6","1","1","0","0","2","2","0","0","0","0","0","0"
"11178  :  โรงพยาบาลทุ่งช้าง","3","1","1","0","0","0","1","0","0","0","0","0","0"
"11179  :  โรงพยาบาลเชียงกลาง","88","3","1","0","2","33","35","14","0","0","0","0","0"
"11180  :  โรงพยาบาลนาหมื่น","1","0","0","0","0","1","0","0","0","0","0","0","0"
"11181  :  โรงพยาบาลสันติสุข","1","0","1","0","0","0","0","0","0","0","0","0","0"
"11182  :  โรงพยาบาลบ่อเกลือ","1","0","0","1","0","0","0","0","0","0","0","0","0"
"11183  :  โรงพยาบาลสองแคว","0","0","0","0","0","0","0","0","0","0","0","0","0"
"11453  :  โรงพยาบาลสมเด็จพระยุพราชปัว","3","0","0","3","0","0","0","0","0","0","0","0","0"
"11510  :  โรงพยาบาลค่ายสุริยพงษ์","0","0","0","0","0","0","0","0","0","0","0","0","0"
"11625  :  โรงพยาบาลเฉลิมพระเกียรติ","0","0","0","0","0","0","0","0","0","0","0","0","0"
"25017  :  โรงพยาบาลภูเพียง","0","0","0","0","0","0","0","0","0","0","0","0","0"
"10717  :  โรงพยาบาลพะเยา","56","17","6","8","5","9","5","6","0","0","0","0","0"
"10718  :  โรงพยาบาลเชียงคำ","16","1","2","0","1","1","4","5","2","0","0","0","0"
"11184  :  โรงพยาบาลจุน","1","0","0","0","1","0","0","0","0","0","0","0","0"
"11185  :  โรงพยาบาลเชียงม่วน","0","0","0","0","0","0","0","0","0","0","0","0","0"
"11186  :  โรงพยาบาลดอกคำใต้","108","27","22","19","19","21","0","0","0","0","0","0","0"
"11187  :  โรงพยาบาลปง","1","0","0","0","0","0","1","0","0","0","0","0","0"
"11188  :  โรงพยาบาลแม่ใจ","613","115","124","82","62","64","53","47","66","0","0","0","0"
"15140  :  โรงพยาบาลค่ายขุนเจืองธรรมิกราช","0","0","0","0","0","0","0","0","0","0","0","0","0"
"40744  :  โรงพยาบาลภูซาง","2","0","1","0","0","0","1","0","0","0","0","0","0"
"40745  :  โรงพยาบาลภูกามยาว","0","0","0","0","0","0","0","0","0","0","0","0","0"
"41347  :  โรงพยาบาลมหาวิทยาลัยพะเยา","1","0","0","0","0","0","1","0","0","0","0","0","0"
"10674  :  โรงพยาบาลเชียงรายประชานุเคราะห์","217","31","32","41","28","24","33","28","0","0","0","0","0"
"11189  :  โรงพยาบาลเทิง","391","60","78","88","62","38","61","4","0","0","0","0","0"
"11190  :  โรงพยาบาลพาน","3","0","1","1","1","0","0","0","0","0","0","0","0"
"11191  :  โรงพยาบาลป่าแดด","102","0","0","0","26","60","6","0","10","0","0","0","0"
"11192  :  โรงพยาบาลแม่จัน","85","9","14","21","14","7","10","10","0","0","0","0","0"
"11193  :  โรงพยาบาลเชียงแสน","0","0","0","0","0","0","0","0","0","0","0","0","0"
"11194  :  โรงพยาบาลแม่สาย","10","1","1","0","3","0","4","1","0","0","0","0","0"
"11195  :  โรงพยาบาลแม่สรวย","22","2","5","1","1","2","4","3","4","0","0","0","0"
"11196  :  โรงพยาบาลเวียงป่าเป้า","80","14","16","10","4","8","11","17","0","0","0","0","0"
"11197  :  โรงพยาบาลพญาเม็งราย","6","2","0","1","0","1","0","2","0","0","0","0","0"
"11198  :  โรงพยาบาลเวียงแก่น","32","0","2","16","4","4","1","3","2","0","0","0","0"
"11199  :  โรงพยาบาลขุนตาล","64","2","5","2","19","33","0","3","0","0","0","0","0"
"11200  :  โรงพยาบาลแม่ฟ้าหลวง","11","0","1","0","0","0","0","2","8","0","0","0","0"
"11201  :  โรงพยาบาลแม่ลาว","421","5","66","52","61","67","80","90","0","0","0","0","0"
"11202  :  โรงพยาบาลเวียงเชียงรุ้ง","121","0","2","1","2","0","16","100","0","0","0","0","0"
"11454  :  โรงพยาบาลสมเด็จพระยุพราชเชียงของ","0","0","0","0","0","0","0","0","0","0","0","0","0"
"15012  :  โรงพยาบาลสมเด็จพระญาณสังวร","77","8","9","9","2","9","13","27","0","0","0","0","0"
"23429  :  โรงพยาบาลมหาวิทยาลัยแม่ฟ้าหลวง","0","0","0","0","0","0","0","0","0","0","0","0","0"
"28823  :  โรงพยาบาลดอยหลวง","18","5","1","4","3","3","1","1","0","0","0","0","0"
"41509  :  โรงพยาบาลศูนย์การแพทย์มหาวิทยาลัยแม่ฟ้าหลวง","0","0","0","0","0","0","0","0","0","0","0","0","0"
"10719  :  โรงพยาบาลศรีสังวาลย์","5","4","0","0","0","0","0","1","0","0","0","0","0"
"11203  :  โรงพยาบาลขุนยวม","2","1","0","0","0","1","0","0","0","0","0","0","0"
"11204  :  โรงพยาบาลปาย","3","0","1","0","0","1","0","0","1","0","0","0","0"
"11205  :  โรงพยาบาลแม่สะเรียง","0","0","0","0","0","0","0","0","0","0","0","0","0"
"11206  :  โรงพยาบาลแม่ลาน้อย","5","0","2","0","0","0","0","0","3","0","0","0","0"
"11207  :  โรงพยาบาลสบเมย","2","0","0","0","0","0","1","0","1","0","0","0","0"
"11208  :  โรงพยาบาลปางมะผ้า","14","0","2","0","4","1","3","2","2","0","0","0","0"
"14197  :  โรงพยาบาลธัญญรักษ์แม่ฮ่องสอน","0","0","0","0","0","0","0","0","0","0","0","0","0"
"10675  :  โรงพยาบาลสวรรค์ประชารักษ์","83","8","19","16","7","12","15","6","0","0","0","0","0"
"11209  :  โรงพยาบาลโกรกพระ","2","0","0","0","0","0","1","1","0","0","0","0","0"
"11210  :  โรงพยาบาลชุมแสง","15","2","9","0","0","1","1","0","2","0","0","0","0"
"11211  :  โรงพยาบาลหนองบัว","449","13","83","70","63","63","56","34","67","0","0","0","0"
"11212  :  โรงพยาบาลบรรพตพิสัย","137","0","7","24","74","0","32","0","0","0","0","0","0"
"11213  :  โรงพยาบาลเก้าเลี้ยว","2","0","0","1","0","1","0","0","0","0","0","0","0"
"11214  :  โรงพยาบาลตาคลี","139","30","26","16","18","17","17","11","4","0","0","0","0"
"11215  :  โรงพยาบาลท่าตะโก","44","0","39","2","0","3","0","0","0","0","0","0","0"
"11216  :  โรงพยาบาลไพศาลี","0","0","0","0","0","0","0","0","0","0","0","0","0"
"11217  :  โรงพยาบาลพยุหะคีรี","4","0","0","2","0","0","2","0","0","0","0","0","0"
"11218  :  โรงพยาบาลลาดยาว","489","70","84","74","64","63","54","51","29","0","0","0","0"
"11219  :  โรงพยาบาลตากฟ้า","164","11","33","109","8","1","1","0","1","0","0","0","0"
"11220  :  โรงพยาบาลแม่วงก์","3","0","0","0","2","0","0","0","1","0","0","0","0"
"11513  :  โรงพยาบาลค่ายจิรประวัติ","0","0","0","0","0","0","0","0","0","0","0","0","0"
"12030  :  โรงพยาบาลพริ้นซ์ ปากน้ำโพ 1 โรงพยาบาลทั่วไปขนาดใหญ่","0","0","0","0","0","0","0","0","0","0","0","0","0"
"12033  :  โรงพยาบาลรวมแพทย์นครสวรรค์","0","0","0","0","0","0","0","0","0","0","0","0","0"
"12034  :  โรงพยาบาลพริ้นซ์ ปากน้ำโพ 2 โรงพยาบาลทั่วไปขนาดใหญ่","0","0","0","0","0","0","0","0","0","0","0","0","0"
"12042  :  โรงพยาบาลร่มฉัตร","0","0","0","0","0","0","0","0","0","0","0","0","0"
"12044  :  โรงพยาบาลศรีสวรรค์","0","0","0","0","0","0","0","0","0","0","0","0","0"
"12284  :  โรงพยาบาลส่งเสริมสุขภาพ ศูนย์อนามัยที่ 3","0","0","0","0","0","0","0","0","0","0","0","0","0"
"14171  :  โรงพยาบาลจิตเวชนครสวรรค์ราชนครินทร์","0","0","0","0","0","0","0","0","0","0","0","0","0"
"40749  :  โรงพยาบาลชุมตาบง","9","0","5","1","2","0","0","0","1","0","0","0","0"
"10720  :  โรงพยาบาลอุทัยธานี","10","1","0","1","1","0","2","1","4","0","0","0","0"
"11221  :  โรงพยาบาลทัพทัน","145","16","16","17","47","7","17","9","16","0","0","0","0"
"11222  :  โรงพยาบาลสว่างอารมณ์","214","33","130","24","0","9","10","1","7","0","0","0","0"
"11223  :  โรงพยาบาลหนองฉาง","7","0","2","0","2","2","0","1","0","0","0","0","0"
"11224  :  โรงพยาบาลหนองขาหย่าง","38","1","3","2","2","7","10","5","8","0","0","0","0"
"11225  :  โรงพยาบาลบ้านไร่","240","49","160","31","0","0","0","0","0","0","0","0","0"
"11226  :  โรงพยาบาลลานสัก","0","0","0","0","0","0","0","0","0","0","0","0","0"
"11227  :  โรงพยาบาลห้วยคต","266","33","64","70","23","19","21","13","23","0","0","0","0"
"10721  :  โรงพยาบาลกำแพงเพชร","24","0","1","1","0","0","10","12","0","0","0","0","0"
"11228  :  โรงพยาบาลทุ่งโพธิ์ทะเล","442","96","126","23","79","69","14","17","18","0","0","0","0"
"11229  :  โรงพยาบาลไทรงาม","735","158","158","132","94","81","67","19","23","3","0","0","0"
"11230  :  โรงพยาบาลคลองลาน","525","4","56","0","357","79","24","4","1","0","0","0","0"
"11231  :  โรงพยาบาลขาณุวรลักษบุรี","181","0","0","129","4","10","37","0","1","0","0","0","0"
"11232  :  โรงพยาบาลคลองขลุง","303","209","83","11","0","0","0","0","0","0","0","0","0"
"11233  :  โรงพยาบาลพรานกระต่าย","67","44","3","3","1","0","2","1","13","0","0","0","0"
"11234  :  โรงพยาบาลลานกระบือ","2,100","204","501","610","280","221","151","64","58","11","0","0","0"
"11235  :  โรงพยาบาลทรายทองวัฒนา","184","3","19","90","12","6","44","10","0","0","0","0","0"
"11236  :  โรงพยาบาลปางศิลาทอง","397","43","48","35","75","127","17","20","32","0","0","0","0"
"14135  :  โรงพยาบาลบึงสามัคคี","727","31","258","177","136","52","29","15","29","0","0","0","0"
"28010  :  โรงพยาบาลโกสัมพีนคร","430","77","62","44","50","61","42","47","39","8","0","0","0"
"10722  :  โรงพยาบาลสมเด็จพระเจ้าตากสินมหาราช","4","1","1","0","0","0","0","0","2","0","0","0","0"
"10723  :  โรงพยาบาลแม่สอด","15","0","0","1","1","0","2","5","6","0","0","0","0"
"11238  :  โรงพยาบาลบ้านตาก","15","3","3","1","0","1","6","1","0","0","0","0","0"
"11239  :  โรงพยาบาลสามเงา","23","4","2","3","9","3","1","1","0","0","0","0","0"
"11240  :  โรงพยาบาลแม่ระมาด","230","77","62","32","41","17","0","0","1","0","0","0","0"
"11241  :  โรงพยาบาลท่าสองยาง","3","1","0","0","0","2","0","0","0","0","0","0","0"
"11242  :  โรงพยาบาลพบพระ","182","7","12","21","37","34","30","12","28","1","0","0","0"
"11243  :  โรงพยาบาลอุ้มผาง","5","0","0","1","3","0","0","1","0","0","0","0","0"
"27443  :  โรงพยาบาลวังเจ้า","9","0","0","0","4","0","1","1","3","0","0","0","0"
"10724  :  โรงพยาบาลสุโขทัย","1,049","137","259","141","83","100","114","114","101","0","0","0","0"
"10725  :  โรงพยาบาลศรีสังวรสุโขทัย","95","2","31","14","7","19","10","1","11","0","0","0","0"
"11244  :  โรงพยาบาลบ้านด่านลานหอย","1,243","120","354","283","196","94","98","51","47","0","0","0","0"
"11245  :  โรงพยาบาลคีรีมาศ","80","5","8","5","8","20","5","3","26","0","0","0","0"
"11246  :  โรงพยาบาลกงไกรลาศ","390","69","84","41","47","37","36","39","37","0","0","0","0"
"11247  :  โรงพยาบาลศรีสัชนาลัย","6","0","0","1","2","0","0","3","0","0","0","0","0"
"11248  :  โรงพยาบาลสวรรคโลก","466","83","65","72","77","58","37","29","45","0","0","0","0"
"11249  :  โรงพยาบาลศรีนคร","127","9","15","20","11","2","33","28","9","0","0","0","0"
"11250  :  โรงพยาบาลทุ่งเสลี่ยม","37","32","0","1","0","0","4","0","0","0","0","0","0"
"10676  :  โรงพยาบาลพุทธชินราช","0","0","0","0","0","0","0","0","0","0","0","0","0"
"11251  :  โรงพยาบาลชาติตระการ","700","89","118","164","73","86","109","61","0","0","0","0","0"
"11252  :  โรงพยาบาลบางระกำ","503","50","49","52","40","113","114","76","9","0","0","0","0"
"11253  :  โรงพยาบาลบางกระทุ่ม","700","118","262","124","111","56","23","6","0","0","0","0","0"
"11254  :  โรงพยาบาลพรหมพิราม","179","16","20","46","29","20","22","25","1","0","0","0","0"
"11255  :  โรงพยาบาลวัดโบสถ์","2","0","1","0","0","1","0","0","0","0","0","0","0"
"11256  :  โรงพยาบาลวังทอง","165","1","6","5","3","51","64","35","0","0","0","0","0"
"11257  :  โรงพยาบาลเนินมะปราง","0","0","0","0","0","0","0","0","0","0","0","0","0"
"11455  :  โรงพยาบาลสมเด็จพระยุพราชนครไทย","43","8","11","6","6","4","4","4","0","0","0","0","0"
"11517  :  โรงพยาบาลค่ายสมเด็จพระนเรศวร","0","0","0","0","0","0","0","0","0","0","0","0","0"
"14972  :  โรงพยาบาลมหาวิทยาลัยนเรศวร","0","0","0","0","0","0","0","0","0","0","0","0","0"
"41429  :  โรงพยาบาลจิตเวชพิษณุโลก","0","0","0","0","0","0","0","0","0","0","0","0","0"
"10726  :  โรงพยาบาลพิจิตร","1,439","230","216","233","216","182","137","111","114","0","0","0","0"
"11258  :  โรงพยาบาลวังทรายพูน","678","37","243","209","64","23","31","42","28","1","0","0","0"
"11259  :  โรงพยาบาลโพธิ์ประทับช้าง","323","30","42","46","54","51","27","32","41","0","0","0","0"
"11260  :  โรงพยาบาลบางมูลนาก","594","99","99","77","77","59","66","51","65","1","0","0","0"
"11261  :  โรงพยาบาลโพทะเล","624","80","103","128","106","71","48","46","42","0","0","0","0"
"11262  :  โรงพยาบาลสามง่าม","330","6","14","74","26","46","65","52","47","0","0","0","0"
"11263  :  โรงพยาบาลทับคล้อ","322","85","198","23","7","2","1","0","6","0","0","0","0"
"11456  :  โรงพยาบาลสมเด็จพระยุพราชตะพานหิน","13","1","2","1","0","3","0","4","2","0","0","0","0"
"11631  :  โรงพยาบาลวชิรบารมี","175","25","15","25","27","22","23","14","24","0","0","0","0"
"27978  :  โรงพยาบาลสากเหล็ก","127","35","19","26","12","6","11","11","7","0","0","0","0"
"27979  :  โรงพยาบาลบึงนาราง","148","14","19","16","26","17","15","18","23","0","0","0","0"
"27980  :  โรงพยาบาลดงเจริญ","316","53","49","59","40","23","21","40","27","4","0","0","0"
"10727  :  โรงพยาบาลเพชรบูรณ์","11","4","3","2","0","0","2","0","0","0","0","0","0"
"11264  :  โรงพยาบาลชนแดน","1","0","0","0","0","0","0","1","0","0","0","0","0"
"11265  :  โรงพยาบาลหล่มสัก","3","0","1","0","1","1","0","0","0","0","0","0","0"
"11266  :  โรงพยาบาลวิเชียรบุรี","877","135","137","154","131","117","104","99","0","0","0","0","0"
"11267  :  โรงพยาบาลศรีเทพ","7","2","3","1","0","0","0","1","0","0","0","0","0"
"11268  :  โรงพยาบาลหนองไผ่","631","72","87","82","65","219","55","51","0","0","0","0","0"
"11269  :  โรงพยาบาลบึงสามพัน","14","0","1","1","1","6","5","0","0","0","0","0","0"
"11270  :  โรงพยาบาลน้ำหนาว","1,513","182","607","343","120","94","75","44","48","0","0","0","0"
"11271  :  โรงพยาบาลวังโป่ง","0","0","0","0","0","0","0","0","0","0","0","0","0"
"11272  :  โรงพยาบาลเขาค้อ","340","34","32","30","49","49","44","48","54","0","0","0","0"
"11457  :  โรงพยาบาลสมเด็จพระยุพราชหล่มเก่า","4","0","1","1","0","2","0","0","0","0","0","0","0"
"11946  :  โรงพยาบาลค่ายพ่อขุนผาเมือง","0","0","0","0","0","0","0","0","0","0","0","0","0"
"10677  :  โรงพยาบาลราชบุรี","892","124","141","149","180","194","70","34","0","0","0","0","0"
"10728  :  โรงพยาบาลดำเนินสะดวก","2","0","1","1","0","0","0","0","0","0","0","0","0"
"10729  :  โรงพยาบาลบ้านโป่ง","84","19","32","8","5","12","8","0","0","0","0","0","0"
"10730  :  โรงพยาบาลโพธาราม","687","66","123","107","117","130","66","78","0","0","0","0","0"
"11273  :  โรงพยาบาลสวนผึ้ง","5","0","0","1","3","0","0","0","1","0","0","0","0"
"11274  :  โรงพยาบาลบางแพ","16","2","1","11","0","0","0","0","2","0","0","0","0"
"11275  :  โรงพยาบาลเจ็ดเสมียน","5","0","1","0","0","2","1","1","0","0","0","0","0"
"11276  :  โรงพยาบาลปากท่อ","7","0","0","0","0","0","4","3","0","0","0","0","0"
"11277  :  โรงพยาบาลวัดเพลง","347","28","62","54","52","48","53","31","19","0","0","0","0"
"11458  :  โรงพยาบาลสมเด็จพระยุพราชจอมบึง","2","2","0","0","0","0","0","0","0","0","0","0","0"
"11519  :  โรงพยาบาลค่ายภาณุรังษี","0","0","0","0","0","0","0","0","0","0","0","0","0"
"12093  :  สถานพยาบาลแพทย์ประดิษฐ์","0","0","0","0","0","0","0","0","0","0","0","0","0"
"12097  :  มหาชัยพร้อมแพทย์โรงพยาบาลทั่วไปขนาดกลาง","0","0","0","0","0","0","0","0","0","0","0","0","0"
"12098  :  โรงพยาบาลกรุงเทพเมืองราชโรงพยาบาลทั่วไปขนาดใหญ่","0","0","0","0","0","0","0","0","0","0","0","0","0"
"12103  :  โรงพยาบาลซานคามิลโล","0","0","0","0","0","0","0","0","0","0","0","0","0"
"12286  :  โรงพยาบาลส่งเสริมสุขภาพ ศูนย์อนามัยที่ 5","0","0","0","0","0","0","0","0","0","0","0","0","0"
"28858  :  โรงพยาบาลบ้านคา","1","0","0","0","0","0","1","0","0","0","0","0","0"
"10731  :  โรงพยาบาลพหลพลพยุหเสนา","31","4","8","6","0","3","2","5","3","0","0","0","0"
"10732  :  โรงพยาบาลมะการักษ์","33","1","5","4","2","4","5","5","7","0","0","0","0"
"11278  :  โรงพยาบาลไทรโยค","65","11","15","3","2","8","10","8","8","0","0","0","0"
"11279  :  โรงพยาบาลสมเด็จพระปิยมหาราชรมณียเขต","99","59","39","0","0","1","0","0","0","0","0","0","0"
"11280  :  โรงพยาบาลบ่อพลอย","273","24","43","35","31","71","35","22","12","0","0","0","0"
"11281  :  โรงพยาบาลท่ากระดาน","204","23","31","28","17","28","17","28","28","4","0","0","0"
"11282  :  โรงพยาบาลสมเด็จพระสังฆราชองค์ที่ ๑๙","2","0","1","1","0","0","0","0","0","0","0","0","0"
"11283  :  โรงพยาบาลทองผาภูมิ","39","3","3","0","1","1","2","0","29","0","0","0","0"
"11284  :  โรงพยาบาลสังขละบุรี","175","11","65","54","19","0","0","26","0","0","0","0","0"
"11285  :  โรงพยาบาลเจ้าคุณไพบูลย์พนมทวน","16","0","3","6","2","0","1","2","2","0","0","0","0"
"11286  :  โรงพยาบาลเลาขวัญ","35","8","5","11","1","4","3","2","1","0","0","0","0"
"11287  :  โรงพยาบาลด่านมะขามเตี้ย","2","0","0","0","0","0","0","0","2","0","0","0","0"
"11288  :  โรงพยาบาลสถานพระบารมี","254","13","71","45","21","26","31","17","30","0","0","0","0"
"11520  :  โรงพยาบาลค่ายสุรสีห์","3","0","0","0","0","0","0","2","1","0","0","0","0"
"14136  :  โรงพยาบาลศุกร์ศิริศรีสวัสดิ์","103","11","18","16","10","7","11","22","8","0","0","0","0"
"21948  :  โรงพยาบาลห้วยกระเจา เฉลิมพระเกียรติ 80 พรรษา","445","74","50","44","73","72","45","41","41","5","0","0","0"
"41701  :  โรงพยาบาลหนองปรือ","301","38","48","37","28","31","45","36","38","0","0","0","0"
"10678  :  โรงพยาบาลเจ้าพระยายมราช","313","23","68","52","43","36","51","40","0","0","0","0","0"
"10733  :  โรงพยาบาลสมเด็จพระสังฆราชองค์ที่17","5","0","1","1","1","0","0","1","1","0","0","0","0"
"11289  :  โรงพยาบาลเดิมบางนางบวช","83","1","2","78","1","0","0","1","0","0","0","0","0"
"11290  :  โรงพยาบาลด่านช้าง","7","0","2","0","0","2","3","0","0","0","0","0","0"
"11291  :  โรงพยาบาลบางปลาม้า","6","0","1","0","0","4","1","0","0","0","0","0","0"
"11292  :  โรงพยาบาลศรีประจันต์","0","0","0","0","0","0","0","0","0","0","0","0","0"
"11293  :  โรงพยาบาลดอนเจดีย์","5","0","2","0","1","1","1","0","0","0","0","0","0"
"11294  :  โรงพยาบาลสามชุก","2","0","0","1","0","0","1","0","0","0","0","0","0"
"11295  :  โรงพยาบาลอู่ทอง","27","6","5","3","10","2","1","0","0","0","0","0","0"
"11296  :  โรงพยาบาลหนองหญ้าไซ","4","1","0","0","0","1","1","1","0","0","0","0","0"
"12123  :  โรงพยาบาลวิภาวดี-ปิยราษฎร์","0","0","0","0","0","0","0","0","0","0","0","0","0"
"10679  :  โรงพยาบาลนครปฐม","0","0","0","0","0","0","0","0","0","0","0","0","0"
"11297  :  โรงพยาบาลกำแพงแสน","2","0","0","0","1","0","0","1","0","0","0","0","0"
"11298  :  โรงพยาบาลนครชัยศรี","71","21","2","12","11","7","9","9","0","0","0","0","0"
"11299  :  โรงพยาบาลห้วยพลู","677","71","34","159","0","209","107","97","0","0","0","0","0"
"11300  :  โรงพยาบาลดอนตูม","2","1","0","0","0","0","1","0","0","0","0","0","0"
"11301  :  โรงพยาบาลบางเลน","0","0","0","0","0","0","0","0","0","0","0","0","0"
"11302  :  โรงพยาบาลสามพราน","114","1","1","0","19","47","46","0","0","0","0","0","0"
"11303  :  โรงพยาบาลพุทธมณฑล","298","78","91","31","91","0","2","4","1","0","0","0","0"
"11473  :  โรงพยาบาลเมตตาประชารักษ์(วัดไร่ขิง)","0","0","0","0","0","0","0","0","0","0","0","0","0"
"11521  :  โรงพยาบาลจันทรุเบกษา","0","0","0","0","0","0","0","0","0","0","0","0","0"
"13819  :  โรงพยาบาลหลวงพ่อเปิ่น","5","5","0","0","0","0","0","0","0","0","0","0","0"
"10734  :  โรงพยาบาลสมุทรสาคร","1,560","103","124","120","619","171","123","218","82","0","0","0","0"
"11304  :  โรงพยาบาลกระทุ่มแบน","3","0","0","0","0","1","0","0","2","0","0","0","0"
"11305  :  โรงพยาบาลบ้านแพ้ว","56","4","10","5","8","13","4","7","5","0","0","0","0"
"12137  :  โรงพยาบาลทั่วไปขนาดเล็กเจษฎา","87","0","0","0","0","8","0","79","0","0","0","0","0"
"10735  :  โรงพยาบาลสมเด็จพระพุทธเลิศหล้า","143","2","39","27","23","19","20","13","0","0","0","0","0"
"11306  :  โรงพยาบาลนภาลัย","2","0","0","1","0","0","1","0","0","0","0","0","0"
"11307  :  โรงพยาบาลอัมพวา","344","55","49","64","46","34","34","38","24","0","0","0","0"
"10736  :  โรงพยาบาลพระจอมเกล้า","672","37","68","120","104","107","87","70","79","0","0","0","0"
"11308  :  โรงพยาบาลเขาย้อย","58","11","23","11","4","2","5","2","0","0","0","0","0"
"11309  :  โรงพยาบาลหนองหญ้าปล้อง","0","0","0","0","0","0","0","0","0","0","0","0","0"
"11310  :  โรงพยาบาลชะอำ","618","5","272","300","39","1","0","1","0","0","0","0","0"
"11311  :  โรงพยาบาลท่ายาง","26","3","5","8","3","2","3","2","0","0","0","0","0"
"11312  :  โรงพยาบาลบ้านลาด","0","0","0","0","0","0","0","0","0","0","0","0","0"
"11313  :  โรงพยาบาลบ้านแหลม","1","0","0","0","0","0","1","0","0","0","0","0","0"
"11314  :  โรงพยาบาลแก่งกระจาน","3","0","1","1","0","0","0","0","1","0","0","0","0"
"10737  :  โรงพยาบาลประจวบคีรีขันธ์","9","3","2","1","0","0","1","2","0","0","0","0","0"
"11315  :  โรงพยาบาลกุยบุรี","421","50","60","126","49","39","65","32","0","0","0","0","0"
"11316  :  โรงพยาบาลทับสะแก","4","1","1","1","0","0","0","0","1","0","0","0","0"
"11317  :  โรงพยาบาลบางสะพาน","61","0","1","1","53","2","0","1","3","0","0","0","0"
"11318  :  โรงพยาบาลบางสะพานน้อย","6","0","0","0","0","0","3","1","2","0","0","0","0"
"11319  :  โรงพยาบาลปราณบุรี","256","28","45","56","33","34","32","23","5","0","0","0","0"
"11320  :  โรงพยาบาลหัวหิน","588","94","126","78","71","76","100","43","0","0","0","0","0"
"11321  :  โรงพยาบาลสามร้อยยอด","529","94","83","90","63","66","66","47","20","0","0","0","0"
"11500  :  โรงพยาบาลกองบิน 5","0","0","0","0","0","0","0","0","0","0","0","0","0"
"11522  :  โรงพยาบาลค่ายธนะรัชต์","0","0","0","0","0","0","0","0","0","0","0","0","0"
"12471  :  สถานีกาชาดหัวหินเฉลิมพระเกียรติ","0","0","0","0","0","0","0","0","0","0","0","0","0"
"10680  :  โรงพยาบาลมหาราชนครศรีธรรมราช","340","47","40","47","49","46","32","36","43","0","0","0","0"
"11322  :  โรงพยาบาลพรหมคีรี","0","0","0","0","0","0","0","0","0","0","0","0","0"
"11324  :  โรงพยาบาลลานสะกา","1","0","1","0","0","0","0","0","0","0","0","0","0"
"11325  :  โรงพยาบาลสมเด็จพระยุพราชฉวาง","15","2","5","3","4","1","0","0","0","0","0","0","0"
"11326  :  โรงพยาบาลพิปูน","121","5","18","22","7","48","5","7","7","2","0","0","0"
"11327  :  โรงพยาบาลเชียรใหญ่","15","0","1","2","5","0","0","2","5","0","0","0","0"
"11328  :  โรงพยาบาลชะอวด","46","0","1","3","1","1","0","1","39","0","0","0","0"
"11329  :  โรงพยาบาลท่าศาลา","87","0","0","18","4","59","2","2","2","0","0","0","0"
"11330  :  โรงพยาบาลทุ่งสง","4","0","0","1","1","0","0","1","1","0","0","0","0"
"11331  :  โรงพยาบาลนาบอน","6","0","0","0","2","0","2","0","2","0","0","0","0"
"11332  :  โรงพยาบาลทุ่งใหญ่","5","0","2","2","0","0","0","1","0","0","0","0","0"
"11333  :  โรงพยาบาลปากพนัง","5","2","1","0","0","1","0","0","1","0","0","0","0"
"11334  :  โรงพยาบาลร่อนพิบูลย์","21","1","1","0","9","5","0","2","3","0","0","0","0"
"11335  :  โรงพยาบาลสิชล","364","26","9","10","26","34","97","81","81","0","0","0","0"
"11336  :  โรงพยาบาลขนอม","3","1","0","1","0","1","0","0","0","0","0","0","0"
"11337  :  โรงพยาบาลหัวไทร","136","0","0","0","0","0","114","22","0","0","0","0","0"
"11338  :  โรงพยาบาลบางขัน","6","0","0","0","1","3","0","1","1","0","0","0","0"
"11339  :  โรงพยาบาลถ้ำพรรณรา","2","1","0","0","1","0","0","0","0","0","0","0","0"
"11523  :  โรงพยาบาลค่ายวชิราวุธ","0","0","0","0","0","0","0","0","0","0","0","0","0"
"11660  :  โรงพยาบาลจุฬาภรณ์","3","1","0","1","1","0","0","0","0","0","0","0","0"
"12287  :  โรงพยาบาลส่งเสริมสุขภาพ ศูนย์อนามัยที่ 11","1","0","0","0","1","0","0","0","0","0","0","0","0"
"12472  :  สถานีกาชาดสิริธร (สถานีกาชาดที่ 12 ทุ่งสง)","2","0","1","0","0","0","0","1","0","0","0","0","0"
"14918  :  โรงพยาบาลค่ายเทพสตรีศรีสุนทร","0","0","0","0","0","0","0","0","0","0","0","0","0"
"21771  :  โรงพยาบาลเทศบาลนครนครศรีธรรมราช","14","3","1","4","2","0","1","3","0","0","0","0","0"
"40491  :  โรงพยาบาลเฉลิมพระเกียรติ","1","0","0","0","1","0","0","0","0","0","0","0","0"
"40492  :  โรงพยาบาลพ่อท่านคล้ายวาจาสิทธิ์","90","7","12","10","19","15","12","10","5","0","0","0","0"
"40742  :  โรงพยาบาลนบพิตำ","42","7","5","5","3","2","7","7","6","0","0","0","0"
"40743  :  โรงพยาบาลพระพรหม","382","0","8","7","173","188","1","0","5","0","0","0","0"
"40970  :  โรงพยาบาลศูนย์การแพทย์มหาวิทยาลัยวลัยลักษณ์","0","0","0","0","0","0","0","0","0","0","0","0","0"
"10738  :  โรงพยาบาลกระบี่","20","2","1","2","3","2","5","3","2","0","0","0","0"
"11340  :  โรงพยาบาลเขาพนม","0","0","0","0","0","0","0","0","0","0","0","0","0"
"11341  :  โรงพยาบาลเกาะลันตา","58","11","1","5","7","8","15","11","0","0","0","0","0"
"11342  :  โรงพยาบาลคลองท่อม","0","0","0","0","0","0","0","0","0","0","0","0","0"
"11343  :  โรงพยาบาลอ่าวลึก","5,208","1","1,531","2,012","831","375","458","0","0","0","0","0","0"
"11344  :  โรงพยาบาลปลายพระยา","187","15","27","37","30","34","29","15","0","0","0","0","0"
"11345  :  โรงพยาบาลลำทับ","2","0","0","0","0","1","1","0","0","0","0","0","0"
"11346  :  โรงพยาบาลเหนือคลอง","0","0","0","0","0","0","0","0","0","0","0","0","0"
"77753  :  โรงพยาบาลเกาะพีพี","53","0","0","0","0","0","31","15","7","0","0","0","0"
"10739  :  โรงพยาบาลพังงา","4","1","0","0","0","0","2","1","0","0","0","0","0"
"10740  :  โรงพยาบาลตะกั่วป่า","1","0","0","0","0","0","1","0","0","0","0","0","0"
"11347  :  โรงพยาบาลเกาะยาวชัยพัฒน์","159","33","29","17","17","13","22","9","19","0","0","0","0"
"11348  :  โรงพยาบาลกะปงชัยพัฒน์","6","0","2","2","0","0","1","1","0","0","0","0","0"
"11349  :  โรงพยาบาลตะกั่วทุ่ง","2","0","0","0","0","1","1","0","0","0","0","0","0"
"11350  :  โรงพยาบาลบางไทร","142","12","54","75","0","0","0","1","0","0","0","0","0"
"11352  :  โรงพยาบาลคุระบุรีชัยพัฒน์","29","2","1","6","4","5","9","2","0","0","0","0","0"
"11353  :  โรงพยาบาลทับปุด","6","0","0","0","0","0","1","0","5","0","0","0","0"
"11354  :  โรงพยาบาลท้ายเหมืองชัยพัฒน์","130","0","0","1","15","20","34","35","25","0","0","0","0"
"10741  :  โรงพยาบาลวชิระภูเก็ต","473","21","33","93","43","43","124","116","0","0","0","0","0"
"11355  :  โรงพยาบาลป่าตอง","598","63","91","91","49","59","86","78","81","0","0","0","0"
"11356  :  โรงพยาบาลถลาง","818","98","143","153","102","105","123","94","0","0","0","0","0"
"24678  :  โรงพยาบาลองค์การบริหารส่วนจังหวัดภูเก็ต","0","0","0","0","0","0","0","0","0","0","0","0","0"
"41436  :  โรงพยาบาลฉลอง","0","0","0","0","0","0","0","0","0","0","0","0","0"
"09192  :  โรงพยาบาลเกาะเต่า","154","38","43","20","8","11","14","11","9","0","0","0","0"
"10681  :  โรงพยาบาลสุราษฎร์ธานี","313","32","54","41","65","16","47","40","18","0","0","0","0"
"10742  :  โรงพยาบาลเกาะสมุย","12","1","4","2","1","4","0","0","0","0","0","0","0"
"11357  :  โรงพยาบาลกาญจนดิษฐ์","11","0","2","1","2","1","0","0","5","0","0","0","0"
"11358  :  โรงพยาบาลดอนสัก","6","2","0","1","1","1","0","0","1","0","0","0","0"
"11359  :  โรงพยาบาลเกาะพงัน","224","40","38","23","23","7","45","38","10","0","0","0","0"
"11360  :  โรงพยาบาลไชยา","427","0","79","85","103","61","62","21","16","0","0","0","0"
"11361  :  โรงพยาบาลท่าชนะ","232","56","27","24","78","18","22","6","1","0","0","0","0"
"11362  :  โรงพยาบาลคีรีรัฐนิคม","0","0","0","0","0","0","0","0","0","0","0","0","0"
"11363  :  โรงพยาบาลบ้านตาขุน","248","3","145","66","27","3","3","1","0","0","0","0","0"
"11364  :  โรงพยาบาลพนม","3","0","1","0","1","0","0","1","0","0","0","0","0"
"11365  :  โรงพยาบาลท่าฉาง","144","60","47","12","8","9","7","1","0","0","0","0","0"
"11366  :  โรงพยาบาลบ้านนาสาร","1,087","165","186","138","117","443","35","3","0","0","0","0","0"
"11367  :  โรงพยาบาลบ้านนาเดิม","126","10","16","19","13","20","10","11","27","0","0","0","0"
"11368  :  โรงพยาบาลเคียนซา","119","5","1","17","24","19","24","17","12","0","0","0","0"
"11369  :  โรงพยาบาลพระแสง","395","180","80","15","47","27","1","0","45","0","0","0","0"
"11370  :  โรงพยาบาลพุนพิน","323","5","141","3","109","59","4","1","1","0","0","0","0"
"11371  :  โรงพยาบาลชัยบุรี","25","1","4","6","2","8","3","0","1","0","0","0","0"
"11459  :  โรงพยาบาลสมเด็จพระยุพราชเวียงสระ","9","2","3","1","1","1","0","0","1","0","0","0","0"
"11654  :  โรงพยาบาลวิภาวดี","76","1","0","71","2","0","2","0","0","0","0","0","0"
"12289  :  โรงพยาบาลสวนสราญรมย์","0","0","0","0","0","0","0","0","0","0","0","0","0"
"14138  :  โรงพยาบาลท่าโรงช้าง","41","3","2","1","7","1","7","20","0","0","0","0","0"
"14203  :  โรงพยาบาลมะเร็งสุราษฎร์ธานี","0","0","0","0","0","0","0","0","0","0","0","0","0"
"14862  :  โรงพยาบาลกองบิน7","0","0","0","0","0","0","0","0","0","0","0","0","0"
"14901  :  โรงพยาบาลค่ายวิภาวดีรังสิต","0","0","0","0","0","0","0","0","0","0","0","0","0"
"40915  :  สถาบันสุขภาพจิตเด็กและวัยรุ่นภาคใต้","0","0","0","0","0","0","0","0","0","0","0","0","0"
"10743  :  โรงพยาบาลระนอง","0","0","0","0","0","0","0","0","0","0","0","0","0"
"11323  :  โรงพยาบาลละอุ่น","238","38","37","29","16","37","14","18","39","10","0","0","0"
"11372  :  โรงพยาบาลกะเปอร์","1","0","0","0","1","0","0","0","0","0","0","0","0"
"11373  :  โรงพยาบาลกระบุรี","356","47","55","56","51","41","16","35","55","0","0","0","0"
"11374  :  โรงพยาบาลสุขสำราญ","16","0","0","1","2","6","3","2","1","1","0","0","0"
"10744  :  โรงพยาบาลชุมพรเขตรอุดมศักดิ์","101","28","19","19","23","11","1","0","0","0","0","0","0"
"11375  :  โรงพยาบาลปากน้ำชุมพร","0","0","0","0","0","0","0","0","0","0","0","0","0"
"11376  :  โรงพยาบาลท่าแซะ","1","0","0","0","1","0","0","0","0","0","0","0","0"
"11377  :  โรงพยาบาลปะทิว","0","0","0","0","0","0","0","0","0","0","0","0","0"
"11378  :  โรงพยาบาลมาบอำมฤต","4","1","1","1","0","0","1","0","0","0","0","0","0"
"11379  :  โรงพยาบาลหลังสวน","3","0","1","0","1","0","1","0","0","0","0","0","0"
"11380  :  โรงพยาบาลปากน้ำหลังสวน","0","0","0","0","0","0","0","0","0","0","0","0","0"
"11381  :  โรงพยาบาลละแม","5","1","0","0","1","2","0","0","1","0","0","0","0"
"11382  :  โรงพยาบาลพะโต๊ะ","0","0","0","0","0","0","0","0","0","0","0","0","0"
"11383  :  โรงพยาบาลสวี","8","1","0","0","2","0","2","2","1","0","0","0","0"
"11385  :  โรงพยาบาลทุ่งตะโก","0","0","0","0","0","0","0","0","0","0","0","0","0"
"11525  :  โรงพยาบาลค่ายเขตอุดมศักดิ์","0","0","0","0","0","0","0","0","0","0","0","0","0"
"10682  :  โรงพยาบาลหาดใหญ่","114","2","3","18","18","19","14","20","20","0","0","0","0"
"10745  :  โรงพยาบาลสงขลา","48","0","1","3","13","6","3","6","16","0","0","0","0"
"11386  :  โรงพยาบาลสทิงพระ","0","0","0","0","0","0","0","0","0","0","0","0","0"
"11387  :  โรงพยาบาลจะนะ","0","0","0","0","0","0","0","0","0","0","0","0","0"
"11388  :  โรงพยาบาลสมเด็จพระบรมราชินีนาถ ณ  อำเภอนาทวี","0","0","0","0","0","0","0","0","0","0","0","0","0"
"11390  :  โรงพยาบาลเทพา","236","15","27","27","53","39","14","19","42","0","0","0","0"
"11391  :  โรงพยาบาลสะบ้าย้อย","147","8","5","7","42","40","11","10","24","0","0","0","0"
"11392  :  โรงพยาบาลระโนด","63","0","0","0","7","5","10","9","32","0","0","0","0"
"11393  :  โรงพยาบาลกระแสสินธุ์","0","0","0","0","0","0","0","0","0","0","0","0","0"
"11394  :  โรงพยาบาลรัตภูมิ","20","0","0","0","0","0","12","3","5","0","0","0","0"
"11395  :  โรงพยาบาลสะเดา","26","8","5","3","2","2","3","1","2","0","0","0","0"
"11396  :  โรงพยาบาลนาหม่อม","123","17","13","13","22","12","7","25","14","0","0","0","0"
"11397  :  โรงพยาบาลควนเนียง","0","0","0","0","0","0","0","0","0","0","0","0","0"
"11398  :  โรงพยาบาลปาดังเบซาร์","66","4","4","1","8","6","7","8","28","0","0","0","0"
"11399  :  โรงพยาบาลบางกล่ำ","0","0","0","0","0","0","0","0","0","0","0","0","0"
"11400  :  โรงพยาบาลสิงหนคร","2","0","0","0","0","0","1","1","0","0","0","0","0"
"11401  :  โรงพยาบาลคลองหอยโข่ง","17","0","0","1","4","1","0","0","11","0","0","0","0"
"12290  :  โรงพยาบาลจิตเวชสงขลาราชนครินทร์","0","0","0","0","0","0","0","0","0","0","0","0","0"
"14194  :  โรงพยาบาลธัญญารักษ์สงขลา","0","0","0","0","0","0","0","0","0","0","0","0","0"
"10746  :  โรงพยาบาลสตูล","391","18","18","3","154","58","64","44","32","0","0","0","0"
"11402  :  โรงพยาบาลควนโดน","50","8","4","7","8","7","5","1","10","0","0","0","0"
"11403  :  โรงพยาบาลควนกาหลง","0","0","0","0","0","0","0","0","0","0","0","0","0"
"11404  :  โรงพยาบาลท่าแพ","0","0","0","0","0","0","0","0","0","0","0","0","0"
"11405  :  โรงพยาบาลละงู","50","10","2","5","8","14","4","3","4","0","0","0","0"
"11406  :  โรงพยาบาลทุ่งหว้า","258","60","60","27","25","21","27","16","22","0","0","0","0"
"28786  :  โรงพยาบาลมะนัง","208","31","40","27","47","22","11","15","15","0","0","0","0"
"10683  :  โรงพยาบาลตรัง","6","1","1","0","0","0","1","3","0","0","0","0","0"
"11407  :  โรงพยาบาลกันตัง","8","0","1","2","2","1","1","0","1","0","0","0","0"
"11408  :  โรงพยาบาลย่านตาขาว","53","1","1","3","1","41","6","0","0","0","0","0","0"
"11409  :  โรงพยาบาลปะเหลียน","4","0","0","0","0","0","2","2","0","0","0","0","0"
"11410  :  โรงพยาบาลสิเกา","1","0","0","0","0","0","0","1","0","0","0","0","0"
"11411  :  โรงพยาบาลห้วยยอด","14","3","1","2","4","1","3","0","0","0","0","0","0"
"11412  :  โรงพยาบาลวังวิเศษ","93","0","6","16","24","24","4","11","8","0","0","0","0"
"11413  :  โรงพยาบาลนาโยง","12","1","1","0","1","1","6","2","0","0","0","0","0"
"12226  :  โรงพยาบาลวัฒนแพทย์","0","0","0","0","0","0","0","0","0","0","0","0","0"
"12230  :  โรงพยาบาล ทีอาร์พีเอช โรงพยาบาลทั่วไปขนาดใหญ่","0","0","0","0","0","0","0","0","0","0","0","0","0"
"13755  :  โรงพยาบาลโรคผิวหนังเขตร้อนภาคใต้ จังหวัดตรัง","0","0","0","0","0","0","0","0","0","0","0","0","0"
"14139  :  โรงพยาบาลรัษฎา","44","0","2","4","31","2","4","1","0","0","0","0","0"
"28817  :  โรงพยาบาลหาดสำราญเฉลิมพระเกียรติ 80 พรรษา","4","1","0","0","2","0","0","0","1","0","0","0","0"
"10747  :  โรงพยาบาลพัทลุง","971","173","175","157","148","110","121","87","0","0","0","0","0"
"11414  :  โรงพยาบาลกงหรา","148","1","3","5","39","33","28","16","23","0","0","0","0"
"11415  :  โรงพยาบาลเขาชัยสน","293","0","72","106","40","43","23","6","3","0","0","0","0"
"11416  :  โรงพยาบาลตะโหมด","323","10","2","7","4","91","133","33","40","3","0","0","0"
"11417  :  โรงพยาบาลควนขนุน","23","0","1","5","2","2","1","6","6","0","0","0","0"
"11418  :  โรงพยาบาลปากพะยูน","8","2","2","3","0","1","0","0","0","0","0","0","0"
"11419  :  โรงพยาบาลศรีบรรพต","339","27","53","25","181","24","29","0","0","0","0","0","0"
"11420  :  โรงพยาบาลป่าบอน","976","168","575","50","34","42","42","24","39","2","0","0","0"
"11421  :  โรงพยาบาลบางแก้ว","335","36","29","37","33","28","78","52","42","0","0","0","0"
"11422  :  โรงพยาบาลป่าพะยอม","255","27","38","42","30","33","19","35","31","0","0","0","0"
"24673  :  โรงพยาบาลศรีนครินทร์(ปัญญานันทภิขุ)","1","0","0","0","1","0","0","0","0","0","0","0","0"
"10748  :  โรงพยาบาลปัตตานี","117","5","11","28","37","16","7","13","0","0","0","0","0"
"11423  :  โรงพยาบาลโคกโพธิ์","280","37","42","36","35","29","36","36","29","0","0","0","0"
"11424  :  โรงพยาบาลหนองจิก","203","2","36","40","48","29","26","22","0","0","0","0","0"
"11425  :  โรงพยาบาลปะนาเระ","1","0","0","0","0","1","0","0","0","0","0","0","0"
"11426  :  โรงพยาบาลมายอ","11","3","0","3","4","0","1","0","0","0","0","0","0"
"11427  :  โรงพยาบาลทุ่งยางแดง","128","5","7","39","12","34","5","9","17","0","0","0","0"
"11428  :  โรงพยาบาลไม้แก่น","40","1","0","0","17","13","0","0","9","0","0","0","0"
"11429  :  โรงพยาบาลยะหริ่ง","2","2","0","0","0","0","0","0","0","0","0","0","0"
"11430  :  โรงพยาบาลยะรัง","0","0","0","0","0","0","0","0","0","0","0","0","0"
"11431  :  โรงพยาบาลแม่ลาน","0","0","0","0","0","0","0","0","0","0","0","0","0"
"11460  :  โรงพยาบาลสมเด็จพระยุพราชสายบุรี","180","15","7","37","26","27","25","26","17","0","0","0","0"
"11464  :  โรงพยาบาลกะพ้อ","2","0","0","0","0","0","0","2","0","0","0","0","0"
"11529  :  โรงพยาบาลค่ายอิงคยุทธบริหาร","0","0","0","0","0","0","0","0","0","0","0","0","0"
"14195  :  โรงพยาบาลธัญญรักษ์ปัตตานี","0","0","0","0","0","0","0","0","0","0","0","0","0"
"10684  :  โรงพยาบาลยะลา","4","0","0","0","0","0","0","2","2","0","0","0","0"
"10749  :  โรงพยาบาลเบตง","0","0","0","0","0","0","0","0","0","0","0","0","0"
"11432  :  โรงพยาบาลบันนังสตา","2","0","0","0","0","0","1","0","1","0","0","0","0"
"11433  :  โรงพยาบาลธารโต","1","0","0","0","0","0","1","0","0","0","0","0","0"
"11434  :  โรงพยาบาลรามัน","1","0","0","0","0","0","0","0","1","0","0","0","0"
"11461  :  โรงพยาบาลสมเด็จพระยุพราชยะหา","0","0","0","0","0","0","0","0","0","0","0","0","0"
"12238  :  โรงพยาบาลสิโรรส","0","0","0","0","0","0","0","0","0","0","0","0","0"
"13806  :  โรงพยาบาลกาบัง","81","7","6","7","7","12","9","14","19","0","0","0","0"
"14663  :  โรงพยาบาลส่งเสริมสุขภาพ ศูนย์อนามัยที่ 12","10","2","0","0","2","0","1","5","0","0","0","0","0"
"24689  :  โรงพยาบาลกรงปินัง","34","1","1","1","7","18","0","6","0","0","0","0","0"
"10750  :  โรงพยาบาลนราธิวาสราชนครินทร์","152","59","49","29","1","3","5","5","1","0","0","0","0"
"10751  :  โรงพยาบาลสุไหงโก-ลก","0","0","0","0","0","0","0","0","0","0","0","0","0"
"11435  :  โรงพยาบาลตากใบ","44","1","1","6","8","2","4","4","18","0","0","0","0"
"11436  :  โรงพยาบาลบาเจาะ","237","6","16","20","65","32","38","14","46","0","0","0","0"
"11437  :  โรงพยาบาลระแงะ","0","0","0","0","0","0","0","0","0","0","0","0","0"
"11438  :  โรงพยาบาลรือเสาะ","0","0","0","0","0","0","0","0","0","0","0","0","0"
"11439  :  โรงพยาบาลศรีสาคร","200","6","13","39","19","34","15","21","53","0","0","0","0"
"11440  :  โรงพยาบาลแว้ง","0","0","0","0","0","0","0","0","0","0","0","0","0"
"11441  :  โรงพยาบาลสุคิริน","60","16","11","12","0","3","9","7","2","0","0","0","0"
"11442  :  โรงพยาบาลสุไหงปาดี","16","0","0","0","1","0","2","2","11","0","0","0","0"
"13818  :  โรงพยาบาลจะแนะ","81","8","4","13","20","11","12","7","6","0","0","0","0"
"15010  :  โรงพยาบาลเจาะไอร้อง","113","3","4","7","20","26","13","6","34","0","0","0","0"
"23771  :  โรงพยาบาลยี่งอเฉลิมพระเกียรติ 80 พรรษา","9","1","3","1","1","0","0","1","2","0","0","0","0"