"โรงพยาบาล","รวม(คน)","2557","2558"
"ตค","พย","ธค","มค","กพ","มีค","เมย","พค","มิย","กค","สค","กย"
"11468  :  ทัณฑสถานโรงพยาบาลราชทัณฑ์","0","0","0","0","0","0","0","0","0","0","0","0","0"
"11469  :  โรงพยาบาลเลิดสิน","0","0","0","0","0","0","0","0","0","0","0","0","0"
"11470  :  โรงพยาบาลนพรัตนราชธานี","0","0","0","0","0","0","0","0","0","0","0","0","0"
"11471  :  โรงพยาบาลสงฆ์","0","0","0","0","0","0","0","0","0","0","0","0","0"
"11472  :  โรงพยาบาลราชวิถี","0","0","0","0","0","0","0","0","0","0","0","0","0"
"11477  :  โรงพยาบาลทหารผ่านศึก","0","0","0","0","0","0","0","0","0","0","0","0","0"
"11478  :  โรงพยาบาลสมเด็จพระปิ่นเกล้า","0","0","0","0","0","0","0","0","0","0","0","0","0"
"11481  :  โรงพยาบาลพระมงกุฎเกล้า","0","0","0","0","0","0","0","0","0","0","0","0","0"
"11482  :  โรงพยาบาลภูมิพลอดุลยเดช","0","0","0","0","0","0","0","0","0","0","0","0","0"
"11532  :  โรงพยาบาลสวนเบญจกิติเฉลิมพระเกียรติ84พรรษา","0","0","0","0","0","0","0","0","0","0","0","0","0"
"11534  :  โรงพยาบาลบุรฉัตรไชยากร (รถไฟ)","0","0","0","0","0","0","0","0","0","0","0","0","0"
"11535  :  คณะแพทย์ศาสตร์วชิรพยาบาล มหาวิทยาลัยกรุงเทพมหานคร","0","0","0","0","0","0","0","0","0","0","0","0","0"
"11536  :  โรงพยาบาลเวชการุณย์รัศมิ์","0","0","0","0","0","0","0","0","0","0","0","0","0"
"11537  :  โรงพยาบาลกลาง","0","0","0","0","0","0","0","0","0","0","0","0","0"
"11538  :  โรงพยาบาลลาดกระบังกรุงเทพมหานคร","0","0","0","0","0","0","0","0","0","0","0","0","0"
"11539  :  โรงพยาบาลตากสิน","0","0","0","0","0","0","0","0","0","0","0","0","0"
"11540  :  โรงพยาบาลหลวงพ่อทวีศักดิ์ฯ ชุตินธโร อุทิศ","0","0","0","0","0","0","0","0","0","0","0","0","0"
"11541  :  โรงพยาบาลเจริญกรุงประชารักษ์","0","0","0","0","0","0","0","0","0","0","0","0","0"
"11546  :  โรงพยาบาลบี เอ็น เอช","0","0","0","0","0","0","0","0","0","0","0","0","0"
"11548  :  โรงพยาบาลกรุงเทพคริสเตียน","0","0","0","0","0","0","0","0","0","0","0","0","0"
"11552  :  โรงพยาบาลมเหสักข์","0","0","0","0","0","0","0","0","0","0","0","0","0"
"11559  :  สถานพยาบาลชินเขตงามวงศ์วาน","0","0","0","0","0","0","0","0","0","0","0","0","0"
"11560  :  โรงพยาบาลทั่วไปขนาดใหญ่เปาโล เกษตร","0","0","0","0","0","0","0","0","0","0","0","0","0"
"11565  :  โรงพยาบาลรามคำแหง","0","0","0","0","0","0","0","0","0","0","0","0","0"
"11581  :  โรงพยาบาลผู้สูงอายุขนาดกลางกล้วยน้ำไท 2","0","0","0","0","0","0","0","0","0","0","0","0","0"
"11583  :  โรงพยาบาลกล้วยน้ำไท","0","0","0","0","0","0","0","0","0","0","0","0","0"
"11592  :  โรงพยาบาลบางนา1","0","0","0","0","0","0","0","0","0","0","0","0","0"
"11595  :  นวมินทร์โรงพยาบาลทั่วไปขนาดใหญ่","0","0","0","0","0","0","0","0","0","0","0","0","0"
"11597  :  สถาบันกัลยาณ์ราชนครินทร์","0","0","0","0","0","0","0","0","0","0","0","0","0"
"11600  :  โรงพยาบาลเซนต์หลุยส์","0","0","0","0","0","0","0","0","0","0","0","0","0"
"11603  :  โรงพยาบาลเทียนฟ้ามูลนิธิโรงพยาบาลทั่วไปขนาดกลาง","0","0","0","0","0","0","0","0","0","0","0","0","0"
"11607  :  โรงพยาบาลเปาโลเมโมเรียล","0","0","0","0","0","0","0","0","0","0","0","0","0"
"11609  :  โรงพยาบาลพญาไท 2","0","0","0","0","0","0","0","0","0","0","0","0","0"
"11616  :  โรงพยาบาลสมิติเวชธนบุรี","0","0","0","0","0","0","0","0","0","0","0","0","0"
"11621  :  โรงพยาบาลบางไผ่","0","0","0","0","0","0","0","0","0","0","0","0","0"
"11626  :  โรงพยาบาลคลองตัน","0","0","0","0","0","0","0","0","0","0","0","0","0"
"11628  :  โรงพยาบาลพระราม 9","0","0","0","0","0","0","0","0","0","0","0","0","0"
"11629  :  โรงพยาบาลเพชรเวช","0","0","0","0","0","0","0","0","0","0","0","0","0"
"11640  :  โรงพยาบาลธนบุรี 2","0","0","0","0","0","0","0","0","0","0","0","0","0"
"11641  :  โรงพยาบาลทั่วไปขนาดกลางโรงพยาบาลวิชัยเวช แยกไฟฉาย","0","0","0","0","0","0","0","0","0","0","0","0","0"
"11644  :  โรงพยาบาลเจ้าพระยา","0","0","0","0","0","0","0","0","0","0","0","0","0"
"11645  :  โรงพยาบาลทั่วไปขนาดใหญ่ธนบุรี","0","0","0","0","0","0","0","0","0","0","0","0","0"
"11656  :  โรงพยาบาลเกษมราษฎร์ บางแค","0","0","0","0","0","0","0","0","0","0","0","0","0"
"11661  :  โรงพยาบาลวิชัยเวช อินเตอร์เนชั่นแนล หนองแขม","0","0","0","0","0","0","0","0","0","0","0","0","0"
"11667  :  โรงพยาบาลประชาพัฒน์","0","0","0","0","0","0","0","0","0","0","0","0","0"
"11668  :  โรงพยาบาลสุขสวัสดิ์","0","0","0","0","0","0","0","0","0","0","0","0","0"
"11669  :  โรงพยาบาลราษฏร์บูรณะ","0","0","0","0","0","0","0","0","0","0","0","0","0"
"11670  :  โรงพยาบาลบางปะกอก 1","0","0","0","0","0","0","0","0","0","0","0","0","0"
"11676  :  โรงพยาบาลยันฮี","0","0","0","0","0","0","0","0","0","0","0","0","0"
"11686  :  โรงพยาบาลบางโพ","0","0","0","0","0","0","0","0","0","0","0","0","0"
"11687  :  โรงพยาบาลเกษมราษฎร์ประชาชื่น","0","0","0","0","0","0","0","0","0","0","0","0","0"
"11691  :  โรงพยาบาลวิภาวดี","0","0","0","0","0","0","0","0","0","0","0","0","0"
"11694  :  โรงพยาบาลจักษุรัตนิน","0","0","0","0","0","0","0","0","0","0","0","0","0"
"11697  :  โรงพยาบาลคามิลเลียน","0","0","0","0","0","0","0","0","0","0","0","0","0"
"11699  :  โรงพยาบาลบำรุงราษฎร์","0","0","0","0","0","0","0","0","0","0","0","0","0"
"11703  :  โรงพยาบาลแพทย์ปัญญา","0","0","0","0","0","0","0","0","0","0","0","0","0"
"11708  :  โรงพยาบาลบางมดโรงพยาบาลทั่วไปขนาดใหญ่","0","0","0","0","0","0","0","0","0","0","0","0","0"
"11715  :  โรงพยาบาลพญาไท 1","0","0","0","0","0","0","0","0","0","0","0","0","0"
"11721  :  โรงพยาบาลเปาโลเมโมเรียล โชคชัย 4","0","0","0","0","0","0","0","0","0","0","0","0","0"
"11729  :  โรงพยาบาลลาดพร้าว","0","0","0","0","0","0","0","0","0","0","0","0","0"
"11730  :  โรงพยาบาลไทยนครินทร์","0","0","0","0","0","0","0","0","0","0","0","0","0"
"11750  :  โรงพยาบาลหัวเฉียวโรงพยาบาลทั่วไปขนาดใหญ่","0","0","0","0","0","0","0","0","0","0","0","0","0"
"11811  :  โรงพยาบาลสมิติเวช","0","0","0","0","0","0","0","0","0","0","0","0","0"
"12243  :  สถาบันพัฒนาสุขภาวะเขตเมือง","0","0","0","0","0","0","0","0","0","0","0","0","0"
"12244  :  สถาบันจิตเวชศาสตร์สมเด็จเจ้าพระยา","0","0","0","0","0","0","0","0","0","0","0","0","0"
"12246  :  สถาบันราชานุกูล","0","0","0","0","0","0","0","0","0","0","0","0","0"
"12249  :  สถาบันโรคผิวหนัง","0","0","0","0","0","0","0","0","0","0","0","0","0"
"12250  :  สถาบันมะเร็งแห่งชาติ","0","0","0","0","0","0","0","0","0","0","0","0","0"
"12438  :  สถาบันสุขภาพเด็กแห่งชาติมหาราชินี","0","0","0","0","0","0","0","0","0","0","0","0","0"
"12439  :  สถาบันประสาทวิทยา","0","0","0","0","0","0","0","0","0","0","0","0","0"
"13756  :  โรงพยาบาลจุฬาลงกรณ์สภากาชาดไทย","0","0","0","0","0","0","0","0","0","0","0","0","0"
"13757  :  โรงพยาบาลเวชศาสตร์เขตร้อน มหาวิทยาลัยมหิดล","0","0","0","0","0","0","0","0","0","0","0","0","0"
"13814  :  โรงพยาบาลศิริราช","0","0","0","0","0","0","0","0","0","0","0","0","0"
"14173  :  โรงพยาบาลตำรวจ","0","0","0","0","0","0","0","0","0","0","0","0","0"
"14572  :  โรงพยาบาลบี.แคร์.เมดิคอลเซ็นเตอร์","0","0","0","0","0","0","0","0","0","0","0","0","0"
"14574  :  โรงพยาบาลพญาไท 3","0","0","0","0","0","0","0","0","0","0","0","0","0"
"14577  :  โรงพยาบาลวิภาราม","0","0","0","0","0","0","0","0","0","0","0","0","0"
"14641  :  โรงพยาบาลราชพิพัฒน์","0","0","0","0","0","0","0","0","0","0","0","0","0"
"14908  :  โรงพยาบาลการุญเวช สุขาภิบาล3","0","0","0","0","0","0","0","0","0","0","0","0","0"
"15049  :  โรงพยาบาลสิรินธร","0","0","0","0","0","0","0","0","0","0","0","0","0"
"15147  :  โรงพยาบาลบางปะกอก 8 โรงพยาบาลทั่วไปขนาดใหญ่","0","0","0","0","0","0","0","0","0","0","0","0","0"
"21673  :  โรงพยาบาลซีจีเอช สายไหม โรงพยาบาลทั่วไปขนาดใหญ่","0","0","0","0","0","0","0","0","0","0","0","0","0"
"22155  :  โรงพยาบาลครู","0","0","0","0","0","0","0","0","0","0","0","0","0"
"22737  :  โรงพยาบาลจุฬาภรณ์","0","0","0","0","0","0","0","0","0","0","0","0","0"
"23762  :  โรงพยาบาลนวุติสมเด็จย่า","0","0","0","0","0","0","0","0","0","0","0","0","0"
"23781  :  นวมินทร์ 9โรงพยาบาลทั่วไปขนาดใหญ่","0","0","0","0","0","0","0","0","0","0","0","0","0"
"23783  :  โรงพยาบาลเสรีรักษ์","0","0","0","0","0","0","0","0","0","0","0","0","0"
"24085  :  สถาบันวิจัยการแพทย์แผนไทย","0","0","0","0","0","0","0","0","0","0","0","0","0"
"24748  :  โรงพยาบาลศิริราช ปิยมหาราชการุณย์","0","0","0","0","0","0","0","0","0","0","0","0","0"
"25015  :  โรงพยาบาลทั่วไปขนาดใหญ่มิตรประชา","0","0","0","0","0","0","0","0","0","0","0","0","0"
"25060  :  โรงพยาบาลผู้สูงอายุบางขุนเทียน","0","0","0","0","0","0","0","0","0","0","0","0","0"
"41329  :  โรงพยาบาลเฉพาะประเภทผู้ป่วยสูงอายุ เฌ้อสเซอรี่โฮมขนาดเล็ก","0","0","0","0","0","0","0","0","0","0","0","0","0"
"41414  :  โรงพยาบาลทหารอากาศ (สีกัน)","0","0","0","0","0","0","0","0","0","0","0","0","0"
"77665  :  โรงพยาบาลการแพทย์แผนไทยและการแพทย์ผสมผสาน","0","0","0","0","0","0","0","0","0","0","0","0","0"
"10685  :  โรงพยาบาลสมุทรปราการ","0","0","0","0","0","0","0","0","0","0","0","0","0"
"10752  :  โรงพยาบาลบางบ่อ","0","0","0","0","0","0","0","0","0","0","0","0","0"
"10753  :  โรงพยาบาลบางพลี","0","0","0","0","0","0","0","0","0","0","0","0","0"
"10754  :  โรงพยาบาลบางจาก","222","36","8","2","2","33","54","19","15","23","12","16","2"
"10755  :  โรงพยาบาลพระสมุทรเจดีย์สวาทยานนท์","2","1","0","0","0","0","0","0","0","1","0","0","0"
"11769  :  โรงพยาบาลเซ็นทรัลปาร์ค","96","14","28","7","19","6","6","1","0","6","0","4","5"
"11775  :  โรงพยาบาลเมืองสมุทรปู่เจ้าสมิงพราย","0","0","0","0","0","0","0","0","0","0","0","0","0"
"12251  :  โรงพยาบาลยุวประสาทไวทโยปถัมภ์","0","0","0","0","0","0","0","0","0","0","0","0","0"
"15138  :  โรงพยาบาลเมืองสมุทรบางปูโรงพยาบาลทั่วไปขนาดเล็ก","0","0","0","0","0","0","0","0","0","0","0","0","0"
"28785  :  โรงพยาบาลบางเสาธง","0","0","0","0","0","0","0","0","0","0","0","0","0"
"10686  :  โรงพยาบาลพระนั่งเกล้า","32","0","0","0","0","0","0","4","6","4","7","8","3"
"10756  :  โรงพยาบาลบางกรวย","0","0","0","0","0","0","0","0","0","0","0","0","0"
"10757  :  โรงพยาบาลบางใหญ่","13","0","4","3","0","3","0","0","0","1","0","1","1"
"10758  :  โรงพยาบาลบางบัวทอง","46","4","11","5","2","0","3","1","1","5","2","3","9"
"10759  :  โรงพยาบาลไทรน้อย","6","0","0","0","1","5","0","0","0","0","0","0","0"
"10760  :  โรงพยาบาลปากเกร็ด","4","0","0","3","0","1","0","0","0","0","0","0","0"
"11781  :  โรงพยาบาลนนทเวช","0","0","0","0","0","0","0","0","0","0","0","0","0"
"11786  :  โรงพยาบาลอนันต์พัฒนา 2","0","0","0","0","0","0","0","0","0","0","0","0","0"
"11787  :  โรงพยาบาลเกษมราษฎร์อินเตอร์เนชั่นแนล รัตนาธิเบศร์โรงพยาบาลทั่วไปขนาดใหญ่","0","0","0","0","0","0","0","0","0","0","0","0","0"
"12256  :  สถาบันโรคทรวงอก","0","0","0","0","0","0","0","0","0","0","0","0","0"
"12257  :  สถาบันบำราศนราดูร","0","0","0","0","0","0","0","0","0","0","0","0","0"
"12258  :  สถาบันสิรินธรเพื่อการฟื้นฟูสมรรถภาพทางการแพทย์แห่งชาติ","0","0","0","0","0","0","0","0","0","0","0","0","0"
"12260  :  โรงพยาบาลศรีธัญญา","0","0","0","0","0","0","0","0","0","0","0","0","0"
"13815  :  ศูนย์การแพทย์ปัญญานันทภิกขุ ชลประทาน มหาวิทยาลัยศรีนครินทรวิโรฒ","1","1","0","0","0","0","0","0","0","0","0","0","0"
"22127  :  โรงพยาบาลชลลดา","0","0","0","0","0","0","0","0","0","0","0","0","0"
"28875  :  โรงพยาบาลบางบัวทอง ๒","0","0","0","0","0","0","0","0","0","0","0","0","0"
"10687  :  โรงพยาบาลปทุมธานี","0","0","0","0","0","0","0","0","0","0","0","0","0"
"10761  :  โรงพยาบาลคลองหลวง","0","0","0","0","0","0","0","0","0","0","0","0","0"
"10762  :  โรงพยาบาลธัญบุรี","17","1","0","1","1","1","0","1","1","1","0","2","8"
"10763  :  โรงพยาบาลประชาธิปัตย์","2,031","70","107","106","231","193","212","253","299","89","179","153","139"
"10764  :  โรงพยาบาลหนองเสือ","180","0","1","0","0","1","0","1","0","0","0","8","169"
"10765  :  โรงพยาบาลลาดหลุมแก้ว","398","0","0","0","0","0","0","1","192","167","33","3","2"
"10766  :  โรงพยาบาลลำลูกกา","2","0","0","0","0","0","0","0","0","0","1","1","0"
"10767  :  โรงพยาบาลสามโคก","116","6","3","29","5","8","1","1","6","12","13","20","12"
"12262  :  สถาบันบำบัดรักษาและฟื้นฟูผู้ติดยาเสพติดแห่งชาติบรมราชชนนี","0","0","0","0","0","0","0","0","0","0","0","0","0"
"14923  :  โรงพยาบาลมหาวชิราลงกรณ ธัญบุรี","0","0","0","0","0","0","0","0","0","0","0","0","0"
"10660  :  โรงพยาบาลพระนครศรีอยุธยา","0","0","0","0","0","0","0","0","0","0","0","0","0"
"10688  :  โรงพยาบาลเสนา","3","2","0","0","0","0","0","0","0","0","0","0","1"
"10768  :  โรงพยาบาลท่าเรือ","1","0","0","0","0","0","0","0","0","0","0","1","0"
"10769  :  โรงพยาบาลสมเด็จพระสังฆราชเจ้า กรมหลวงชินวราลงกรณ (วาสนมหาเถร)","22","0","0","0","0","6","1","5","5","0","0","2","3"
"10770  :  โรงพยาบาลบางไทร","0","0","0","0","0","0","0","0","0","0","0","0","0"
"10771  :  โรงพยาบาลบางบาล","0","0","0","0","0","0","0","0","0","0","0","0","0"
"10772  :  โรงพยาบาลบางปะอิน","5","0","0","0","0","0","0","2","0","0","1","1","1"
"10773  :  โรงพยาบาลบางปะหัน","880","224","120","120","95","90","155","101","74","101","67","41","43"
"10774  :  โรงพยาบาลผักไห่","0","0","0","0","0","0","0","0","0","0","0","0","0"
"10775  :  โรงพยาบาลภาชี","1","0","0","0","0","0","0","1","0","0","0","0","0"
"10776  :  โรงพยาบาลลาดบัวหลวง","0","0","0","0","0","0","0","0","0","0","0","0","0"
"10777  :  โรงพยาบาลวังน้อย","2","1","1","0","0","0","0","0","0","0","0","0","0"
"10778  :  โรงพยาบาลบางซ้าย","0","0","0","0","0","0","0","0","0","0","0","0","0"
"10779  :  โรงพยาบาลอุทัย","9","1","2","0","1","0","2","0","1","0","0","0","2"
"10780  :  โรงพยาบาลมหาราช","0","0","0","0","0","0","0","0","0","0","0","0","0"
"10781  :  โรงพยาบาลบ้านแพรก","2","0","0","1","0","0","0","0","1","0","0","0","0"
"10689  :  โรงพยาบาลอ่างทอง","84","12","10","7","7","5","3","3","2","2","1","29","3"
"10782  :  โรงพยาบาลไชโย","135","22","13","15","25","11","16","16","9","6","0","1","1"
"10784  :  โรงพยาบาลป่าโมก","31","0","3","1","1","0","0","1","2","4","3","1","15"
"10785  :  โรงพยาบาลโพธิ์ทอง","0","0","0","0","0","0","0","0","0","0","0","0","0"
"10786  :  โรงพยาบาลแสวงหา","0","0","0","0","0","0","0","0","0","0","0","0","0"
"10787  :  โรงพยาบาลวิเศษชัยชาญ","2","0","0","0","0","0","0","0","0","0","0","1","1"
"10788  :  โรงพยาบาลสามโก้","0","0","0","0","0","0","0","0","0","0","0","0","0"
"10690  :  โรงพยาบาลพระนารายณ์มหาราช","20","0","1","0","7","3","2","1","0","6","0","0","0"
"10691  :  โรงพยาบาลบ้านหมี่","677","0","0","0","0","0","54","64","92","161","100","127","79"
"10789  :  โรงพยาบาลพัฒนานิคม","222","38","20","29","28","19","6","5","9","4","0","38","26"
"10790  :  โรงพยาบาลโคกสำโรง","3","1","1","1","0","0","0","0","0","0","0","0","0"
"10791  :  โรงพยาบาลชัยบาดาล","0","0","0","0","0","0","0","0","0","0","0","0","0"
"10792  :  โรงพยาบาลท่าวุ้ง","7","5","1","1","0","0","0","0","0","0","0","0","0"
"10793  :  โรงพยาบาลท่าหลวง","0","0","0","0","0","0","0","0","0","0","0","0","0"
"10794  :  โรงพยาบาลสระโบสถ์","59","44","15","0","0","0","0","0","0","0","0","0","0"
"10795  :  โรงพยาบาลโคกเจริญ","0","0","0","0","0","0","0","0","0","0","0","0","0"
"10796  :  โรงพยาบาลลำสนธิ","0","0","0","0","0","0","0","0","0","0","0","0","0"
"10797  :  โรงพยาบาลหนองม่วง","2","0","0","0","0","0","0","0","2","0","0","0","0"
"14199  :  โรงพยาบาลมะเร็งลพบุรี","0","0","0","0","0","0","0","0","0","0","0","0","0"
"14928  :  โรงพยาบาลกองบิน 2","0","0","0","0","0","0","0","0","0","0","0","0","0"
"10692  :  โรงพยาบาลสิงห์บุรี","1","0","0","0","0","0","1","0","0","0","0","0","0"
"10693  :  โรงพยาบาลอินทร์บุรี","0","0","0","0","0","0","0","0","0","0","0","0","0"
"10798  :  โรงพยาบาลบางระจัน","0","0","0","0","0","0","0","0","0","0","0","0","0"
"10799  :  โรงพยาบาลค่ายบางระจัน","22","0","0","0","0","0","0","0","0","0","22","0","0"
"10800  :  โรงพยาบาลพรหมบุรี","0","0","0","0","0","0","0","0","0","0","0","0","0"
"10801  :  โรงพยาบาลท่าช้าง","0","0","0","0","0","0","0","0","0","0","0","0","0"
"10694  :  โรงพยาบาลชัยนาทนเรนทร","3","2","0","0","0","0","0","0","0","1","0","0","0"
"10802  :  โรงพยาบาลมโนรมย์","4","1","0","0","1","2","0","0","0","0","0","0","0"
"10803  :  โรงพยาบาลวัดสิงห์","0","0","0","0","0","0","0","0","0","0","0","0","0"
"10804  :  โรงพยาบาลสรรพยา","0","0","0","0","0","0","0","0","0","0","0","0","0"
"10805  :  โรงพยาบาลสรรคบุรี","6","0","0","0","0","0","0","3","3","0","0","0","0"
"10806  :  โรงพยาบาลหันคา","0","0","0","0","0","0","0","0","0","0","0","0","0"
"27974  :  โรงพยาบาลหนองมะโมง","0","0","0","0","0","0","0","0","0","0","0","0","0"
"27975  :  โรงพยาบาลเนินขาม","0","0","0","0","0","0","0","0","0","0","0","0","0"
"10661  :  โรงพยาบาลสระบุรี","0","0","0","0","0","0","0","0","0","0","0","0","0"
"10695  :  โรงพยาบาลพระพุทธบาท","0","0","0","0","0","0","0","0","0","0","0","0","0"
"10807  :  โรงพยาบาลแก่งคอย","3","0","0","0","0","0","0","0","0","0","0","0","3"
"10808  :  โรงพยาบาลหนองแค","3","0","0","0","0","0","0","0","0","0","0","1","2"
"10809  :  โรงพยาบาลวิหารแดง","15","0","1","0","0","0","0","0","1","5","2","1","5"
"10810  :  โรงพยาบาลหนองแซง","0","0","0","0","0","0","0","0","0","0","0","0","0"
"10811  :  โรงพยาบาลบ้านหมอ","0","0","0","0","0","0","0","0","0","0","0","0","0"
"10812  :  โรงพยาบาลดอนพุด","118","41","28","25","4","0","4","2","9","3","1","1","0"
"10813  :  โรงพยาบาลหนองโดน","4","0","1","0","1","0","0","1","0","0","0","1","0"
"10814  :  โรงพยาบาลเสาไห้เฉลิมพระเกียรติ80พรรษา","0","0","0","0","0","0","0","0","0","0","0","0","0"
"10815  :  โรงพยาบาลมวกเหล็ก","0","0","0","0","0","0","0","0","0","0","0","0","0"
"10816  :  โรงพยาบาลวังม่วงสัทธรรม","18","0","0","1","0","1","0","0","0","1","0","8","7"
"11485  :  โรงพยาบาลค่ายอดิศร","0","0","0","0","0","0","0","0","0","0","0","0","0"
"10662  :  โรงพยาบาลชลบุรี","0","0","0","0","0","0","0","0","0","0","0","0","0"
"10817  :  โรงพยาบาลบ้านบึง","0","0","0","0","0","0","0","0","0","0","0","0","0"
"10818  :  โรงพยาบาลหนองใหญ่","0","0","0","0","0","0","0","0","0","0","0","0","0"
"10819  :  โรงพยาบาลบางละมุง","105","0","0","0","0","0","0","8","40","28","29","0","0"
"10820  :  โรงพยาบาลวัดญาณสังวราราม","0","0","0","0","0","0","0","0","0","0","0","0","0"
"10821  :  โรงพยาบาลพานทอง","19","2","1","7","0","2","1","3","3","0","0","0","0"
"10822  :  โรงพยาบาลพนัสนิคม","0","0","0","0","0","0","0","0","0","0","0","0","0"
"10823  :  โรงพยาบาลแหลมฉบัง","688","9","113","66","57","35","60","68","43","82","51","51","53"
"10824  :  โรงพยาบาลเกาะสีชัง","0","0","0","0","0","0","0","0","0","0","0","0","0"
"10825  :  โรงพยาบาลสัตหีบกม10","35","0","0","0","35","0","0","0","0","0","0","0","0"
"10826  :  โรงพยาบาลบ่อทอง","0","0","0","0","0","0","0","0","0","0","0","0","0"
"11486  :  โรงพยาบาลค่ายนวมินทราชินี","0","0","0","0","0","0","0","0","0","0","0","0","0"
"11487  :  โรงพยาบาลอาภากรเกียรติวงศ์","0","0","0","0","0","0","0","0","0","0","0","0","0"
"13754  :  โรงพยาบาลสมเด็จพระบรมราชเทวี ณ ศรีราชา","0","0","0","0","0","0","0","0","0","0","0","0","0"
"13758  :  โรงพยาบาลสมเด็จพระนางเจ้าสิริกิติ์","0","0","0","0","0","0","0","0","0","0","0","0","0"
"13760  :  โรงพยาบาลมะเร็งชลบุรี","0","0","0","0","0","0","0","0","0","0","0","0","0"
"13766  :  โรงพยาบาลมหาวิทยาลัยบูรพา","0","0","0","0","0","0","0","0","0","0","0","0","0"
"28005  :  โรงพยาบาลเมืองพัทยา","0","0","0","0","0","0","0","0","0","0","0","0","0"
"28006  :  โรงพยาบาลเกาะจันทร์","0","0","0","0","0","0","0","0","0","0","0","0","0"
"10663  :  โรงพยาบาลระยอง","0","0","0","0","0","0","0","0","0","0","0","0","0"
"10827  :  โรงพยาบาลเฉลิมพระเกียรติสมเด็จพระเทพรัตนราชสุดาฯ สยามบรมราชกุมารี ระยอง","131","0","0","0","0","0","0","0","0","23","36","38","34"
"10828  :  โรงพยาบาลบ้านฉาง","373","50","75","36","39","26","38","49","30","30","0","0","0"
"10829  :  โรงพยาบาลแกลง","2","1","0","0","0","0","0","0","0","1","0","0","0"
"10830  :  โรงพยาบาลวังจันทร์","0","0","0","0","0","0","0","0","0","0","0","0","0"
"10831  :  โรงพยาบาลบ้านค่าย","8","1","0","1","1","1","2","0","0","0","1","1","0"
"10832  :  โรงพยาบาลปลวกแดง","0","0","0","0","0","0","0","0","0","0","0","0","0"
"22734  :  โรงพยาบาลเขาชะเมา เฉลิมพระเกียรติ 80 พรรษา","0","0","0","0","0","0","0","0","0","0","0","0","0"
"23962  :  โรงพยาบาลนิคมพัฒนา","31","1","0","3","6","5","7","2","1","3","0","1","2"
"10664  :  โรงพยาบาลพระปกเกล้า","0","0","0","0","0","0","0","0","0","0","0","0","0"
"10834  :  โรงพยาบาลขลุง","0","0","0","0","0","0","0","0","0","0","0","0","0"
"10835  :  โรงพยาบาลท่าใหม่","0","0","0","0","0","0","0","0","0","0","0","0","0"
"10836  :  โรงพยาบาลเขาสุกิม","0","0","0","0","0","0","0","0","0","0","0","0","0"
"10837  :  โรงพยาบาลสองพี่น้อง","191","0","0","25","23","2","23","18","22","28","32","18","0"
"10838  :  โรงพยาบาลโป่งน้ำร้อน","0","0","0","0","0","0","0","0","0","0","0","0","0"
"10839  :  โรงพยาบาลมะขาม","0","0","0","0","0","0","0","0","0","0","0","0","0"
"10840  :  โรงพยาบาลแหลมสิงห์","0","0","0","0","0","0","0","0","0","0","0","0","0"
"10841  :  โรงพยาบาลสอยดาว","0","0","0","0","0","0","0","0","0","0","0","0","0"
"10842  :  โรงพยาบาลแก่งหางแมว","16","7","2","3","3","0","0","1","0","0","0","0","0"
"10843  :  โรงพยาบาลนายายอาม","2","0","0","0","1","0","0","0","0","0","0","1","0"
"10844  :  โรงพยาบาลเขาคิชฌกูฏ","0","0","0","0","0","0","0","0","0","0","0","0","0"
"10696  :  โรงพยาบาลตราด","0","0","0","0","0","0","0","0","0","0","0","0","0"
"10845  :  โรงพยาบาลคลองใหญ่","0","0","0","0","0","0","0","0","0","0","0","0","0"
"10846  :  โรงพยาบาลเขาสมิง","0","0","0","0","0","0","0","0","0","0","0","0","0"
"10847  :  โรงพยาบาลบ่อไร่","0","0","0","0","0","0","0","0","0","0","0","0","0"
"10848  :  โรงพยาบาลแหลมงอบ","0","0","0","0","0","0","0","0","0","0","0","0","0"
"10849  :  โรงพยาบาลเกาะกูด","0","0","0","0","0","0","0","0","0","0","0","0","0"
"13816  :  โรงพยาบาลเกาะช้าง","65","0","1","3","3","0","13","3","4","12","9","8","9"
"10697  :  โรงพยาบาลพุทธโสธร","12","0","0","0","0","0","0","0","0","5","3","3","1"
"10833  :  โรงพยาบาลท่าตะเกียบ","0","0","0","0","0","0","0","0","0","0","0","0","0"
"10850  :  โรงพยาบาลบางคล้า","581","55","58","50","33","46","54","46","45","50","48","42","54"
"10851  :  โรงพยาบาลบางน้ำเปรี้ยว","1,140","172","107","126","161","128","97","112","95","102","36","0","4"
"10852  :  โรงพยาบาลบางปะกง","2","0","0","0","1","0","0","0","0","1","0","0","0"
"10853  :  โรงพยาบาลบ้านโพธิ์","1,449","99","63","68","94","72","55","98","327","274","27","41","231"
"10854  :  โรงพยาบาลพนมสารคาม","1,121","117","65","60","63","49","254","195","70","108","43","51","46"
"10855  :  โรงพยาบาลสนามชัยเขต","559","122","94","69","27","18","26","20","57","55","24","26","21"
"10856  :  โรงพยาบาลแปลงยาว","76","0","0","0","6","1","11","12","17","14","12","1","2"
"13747  :  โรงพยาบาลราชสาส์น","418","31","30","22","31","23","15","21","20","24","40","145","16"
"31327  :  โรงพยาบาลคลองเขื่อน","1","0","0","0","0","0","0","1","0","0","0","0","0"
"10665  :  โรงพยาบาลเจ้าพระยาอภัยภูเบศร","0","0","0","0","0","0","0","0","0","0","0","0","0"
"10857  :  โรงพยาบาลกบินทร์บุรี","36","0","0","1","2","4","0","0","6","9","13","1","0"
"10858  :  โรงพยาบาลนาดี","0","0","0","0","0","0","0","0","0","0","0","0","0"
"10859  :  โรงพยาบาลบ้านสร้าง","1","0","0","0","0","0","1","0","0","0","0","0","0"
"10860  :  โรงพยาบาลประจันตคาม","0","0","0","0","0","0","0","0","0","0","0","0","0"
"10861  :  โรงพยาบาลศรีมหาโพธิ","0","0","0","0","0","0","0","0","0","0","0","0","0"
"10862  :  โรงพยาบาลศรีมโหสถ","0","0","0","0","0","0","0","0","0","0","0","0","0"
"11490  :  โรงพยาบาลค่ายจักรพงษ์","0","0","0","0","0","0","0","0","0","0","0","0","0"
"10698  :  โรงพยาบาลนครนายก","25","0","1","0","0","0","1","0","0","0","2","11","10"
"10863  :  โรงพยาบาลปากพลี","19","1","3","7","4","3","0","0","1","0","0","0","0"
"10864  :  โรงพยาบาลบ้านนา","0","0","0","0","0","0","0","0","0","0","0","0","0"
"10865  :  โรงพยาบาลองครักษ์","0","0","0","0","0","0","0","0","0","0","0","0","0"
"11491  :  โรงพยาบาลรร.นายร้อยพระจุลจอมเกล้า","0","0","0","0","0","0","0","0","0","0","0","0","0"
"14904  :  โรงพยาบาลศูนย์การแพทย์สมเด็จพระเทพรัตนราชสุดาฯ","0","0","0","0","0","0","0","0","0","0","0","0","0"
"10699  :  โรงพยาบาลสมเด็จพระยุพราชสระแก้ว","0","0","0","0","0","0","0","0","0","0","0","0","0"
"10866  :  โรงพยาบาลคลองหาด","36","0","0","0","0","0","0","3","19","14","0","0","0"
"10867  :  โรงพยาบาลตาพระยา","189","20","10","12","13","14","14","17","12","6","10","46","15"
"10868  :  โรงพยาบาลวังน้ำเย็น","181","0","1","0","0","0","0","66","114","0","0","0","0"
"10869  :  โรงพยาบาลวัฒนานคร","600","0","0","0","403","145","3","2","2","4","32","4","5"
"10870  :  โรงพยาบาลอรัญประเทศ","0","0","0","0","0","0","0","0","0","0","0","0","0"
"13817  :  โรงพยาบาลเขาฉกรรจ์","8","1","1","0","2","0","0","1","0","1","1","0","1"
"14717  :  โรงพยาบาลจิตเวชสระแก้วราชนครินทร์","0","0","0","0","0","0","0","0","0","0","0","0","0"
"10666  :  โรงพยาบาลมหาราชนครราชสีมา","113","0","1","8","16","14","15","6","13","12","6","13","9"
"10871  :  โรงพยาบาลครบุรี","1","1","0","0","0","0","0","0","0","0","0","0","0"
"10872  :  โรงพยาบาลเสิงสาง","886","34","27","37","89","389","80","38","40","42","34","37","39"
"10873  :  โรงพยาบาลคง","1","0","0","0","0","1","0","0","0","0","0","0","0"
"10874  :  โรงพยาบาลบ้านเหลื่อม","0","0","0","0","0","0","0","0","0","0","0","0","0"
"10875  :  โรงพยาบาลจักราช","117","0","0","0","0","116","0","0","0","0","0","1","0"
"10876  :  โรงพยาบาลโชคชัย","97","11","2","1","0","7","29","20","5","11","1","2","8"
"10877  :  โรงพยาบาลด่านขุนทด","66","0","0","0","65","1","0","0","0","0","0","0","0"
"10878  :  โรงพยาบาลโนนไทย","126","5","15","8","6","3","5","37","7","14","9","13","4"
"10879  :  โรงพยาบาลโนนสูง","172","65","2","12","36","0","0","1","3","51","0","1","1"
"10880  :  โรงพยาบาลขามสะแกแสง","0","0","0","0","0","0","0","0","0","0","0","0","0"
"10881  :  โรงพยาบาลบัวใหญ่","476","0","0","13","386","75","1","0","0","0","0","1","0"
"10882  :  โรงพยาบาลประทาย","837","62","35","52","35","40","51","131","37","87","147","75","85"
"10883  :  โรงพยาบาลปักธงชัย","742","0","21","14","57","2","362","38","68","38","138","2","2"
"10884  :  โรงพยาบาลพิมาย","953","16","304","373","48","5","151","9","11","13","5","13","5"
"10885  :  โรงพยาบาลห้วยแถลง","64","0","0","0","0","51","13","0","0","0","0","0","0"
"10886  :  โรงพยาบาลชุมพวง","790","54","149","93","9","212","31","46","44","37","33","55","27"
"10887  :  โรงพยาบาลสูงเนิน","1","0","0","0","0","0","0","0","0","1","0","0","0"
"10888  :  โรงพยาบาลขามทะเลสอ","90","0","0","0","0","0","90","0","0","0","0","0","0"
"10889  :  โรงพยาบาลสีคิ้ว","0","0","0","0","0","0","0","0","0","0","0","0","0"
"10890  :  โรงพยาบาลปากช่องนานา","171","26","23","12","11","21","26","11","4","13","10","14","0"
"10891  :  โรงพยาบาลหนองบุญมาก","441","27","0","0","27","32","14","339","0","0","0","2","0"
"10892  :  โรงพยาบาลแก้งสนามนาง","1","0","0","0","0","1","0","0","0","0","0","0","0"
"10893  :  โรงพยาบาลโนนแดง","131","0","0","0","0","128","0","0","0","1","0","2","0"
"10894  :  โรงพยาบาลวังน้ำเขียว","23","0","0","19","1","0","2","0","0","0","1","0","0"
"11492  :  โรงพยาบาลค่ายสุรนารี นครราชสีมา","0","0","0","0","0","0","0","0","0","0","0","0","0"
"11602  :  โรงพยาบาลเฉลิมพระเกียรติสมเด็จย่า 100 ปี","0","0","0","0","0","0","0","0","0","0","0","0","0"
"11608  :  โรงพยาบาลลำทะเมนชัย","606","50","31","37","184","102","39","28","26","43","24","20","22"
"11885  :  โรงพยาบาลเดอะโกลเดนเกท","218","0","0","0","0","0","0","0","0","0","2","201","15"
"11891  :  โรงพยาบาลราชสีมาฮอสพิทอล","0","0","0","0","0","0","0","0","0","0","0","0","0"
"12267  :  ศูนย์อนามัยที่ 9 นครราชสีมา","0","0","0","0","0","0","0","0","0","0","0","0","0"
"12268  :  โรงพยาบาลจิตเวชนครราชสีมาราชนครินทร์","0","0","0","0","0","0","0","0","0","0","0","0","0"
"14161  :  โรงพยาบาลกองบิน กองบิน1","0","0","0","0","0","0","0","0","0","0","0","0","0"
"22456  :  โรงพยาบาลพระทองคำ เฉลิมพระเกียรติ 80 พรรษา","42","0","0","0","0","0","7","5","1","0","7","5","17"
"23839  :  โรงพยาบาลเทพรัตน์นครราชสีมา","5","0","1","1","1","0","0","0","0","1","1","0","0"
"24060  :  โรงพยาบาลมหาวิทยาลัยเทคโนโลยีสุรนารี","0","0","0","0","0","0","0","0","0","0","0","0","0"
"24692  :  โรงพยาบาลเฉลิมพระเกียรติ","0","0","0","0","0","0","0","0","0","0","0","0","0"
"27839  :  โรงพยาบาลบัวลาย","64","0","0","0","0","31","33","0","0","0","0","0","0"
"27840  :  โรงพยาบาลสีดา","614","14","4","347","23","226","0","0","0","0","0","0","0"
"27841  :  โรงพยาบาลเทพารักษ์","0","0","0","0","0","0","0","0","0","0","0","0","0"
"10667  :  โรงพยาบาลบุรีรัมย์","2","0","0","0","0","0","0","0","0","1","1","0","0"
"10895  :  โรงพยาบาลคูเมือง","1,191","68","37","469","75","200","50","59","43","60","42","44","44"
"10896  :  โรงพยาบาลกระสัง","144","1","0","0","0","0","0","0","0","0","0","143","0"
"10897  :  โรงพยาบาลนางรอง","45","4","3","6","2","6","8","2","6","2","3","1","2"
"10898  :  โรงพยาบาลหนองกี่","2","0","0","0","1","0","1","0","0","0","0","0","0"
"10899  :  โรงพยาบาลละหานทราย","194","0","0","0","0","0","0","0","0","0","0","194","0"
"10900  :  โรงพยาบาลประโคนชัย","1,306","137","109","196","139","113","63","49","125","114","127","92","42"
"10901  :  โรงพยาบาลบ้านกรวด","709","52","51","92","21","164","164","39","50","28","27","7","14"
"10902  :  โรงพยาบาลพุทไธสง","731","13","5","5","274","0","0","210","124","0","0","100","0"
"10904  :  โรงพยาบาลลำปลายมาศ","197","0","0","0","0","5","92","7","0","59","34","0","0"
"10905  :  โรงพยาบาลสตึก","704","0","0","85","35","299","246","33","1","0","5","0","0"
"10906  :  โรงพยาบาลปะคำ","517","0","1","16","42","227","228","0","0","0","1","0","2"
"10907  :  โรงพยาบาลนาโพธิ์","1,096","169","232","296","52","44","53","58","31","50","48","26","37"
"10908  :  โรงพยาบาลหนองหงส์","499","2","2","58","135","11","289","1","0","0","0","1","0"
"10909  :  โรงพยาบาลพลับพลาชัย","575","0","0","231","0","35","41","51","36","0","1","180","0"
"10910  :  โรงพยาบาลห้วยราช","447","0","0","0","82","231","116","0","0","0","0","18","0"
"10911  :  โรงพยาบาลโนนสุวรรณ","5","0","0","0","0","0","0","0","0","0","5","0","0"
"10912  :  โรงพยาบาลชำนิ","378","0","0","0","14","275","23","1","11","10","41","1","2"
"10913  :  โรงพยาบาลบ้านใหม่ไชยพจน์","744","0","0","47","417","52","228","0","0","0","0","0","0"
"10914  :  โรงพยาบาลโนนดินแดง","339","0","0","26","0","1","220","68","24","0","0","0","0"
"11493  :  โรงพยาบาลค่ายสมเด็จเจ้าพระยามหากษัตริย์ศึก","0","0","0","0","0","0","0","0","0","0","0","0","0"
"11619  :  โรงพยาบาลเฉลิมพระเกียรติ","2","0","1","0","0","0","0","0","1","0","0","0","0"
"23578  :  โรงพยาบาลแคนดง","293","35","17","59","22","30","43","15","17","19","15","13","8"
"28020  :  โรงพยาบาลบ้านด่าน","364","22","40","13","0","0","0","0","0","0","12","277","0"
"10668  :  โรงพยาบาลสุรินทร์","2,123","262","222","194","217","181","150","129","152","157","160","146","153"
"10915  :  โรงพยาบาลชุมพลบุรี","1","0","0","0","0","0","0","0","0","0","0","1","0"
"10916  :  โรงพยาบาลท่าตูม","1,336","295","244","214","69","74","63","61","93","50","55","58","60"
"10917  :  โรงพยาบาลจอมพระ","636","63","43","53","81","47","49","42","46","46","33","102","31"
"10918  :  โรงพยาบาลปราสาท","1,184","159","83","90","105","83","97","97","104","80","74","129","83"
"10919  :  โรงพยาบาลกาบเชิง","249","0","0","0","35","68","88","0","0","0","0","46","12"
"10920  :  โรงพยาบาลรัตนบุรี","395","2","9","1","2","0","1","0","0","1","0","267","112"
"10921  :  โรงพยาบาลสนม","320","43","30","37","20","30","28","35","17","26","17","0","37"
"10922  :  โรงพยาบาลศีขรภูมิ","736","133","94","78","90","79","66","60","29","0","41","39","27"
"10923  :  โรงพยาบาลสังขะ","574","78","44","54","50","38","62","33","48","53","32","31","51"
"10924  :  โรงพยาบาลลำดวน","995","111","66","56","65","167","50","35","84","34","35","163","129"
"10925  :  โรงพยาบาลสำโรงทาบ","2","0","0","0","0","0","0","0","0","0","1","1","0"
"10926  :  โรงพยาบาลบัวเชด","0","0","0","0","0","0","0","0","0","0","0","0","0"
"11494  :  โรงพยาบาลค่ายวีรวัฒน์โยธิน","59","0","14","10","9","7","0","5","2","1","0","5","6"
"22302  :  โรงพยาบาลพนมดงรัก เฉลิมพระเกียรติ 80 พรรษา","0","0","0","0","0","0","0","0","0","0","0","0","0"
"27842  :  โรงพยาบาลเขวาสินรินทร์","20","0","0","0","15","0","0","0","0","0","0","5","0"
"27843  :  โรงพยาบาลศรีณรงค์","193","15","18","10","18","18","22","17","9","18","19","18","11"
"27844  :  โรงพยาบาลโนนนารายณ์","237","20","14","14","25","20","23","19","15","26","23","18","20"
"10700  :  โรงพยาบาลศรีสะเกษ","312","0","0","0","32","0","38","56","35","65","29","43","14"
"10927  :  โรงพยาบาลยางชุมน้อย","206","0","0","0","197","7","1","0","1","0","0","0","0"
"10928  :  โรงพยาบาลกันทรารมย์","1","0","0","0","0","0","0","0","0","1","0","0","0"
"10929  :  โรงพยาบาลกันทรลักษ์","33","1","0","0","0","0","1","3","0","19","9","0","0"
"10930  :  โรงพยาบาลขุขันธ์","19","0","0","0","0","15","1","0","0","1","1","1","0"
"10931  :  โรงพยาบาลไพรบึง","7","0","0","0","0","0","0","0","0","7","0","0","0"
"10932  :  โรงพยาบาลปรางค์กู่","1","0","0","0","0","0","1","0","0","0","0","0","0"
"10933  :  โรงพยาบาลขุนหาญ","144","0","0","0","38","56","2","42","0","1","1","2","2"
"10934  :  โรงพยาบาลราษีไศล","65","3","0","0","13","0","3","14","7","1","1","6","17"
"10935  :  โรงพยาบาลอุทุมพรพิสัย","3","1","0","0","0","0","0","1","0","1","0","0","0"
"10936  :  โรงพยาบาลบึงบูรพ์","0","0","0","0","0","0","0","0","0","0","0","0","0"
"10937  :  โรงพยาบาลห้วยทับทัน","402","0","0","0","0","0","86","84","82","40","2","89","19"
"10938  :  โรงพยาบาลโนนคูณ","87","0","1","5","0","0","17","7","15","10","10","11","11"
"10939  :  โรงพยาบาลศรีรัตนะ","0","0","0","0","0","0","0","0","0","0","0","0","0"
"10940  :  โรงพยาบาลวังหิน","1","0","0","0","0","0","0","0","0","0","0","0","1"
"10941  :  โรงพยาบาลน้ำเกลี้ยง","1","0","0","0","0","1","0","0","0","0","0","0","0"
"10942  :  โรงพยาบาลภูสิงห์","1","0","0","0","0","0","0","0","0","0","0","0","1"
"10943  :  โรงพยาบาลเมืองจันทร์","137","0","5","5","6","3","21","18","18","20","13","17","11"
"23125  :  โรงพยาบาลเบญจลักษ์เฉลิมพระเกียรติ 80 พรรษา","1","0","0","0","0","0","1","0","0","0","0","0","0"
"28014  :  โรงพยาบาลพยุห์","12","1","0","0","0","2","0","1","1","3","2","2","0"
"28015  :  โรงพยาบาลโพธิ์ศรีสุวรรณ","0","0","0","0","0","0","0","0","0","0","0","0","0"
"28016  :  โรงพยาบาลศิลาลาด","47","0","1","0","0","31","1","14","0","0","0","0","0"
"10669  :  โรงพยาบาลสรรพสิทธิประสงค์","0","0","0","0","0","0","0","0","0","0","0","0","0"
"10944  :  โรงพยาบาลศรีเมืองใหม่","0","0","0","0","0","0","0","0","0","0","0","0","0"
"10945  :  โรงพยาบาลโขงเจียม","0","0","0","0","0","0","0","0","0","0","0","0","0"
"10946  :  โรงพยาบาลเขื่องใน","477","57","22","35","48","45","50","36","47","42","34","29","32"
"10947  :  โรงพยาบาลเขมราฐ","2","0","1","0","0","0","0","0","1","0","0","0","0"
"10948  :  โรงพยาบาลนาจะหลวย","0","0","0","0","0","0","0","0","0","0","0","0","0"
"10949  :  โรงพยาบาลน้ำยืน","2","0","0","0","0","0","0","0","0","2","0","0","0"
"10950  :  โรงพยาบาลบุณฑริก","9","2","2","1","1","0","0","0","0","3","0","0","0"
"10951  :  โรงพยาบาลตระการพืชผล","332","28","14","23","18","21","26","29","33","36","32","32","40"
"10952  :  โรงพยาบาลกุดข้าวปุ้น","159","10","12","10","9","10","7","13","13","21","20","27","7"
"10953  :  โรงพยาบาลม่วงสามสิบ","1","0","0","1","0","0","0","0","0","0","0","0","0"
"10954  :  โรงพยาบาลวารินชำราบ","289","34","32","19","13","35","29","21","23","26","11","12","34"
"10956  :  โรงพยาบาลพิบูลมังสาหาร","2","0","0","0","0","1","0","1","0","0","0","0","0"
"10957  :  โรงพยาบาลตาลสุม","10","0","2","0","0","0","0","0","0","0","6","0","2"
"10958  :  โรงพยาบาลโพธิ์ไทร","0","0","0","0","0","0","0","0","0","0","0","0","0"
"10959  :  โรงพยาบาลสำโรง","3","0","0","0","0","0","0","0","0","0","1","2","0"
"10960  :  โรงพยาบาลดอนมดแดง","420","51","19","45","37","34","37","34","29","35","33","33","33"
"10961  :  โรงพยาบาลสิรินธร","0","0","0","0","0","0","0","0","0","0","0","0","0"
"10962  :  โรงพยาบาลทุ่งศรีอุดม","8","0","0","0","4","0","3","0","0","0","0","1","0"
"11443  :  โรงพยาบาลสมเด็จพระยุพราชเดชอุดม","295","27","21","32","26","35","21","20","14","20","20","25","34"
"11495  :  โรงพยาบาลกองบิน 21","0","0","0","0","0","0","0","0","0","0","0","0","0"
"11496  :  โรงพยาบาลค่ายสรรพสิทธิประสงค์","0","0","0","0","0","0","0","0","0","0","0","0","0"
"11918  :  โรงพยาบาลเอกชนร่มเกล้า","0","0","0","0","0","0","0","0","0","0","0","0","0"
"12269  :  โรงพยาบาลพระศรีมหาโพธิ์","0","0","0","0","0","0","0","0","0","0","0","0","0"
"12270  :  โรงพยาบาลส่งเสริมสุขภาพ ศูนย์อนามัยที่ 10","0","0","0","0","0","0","0","0","0","0","0","0","0"
"21984  :  โรงพยาบาล 50 พรรษา มหาวชิราลงกรณ","143","55","29","14","3","8","1","2","7","5","4","0","15"
"24032  :  โรงพยาบาลนาตาล","0","0","0","0","0","0","0","0","0","0","0","0","0"
"24821  :  โรงพยาบาลนาเยีย","194","0","2","9","29","26","17","20","7","16","15","37","16"
"27967  :  โรงพยาบาลสว่างวีระวงศ์","0","0","0","0","0","0","0","0","0","0","0","0","0"
"27968  :  โรงพยาบาลน้ำขุ่น","0","0","0","0","0","0","0","0","0","0","0","0","0"
"27976  :  โรงพยาบาลเหล่าเสือโก้ก","13","2","0","0","0","0","0","1","0","0","0","5","5"
"10701  :  โรงพยาบาลยโสธร","600","2","0","0","1","0","1","2","326","139","94","29","6"
"10963  :  โรงพยาบาลทรายมูล","0","0","0","0","0","0","0","0","0","0","0","0","0"
"10964  :  โรงพยาบาลกุดชุม","0","0","0","0","0","0","0","0","0","0","0","0","0"
"10965  :  โรงพยาบาลคำเขื่อนแก้ว","395","0","0","0","0","0","43","72","61","52","67","61","39"
"10966  :  โรงพยาบาลป่าติ้ว","1","0","0","0","0","0","0","0","1","0","0","0","0"
"10967  :  โรงพยาบาลมหาชนะชัย","87","0","0","0","2","10","9","12","7","11","8","9","19"
"10968  :  โรงพยาบาลค้อวัง","615","56","44","41","88","188","36","23","39","26","23","30","21"
"10969  :  โรงพยาบาลไทยเจริญ","78","7","6","6","5","4","9","1","8","6","9","8","9"
"11444  :  โรงพยาบาลสมเด็จพระยุพราชเลิงนกทา","0","0","0","0","0","0","0","0","0","0","0","0","0"
"11921  :  โรงพยาบาลนายแพทย์หาญ","0","0","0","0","0","0","0","0","0","0","0","0","0"
"04007  :  โรงพยาบาลซับใหญ่","117","2","1","1","2","0","0","6","8","58","27","5","7"
"10702  :  โรงพยาบาลชัยภูมิ","2,949","273","197","188","184","202","211","135","137","372","308","332","410"
"10970  :  โรงพยาบาลบ้านเขว้า","1,320","93","35","35","92","92","406","258","67","127","52","24","39"
"10971  :  โรงพยาบาลคอนสวรรค์","924","94","179","53","174","42","72","59","49","54","47","47","54"
"10972  :  โรงพยาบาลเกษตรสมบูรณ์","303","7","5","8","18","27","15","37","30","28","59","1","68"
"10973  :  โรงพยาบาลหนองบัวแดง","75","2","0","0","0","0","0","7","11","8","14","18","15"
"10974  :  โรงพยาบาลจัตุรัส","790","86","95","48","44","71","68","62","74","57","62","58","65"
"10975  :  โรงพยาบาลบำเหน็จณรงค์","136","14","16","14","14","10","13","8","14","9","9","11","4"
"10976  :  โรงพยาบาลหนองบัวระเหว","0","0","0","0","0","0","0","0","0","0","0","0","0"
"10977  :  โรงพยาบาลเทพสถิต","518","71","32","27","30","85","91","54","20","24","18","31","35"
"10978  :  โรงพยาบาลภูเขียวเฉลิมพระเกียรติ","49","0","0","0","0","0","6","26","4","4","2","6","1"
"10979  :  โรงพยาบาลบ้านแท่น","659","98","91","57","26","41","75","49","62","31","40","44","45"
"10980  :  โรงพยาบาลแก้งคร้อ","1,250","140","95","97","85","92","85","72","158","157","80","107","82"
"10981  :  โรงพยาบาลคอนสาร","514","22","19","14","22","30","70","58","51","58","53","57","60"
"10982  :  โรงพยาบาลภักดีชุมพล","87","0","0","0","0","42","33","0","3","3","2","3","1"
"10983  :  โรงพยาบาลเนินสง่า","0","0","0","0","0","0","0","0","0","0","0","0","0"
"10703  :  โรงพยาบาลอำนาจเจริญ","0","0","0","0","0","0","0","0","0","0","0","0","0"
"10985  :  โรงพยาบาลชานุมาน","1","0","0","0","0","1","0","0","0","0","0","0","0"
"10986  :  โรงพยาบาลปทุมราชวงศา","1","0","0","0","0","0","0","0","1","0","0","0","0"
"10987  :  โรงพยาบาลพนา","1","0","0","0","0","0","0","0","0","0","1","0","0"
"10988  :  โรงพยาบาลเสนางคนิคม","1","0","1","0","0","0","0","0","0","0","0","0","0"
"10989  :  โรงพยาบาลหัวตะพาน","1","0","0","0","0","0","0","1","0","0","0","0","0"
"10990  :  โรงพยาบาลลืออำนาจ","13","0","0","0","0","0","10","2","1","0","0","0","0"
"11040  :  โรงพยาบาลบึงกาฬ","2","1","0","0","0","0","0","0","1","0","0","0","0"
"11041  :  โรงพยาบาลพรเจริญ","0","0","0","0","0","0","0","0","0","0","0","0","0"
"11043  :  โรงพยาบาลโซ่พิสัย","0","0","0","0","0","0","0","0","0","0","0","0","0"
"11046  :  โรงพยาบาลเซกา","2","0","0","0","0","0","0","0","2","0","0","0","0"
"11047  :  โรงพยาบาลปากคาด","1","1","0","0","0","0","0","0","0","0","0","0","0"
"11048  :  โรงพยาบาลบึงโขงหลง","0","0","0","0","0","0","0","0","0","0","0","0","0"
"11049  :  โรงพยาบาลศรีวิไล","9","0","0","0","9","0","0","0","0","0","0","0","0"
"11050  :  โรงพยาบาลบุ่งคล้า","0","0","0","0","0","0","0","0","0","0","0","0","0"
"10704  :  โรงพยาบาลหนองบัวลำภู","0","0","0","0","0","0","0","0","0","0","0","0","0"
"10991  :  โรงพยาบาลนากลาง","2","0","0","2","0","0","0","0","0","0","0","0","0"
"10992  :  โรงพยาบาลโนนสัง","0","0","0","0","0","0","0","0","0","0","0","0","0"
"10993  :  โรงพยาบาลศรีบุญเรือง","493","0","0","26","180","79","140","40","28","0","0","0","0"
"10994  :  โรงพยาบาลสุวรรณคูหา","0","0","0","0","0","0","0","0","0","0","0","0","0"
"23367  :  โรงพยาบาลนาวัง เฉลิมพระเกียรติ 80 พรรษา","0","0","0","0","0","0","0","0","0","0","0","0","0"
"10670  :  โรงพยาบาลขอนแก่น","0","0","0","0","0","0","0","0","0","0","0","0","0"
"10995  :  โรงพยาบาลบ้านฝาง","4","0","0","1","0","0","1","0","0","0","0","0","2"
"10996  :  โรงพยาบาลพระยืน","0","0","0","0","0","0","0","0","0","0","0","0","0"
"10997  :  โรงพยาบาลหนองเรือ","2","0","0","0","0","0","0","0","0","0","0","0","2"
"10998  :  โรงพยาบาลชุมแพ","0","0","0","0","0","0","0","0","0","0","0","0","0"
"10999  :  โรงพยาบาลสีชมพู","0","0","0","0","0","0","0","0","0","0","0","0","0"
"11000  :  โรงพยาบาลน้ำพอง","28","1","0","0","0","0","2","2","3","9","2","2","7"
"11001  :  โรงพยาบาลอุบลรัตน์","0","0","0","0","0","0","0","0","0","0","0","0","0"
"11002  :  โรงพยาบาลบ้านไผ่","2","0","0","0","1","0","0","0","0","0","1","0","0"
"11003  :  โรงพยาบาลเปือยน้อย","0","0","0","0","0","0","0","0","0","0","0","0","0"
"11004  :  โรงพยาบาลพล","1,181","80","130","121","115","108","122","77","72","98","78","87","93"
"11005  :  โรงพยาบาลแวงใหญ่","3","0","0","2","0","0","1","0","0","0","0","0","0"
"11006  :  โรงพยาบาลแวงน้อย","647","79","51","58","53","53","63","62","61","56","29","37","45"
"11007  :  โรงพยาบาลหนองสองห้อง","168","0","3","0","0","0","4","73","16","55","9","8","0"
"11008  :  โรงพยาบาลภูเวียง","986","151","0","101","67","76","92","93","71","80","68","61","126"
"11009  :  โรงพยาบาลมัญจาคีรี","0","0","0","0","0","0","0","0","0","0","0","0","0"
"11010  :  โรงพยาบาลชนบท","6","0","0","0","0","0","0","0","0","0","2","1","3"
"11011  :  โรงพยาบาลเขาสวนกวาง","1","1","0","0","0","0","0","0","0","0","0","0","0"
"11012  :  โรงพยาบาลภูผาม่าน","6","0","0","0","0","0","0","0","0","1","2","1","2"
"11445  :  โรงพยาบาลสมเด็จพระยุพราชกระนวน","346","5","6","5","34","77","26","32","22","52","38","27","22"
"11497  :  โรงพยาบาลค่ายศรีพัชรินทร","0","0","0","0","0","0","0","0","0","0","0","0","0"
"11936  :  โรงพยาบาลขอนแก่นราม","0","0","0","0","0","0","0","0","0","0","0","0","0"
"12272  :  โรงพยาบาลจิตเวชขอนแก่นราชนครินทร์","0","0","0","0","0","0","0","0","0","0","0","0","0"
"12273  :  โรงพยาบาลส่งเสริมสุขภาพ ศูนย์อนามัยที่ 7","0","0","0","0","0","0","0","0","0","0","0","0","0"
"12275  :  โรงพยาบาลสิรินธร(ภาคตะวันออกเฉียงเหนือ)","0","0","0","0","0","0","0","0","0","0","0","0","0"
"13777  :  โรงพยาบาลศรีนครินทร์ มหาวิทยาลัยขอนแก่น","0","0","0","0","0","0","0","0","0","0","0","0","0"
"14132  :  โรงพยาบาลซำสูง","0","0","0","0","0","0","0","0","0","0","0","0","0"
"14196  :  โรงพยาบาลธัญญรักษ์ขอนแก่น","0","0","0","0","0","0","0","0","0","0","0","0","0"
"24746  :  สถาบันสุขภาพจิตเด็กและวัยรุ่นภาคตะวันออกเฉียงเหนือ","0","0","0","0","0","0","0","0","0","0","0","0","0"
"77649  :  โรงพยาบาลหนองนาคำ","0","0","0","0","0","0","0","0","0","0","0","0","0"
"77650  :  โรงพยาบาลเวียงเก่า","0","0","0","0","0","0","0","0","0","0","0","0","0"
"77651  :  โรงพยาบาลโคกโพธิ์ไชย","0","0","0","0","0","0","0","0","0","0","0","0","0"
"77652  :  โรงพยาบาลโนนศิลา","0","0","0","0","0","0","0","0","0","0","0","0","0"
"10671  :  โรงพยาบาลอุดรธานี","18","0","1","2","5","1","3","1","2","2","1","0","0"
"11013  :  โรงพยาบาลกุดจับ","260","14","11","0","8","27","15","60","54","7","55","0","9"
"11014  :  โรงพยาบาลหนองวัวซอ","0","0","0","0","0","0","0","0","0","0","0","0","0"
"11015  :  โรงพยาบาลกุมภวาปี","0","0","0","0","0","0","0","0","0","0","0","0","0"
"11016  :  โรงพยาบาลห้วยเกิ้ง","110","7","6","54","8","10","10","7","3","3","0","1","1"
"11017  :  โรงพยาบาลโนนสะอาด","1","0","0","0","0","0","0","1","0","0","0","0","0"
"11018  :  โรงพยาบาลหนองหาน","25","0","0","0","0","0","0","1","0","0","24","0","0"
"11019  :  โรงพยาบาลทุ่งฝน","85","17","3","10","5","2","10","7","8","8","4","7","4"
"11020  :  โรงพยาบาลไชยวาน","1","0","0","0","0","0","0","0","1","0","0","0","0"
"11021  :  โรงพยาบาลศรีธาตุ","3","0","0","0","0","0","3","0","0","0","0","0","0"
"11022  :  โรงพยาบาลวังสามหมอ","161","7","15","6","7","4","13","11","12","8","7","35","36"
"11023  :  โรงพยาบาลบ้านผือ","914","0","877","31","0","0","3","1","2","0","0","0","0"
"11024  :  โรงพยาบาลน้ำโสม","0","0","0","0","0","0","0","0","0","0","0","0","0"
"11025  :  โรงพยาบาลเพ็ญ","17","1","0","1","4","1","1","2","2","0","1","1","3"
"11026  :  โรงพยาบาลสร้างคอม","0","0","0","0","0","0","0","0","0","0","0","0","0"
"11027  :  โรงพยาบาลหนองแสง","0","0","0","0","0","0","0","0","0","0","0","0","0"
"11028  :  โรงพยาบาลนายูง","0","0","0","0","0","0","0","0","0","0","0","0","0"
"11029  :  โรงพยาบาลพิบูลย์รักษ์","174","0","0","17","44","23","54","9","15","5","6","1","0"
"11446  :  โรงพยาบาลสมเด็จพระยุพราชบ้านดุง","80","8","7","6","11","5","8","5","3","5","4","7","11"
"11501  :  โรงพยาบาลค่ายประจักษ์ศิลปาคม","0","0","0","0","0","0","0","0","0","0","0","0","0"
"12276  :  โรงพยาบาลมะเร็งอุดรธานี","0","0","0","0","0","0","0","0","0","0","0","0","0"
"23951  :  โรงพยาบาลธัญญารักษ์อุดรธานี","0","0","0","0","0","0","0","0","0","0","0","0","0"
"25058  :  โรงพยาบาลกู่แก้ว","192","0","0","0","0","0","0","0","26","38","121","4","3"
"25059  :  โรงพยาบาลประจักษ์ศิลปาคม","0","0","0","0","0","0","0","0","0","0","0","0","0"
"10705  :  โรงพยาบาลเลย","0","0","0","0","0","0","0","0","0","0","0","0","0"
"11030  :  โรงพยาบาลนาด้วง","0","0","0","0","0","0","0","0","0","0","0","0","0"
"11031  :  โรงพยาบาลเชียงคาน","1","0","0","0","0","0","0","1","0","0","0","0","0"
"11032  :  โรงพยาบาลปากชม","193","106","40","13","0","0","0","0","0","0","23","11","0"
"11033  :  โรงพยาบาลนาแห้ว","0","0","0","0","0","0","0","0","0","0","0","0","0"
"11034  :  โรงพยาบาลภูเรือ","188","0","0","0","0","0","106","82","0","0","0","0","0"
"11035  :  โรงพยาบาลท่าลี่","0","0","0","0","0","0","0","0","0","0","0","0","0"
"11036  :  โรงพยาบาลวังสะพุง","21","0","0","0","3","7","9","0","0","0","2","0","0"
"11037  :  โรงพยาบาลภูกระดึง","509","0","8","17","44","30","102","91","87","52","66","5","7"
"11038  :  โรงพยาบาลภูหลวง","7","0","0","0","0","0","0","0","0","0","0","7","0"
"11039  :  โรงพยาบาลผาขาว","0","0","0","0","0","0","0","0","0","0","0","0","0"
"11447  :  โรงพยาบาลสมเด็จพระยุพราชด่านซ้าย","0","0","0","0","0","0","0","0","0","0","0","0","0"
"14133  :  โรงพยาบาลเอราวัณ","1","0","0","0","0","0","0","0","1","0","0","0","0"
"14644  :  โรงพยาบาลจิตเวชเลยราชนครินทร์","0","0","0","0","0","0","0","0","0","0","0","0","0"
"28861  :  โรงพยาบาลหนองหิน","0","0","0","0","0","0","0","0","0","0","0","0","0"
"10706  :  โรงพยาบาลหนองคาย","0","0","0","0","0","0","0","0","0","0","0","0","0"
"11042  :  โรงพยาบาลโพนพิสัย","0","0","0","0","0","0","0","0","0","0","0","0","0"
"11044  :  โรงพยาบาลศรีเชียงใหม่","318","0","215","57","46","0","0","0","0","0","0","0","0"
"11045  :  โรงพยาบาลสังคม","280","91","2","3","39","53","2","1","6","1","2","19","61"
"11448  :  โรงพยาบาลสมเด็จพระยุพราชท่าบ่อ","145","0","0","1","0","0","143","0","0","0","0","1","0"
"14558  :  โรงพยาบาลพิสัยเวช","5","0","0","4","0","0","0","0","0","0","1","0","0"
"21356  :  โรงพยาบาลสระใคร","0","0","0","0","0","0","0","0","0","0","0","0","0"
"28778  :  โรงพยาบาลโพธิ์ตาก","0","0","0","0","0","0","0","0","0","0","0","0","0"
"28811  :  โรงพยาบาลเฝ้าไร่","0","0","0","0","0","0","0","0","0","0","0","0","0"
"28815  :  โรงพยาบาลรัตนวาปี","0","0","0","0","0","0","0","0","0","0","0","0","0"
"10707  :  โรงพยาบาลมหาสารคาม","0","0","0","0","0","0","0","0","0","0","0","0","0"
"11051  :  โรงพยาบาลแกดำ","23","5","16","0","1","0","0","0","0","0","0","0","1"
"11052  :  โรงพยาบาลโกสุมพิสัย","769","127","154","172","27","18","18","34","63","135","3","8","10"
"11053  :  โรงพยาบาลกันทรวิชัย","27","7","6","1","0","0","4","2","2","1","1","2","1"
"11054  :  โรงพยาบาลเชียงยืน","1,013","114","142","122","83","104","80","43","82","79","46","51","67"
"11055  :  โรงพยาบาลบรบือ","33","1","15","0","4","13","0","0","0","0","0","0","0"
"11056  :  โรงพยาบาลนาเชือก","498","57","26","36","39","38","50","49","48","54","41","32","28"
"11057  :  โรงพยาบาลพยัคฆภูมิพิสัย","44","2","1","5","5","3","1","3","11","3","5","3","2"
"11058  :  โรงพยาบาลวาปีปทุม","263","102","18","11","9","14","13","29","14","19","10","10","14"
"11059  :  โรงพยาบาลนาดูน","11","4","0","0","1","1","2","2","0","0","1","0","0"
"11060  :  โรงพยาบาลยางสีสุราช","6","1","2","2","0","0","0","0","0","0","0","0","1"
"22953  :  โรงพยาบาลสุทธาเวช คณะแพทยศาสตร์ มหาวิทยาลัยมหาสารคาม","0","0","0","0","0","0","0","0","0","0","0","0","0"
"24704  :  โรงพยาบาลกุดรัง","0","0","0","0","0","0","0","0","0","0","0","0","0"
"28843  :  โรงพยาบาลชื่นชม","118","14","11","10","11","6","16","5","10","10","12","5","8"
"10708  :  โรงพยาบาลร้อยเอ็ด","178","18","10","11","7","14","4","16","12","14","38","22","12"
"11061  :  โรงพยาบาลเกษตรวิสัย","1,031","125","64","73","129","195","95","125","56","51","74","28","16"
"11062  :  โรงพยาบาลปทุมรัตต์","0","0","0","0","0","0","0","0","0","0","0","0","0"
"11063  :  โรงพยาบาลจตุรพักตรพิมาน","2","0","0","1","0","1","0","0","0","0","0","0","0"
"11064  :  โรงพยาบาลธวัชบุรี","1","1","0","0","0","0","0","0","0","0","0","0","0"
"11065  :  โรงพยาบาลพนมไพร","0","0","0","0","0","0","0","0","0","0","0","0","0"
"11066  :  โรงพยาบาลโพนทอง","15","1","3","2","3","2","1","1","2","0","0","0","0"
"11067  :  โรงพยาบาลโพธิ์ชัย","0","0","0","0","0","0","0","0","0","0","0","0","0"
"11068  :  โรงพยาบาลหนองพอก","3","0","0","0","0","0","0","0","0","0","0","0","3"
"11069  :  โรงพยาบาลเสลภูมิ","0","0","0","0","0","0","0","0","0","0","0","0","0"
"11070  :  โรงพยาบาลสุวรรณภูมิ","0","0","0","0","0","0","0","0","0","0","0","0","0"
"11071  :  โรงพยาบาลเมืองสรวง","0","0","0","0","0","0","0","0","0","0","0","0","0"
"11072  :  โรงพยาบาลโพนทราย","0","0","0","0","0","0","0","0","0","0","0","0","0"
"11073  :  โรงพยาบาลอาจสามารถ","0","0","0","0","0","0","0","0","0","0","0","0","0"
"11074  :  โรงพยาบาลเมยวดี","19","1","1","3","1","3","2","1","1","0","1","4","1"
"11075  :  โรงพยาบาลศรีสมเด็จ","0","0","0","0","0","0","0","0","0","0","0","0","0"
"11076  :  โรงพยาบาลจังหาร","0","0","0","0","0","0","0","0","0","0","0","0","0"
"11504  :  โรงพยาบาลค่ายสมเด็จพระพุทธยอดฟ้าจุฬาโลกมหาราช","0","0","0","0","0","0","0","0","0","0","0","0","0"
"11964  :  โรงพยาบาลทั่วไปขนาดใหญ่จุรีเวช","0","0","0","0","0","0","0","0","0","0","0","0","0"
"27988  :  โรงพยาบาลทุ่งเขาหลวง","167","0","0","0","0","0","0","0","26","41","26","37","37"
"27989  :  โรงพยาบาลเชียงขวัญ","151","2","1","0","3","0","0","16","52","48","9","1","19"
"27990  :  โรงพยาบาลหนองฮี","88","6","5","8","5","5","1","53","0","3","1","0","1"
"10709  :  โรงพยาบาลกาฬสินธุ์","152","53","20","23","9","18","6","4","15","4","0","0","0"
"11077  :  โรงพยาบาลนามน","223","0","0","0","0","0","166","3","6","0","0","48","0"
"11078  :  โรงพยาบาลกมลาไสย","408","64","150","38","5","16","35","3","27","55","1","13","1"
"11079  :  โรงพยาบาลร่องคำ","0","0","0","0","0","0","0","0","0","0","0","0","0"
"11080  :  โรงพยาบาลเขาวง","56","0","0","0","0","0","0","0","0","0","0","0","56"
"11081  :  โรงพยาบาลยางตลาด","1,318","226","122","116","112","184","125","47","34","243","87","11","11"
"11082  :  โรงพยาบาลห้วยเม็ก","357","0","0","0","0","356","0","0","0","0","0","1","0"
"11083  :  โรงพยาบาลสหัสขันธ์","0","0","0","0","0","0","0","0","0","0","0","0","0"
"11084  :  โรงพยาบาลคำม่วง","0","0","0","0","0","0","0","0","0","0","0","0","0"
"11085  :  โรงพยาบาลท่าคันโท","0","0","0","0","0","0","0","0","0","0","0","0","0"
"11086  :  โรงพยาบาลหนองกุงศรี","86","0","2","0","0","19","63","1","0","0","1","0","0"
"11087  :  โรงพยาบาลสมเด็จ","0","0","0","0","0","0","0","0","0","0","0","0","0"
"11088  :  โรงพยาบาลห้วยผึ้ง","678","37","121","62","90","55","55","69","34","94","22","23","16"
"11449  :  โรงพยาบาลสมเด็จพระยุพราชกุฉินารายณ์","298","39","19","9","18","28","49","89","5","15","8","6","13"
"11965  :  โรงพยาบาลธีรวัฒน์","0","0","0","0","0","0","0","0","0","0","0","0","0"
"28017  :  โรงพยาบาลนาคู","0","0","0","0","0","0","0","0","0","0","0","0","0"
"28789  :  โรงพยาบาลฆ้องชัย","7","0","0","0","0","0","0","0","0","1","0","1","5"
"28790  :  โรงพยาบาลดอนจาน","1","0","0","0","0","0","0","0","0","1","0","0","0"
"28791  :  โรงพยาบาลสามชัย","0","0","0","0","0","0","0","0","0","0","0","0","0"
"10710  :  โรงพยาบาลสกลนคร","0","0","0","0","0","0","0","0","0","0","0","0","0"
"11089  :  โรงพยาบาลกุสุมาลย์","67","0","0","0","0","67","0","0","0","0","0","0","0"
"11090  :  โรงพยาบาลกุดบาก","0","0","0","0","0","0","0","0","0","0","0","0","0"
"11091  :  โรงพยาบาลพระอาจารย์ฝั้นอาจาโร","0","0","0","0","0","0","0","0","0","0","0","0","0"
"11092  :  โรงพยาบาลพังโคน","15","4","1","3","4","0","0","0","2","1","0","0","0"
"11093  :  โรงพยาบาลวาริชภูมิ","11","0","0","0","0","0","0","0","6","5","0","0","0"
"11094  :  โรงพยาบาลนิคมน้ำอูน","0","0","0","0","0","0","0","0","0","0","0","0","0"
"11095  :  โรงพยาบาลวานรนิวาส","4","1","1","0","0","0","0","0","1","0","0","1","0"
"11096  :  โรงพยาบาลคำตากล้า","281","18","19","9","31","132","26","7","20","8","6","5","0"
"11097  :  โรงพยาบาลบ้านม่วง","0","0","0","0","0","0","0","0","0","0","0","0","0"
"11098  :  โรงพยาบาลอากาศอำนวย","11","0","0","0","0","0","1","3","2","1","1","2","1"
"11099  :  โรงพยาบาลส่องดาว","119","0","0","0","0","0","0","0","0","11","43","34","31"
"11100  :  โรงพยาบาลเต่างอย","0","0","0","0","0","0","0","0","0","0","0","0","0"
"11101  :  โรงพยาบาลโคกศรีสุพรรณ","0","0","0","0","0","0","0","0","0","0","0","0","0"
"11102  :  โรงพยาบาลเจริญศิลป์","44","6","5","9","12","6","3","1","2","0","0","0","0"
"11103  :  โรงพยาบาลโพนนาแก้ว","8","0","1","0","0","2","0","0","1","0","0","2","2"
"11450  :  โรงพยาบาลสมเด็จพระยุพราชสว่างแดนดิน","0","0","0","0","0","0","0","0","0","0","0","0","0"
"11505  :  โรงพยาบาลค่ายกฤษณ์สีวะรา","0","0","0","0","0","0","0","0","0","0","0","0","0"
"21323  :  โรงพยาบาลพระอาจารย์แบน  ธนากโร","1","0","0","1","0","0","0","0","0","0","0","0","0"
"24976  :  โรงพยาบาลการแพทย์แผนไทยสกลนคร หลวงปู่แฟ๊ป สุภัทโท","0","0","0","0","0","0","0","0","0","0","0","0","0"
"10711  :  โรงพยาบาลนครพนม","4","0","0","3","1","0","0","0","0","0","0","0","0"
"11104  :  โรงพยาบาลปลาปาก","0","0","0","0","0","0","0","0","0","0","0","0","0"
"11105  :  โรงพยาบาลท่าอุเทน","2","0","0","0","0","0","0","0","0","1","0","1","0"
"11106  :  โรงพยาบาลบ้านแพง","0","0","0","0","0","0","0","0","0","0","0","0","0"
"11107  :  โรงพยาบาลนาทม","0","0","0","0","0","0","0","0","0","0","0","0","0"
"11108  :  โรงพยาบาลเรณูนคร","2","1","0","0","0","0","0","1","0","0","0","0","0"
"11109  :  โรงพยาบาลนาแก","0","0","0","0","0","0","0","0","0","0","0","0","0"
"11110  :  โรงพยาบาลศรีสงคราม","0","0","0","0","0","0","0","0","0","0","0","0","0"
"11111  :  โรงพยาบาลนาหว้า","0","0","0","0","0","0","0","0","0","0","0","0","0"
"11112  :  โรงพยาบาลโพนสวรรค์","75","6","4","4","8","14","7","23","3","3","3","0","0"
"11451  :  โรงพยาบาลสมเด็จพระยุพราชธาตุพนม","332","37","83","33","30","55","26","14","41","7","1","4","1"
"12277  :  โรงพยาบาลจิตเวชนครพนมราชนครินทร์","0","0","0","0","0","0","0","0","0","0","0","0","0"
"40840  :  โรงพยาบาลวังยาง","0","0","0","0","0","0","0","0","0","0","0","0","0"
"10712  :  โรงพยาบาลมุกดาหาร","0","0","0","0","0","0","0","0","0","0","0","0","0"
"11113  :  โรงพยาบาลนิคมคำสร้อย","0","0","0","0","0","0","0","0","0","0","0","0","0"
"11114  :  โรงพยาบาลดอนตาล","0","0","0","0","0","0","0","0","0","0","0","0","0"
"11115  :  โรงพยาบาลดงหลวง","82","14","3","12","12","12","18","4","0","2","0","0","5"
"11116  :  โรงพยาบาลคำชะอี","110","13","9","11","13","10","18","5","14","12","3","1","1"
"11117  :  โรงพยาบาลหว้านใหญ่","0","0","0","0","0","0","0","0","0","0","0","0","0"
"11118  :  โรงพยาบาลหนองสูง","0","0","0","0","0","0","0","0","0","0","0","0","0"
"06009  :  โรงพยาบาลแม่ตื่น","0","0","0","0","0","0","0","0","0","0","0","0","0"
"10713  :  โรงพยาบาลนครพิงค์","20","1","1","0","1","2","2","0","1","7","2","1","2"
"11119  :  โรงพยาบาลจอมทอง","0","0","0","0","0","0","0","0","0","0","0","0","0"
"11120  :  โรงพยาบาลเทพรัตนเวชชานุกูล เฉลิมพระเกียรติ ๖๐ พรรษา","0","0","0","0","0","0","0","0","0","0","0","0","0"
"11121  :  โรงพยาบาลเชียงดาว","0","0","0","0","0","0","0","0","0","0","0","0","0"
"11122  :  โรงพยาบาลดอยสะเก็ด","0","0","0","0","0","0","0","0","0","0","0","0","0"
"11123  :  โรงพยาบาลแม่แตง","1","1","0","0","0","0","0","0","0","0","0","0","0"
"11124  :  โรงพยาบาลสะเมิง","0","0","0","0","0","0","0","0","0","0","0","0","0"
"11125  :  โรงพยาบาลฝาง","592","23","26","62","52","57","55","46","44","61","63","53","50"
"11126  :  โรงพยาบาลแม่อาย","0","0","0","0","0","0","0","0","0","0","0","0","0"
"11127  :  โรงพยาบาลพร้าว","0","0","0","0","0","0","0","0","0","0","0","0","0"
"11128  :  โรงพยาบาลสันป่าตอง","976","75","80","121","101","56","56","59","48","65","87","88","140"
"11129  :  โรงพยาบาลสันกำแพง","0","0","0","0","0","0","0","0","0","0","0","0","0"
"11130  :  โรงพยาบาลสันทราย","329","54","27","46","32","30","33","21","23","17","9","13","24"
"11131  :  โรงพยาบาลหางดง","1","0","0","0","0","0","0","0","0","0","1","0","0"
"11132  :  โรงพยาบาลฮอด","0","0","0","0","0","0","0","0","0","0","0","0","0"
"11133  :  โรงพยาบาลดอยเต่า","0","0","0","0","0","0","0","0","0","0","0","0","0"
"11134  :  โรงพยาบาลอมก๋อย","0","0","0","0","0","0","0","0","0","0","0","0","0"
"11135  :  โรงพยาบาลสารภี","0","0","0","0","0","0","0","0","0","0","0","0","0"
"11136  :  โรงพยาบาลเวียงแหง","6","0","0","0","3","0","0","0","2","0","0","1","0"
"11137  :  โรงพยาบาลไชยปราการ","0","0","0","0","0","0","0","0","0","0","0","0","0"
"11138  :  โรงพยาบาลแม่วาง","201","8","2","2","1","26","42","23","8","40","13","9","27"
"11139  :  โรงพยาบาลแม่ออน","0","0","0","0","0","0","0","0","0","0","0","0","0"
"11507  :  โรงพยาบาลกองบิน 41","0","0","0","0","0","0","0","0","0","0","0","0","0"
"11508  :  โรงพยาบาลค่ายกาวิละ เชียงใหม่","0","0","0","0","0","0","0","0","0","0","0","0","0"
"11643  :  โรงพยาบาลดอยหล่อ","0","0","0","0","0","0","0","0","0","0","0","0","0"
"11978  :  โรงพยาบาลดารารัศมี","0","0","0","0","0","0","0","0","0","0","0","0","0"
"11992  :  โรงพยาบาลเทพปัญญา 2 โรงพยาบาลทั่วไปขนาดกลาง","0","0","0","0","0","0","0","0","0","0","0","0","0"
"11995  :  โรงพยาบาลทั่วไปขนาดใหญ่เซ็นทรัลเชียงใหม่ เมโมเรียล","0","0","0","0","0","0","0","0","0","0","0","0","0"
"11999  :  โรงพยาบาลทั่วไปขนาดใหญ่เชียงใหม่เมดิคอลเซ็นเตอร์","0","0","0","0","0","0","0","0","0","0","0","0","0"
"12279  :  โรงพยาบาลส่งเสริมสุขภาพ ศูนย์อนามัยที่ 1","0","0","0","0","0","0","0","0","0","0","0","0","0"
"12280  :  โรงพยาบาลสวนปรุง","0","0","0","0","0","0","0","0","0","0","0","0","0"
"12281  :  โรงพยาบาลประสาทเชียงใหม่","0","0","0","0","0","0","0","0","0","0","0","0","0"
"13775  :  สถาบันพัฒนาการเด็กราชนครินทร์","0","0","0","0","0","0","0","0","0","0","0","0","0"
"13780  :  โรงพยาบาลมหาราชนครเชียงใหม่  มหาวิทยาลัยเชียงใหม่","0","0","0","0","0","0","0","0","0","0","0","0","0"
"13785  :  โรงพยาบาลธัญญารักษ์เชียงใหม่","0","0","0","0","0","0","0","0","0","0","0","0","0"
"14550  :  โรงพยาบาลทั่วไปขนาดใหญ่ เชียงใหม่ใกล้หมอ","0","0","0","0","0","0","0","0","0","0","0","0","0"
"14916  :  โรงพยาบาลทั่วไปขนาดกลางเชียงใหม่ฮอสพิทอล","0","0","0","0","0","0","0","0","0","0","0","0","0"
"23736  :  โรงพยาบาลวัดจันทร์ เฉลิมพระเกียรติ 80 พรรษา","22","1","0","1","0","0","0","2","0","0","17","0","1"
"10714  :  โรงพยาบาลลำพูน","0","0","0","0","0","0","0","0","0","0","0","0","0"
"11140  :  โรงพยาบาลแม่ทา","0","0","0","0","0","0","0","0","0","0","0","0","0"
"11141  :  โรงพยาบาลบ้านโฮ่ง","0","0","0","0","0","0","0","0","0","0","0","0","0"
"11142  :  โรงพยาบาลลี้","0","0","0","0","0","0","0","0","0","0","0","0","0"
"11143  :  โรงพยาบาลทุ่งหัวช้าง","37","0","0","1","7","3","0","4","4","6","2","5","5"
"11144  :  โรงพยาบาลป่าซาง","0","0","0","0","0","0","0","0","0","0","0","0","0"
"11145  :  โรงพยาบาลบ้านธิ","348","4","100","59","30","78","26","25","5","3","2","5","11"
"12000  :  โรงพยาบาลหริภุญชัยเมโมเรียล","0","0","0","0","0","0","0","0","0","0","0","0","0"
"14555  :  โรงพยาบาลทั่วไปขนาดกลางศิริเวช ลำพูน","0","0","0","0","0","0","0","0","0","0","0","0","0"
"24956  :  โรงพยาบาลเวียงหนองล่อง","0","0","0","0","0","0","0","0","0","0","0","0","0"
"10672  :  โรงพยาบาลลำปาง","0","0","0","0","0","0","0","0","0","0","0","0","0"
"11146  :  โรงพยาบาลแม่เมาะ","0","0","0","0","0","0","0","0","0","0","0","0","0"
"11147  :  โรงพยาบาลเกาะคา","1,555","227","152","100","153","121","131","129","98","106","127","114","97"
"11148  :  โรงพยาบาลเสริมงาม","0","0","0","0","0","0","0","0","0","0","0","0","0"
"11149  :  โรงพยาบาลงาว","24","0","0","0","0","0","0","0","0","0","1","14","9"
"11150  :  โรงพยาบาลแจ้ห่ม","287","16","35","22","21","23","31","16","24","28","25","28","18"
"11151  :  โรงพยาบาลวังเหนือ","0","0","0","0","0","0","0","0","0","0","0","0","0"
"11152  :  โรงพยาบาลเถิน","5","0","0","0","0","0","1","0","0","0","2","1","1"
"11153  :  โรงพยาบาลแม่พริก","0","0","0","0","0","0","0","0","0","0","0","0","0"
"11154  :  โรงพยาบาลแม่ทะ","0","0","0","0","0","0","0","0","0","0","0","0","0"
"11155  :  โรงพยาบาลสบปราบ","0","0","0","0","0","0","0","0","0","0","0","0","0"
"11156  :  โรงพยาบาลห้างฉัตร","3","0","1","0","0","1","0","0","0","0","0","0","1"
"11157  :  โรงพยาบาลเมืองปาน","0","0","0","0","0","0","0","0","0","0","0","0","0"
"11512  :  โรงพยาบาลค่ายสุรศักดิ์มนตรี","0","0","0","0","0","0","0","0","0","0","0","0","0"
"12283  :  โรงพยาบาลมะเร็งลำปาง","0","0","0","0","0","0","0","0","0","0","0","0","0"
"10673  :  โรงพยาบาลอุตรดิตถ์","7","1","1","1","0","0","0","4","0","0","0","0","0"
"11158  :  โรงพยาบาลตรอน","1","0","0","0","0","0","0","0","0","0","0","1","0"
"11159  :  โรงพยาบาลท่าปลา","242","23","33","24","32","19","19","18","8","15","21","12","18"
"11160  :  โรงพยาบาลน้ำปาด","0","0","0","0","0","0","0","0","0","0","0","0","0"
"11161  :  โรงพยาบาลฟากท่า","0","0","0","0","0","0","0","0","0","0","0","0","0"
"11162  :  โรงพยาบาลบ้านโคก","0","0","0","0","0","0","0","0","0","0","0","0","0"
"11163  :  โรงพยาบาลพิชัย","0","0","0","0","0","0","0","0","0","0","0","0","0"
"11164  :  โรงพยาบาลลับแล","30","6","4","2","9","3","2","2","2","0","0","0","0"
"11165  :  โรงพยาบาลทองแสนขัน","0","0","0","0","0","0","0","0","0","0","0","0","0"
"11509  :  โรงพยาบาลค่ายพิชัยดาบหัก","1","0","1","0","0","0","0","0","0","0","0","0","0"
"10715  :  โรงพยาบาลแพร่","25","8","1","3","3","2","1","1","0","3","1","2","0"
"11166  :  โรงพยาบาลร้องกวาง","591","227","82","33","31","56","36","22","18","20","13","22","31"
"11167  :  โรงพยาบาลลอง","0","0","0","0","0","0","0","0","0","0","0","0","0"
"11169  :  โรงพยาบาลสูงเม่น","48","23","15","3","4","1","1","0","0","0","0","0","1"
"11170  :  โรงพยาบาลสอง","0","0","0","0","0","0","0","0","0","0","0","0","0"
"11171  :  โรงพยาบาลวังชิ้น","266","0","0","0","0","0","0","0","0","0","266","0","0"
"11172  :  โรงพยาบาลหนองม่วงไข่","142","25","9","10","17","10","13","5","10","12","12","12","7"
"11452  :  โรงพยาบาลสมเด็จพระยุพราชเด่นชัย","477","177","71","54","50","44","19","34","11","12","3","2","0"
"10716  :  โรงพยาบาลน่าน","899","66","28","36","37","102","84","149","158","119","44","26","50"
"11173  :  โรงพยาบาลแม่จริม","0","0","0","0","0","0","0","0","0","0","0","0","0"
"11174  :  โรงพยาบาลบ้านหลวง","5","0","1","0","0","1","0","0","0","1","0","2","0"
"11175  :  โรงพยาบาลนาน้อย","0","0","0","0","0","0","0","0","0","0","0","0","0"
"11176  :  โรงพยาบาลท่าวังผา","0","0","0","0","0","0","0","0","0","0","0","0","0"
"11177  :  โรงพยาบาลเวียงสา","0","0","0","0","0","0","0","0","0","0","0","0","0"
"11178  :  โรงพยาบาลทุ่งช้าง","0","0","0","0","0","0","0","0","0","0","0","0","0"
"11179  :  โรงพยาบาลเชียงกลาง","134","0","0","0","0","1","29","8","23","13","7","11","42"
"11180  :  โรงพยาบาลนาหมื่น","0","0","0","0","0","0","0","0","0","0","0","0","0"
"11181  :  โรงพยาบาลสันติสุข","0","0","0","0","0","0","0","0","0","0","0","0","0"
"11182  :  โรงพยาบาลบ่อเกลือ","10","0","4","0","1","0","0","0","0","0","0","1","4"
"11183  :  โรงพยาบาลสองแคว","0","0","0","0","0","0","0","0","0","0","0","0","0"
"11453  :  โรงพยาบาลสมเด็จพระยุพราชปัว","0","0","0","0","0","0","0","0","0","0","0","0","0"
"11510  :  โรงพยาบาลค่ายสุริยพงษ์","0","0","0","0","0","0","0","0","0","0","0","0","0"
"11625  :  โรงพยาบาลเฉลิมพระเกียรติ","0","0","0","0","0","0","0","0","0","0","0","0","0"
"25017  :  โรงพยาบาลภูเพียง","0","0","0","0","0","0","0","0","0","0","0","0","0"
"10717  :  โรงพยาบาลพะเยา","9","0","1","0","0","0","1","0","0","1","1","2","3"
"10718  :  โรงพยาบาลเชียงคำ","0","0","0","0","0","0","0","0","0","0","0","0","0"
"11184  :  โรงพยาบาลจุน","0","0","0","0","0","0","0","0","0","0","0","0","0"
"11185  :  โรงพยาบาลเชียงม่วน","0","0","0","0","0","0","0","0","0","0","0","0","0"
"11186  :  โรงพยาบาลดอกคำใต้","83","0","0","0","0","0","0","1","0","0","0","21","61"
"11187  :  โรงพยาบาลปง","0","0","0","0","0","0","0","0","0","0","0","0","0"
"11188  :  โรงพยาบาลแม่ใจ","2","0","0","0","1","1","0","0","0","0","0","0","0"
"15140  :  โรงพยาบาลค่ายขุนเจืองธรรมิกราช","0","0","0","0","0","0","0","0","0","0","0","0","0"
"40744  :  โรงพยาบาลภูซาง","0","0","0","0","0","0","0","0","0","0","0","0","0"
"40745  :  โรงพยาบาลภูกามยาว","0","0","0","0","0","0","0","0","0","0","0","0","0"
"41347  :  โรงพยาบาลมหาวิทยาลัยพะเยา","0","0","0","0","0","0","0","0","0","0","0","0","0"
"10674  :  โรงพยาบาลเชียงรายประชานุเคราะห์","23","2","2","1","1","2","2","1","0","5","5","0","2"
"11189  :  โรงพยาบาลเทิง","0","0","0","0","0","0","0","0","0","0","0","0","0"
"11190  :  โรงพยาบาลพาน","112","0","0","0","17","19","0","1","54","1","0","20","0"
"11191  :  โรงพยาบาลป่าแดด","55","0","0","0","0","0","0","0","0","0","0","31","24"
"11192  :  โรงพยาบาลแม่จัน","0","0","0","0","0","0","0","0","0","0","0","0","0"
"11193  :  โรงพยาบาลเชียงแสน","0","0","0","0","0","0","0","0","0","0","0","0","0"
"11194  :  โรงพยาบาลแม่สาย","5","0","0","0","1","0","0","0","0","0","0","0","4"
"11195  :  โรงพยาบาลแม่สรวย","2","0","0","0","0","0","1","0","0","0","0","0","1"
"11196  :  โรงพยาบาลเวียงป่าเป้า","9","0","0","0","2","2","1","0","1","0","1","0","2"
"11197  :  โรงพยาบาลพญาเม็งราย","0","0","0","0","0","0","0","0","0","0","0","0","0"
"11198  :  โรงพยาบาลเวียงแก่น","48","0","0","0","0","1","0","0","14","15","8","10","0"
"11199  :  โรงพยาบาลขุนตาล","165","0","23","91","51","0","0","0","0","0","0","0","0"
"11200  :  โรงพยาบาลแม่ฟ้าหลวง","0","0","0","0","0","0","0","0","0","0","0","0","0"
"11201  :  โรงพยาบาลแม่ลาว","397","47","44","29","40","37","28","28","46","40","20","14","24"
"11202  :  โรงพยาบาลเวียงเชียงรุ้ง","0","0","0","0","0","0","0","0","0","0","0","0","0"
"11454  :  โรงพยาบาลสมเด็จพระยุพราชเชียงของ","0","0","0","0","0","0","0","0","0","0","0","0","0"
"15012  :  โรงพยาบาลสมเด็จพระญาณสังวร","1,117","3","2","314","2","322","374","23","41","18","16","2","0"
"23429  :  โรงพยาบาลมหาวิทยาลัยแม่ฟ้าหลวง","0","0","0","0","0","0","0","0","0","0","0","0","0"
"28823  :  โรงพยาบาลดอยหลวง","0","0","0","0","0","0","0","0","0","0","0","0","0"
"41509  :  โรงพยาบาลศูนย์การแพทย์มหาวิทยาลัยแม่ฟ้าหลวง","0","0","0","0","0","0","0","0","0","0","0","0","0"
"10719  :  โรงพยาบาลศรีสังวาลย์","0","0","0","0","0","0","0","0","0","0","0","0","0"
"11203  :  โรงพยาบาลขุนยวม","15","0","0","0","2","7","2","3","0","0","0","0","1"
"11204  :  โรงพยาบาลปาย","0","0","0","0","0","0","0","0","0","0","0","0","0"
"11205  :  โรงพยาบาลแม่สะเรียง","0","0","0","0","0","0","0","0","0","0","0","0","0"
"11206  :  โรงพยาบาลแม่ลาน้อย","0","0","0","0","0","0","0","0","0","0","0","0","0"
"11207  :  โรงพยาบาลสบเมย","7","0","0","3","0","1","1","1","1","0","0","0","0"
"11208  :  โรงพยาบาลปางมะผ้า","6","0","0","0","5","0","0","0","0","0","1","0","0"
"14197  :  โรงพยาบาลธัญญรักษ์แม่ฮ่องสอน","0","0","0","0","0","0","0","0","0","0","0","0","0"
"10675  :  โรงพยาบาลสวรรค์ประชารักษ์","1","0","0","0","0","0","0","0","0","0","0","0","1"
"11209  :  โรงพยาบาลโกรกพระ","4","0","0","0","0","0","1","0","1","0","1","1","0"
"11210  :  โรงพยาบาลชุมแสง","0","0","0","0","0","0","0","0","0","0","0","0","0"
"11211  :  โรงพยาบาลหนองบัว","0","0","0","0","0","0","0","0","0","0","0","0","0"
"11212  :  โรงพยาบาลบรรพตพิสัย","25","0","0","0","0","0","0","0","0","0","10","3","12"
"11213  :  โรงพยาบาลเก้าเลี้ยว","526","0","0","0","399","110","17","0","0","0","0","0","0"
"11214  :  โรงพยาบาลตาคลี","0","0","0","0","0","0","0","0","0","0","0","0","0"
"11215  :  โรงพยาบาลท่าตะโก","0","0","0","0","0","0","0","0","0","0","0","0","0"
"11216  :  โรงพยาบาลไพศาลี","4","0","0","0","0","0","2","0","1","0","1","0","0"
"11217  :  โรงพยาบาลพยุหะคีรี","0","0","0","0","0","0","0","0","0","0","0","0","0"
"11218  :  โรงพยาบาลลาดยาว","0","0","0","0","0","0","0","0","0","0","0","0","0"
"11219  :  โรงพยาบาลตากฟ้า","0","0","0","0","0","0","0","0","0","0","0","0","0"
"11220  :  โรงพยาบาลแม่วงก์","0","0","0","0","0","0","0","0","0","0","0","0","0"
"11513  :  โรงพยาบาลค่ายจิรประวัติ","3","3","0","0","0","0","0","0","0","0","0","0","0"
"12030  :  โรงพยาบาลพริ้นซ์ ปากน้ำโพ 1 โรงพยาบาลทั่วไปขนาดใหญ่","0","0","0","0","0","0","0","0","0","0","0","0","0"
"12033  :  โรงพยาบาลรวมแพทย์นครสวรรค์","0","0","0","0","0","0","0","0","0","0","0","0","0"
"12034  :  โรงพยาบาลพริ้นซ์ ปากน้ำโพ 2 โรงพยาบาลทั่วไปขนาดใหญ่","0","0","0","0","0","0","0","0","0","0","0","0","0"
"12042  :  โรงพยาบาลร่มฉัตร","0","0","0","0","0","0","0","0","0","0","0","0","0"
"12044  :  โรงพยาบาลศรีสวรรค์","0","0","0","0","0","0","0","0","0","0","0","0","0"
"12284  :  โรงพยาบาลส่งเสริมสุขภาพ ศูนย์อนามัยที่ 3","0","0","0","0","0","0","0","0","0","0","0","0","0"
"14171  :  โรงพยาบาลจิตเวชนครสวรรค์ราชนครินทร์","0","0","0","0","0","0","0","0","0","0","0","0","0"
"40749  :  โรงพยาบาลชุมตาบง","0","0","0","0","0","0","0","0","0","0","0","0","0"
"10720  :  โรงพยาบาลอุทัยธานี","2","0","0","1","0","0","0","1","0","0","0","0","0"
"11221  :  โรงพยาบาลทัพทัน","0","0","0","0","0","0","0","0","0","0","0","0","0"
"11222  :  โรงพยาบาลสว่างอารมณ์","2","0","0","1","1","0","0","0","0","0","0","0","0"
"11223  :  โรงพยาบาลหนองฉาง","492","0","0","0","0","0","0","0","0","207","279","6","0"
"11224  :  โรงพยาบาลหนองขาหย่าง","1","0","0","0","0","0","0","0","0","0","1","0","0"
"11225  :  โรงพยาบาลบ้านไร่","539","0","0","0","0","0","118","168","47","83","32","62","29"
"11226  :  โรงพยาบาลลานสัก","66","0","0","0","0","0","5","0","29","32","0","0","0"
"11227  :  โรงพยาบาลห้วยคต","0","0","0","0","0","0","0","0","0","0","0","0","0"
"10721  :  โรงพยาบาลกำแพงเพชร","13","0","0","0","0","1","0","1","2","2","4","0","3"
"11228  :  โรงพยาบาลทุ่งโพธิ์ทะเล","399","4","2","2","0","0","134","58","88","109","1","1","0"
"11229  :  โรงพยาบาลไทรงาม","1,446","227","125","108","141","170","242","132","69","81","57","51","43"
"11230  :  โรงพยาบาลคลองลาน","0","0","0","0","0","0","0","0","0","0","0","0","0"
"11231  :  โรงพยาบาลขาณุวรลักษบุรี","740","293","290","94","0","0","0","63","0","0","0","0","0"
"11232  :  โรงพยาบาลคลองขลุง","0","0","0","0","0","0","0","0","0","0","0","0","0"
"11233  :  โรงพยาบาลพรานกระต่าย","617","29","19","24","9","106","146","20","18","13","108","109","16"
"11234  :  โรงพยาบาลลานกระบือ","648","14","7","11","55","70","60","56","60","120","72","57","66"
"11235  :  โรงพยาบาลทรายทองวัฒนา","494","15","7","15","12","18","66","69","80","53","19","75","65"
"11236  :  โรงพยาบาลปางศิลาทอง","526","32","34","14","174","15","64","82","26","24","22","24","15"
"14135  :  โรงพยาบาลบึงสามัคคี","54","1","0","0","0","0","0","0","0","0","0","0","53"
"28010  :  โรงพยาบาลโกสัมพีนคร","280","49","24","15","15","26","26","16","20","22","24","19","24"
"10722  :  โรงพยาบาลสมเด็จพระเจ้าตากสินมหาราช","1","0","0","0","0","0","0","0","0","0","0","0","1"
"10723  :  โรงพยาบาลแม่สอด","5","0","0","0","0","0","0","0","0","3","1","1","0"
"11238  :  โรงพยาบาลบ้านตาก","463","71","43","31","35","40","40","28","32","53","32","40","18"
"11239  :  โรงพยาบาลสามเงา","23","4","4","2","2","0","3","1","0","2","1","4","0"
"11240  :  โรงพยาบาลแม่ระมาด","0","0","0","0","0","0","0","0","0","0","0","0","0"
"11241  :  โรงพยาบาลท่าสองยาง","0","0","0","0","0","0","0","0","0","0","0","0","0"
"11242  :  โรงพยาบาลพบพระ","0","0","0","0","0","0","0","0","0","0","0","0","0"
"11243  :  โรงพยาบาลอุ้มผาง","1","0","0","0","0","0","1","0","0","0","0","0","0"
"27443  :  โรงพยาบาลวังเจ้า","22","0","2","2","0","0","0","18","0","0","0","0","0"
"10724  :  โรงพยาบาลสุโขทัย","0","0","0","0","0","0","0","0","0","0","0","0","0"
"10725  :  โรงพยาบาลศรีสังวรสุโขทัย","0","0","0","0","0","0","0","0","0","0","0","0","0"
"11244  :  โรงพยาบาลบ้านด่านลานหอย","61","4","3","1","10","4","9","4","4","4","3","11","4"
"11245  :  โรงพยาบาลคีรีมาศ","0","0","0","0","0","0","0","0","0","0","0","0","0"
"11246  :  โรงพยาบาลกงไกรลาศ","14","0","0","0","0","0","1","1","0","3","4","3","2"
"11247  :  โรงพยาบาลศรีสัชนาลัย","0","0","0","0","0","0","0","0","0","0","0","0","0"
"11248  :  โรงพยาบาลสวรรคโลก","0","0","0","0","0","0","0","0","0","0","0","0","0"
"11249  :  โรงพยาบาลศรีนคร","71","0","0","0","0","0","0","0","0","20","27","11","13"
"11250  :  โรงพยาบาลทุ่งเสลี่ยม","0","0","0","0","0","0","0","0","0","0","0","0","0"
"10676  :  โรงพยาบาลพุทธชินราช","0","0","0","0","0","0","0","0","0","0","0","0","0"
"11251  :  โรงพยาบาลชาติตระการ","0","0","0","0","0","0","0","0","0","0","0","0","0"
"11252  :  โรงพยาบาลบางระกำ","1","0","0","0","0","0","0","0","0","1","0","0","0"
"11253  :  โรงพยาบาลบางกระทุ่ม","670","52","38","28","98","73","78","58","41","52","50","46","56"
"11254  :  โรงพยาบาลพรหมพิราม","10","1","1","1","3","2","0","0","0","0","0","0","2"
"11255  :  โรงพยาบาลวัดโบสถ์","1","0","0","0","1","0","0","0","0","0","0","0","0"
"11256  :  โรงพยาบาลวังทอง","3","0","0","0","0","0","0","0","1","0","0","1","1"
"11257  :  โรงพยาบาลเนินมะปราง","1","0","0","0","0","0","1","0","0","0","0","0","0"
"11455  :  โรงพยาบาลสมเด็จพระยุพราชนครไทย","32","0","3","3","1","2","5","4","3","6","3","2","0"
"11517  :  โรงพยาบาลค่ายสมเด็จพระนเรศวร","0","0","0","0","0","0","0","0","0","0","0","0","0"
"14972  :  โรงพยาบาลมหาวิทยาลัยนเรศวร","0","0","0","0","0","0","0","0","0","0","0","0","0"
"41429  :  โรงพยาบาลจิตเวชพิษณุโลก","0","0","0","0","0","0","0","0","0","0","0","0","0"
"10726  :  โรงพยาบาลพิจิตร","156","4","2","3","2","1","1","77","61","0","0","2","3"
"11258  :  โรงพยาบาลวังทรายพูน","0","0","0","0","0","0","0","0","0","0","0","0","0"
"11259  :  โรงพยาบาลโพธิ์ประทับช้าง","0","0","0","0","0","0","0","0","0","0","0","0","0"
"11260  :  โรงพยาบาลบางมูลนาก","195","15","1","3","69","63","17","5","0","6","3","6","7"
"11261  :  โรงพยาบาลโพทะเล","1","0","0","0","0","0","1","0","0","0","0","0","0"
"11262  :  โรงพยาบาลสามง่าม","8","0","0","1","1","0","3","0","1","0","0","1","1"
"11263  :  โรงพยาบาลทับคล้อ","0","0","0","0","0","0","0","0","0","0","0","0","0"
"11456  :  โรงพยาบาลสมเด็จพระยุพราชตะพานหิน","0","0","0","0","0","0","0","0","0","0","0","0","0"
"11631  :  โรงพยาบาลวชิรบารมี","0","0","0","0","0","0","0","0","0","0","0","0","0"
"27978  :  โรงพยาบาลสากเหล็ก","21","0","0","0","0","0","2","0","0","15","3","1","0"
"27979  :  โรงพยาบาลบึงนาราง","1","0","0","0","0","0","1","0","0","0","0","0","0"
"27980  :  โรงพยาบาลดงเจริญ","0","0","0","0","0","0","0","0","0","0","0","0","0"
"10727  :  โรงพยาบาลเพชรบูรณ์","0","0","0","0","0","0","0","0","0","0","0","0","0"
"11264  :  โรงพยาบาลชนแดน","152","18","19","13","12","9","18","9","9","13","14","7","11"
"11265  :  โรงพยาบาลหล่มสัก","0","0","0","0","0","0","0","0","0","0","0","0","0"
"11266  :  โรงพยาบาลวิเชียรบุรี","0","0","0","0","0","0","0","0","0","0","0","0","0"
"11267  :  โรงพยาบาลศรีเทพ","0","0","0","0","0","0","0","0","0","0","0","0","0"
"11268  :  โรงพยาบาลหนองไผ่","0","0","0","0","0","0","0","0","0","0","0","0","0"
"11269  :  โรงพยาบาลบึงสามพัน","95","0","0","0","0","5","48","42","0","0","0","0","0"
"11270  :  โรงพยาบาลน้ำหนาว","231","45","20","27","17","10","15","72","12","13","0","0","0"
"11271  :  โรงพยาบาลวังโป่ง","2","0","0","0","1","0","1","0","0","0","0","0","0"
"11272  :  โรงพยาบาลเขาค้อ","384","39","49","30","25","26","21","26","37","46","28","28","29"
"11457  :  โรงพยาบาลสมเด็จพระยุพราชหล่มเก่า","0","0","0","0","0","0","0","0","0","0","0","0","0"
"11946  :  โรงพยาบาลค่ายพ่อขุนผาเมือง","0","0","0","0","0","0","0","0","0","0","0","0","0"
"10677  :  โรงพยาบาลราชบุรี","1,756","282","173","173","146","121","185","103","87","158","110","102","116"
"10728  :  โรงพยาบาลดำเนินสะดวก","112","10","16","27","10","8","17","12","8","4","0","0","0"
"10729  :  โรงพยาบาลบ้านโป่ง","3","0","0","0","0","0","0","0","0","0","2","1","0"
"10730  :  โรงพยาบาลโพธาราม","2,530","506","305","236","139","401","322","324","87","50","58","49","53"
"11273  :  โรงพยาบาลสวนผึ้ง","0","0","0","0","0","0","0","0","0","0","0","0","0"
"11274  :  โรงพยาบาลบางแพ","0","0","0","0","0","0","0","0","0","0","0","0","0"
"11275  :  โรงพยาบาลเจ็ดเสมียน","14","0","0","14","0","0","0","0","0","0","0","0","0"
"11276  :  โรงพยาบาลปากท่อ","50","0","1","0","0","0","6","10","7","6","5","10","5"
"11277  :  โรงพยาบาลวัดเพลง","588","72","55","27","41","41","47","37","40","29","129","36","34"
"11458  :  โรงพยาบาลสมเด็จพระยุพราชจอมบึง","0","0","0","0","0","0","0","0","0","0","0","0","0"
"11519  :  โรงพยาบาลค่ายภาณุรังษี","0","0","0","0","0","0","0","0","0","0","0","0","0"
"12093  :  สถานพยาบาลแพทย์ประดิษฐ์","0","0","0","0","0","0","0","0","0","0","0","0","0"
"12097  :  มหาชัยพร้อมแพทย์โรงพยาบาลทั่วไปขนาดกลาง","0","0","0","0","0","0","0","0","0","0","0","0","0"
"12098  :  โรงพยาบาลกรุงเทพเมืองราชโรงพยาบาลทั่วไปขนาดใหญ่","0","0","0","0","0","0","0","0","0","0","0","0","0"
"12103  :  โรงพยาบาลซานคามิลโล","0","0","0","0","0","0","0","0","0","0","0","0","0"
"12286  :  โรงพยาบาลส่งเสริมสุขภาพ ศูนย์อนามัยที่ 5","0","0","0","0","0","0","0","0","0","0","0","0","0"
"28858  :  โรงพยาบาลบ้านคา","1","0","0","0","1","0","0","0","0","0","0","0","0"
"10731  :  โรงพยาบาลพหลพลพยุหเสนา","89","15","9","9","9","15","9","9","11","2","1","0","0"
"10732  :  โรงพยาบาลมะการักษ์","53","5","5","4","13","6","5","3","2","1","3","4","2"
"11278  :  โรงพยาบาลไทรโยค","0","0","0","0","0","0","0","0","0","0","0","0","0"
"11279  :  โรงพยาบาลสมเด็จพระปิยมหาราชรมณียเขต","0","0","0","0","0","0","0","0","0","0","0","0","0"
"11280  :  โรงพยาบาลบ่อพลอย","0","0","0","0","0","0","0","0","0","0","0","0","0"
"11281  :  โรงพยาบาลท่ากระดาน","0","0","0","0","0","0","0","0","0","0","0","0","0"
"11282  :  โรงพยาบาลสมเด็จพระสังฆราชองค์ที่ ๑๙","2","0","0","0","0","0","0","0","1","1","0","0","0"
"11283  :  โรงพยาบาลทองผาภูมิ","1","0","0","0","1","0","0","0","0","0","0","0","0"
"11284  :  โรงพยาบาลสังขละบุรี","28","0","0","0","0","0","0","0","1","1","7","10","9"
"11285  :  โรงพยาบาลเจ้าคุณไพบูลย์พนมทวน","42","2","8","31","0","0","0","0","0","1","0","0","0"
"11286  :  โรงพยาบาลเลาขวัญ","0","0","0","0","0","0","0","0","0","0","0","0","0"
"11287  :  โรงพยาบาลด่านมะขามเตี้ย","260","2","2","1","0","0","0","0","69","185","0","0","1"
"11288  :  โรงพยาบาลสถานพระบารมี","0","0","0","0","0","0","0","0","0","0","0","0","0"
"11520  :  โรงพยาบาลค่ายสุรสีห์","0","0","0","0","0","0","0","0","0","0","0","0","0"
"14136  :  โรงพยาบาลศุกร์ศิริศรีสวัสดิ์","1","0","0","0","0","0","0","0","0","0","0","0","1"
"21948  :  โรงพยาบาลห้วยกระเจา เฉลิมพระเกียรติ 80 พรรษา","0","0","0","0","0","0","0","0","0","0","0","0","0"
"41701  :  โรงพยาบาลหนองปรือ","0","0","0","0","0","0","0","0","0","0","0","0","0"
"10678  :  โรงพยาบาลเจ้าพระยายมราช","1","0","0","0","0","0","0","0","1","0","0","0","0"
"10733  :  โรงพยาบาลสมเด็จพระสังฆราชองค์ที่17","2","1","0","0","0","0","0","0","0","0","1","0","0"
"11289  :  โรงพยาบาลเดิมบางนางบวช","82","0","0","0","79","0","0","1","0","1","0","1","0"
"11290  :  โรงพยาบาลด่านช้าง","24","2","0","0","3","0","7","2","2","2","1","2","3"
"11291  :  โรงพยาบาลบางปลาม้า","97","0","0","0","0","0","0","0","0","89","1","1","6"
"11292  :  โรงพยาบาลศรีประจันต์","1","0","0","0","0","0","0","0","1","0","0","0","0"
"11293  :  โรงพยาบาลดอนเจดีย์","6","1","1","1","0","1","1","0","0","0","0","1","0"
"11294  :  โรงพยาบาลสามชุก","4","0","0","0","3","0","0","0","0","0","0","1","0"
"11295  :  โรงพยาบาลอู่ทอง","95","12","11","7","5","5","4","12","5","8","10","10","6"
"11296  :  โรงพยาบาลหนองหญ้าไซ","1","0","0","0","0","0","0","0","0","1","0","0","0"
"12123  :  โรงพยาบาลวิภาวดี-ปิยราษฎร์","0","0","0","0","0","0","0","0","0","0","0","0","0"
"10679  :  โรงพยาบาลนครปฐม","0","0","0","0","0","0","0","0","0","0","0","0","0"
"11297  :  โรงพยาบาลกำแพงแสน","0","0","0","0","0","0","0","0","0","0","0","0","0"
"11298  :  โรงพยาบาลนครชัยศรี","19","1","1","2","0","2","3","1","1","0","3","3","2"
"11299  :  โรงพยาบาลห้วยพลู","704","97","65","65","69","46","54","39","83","43","40","58","45"
"11300  :  โรงพยาบาลดอนตูม","1","0","0","0","0","0","1","0","0","0","0","0","0"
"11301  :  โรงพยาบาลบางเลน","0","0","0","0","0","0","0","0","0","0","0","0","0"
"11302  :  โรงพยาบาลสามพราน","3","0","0","1","0","0","1","0","0","1","0","0","0"
"11303  :  โรงพยาบาลพุทธมณฑล","0","0","0","0","0","0","0","0","0","0","0","0","0"
"11473  :  โรงพยาบาลเมตตาประชารักษ์(วัดไร่ขิง)","0","0","0","0","0","0","0","0","0","0","0","0","0"
"11521  :  โรงพยาบาลจันทรุเบกษา","0","0","0","0","0","0","0","0","0","0","0","0","0"
"13819  :  โรงพยาบาลหลวงพ่อเปิ่น","54","0","0","0","36","12","5","0","0","0","0","0","1"
"10734  :  โรงพยาบาลสมุทรสาคร","8","0","0","0","0","0","0","0","0","3","3","1","1"
"11304  :  โรงพยาบาลกระทุ่มแบน","48","3","9","7","12","5","5","5","1","0","0","1","0"
"11305  :  โรงพยาบาลบ้านแพ้ว","0","0","0","0","0","0","0","0","0","0","0","0","0"
"12137  :  โรงพยาบาลทั่วไปขนาดเล็กเจษฎา","0","0","0","0","0","0","0","0","0","0","0","0","0"
"10735  :  โรงพยาบาลสมเด็จพระพุทธเลิศหล้า","102","13","8","2","7","5","8","3","6","11","9","16","14"
"11306  :  โรงพยาบาลนภาลัย","0","0","0","0","0","0","0","0","0","0","0","0","0"
"11307  :  โรงพยาบาลอัมพวา","130","1","5","7","6","4","0","1","3","6","1","2","94"
"10736  :  โรงพยาบาลพระจอมเกล้า","0","0","0","0","0","0","0","0","0","0","0","0","0"
"11308  :  โรงพยาบาลเขาย้อย","448","118","88","36","90","56","60","0","0","0","0","0","0"
"11309  :  โรงพยาบาลหนองหญ้าปล้อง","36","0","0","0","0","0","0","0","0","0","31","3","2"
"11310  :  โรงพยาบาลชะอำ","0","0","0","0","0","0","0","0","0","0","0","0","0"
"11311  :  โรงพยาบาลท่ายาง","77","0","0","0","0","0","0","0","0","0","0","0","77"
"11312  :  โรงพยาบาลบ้านลาด","0","0","0","0","0","0","0","0","0","0","0","0","0"
"11313  :  โรงพยาบาลบ้านแหลม","0","0","0","0","0","0","0","0","0","0","0","0","0"
"11314  :  โรงพยาบาลแก่งกระจาน","1","0","0","0","0","0","0","1","0","0","0","0","0"
"10737  :  โรงพยาบาลประจวบคีรีขันธ์","0","0","0","0","0","0","0","0","0","0","0","0","0"
"11315  :  โรงพยาบาลกุยบุรี","0","0","0","0","0","0","0","0","0","0","0","0","0"
"11316  :  โรงพยาบาลทับสะแก","1","0","1","0","0","0","0","0","0","0","0","0","0"
"11317  :  โรงพยาบาลบางสะพาน","0","0","0","0","0","0","0","0","0","0","0","0","0"
"11318  :  โรงพยาบาลบางสะพานน้อย","0","0","0","0","0","0","0","0","0","0","0","0","0"
"11319  :  โรงพยาบาลปราณบุรี","3","0","0","0","0","0","0","3","0","0","0","0","0"
"11320  :  โรงพยาบาลหัวหิน","0","0","0","0","0","0","0","0","0","0","0","0","0"
"11321  :  โรงพยาบาลสามร้อยยอด","1","0","0","0","0","0","0","1","0","0","0","0","0"
"11500  :  โรงพยาบาลกองบิน 5","0","0","0","0","0","0","0","0","0","0","0","0","0"
"11522  :  โรงพยาบาลค่ายธนะรัชต์","0","0","0","0","0","0","0","0","0","0","0","0","0"
"12471  :  สถานีกาชาดหัวหินเฉลิมพระเกียรติ","0","0","0","0","0","0","0","0","0","0","0","0","0"
"10680  :  โรงพยาบาลมหาราชนครศรีธรรมราช","0","0","0","0","0","0","0","0","0","0","0","0","0"
"11322  :  โรงพยาบาลพรหมคีรี","0","0","0","0","0","0","0","0","0","0","0","0","0"
"11324  :  โรงพยาบาลลานสะกา","1","0","0","0","1","0","0","0","0","0","0","0","0"
"11325  :  โรงพยาบาลสมเด็จพระยุพราชฉวาง","0","0","0","0","0","0","0","0","0","0","0","0","0"
"11326  :  โรงพยาบาลพิปูน","176","17","14","24","16","17","17","13","15","11","5","9","18"
"11327  :  โรงพยาบาลเชียรใหญ่","1","0","0","0","0","0","0","0","0","0","0","1","0"
"11328  :  โรงพยาบาลชะอวด","56","0","0","0","0","0","0","0","0","13","20","10","13"
"11329  :  โรงพยาบาลท่าศาลา","749","0","0","0","0","0","309","200","108","61","20","51","0"
"11330  :  โรงพยาบาลทุ่งสง","0","0","0","0","0","0","0","0","0","0","0","0","0"
"11331  :  โรงพยาบาลนาบอน","0","0","0","0","0","0","0","0","0","0","0","0","0"
"11332  :  โรงพยาบาลทุ่งใหญ่","0","0","0","0","0","0","0","0","0","0","0","0","0"
"11333  :  โรงพยาบาลปากพนัง","10","0","1","2","3","2","0","1","0","1","0","0","0"
"11334  :  โรงพยาบาลร่อนพิบูลย์","455","0","360","1","0","51","0","0","30","0","0","13","0"
"11335  :  โรงพยาบาลสิชล","247","18","19","49","31","37","34","21","5","13","5","3","12"
"11336  :  โรงพยาบาลขนอม","8","0","0","0","0","8","0","0","0","0","0","0","0"
"11337  :  โรงพยาบาลหัวไทร","0","0","0","0","0","0","0","0","0","0","0","0","0"
"11338  :  โรงพยาบาลบางขัน","0","0","0","0","0","0","0","0","0","0","0","0","0"
"11339  :  โรงพยาบาลถ้ำพรรณรา","0","0","0","0","0","0","0","0","0","0","0","0","0"
"11523  :  โรงพยาบาลค่ายวชิราวุธ","0","0","0","0","0","0","0","0","0","0","0","0","0"
"11660  :  โรงพยาบาลจุฬาภรณ์","0","0","0","0","0","0","0","0","0","0","0","0","0"
"12287  :  โรงพยาบาลส่งเสริมสุขภาพ ศูนย์อนามัยที่ 11","213","4","20","25","14","0","29","25","26","21","14","21","14"
"12472  :  สถานีกาชาดสิริธร (สถานีกาชาดที่ 12 ทุ่งสง)","0","0","0","0","0","0","0","0","0","0","0","0","0"
"14918  :  โรงพยาบาลค่ายเทพสตรีศรีสุนทร","0","0","0","0","0","0","0","0","0","0","0","0","0"
"21771  :  โรงพยาบาลเทศบาลนครนครศรีธรรมราช","1","0","0","0","0","0","0","0","1","0","0","0","0"
"40491  :  โรงพยาบาลเฉลิมพระเกียรติ","0","0","0","0","0","0","0","0","0","0","0","0","0"
"40492  :  โรงพยาบาลพ่อท่านคล้ายวาจาสิทธิ์","0","0","0","0","0","0","0","0","0","0","0","0","0"
"40742  :  โรงพยาบาลนบพิตำ","116","0","0","0","0","0","0","0","0","0","0","47","69"
"40743  :  โรงพยาบาลพระพรหม","0","0","0","0","0","0","0","0","0","0","0","0","0"
"40970  :  โรงพยาบาลศูนย์การแพทย์มหาวิทยาลัยวลัยลักษณ์","0","0","0","0","0","0","0","0","0","0","0","0","0"
"10738  :  โรงพยาบาลกระบี่","0","0","0","0","0","0","0","0","0","0","0","0","0"
"11340  :  โรงพยาบาลเขาพนม","0","0","0","0","0","0","0","0","0","0","0","0","0"
"11341  :  โรงพยาบาลเกาะลันตา","0","0","0","0","0","0","0","0","0","0","0","0","0"
"11342  :  โรงพยาบาลคลองท่อม","0","0","0","0","0","0","0","0","0","0","0","0","0"
"11343  :  โรงพยาบาลอ่าวลึก","368","0","1","19","5","0","24","0","14","193","112","0","0"
"11344  :  โรงพยาบาลปลายพระยา","165","15","18","13","19","12","17","16","13","13","12","8","9"
"11345  :  โรงพยาบาลลำทับ","0","0","0","0","0","0","0","0","0","0","0","0","0"
"11346  :  โรงพยาบาลเหนือคลอง","183","0","0","1","0","0","2","75","42","46","13","3","1"
"77753  :  โรงพยาบาลเกาะพีพี","0","0","0","0","0","0","0","0","0","0","0","0","0"
"10739  :  โรงพยาบาลพังงา","0","0","0","0","0","0","0","0","0","0","0","0","0"
"10740  :  โรงพยาบาลตะกั่วป่า","0","0","0","0","0","0","0","0","0","0","0","0","0"
"11347  :  โรงพยาบาลเกาะยาวชัยพัฒน์","0","0","0","0","0","0","0","0","0","0","0","0","0"
"11348  :  โรงพยาบาลกะปงชัยพัฒน์","24","0","0","3","0","1","3","6","1","3","3","3","1"
"11349  :  โรงพยาบาลตะกั่วทุ่ง","0","0","0","0","0","0","0","0","0","0","0","0","0"
"11350  :  โรงพยาบาลบางไทร","0","0","0","0","0","0","0","0","0","0","0","0","0"
"11352  :  โรงพยาบาลคุระบุรีชัยพัฒน์","0","0","0","0","0","0","0","0","0","0","0","0","0"
"11353  :  โรงพยาบาลทับปุด","30","1","0","6","3","1","6","1","0","2","2","4","4"
"11354  :  โรงพยาบาลท้ายเหมืองชัยพัฒน์","0","0","0","0","0","0","0","0","0","0","0","0","0"
"10741  :  โรงพยาบาลวชิระภูเก็ต","0","0","0","0","0","0","0","0","0","0","0","0","0"
"11355  :  โรงพยาบาลป่าตอง","0","0","0","0","0","0","0","0","0","0","0","0","0"
"11356  :  โรงพยาบาลถลาง","10","0","0","2","0","0","3","3","0","1","1","0","0"
"24678  :  โรงพยาบาลองค์การบริหารส่วนจังหวัดภูเก็ต","0","0","0","0","0","0","0","0","0","0","0","0","0"
"41436  :  โรงพยาบาลฉลอง","0","0","0","0","0","0","0","0","0","0","0","0","0"
"09192  :  โรงพยาบาลเกาะเต่า","2","0","0","0","1","0","1","0","0","0","0","0","0"
"10681  :  โรงพยาบาลสุราษฎร์ธานี","0","0","0","0","0","0","0","0","0","0","0","0","0"
"10742  :  โรงพยาบาลเกาะสมุย","0","0","0","0","0","0","0","0","0","0","0","0","0"
"11357  :  โรงพยาบาลกาญจนดิษฐ์","3","0","0","0","0","0","0","0","0","0","1","0","2"
"11358  :  โรงพยาบาลดอนสัก","14","0","0","0","0","0","0","4","2","5","1","1","1"
"11359  :  โรงพยาบาลเกาะพงัน","337","27","21","19","16","21","44","41","58","29","31","14","16"
"11360  :  โรงพยาบาลไชยา","0","0","0","0","0","0","0","0","0","0","0","0","0"
"11361  :  โรงพยาบาลท่าชนะ","0","0","0","0","0","0","0","0","0","0","0","0","0"
"11362  :  โรงพยาบาลคีรีรัฐนิคม","0","0","0","0","0","0","0","0","0","0","0","0","0"
"11363  :  โรงพยาบาลบ้านตาขุน","88","0","0","0","0","0","0","48","31","9","0","0","0"
"11364  :  โรงพยาบาลพนม","1","0","0","0","1","0","0","0","0","0","0","0","0"
"11365  :  โรงพยาบาลท่าฉาง","60","0","0","0","0","1","17","10","6","9","3","7","7"
"11366  :  โรงพยาบาลบ้านนาสาร","781","0","0","0","4","82","213","202","144","95","41","0","0"
"11367  :  โรงพยาบาลบ้านนาเดิม","6","0","0","0","0","5","1","0","0","0","0","0","0"
"11368  :  โรงพยาบาลเคียนซา","0","0","0","0","0","0","0","0","0","0","0","0","0"
"11369  :  โรงพยาบาลพระแสง","0","0","0","0","0","0","0","0","0","0","0","0","0"
"11370  :  โรงพยาบาลพุนพิน","0","0","0","0","0","0","0","0","0","0","0","0","0"
"11371  :  โรงพยาบาลชัยบุรี","0","0","0","0","0","0","0","0","0","0","0","0","0"
"11459  :  โรงพยาบาลสมเด็จพระยุพราชเวียงสระ","0","0","0","0","0","0","0","0","0","0","0","0","0"
"11654  :  โรงพยาบาลวิภาวดี","0","0","0","0","0","0","0","0","0","0","0","0","0"
"12289  :  โรงพยาบาลสวนสราญรมย์","0","0","0","0","0","0","0","0","0","0","0","0","0"
"14138  :  โรงพยาบาลท่าโรงช้าง","0","0","0","0","0","0","0","0","0","0","0","0","0"
"14203  :  โรงพยาบาลมะเร็งสุราษฎร์ธานี","0","0","0","0","0","0","0","0","0","0","0","0","0"
"14862  :  โรงพยาบาลกองบิน7","0","0","0","0","0","0","0","0","0","0","0","0","0"
"14901  :  โรงพยาบาลค่ายวิภาวดีรังสิต","0","0","0","0","0","0","0","0","0","0","0","0","0"
"40915  :  สถาบันสุขภาพจิตเด็กและวัยรุ่นภาคใต้","0","0","0","0","0","0","0","0","0","0","0","0","0"
"10743  :  โรงพยาบาลระนอง","0","0","0","0","0","0","0","0","0","0","0","0","0"
"11323  :  โรงพยาบาลละอุ่น","0","0","0","0","0","0","0","0","0","0","0","0","0"
"11372  :  โรงพยาบาลกะเปอร์","0","0","0","0","0","0","0","0","0","0","0","0","0"
"11373  :  โรงพยาบาลกระบุรี","65","0","0","0","0","0","0","0","0","9","14","21","21"
"11374  :  โรงพยาบาลสุขสำราญ","94","0","0","0","0","0","0","0","0","2","0","87","5"
"10744  :  โรงพยาบาลชุมพรเขตรอุดมศักดิ์","0","0","0","0","0","0","0","0","0","0","0","0","0"
"11375  :  โรงพยาบาลปากน้ำชุมพร","0","0","0","0","0","0","0","0","0","0","0","0","0"
"11376  :  โรงพยาบาลท่าแซะ","0","0","0","0","0","0","0","0","0","0","0","0","0"
"11377  :  โรงพยาบาลปะทิว","0","0","0","0","0","0","0","0","0","0","0","0","0"
"11378  :  โรงพยาบาลมาบอำมฤต","33","0","0","3","4","22","1","1","1","0","0","1","0"
"11379  :  โรงพยาบาลหลังสวน","0","0","0","0","0","0","0","0","0","0","0","0","0"
"11380  :  โรงพยาบาลปากน้ำหลังสวน","0","0","0","0","0","0","0","0","0","0","0","0","0"
"11381  :  โรงพยาบาลละแม","4","0","0","0","1","0","1","0","0","0","2","0","0"
"11382  :  โรงพยาบาลพะโต๊ะ","2","0","0","0","0","0","0","0","1","0","0","1","0"
"11383  :  โรงพยาบาลสวี","688","0","0","0","0","336","274","78","0","0","0","0","0"
"11385  :  โรงพยาบาลทุ่งตะโก","0","0","0","0","0","0","0","0","0","0","0","0","0"
"11525  :  โรงพยาบาลค่ายเขตอุดมศักดิ์","0","0","0","0","0","0","0","0","0","0","0","0","0"
"10682  :  โรงพยาบาลหาดใหญ่","0","0","0","0","0","0","0","0","0","0","0","0","0"
"10745  :  โรงพยาบาลสงขลา","0","0","0","0","0","0","0","0","0","0","0","0","0"
"11386  :  โรงพยาบาลสทิงพระ","0","0","0","0","0","0","0","0","0","0","0","0","0"
"11387  :  โรงพยาบาลจะนะ","0","0","0","0","0","0","0","0","0","0","0","0","0"
"11388  :  โรงพยาบาลสมเด็จพระบรมราชินีนาถ ณ  อำเภอนาทวี","0","0","0","0","0","0","0","0","0","0","0","0","0"
"11390  :  โรงพยาบาลเทพา","0","0","0","0","0","0","0","0","0","0","0","0","0"
"11391  :  โรงพยาบาลสะบ้าย้อย","0","0","0","0","0","0","0","0","0","0","0","0","0"
"11392  :  โรงพยาบาลระโนด","0","0","0","0","0","0","0","0","0","0","0","0","0"
"11393  :  โรงพยาบาลกระแสสินธุ์","0","0","0","0","0","0","0","0","0","0","0","0","0"
"11394  :  โรงพยาบาลรัตภูมิ","0","0","0","0","0","0","0","0","0","0","0","0","0"
"11395  :  โรงพยาบาลสะเดา","0","0","0","0","0","0","0","0","0","0","0","0","0"
"11396  :  โรงพยาบาลนาหม่อม","0","0","0","0","0","0","0","0","0","0","0","0","0"
"11397  :  โรงพยาบาลควนเนียง","0","0","0","0","0","0","0","0","0","0","0","0","0"
"11398  :  โรงพยาบาลปาดังเบซาร์","0","0","0","0","0","0","0","0","0","0","0","0","0"
"11399  :  โรงพยาบาลบางกล่ำ","0","0","0","0","0","0","0","0","0","0","0","0","0"
"11400  :  โรงพยาบาลสิงหนคร","0","0","0","0","0","0","0","0","0","0","0","0","0"
"11401  :  โรงพยาบาลคลองหอยโข่ง","0","0","0","0","0","0","0","0","0","0","0","0","0"
"12290  :  โรงพยาบาลจิตเวชสงขลาราชนครินทร์","0","0","0","0","0","0","0","0","0","0","0","0","0"
"14194  :  โรงพยาบาลธัญญารักษ์สงขลา","0","0","0","0","0","0","0","0","0","0","0","0","0"
"10746  :  โรงพยาบาลสตูล","582","0","3","0","20","22","261","0","78","91","93","12","2"
"11402  :  โรงพยาบาลควนโดน","49","7","5","2","8","1","6","5","2","2","0","9","2"
"11403  :  โรงพยาบาลควนกาหลง","416","65","27","121","32","26","34","21","18","16","15","14","27"
"11404  :  โรงพยาบาลท่าแพ","0","0","0","0","0","0","0","0","0","0","0","0","0"
"11405  :  โรงพยาบาลละงู","499","34","26","23","36","49","55","35","82","56","30","29","44"
"11406  :  โรงพยาบาลทุ่งหว้า","47","0","0","0","16","0","0","0","0","0","7","11","13"
"28786  :  โรงพยาบาลมะนัง","0","0","0","0","0","0","0","0","0","0","0","0","0"
"10683  :  โรงพยาบาลตรัง","0","0","0","0","0","0","0","0","0","0","0","0","0"
"11407  :  โรงพยาบาลกันตัง","1","0","0","0","1","0","0","0","0","0","0","0","0"
"11408  :  โรงพยาบาลย่านตาขาว","0","0","0","0","0","0","0","0","0","0","0","0","0"
"11409  :  โรงพยาบาลปะเหลียน","0","0","0","0","0","0","0","0","0","0","0","0","0"
"11410  :  โรงพยาบาลสิเกา","0","0","0","0","0","0","0","0","0","0","0","0","0"
"11411  :  โรงพยาบาลห้วยยอด","92","0","0","20","20","32","7","1","0","6","3","1","2"
"11412  :  โรงพยาบาลวังวิเศษ","0","0","0","0","0","0","0","0","0","0","0","0","0"
"11413  :  โรงพยาบาลนาโยง","106","0","1","0","1","0","0","1","94","6","1","1","1"
"12226  :  โรงพยาบาลวัฒนแพทย์","0","0","0","0","0","0","0","0","0","0","0","0","0"
"12230  :  โรงพยาบาล ทีอาร์พีเอช โรงพยาบาลทั่วไปขนาดใหญ่","0","0","0","0","0","0","0","0","0","0","0","0","0"
"13755  :  โรงพยาบาลโรคผิวหนังเขตร้อนภาคใต้ จังหวัดตรัง","0","0","0","0","0","0","0","0","0","0","0","0","0"
"14139  :  โรงพยาบาลรัษฎา","230","6","5","7","192","1","1","3","2","2","2","3","6"
"28817  :  โรงพยาบาลหาดสำราญเฉลิมพระเกียรติ 80 พรรษา","0","0","0","0","0","0","0","0","0","0","0","0","0"
"10747  :  โรงพยาบาลพัทลุง","1,675","310","180","119","181","123","141","102","77","125","96","102","119"
"11414  :  โรงพยาบาลกงหรา","251","31","34","18","13","6","16","8","14","21","68","13","9"
"11415  :  โรงพยาบาลเขาชัยสน","2","0","0","1","1","0","0","0","0","0","0","0","0"
"11416  :  โรงพยาบาลตะโหมด","1","0","0","0","0","0","0","0","0","0","0","0","1"
"11417  :  โรงพยาบาลควนขนุน","1","0","1","0","0","0","0","0","0","0","0","0","0"
"11418  :  โรงพยาบาลปากพะยูน","0","0","0","0","0","0","0","0","0","0","0","0","0"
"11419  :  โรงพยาบาลศรีบรรพต","9","0","0","0","0","0","1","1","1","0","1","5","0"
"11420  :  โรงพยาบาลป่าบอน","358","1","210","69","6","3","3","22","6","10","19","8","1"
"11421  :  โรงพยาบาลบางแก้ว","225","21","11","29","30","8","16","11","10","13","18","20","38"
"11422  :  โรงพยาบาลป่าพะยอม","331","21","15","14","20","15","31","40","39","39","44","30","23"
"24673  :  โรงพยาบาลศรีนครินทร์(ปัญญานันทภิขุ)","0","0","0","0","0","0","0","0","0","0","0","0","0"
"10748  :  โรงพยาบาลปัตตานี","400","83","45","17","49","17","15","53","26","31","33","17","14"
"11423  :  โรงพยาบาลโคกโพธิ์","2","0","0","0","0","0","0","2","0","0","0","0","0"
"11424  :  โรงพยาบาลหนองจิก","163","24","18","8","12","27","13","11","12","14","7","7","10"
"11425  :  โรงพยาบาลปะนาเระ","0","0","0","0","0","0","0","0","0","0","0","0","0"
"11426  :  โรงพยาบาลมายอ","462","87","36","34","33","42","39","52","29","27","39","25","19"
"11427  :  โรงพยาบาลทุ่งยางแดง","52","0","0","0","0","0","1","4","10","11","10","8","8"
"11428  :  โรงพยาบาลไม้แก่น","0","0","0","0","0","0","0","0","0","0","0","0","0"
"11429  :  โรงพยาบาลยะหริ่ง","0","0","0","0","0","0","0","0","0","0","0","0","0"
"11430  :  โรงพยาบาลยะรัง","0","0","0","0","0","0","0","0","0","0","0","0","0"
"11431  :  โรงพยาบาลแม่ลาน","0","0","0","0","0","0","0","0","0","0","0","0","0"
"11460  :  โรงพยาบาลสมเด็จพระยุพราชสายบุรี","14","0","0","0","2","9","0","0","0","2","1","0","0"
"11464  :  โรงพยาบาลกะพ้อ","2","2","0","0","0","0","0","0","0","0","0","0","0"
"11529  :  โรงพยาบาลค่ายอิงคยุทธบริหาร","0","0","0","0","0","0","0","0","0","0","0","0","0"
"14195  :  โรงพยาบาลธัญญรักษ์ปัตตานี","0","0","0","0","0","0","0","0","0","0","0","0","0"
"10684  :  โรงพยาบาลยะลา","0","0","0","0","0","0","0","0","0","0","0","0","0"
"10749  :  โรงพยาบาลเบตง","0","0","0","0","0","0","0","0","0","0","0","0","0"
"11432  :  โรงพยาบาลบันนังสตา","56","3","7","1","3","4","10","7","3","2","6","6","4"
"11433  :  โรงพยาบาลธารโต","0","0","0","0","0","0","0","0","0","0","0","0","0"
"11434  :  โรงพยาบาลรามัน","413","28","59","27","26","32","23","47","52","42","46","31","0"
"11461  :  โรงพยาบาลสมเด็จพระยุพราชยะหา","0","0","0","0","0","0","0","0","0","0","0","0","0"
"12238  :  โรงพยาบาลสิโรรส","0","0","0","0","0","0","0","0","0","0","0","0","0"
"13806  :  โรงพยาบาลกาบัง","0","0","0","0","0","0","0","0","0","0","0","0","0"
"14663  :  โรงพยาบาลส่งเสริมสุขภาพ ศูนย์อนามัยที่ 12","0","0","0","0","0","0","0","0","0","0","0","0","0"
"24689  :  โรงพยาบาลกรงปินัง","0","0","0","0","0","0","0","0","0","0","0","0","0"
"10750  :  โรงพยาบาลนราธิวาสราชนครินทร์","3","0","0","0","0","0","0","0","0","1","0","2","0"
"10751  :  โรงพยาบาลสุไหงโก-ลก","0","0","0","0","0","0","0","0","0","0","0","0","0"
"11435  :  โรงพยาบาลตากใบ","0","0","0","0","0","0","0","0","0","0","0","0","0"
"11436  :  โรงพยาบาลบาเจาะ","0","0","0","0","0","0","0","0","0","0","0","0","0"
"11437  :  โรงพยาบาลระแงะ","0","0","0","0","0","0","0","0","0","0","0","0","0"
"11438  :  โรงพยาบาลรือเสาะ","0","0","0","0","0","0","0","0","0","0","0","0","0"
"11439  :  โรงพยาบาลศรีสาคร","0","0","0","0","0","0","0","0","0","0","0","0","0"
"11440  :  โรงพยาบาลแว้ง","0","0","0","0","0","0","0","0","0","0","0","0","0"
"11441  :  โรงพยาบาลสุคิริน","0","0","0","0","0","0","0","0","0","0","0","0","0"
"11442  :  โรงพยาบาลสุไหงปาดี","15","0","0","0","0","0","0","0","0","0","0","15","0"
"13818  :  โรงพยาบาลจะแนะ","0","0","0","0","0","0","0","0","0","0","0","0","0"
"15010  :  โรงพยาบาลเจาะไอร้อง","0","0","0","0","0","0","0","0","0","0","0","0","0"
"23771  :  โรงพยาบาลยี่งอเฉลิมพระเกียรติ 80 พรรษา","0","0","0","0","0","0","0","0","0","0","0","0","0"