"โรงพยาบาล","รวม(ครั้ง)","2559","2560"
"ตค","พย","ธค","มค","กพ","มีค","เมย","พค","มิย","กค","สค","กย"
"11468  :  ทัณฑสถานโรงพยาบาลราชทัณฑ์","0","0","0","0","0","0","0","0","0","0","0","0","0"
"11469  :  โรงพยาบาลเลิดสิน","0","0","0","0","0","0","0","0","0","0","0","0","0"
"11470  :  โรงพยาบาลนพรัตนราชธานี","0","0","0","0","0","0","0","0","0","0","0","0","0"
"11471  :  โรงพยาบาลสงฆ์","0","0","0","0","0","0","0","0","0","0","0","0","0"
"11472  :  โรงพยาบาลราชวิถี","0","0","0","0","0","0","0","0","0","0","0","0","0"
"11477  :  โรงพยาบาลทหารผ่านศึก","0","0","0","0","0","0","0","0","0","0","0","0","0"
"11478  :  โรงพยาบาลสมเด็จพระปิ่นเกล้า","0","0","0","0","0","0","0","0","0","0","0","0","0"
"11481  :  โรงพยาบาลพระมงกุฎเกล้า","0","0","0","0","0","0","0","0","0","0","0","0","0"
"11482  :  โรงพยาบาลภูมิพลอดุลยเดช","0","0","0","0","0","0","0","0","0","0","0","0","0"
"11532  :  โรงพยาบาลสวนเบญจกิติเฉลิมพระเกียรติ84พรรษา","0","0","0","0","0","0","0","0","0","0","0","0","0"
"11534  :  โรงพยาบาลบุรฉัตรไชยากร (รถไฟ)","0","0","0","0","0","0","0","0","0","0","0","0","0"
"11535  :  คณะแพทย์ศาสตร์วชิรพยาบาล มหาวิทยาลัยกรุงเทพมหานคร","0","0","0","0","0","0","0","0","0","0","0","0","0"
"11536  :  โรงพยาบาลเวชการุณย์รัศมิ์","0","0","0","0","0","0","0","0","0","0","0","0","0"
"11537  :  โรงพยาบาลกลาง","0","0","0","0","0","0","0","0","0","0","0","0","0"
"11538  :  โรงพยาบาลลาดกระบังกรุงเทพมหานคร","0","0","0","0","0","0","0","0","0","0","0","0","0"
"11539  :  โรงพยาบาลตากสิน","0","0","0","0","0","0","0","0","0","0","0","0","0"
"11540  :  โรงพยาบาลหลวงพ่อทวีศักดิ์ฯ ชุตินธโร อุทิศ","0","0","0","0","0","0","0","0","0","0","0","0","0"
"11541  :  โรงพยาบาลเจริญกรุงประชารักษ์","0","0","0","0","0","0","0","0","0","0","0","0","0"
"11546  :  โรงพยาบาลบี เอ็น เอช","0","0","0","0","0","0","0","0","0","0","0","0","0"
"11548  :  โรงพยาบาลกรุงเทพคริสเตียน","0","0","0","0","0","0","0","0","0","0","0","0","0"
"11552  :  โรงพยาบาลมเหสักข์","0","0","0","0","0","0","0","0","0","0","0","0","0"
"11559  :  สถานพยาบาลชินเขตงามวงศ์วาน","0","0","0","0","0","0","0","0","0","0","0","0","0"
"11560  :  โรงพยาบาลทั่วไปขนาดใหญ่เปาโล เกษตร","0","0","0","0","0","0","0","0","0","0","0","0","0"
"11565  :  โรงพยาบาลรามคำแหง","0","0","0","0","0","0","0","0","0","0","0","0","0"
"11581  :  โรงพยาบาลผู้สูงอายุขนาดกลางกล้วยน้ำไท 2","0","0","0","0","0","0","0","0","0","0","0","0","0"
"11583  :  โรงพยาบาลกล้วยน้ำไท","0","0","0","0","0","0","0","0","0","0","0","0","0"
"11592  :  โรงพยาบาลบางนา1","0","0","0","0","0","0","0","0","0","0","0","0","0"
"11595  :  นวมินทร์โรงพยาบาลทั่วไปขนาดใหญ่","0","0","0","0","0","0","0","0","0","0","0","0","0"
"11597  :  สถาบันกัลยาณ์ราชนครินทร์","0","0","0","0","0","0","0","0","0","0","0","0","0"
"11600  :  โรงพยาบาลเซนต์หลุยส์","0","0","0","0","0","0","0","0","0","0","0","0","0"
"11603  :  โรงพยาบาลเทียนฟ้ามูลนิธิโรงพยาบาลทั่วไปขนาดกลาง","0","0","0","0","0","0","0","0","0","0","0","0","0"
"11607  :  โรงพยาบาลเปาโลเมโมเรียล","0","0","0","0","0","0","0","0","0","0","0","0","0"
"11609  :  โรงพยาบาลพญาไท 2","0","0","0","0","0","0","0","0","0","0","0","0","0"
"11616  :  โรงพยาบาลสมิติเวชธนบุรี","0","0","0","0","0","0","0","0","0","0","0","0","0"
"11621  :  โรงพยาบาลบางไผ่","0","0","0","0","0","0","0","0","0","0","0","0","0"
"11626  :  โรงพยาบาลคลองตัน","0","0","0","0","0","0","0","0","0","0","0","0","0"
"11628  :  โรงพยาบาลพระราม 9","0","0","0","0","0","0","0","0","0","0","0","0","0"
"11629  :  โรงพยาบาลเพชรเวช","0","0","0","0","0","0","0","0","0","0","0","0","0"
"11640  :  โรงพยาบาลธนบุรี 2","0","0","0","0","0","0","0","0","0","0","0","0","0"
"11641  :  โรงพยาบาลทั่วไปขนาดกลางโรงพยาบาลวิชัยเวช แยกไฟฉาย","0","0","0","0","0","0","0","0","0","0","0","0","0"
"11644  :  โรงพยาบาลเจ้าพระยา","0","0","0","0","0","0","0","0","0","0","0","0","0"
"11645  :  โรงพยาบาลทั่วไปขนาดใหญ่ธนบุรี","0","0","0","0","0","0","0","0","0","0","0","0","0"
"11656  :  โรงพยาบาลเกษมราษฎร์ บางแค","0","0","0","0","0","0","0","0","0","0","0","0","0"
"11661  :  โรงพยาบาลวิชัยเวช อินเตอร์เนชั่นแนล หนองแขม","0","0","0","0","0","0","0","0","0","0","0","0","0"
"11667  :  โรงพยาบาลประชาพัฒน์","0","0","0","0","0","0","0","0","0","0","0","0","0"
"11668  :  โรงพยาบาลสุขสวัสดิ์","0","0","0","0","0","0","0","0","0","0","0","0","0"
"11669  :  โรงพยาบาลราษฏร์บูรณะ","0","0","0","0","0","0","0","0","0","0","0","0","0"
"11670  :  โรงพยาบาลบางปะกอก 1","0","0","0","0","0","0","0","0","0","0","0","0","0"
"11676  :  โรงพยาบาลยันฮี","0","0","0","0","0","0","0","0","0","0","0","0","0"
"11686  :  โรงพยาบาลบางโพ","0","0","0","0","0","0","0","0","0","0","0","0","0"
"11687  :  โรงพยาบาลเกษมราษฎร์ประชาชื่น","0","0","0","0","0","0","0","0","0","0","0","0","0"
"11691  :  โรงพยาบาลวิภาวดี","0","0","0","0","0","0","0","0","0","0","0","0","0"
"11694  :  โรงพยาบาลจักษุรัตนิน","0","0","0","0","0","0","0","0","0","0","0","0","0"
"11697  :  โรงพยาบาลคามิลเลียน","0","0","0","0","0","0","0","0","0","0","0","0","0"
"11699  :  โรงพยาบาลบำรุงราษฎร์","0","0","0","0","0","0","0","0","0","0","0","0","0"
"11703  :  โรงพยาบาลแพทย์ปัญญา","0","0","0","0","0","0","0","0","0","0","0","0","0"
"11708  :  โรงพยาบาลบางมดโรงพยาบาลทั่วไปขนาดใหญ่","0","0","0","0","0","0","0","0","0","0","0","0","0"
"11715  :  โรงพยาบาลพญาไท 1","0","0","0","0","0","0","0","0","0","0","0","0","0"
"11721  :  โรงพยาบาลเปาโลเมโมเรียล โชคชัย 4","0","0","0","0","0","0","0","0","0","0","0","0","0"
"11729  :  โรงพยาบาลลาดพร้าว","0","0","0","0","0","0","0","0","0","0","0","0","0"
"11730  :  โรงพยาบาลไทยนครินทร์","0","0","0","0","0","0","0","0","0","0","0","0","0"
"11750  :  โรงพยาบาลหัวเฉียวโรงพยาบาลทั่วไปขนาดใหญ่","0","0","0","0","0","0","0","0","0","0","0","0","0"
"11811  :  โรงพยาบาลสมิติเวช","0","0","0","0","0","0","0","0","0","0","0","0","0"
"12243  :  สถาบันพัฒนาสุขภาวะเขตเมือง","0","0","0","0","0","0","0","0","0","0","0","0","0"
"12244  :  สถาบันจิตเวชศาสตร์สมเด็จเจ้าพระยา","0","0","0","0","0","0","0","0","0","0","0","0","0"
"12246  :  สถาบันราชานุกูล","0","0","0","0","0","0","0","0","0","0","0","0","0"
"12249  :  สถาบันโรคผิวหนัง","0","0","0","0","0","0","0","0","0","0","0","0","0"
"12250  :  สถาบันมะเร็งแห่งชาติ","0","0","0","0","0","0","0","0","0","0","0","0","0"
"12438  :  สถาบันสุขภาพเด็กแห่งชาติมหาราชินี","0","0","0","0","0","0","0","0","0","0","0","0","0"
"12439  :  สถาบันประสาทวิทยา","0","0","0","0","0","0","0","0","0","0","0","0","0"
"13756  :  โรงพยาบาลจุฬาลงกรณ์สภากาชาดไทย","0","0","0","0","0","0","0","0","0","0","0","0","0"
"13757  :  โรงพยาบาลเวชศาสตร์เขตร้อน มหาวิทยาลัยมหิดล","0","0","0","0","0","0","0","0","0","0","0","0","0"
"13814  :  โรงพยาบาลศิริราช","0","0","0","0","0","0","0","0","0","0","0","0","0"
"14173  :  โรงพยาบาลตำรวจ","0","0","0","0","0","0","0","0","0","0","0","0","0"
"14572  :  โรงพยาบาลบี.แคร์.เมดิคอลเซ็นเตอร์","0","0","0","0","0","0","0","0","0","0","0","0","0"
"14574  :  โรงพยาบาลพญาไท 3","0","0","0","0","0","0","0","0","0","0","0","0","0"
"14577  :  โรงพยาบาลวิภาราม","0","0","0","0","0","0","0","0","0","0","0","0","0"
"14641  :  โรงพยาบาลราชพิพัฒน์","0","0","0","0","0","0","0","0","0","0","0","0","0"
"14908  :  โรงพยาบาลการุญเวช สุขาภิบาล3","0","0","0","0","0","0","0","0","0","0","0","0","0"
"15049  :  โรงพยาบาลสิรินธร","0","0","0","0","0","0","0","0","0","0","0","0","0"
"15147  :  โรงพยาบาลบางปะกอก 8 โรงพยาบาลทั่วไปขนาดใหญ่","0","0","0","0","0","0","0","0","0","0","0","0","0"
"21673  :  โรงพยาบาลซีจีเอช สายไหม โรงพยาบาลทั่วไปขนาดใหญ่","0","0","0","0","0","0","0","0","0","0","0","0","0"
"22155  :  โรงพยาบาลครู","0","0","0","0","0","0","0","0","0","0","0","0","0"
"22737  :  โรงพยาบาลจุฬาภรณ์","0","0","0","0","0","0","0","0","0","0","0","0","0"
"23762  :  โรงพยาบาลนวุติสมเด็จย่า","0","0","0","0","0","0","0","0","0","0","0","0","0"
"23781  :  นวมินทร์ 9โรงพยาบาลทั่วไปขนาดใหญ่","0","0","0","0","0","0","0","0","0","0","0","0","0"
"23783  :  โรงพยาบาลเสรีรักษ์","0","0","0","0","0","0","0","0","0","0","0","0","0"
"24085  :  สถาบันวิจัยการแพทย์แผนไทย","0","0","0","0","0","0","0","0","0","0","0","0","0"
"24748  :  โรงพยาบาลศิริราช ปิยมหาราชการุณย์","0","0","0","0","0","0","0","0","0","0","0","0","0"
"25015  :  โรงพยาบาลทั่วไปขนาดใหญ่มิตรประชา","0","0","0","0","0","0","0","0","0","0","0","0","0"
"25060  :  โรงพยาบาลผู้สูงอายุบางขุนเทียน","0","0","0","0","0","0","0","0","0","0","0","0","0"
"41329  :  โรงพยาบาลเฉพาะประเภทผู้ป่วยสูงอายุ เฌ้อสเซอรี่โฮมขนาดเล็ก","0","0","0","0","0","0","0","0","0","0","0","0","0"
"41414  :  โรงพยาบาลทหารอากาศ (สีกัน)","0","0","0","0","0","0","0","0","0","0","0","0","0"
"77665  :  โรงพยาบาลการแพทย์แผนไทยและการแพทย์ผสมผสาน","0","0","0","0","0","0","0","0","0","0","0","0","0"
"10685  :  โรงพยาบาลสมุทรปราการ","118","7","10","9","9","13","6","12","10","9","10","8","15"
"10752  :  โรงพยาบาลบางบ่อ","22","2","0","1","1","1","2","2","1","3","2","4","3"
"10753  :  โรงพยาบาลบางพลี","67","4","7","4","6","7","10","6","2","3","2","7","9"
"10754  :  โรงพยาบาลบางจาก","18","2","3","0","1","2","0","6","1","0","1","0","2"
"10755  :  โรงพยาบาลพระสมุทรเจดีย์สวาทยานนท์","27","1","1","4","0","0","1","1","1","7","3","4","4"
"11769  :  โรงพยาบาลเซ็นทรัลปาร์ค","0","0","0","0","0","0","0","0","0","0","0","0","0"
"11775  :  โรงพยาบาลเมืองสมุทรปู่เจ้าสมิงพราย","0","0","0","0","0","0","0","0","0","0","0","0","0"
"12251  :  โรงพยาบาลยุวประสาทไวทโยปถัมภ์","0","0","0","0","0","0","0","0","0","0","0","0","0"
"15138  :  โรงพยาบาลเมืองสมุทรบางปูโรงพยาบาลทั่วไปขนาดเล็ก","0","0","0","0","0","0","0","0","0","0","0","0","0"
"28785  :  โรงพยาบาลบางเสาธง","0","0","0","0","0","0","0","0","0","0","0","0","0"
"10686  :  โรงพยาบาลพระนั่งเกล้า","182","14","20","13","14","11","22","18","14","11","10","23","12"
"10756  :  โรงพยาบาลบางกรวย","101","8","7","12","10","10","9","4","8","7","8","9","9"
"10757  :  โรงพยาบาลบางใหญ่","273","26","31","15","22","22","24","17","27","21","26","18","24"
"10758  :  โรงพยาบาลบางบัวทอง","19","2","2","2","1","1","2","3","1","0","1","0","4"
"10759  :  โรงพยาบาลไทรน้อย","54","0","9","2","3","4","2","4","3","5","17","3","2"
"10760  :  โรงพยาบาลปากเกร็ด","67","4","6","11","11","4","5","2","4","13","2","2","3"
"11781  :  โรงพยาบาลนนทเวช","0","0","0","0","0","0","0","0","0","0","0","0","0"
"11786  :  โรงพยาบาลอนันต์พัฒนา 2","0","0","0","0","0","0","0","0","0","0","0","0","0"
"11787  :  โรงพยาบาลเกษมราษฎร์อินเตอร์เนชั่นแนล รัตนาธิเบศร์โรงพยาบาลทั่วไปขนาดใหญ่","0","0","0","0","0","0","0","0","0","0","0","0","0"
"12256  :  สถาบันโรคทรวงอก","0","0","0","0","0","0","0","0","0","0","0","0","0"
"12257  :  สถาบันบำราศนราดูร","0","0","0","0","0","0","0","0","0","0","0","0","0"
"12258  :  สถาบันสิรินธรเพื่อการฟื้นฟูสมรรถภาพทางการแพทย์แห่งชาติ","0","0","0","0","0","0","0","0","0","0","0","0","0"
"12260  :  โรงพยาบาลศรีธัญญา","6","0","0","0","0","0","0","0","1","0","1","4","0"
"13815  :  ศูนย์การแพทย์ปัญญานันทภิกขุ ชลประทาน มหาวิทยาลัยศรีนครินทรวิโรฒ","229","20","25","13","20","19","23","23","16","8","25","23","14"
"22127  :  โรงพยาบาลชลลดา","0","0","0","0","0","0","0","0","0","0","0","0","0"
"28875  :  โรงพยาบาลบางบัวทอง ๒","8","0","1","1","1","1","0","0","0","0","1","1","2"
"10687  :  โรงพยาบาลปทุมธานี","130","4","9","10","10","13","16","8","15","11","9","16","9"
"10761  :  โรงพยาบาลคลองหลวง","22","3","0","4","3","2","2","0","3","1","1","3","0"
"10762  :  โรงพยาบาลธัญบุรี","15","2","2","2","2","0","1","2","2","0","2","0","0"
"10763  :  โรงพยาบาลประชาธิปัตย์","78","6","12","3","6","8","8","3","2","8","10","7","5"
"10764  :  โรงพยาบาลหนองเสือ","30","1","3","2","4","4","2","2","3","2","2","1","4"
"10765  :  โรงพยาบาลลาดหลุมแก้ว","33","6","3","3","4","3","6","0","2","4","0","1","1"
"10766  :  โรงพยาบาลลำลูกกา","36","5","6","5","3","2","4","2","2","3","0","0","4"
"10767  :  โรงพยาบาลสามโคก","18","0","0","0","0","0","0","0","0","3","3","6","6"
"12262  :  สถาบันบำบัดรักษาและฟื้นฟูผู้ติดยาเสพติดแห่งชาติบรมราชชนนี","0","0","0","0","0","0","0","0","0","0","0","0","0"
"14923  :  โรงพยาบาลมหาวชิราลงกรณ ธัญบุรี","0","0","0","0","0","0","0","0","0","0","0","0","0"
"10660  :  โรงพยาบาลพระนครศรีอยุธยา","107","14","5","8","12","11","8","6","10","9","8","10","6"
"10688  :  โรงพยาบาลเสนา","24","2","1","5","4","1","2","3","1","0","2","2","1"
"10768  :  โรงพยาบาลท่าเรือ","1","0","0","0","0","0","0","0","0","0","0","1","0"
"10769  :  โรงพยาบาลสมเด็จพระสังฆราชเจ้า กรมหลวงชินวราลงกรณ (วาสนมหาเถร)","4","0","0","0","0","0","1","1","0","0","0","1","1"
"10770  :  โรงพยาบาลบางไทร","26","2","6","0","1","1","4","1","2","2","5","1","1"
"10771  :  โรงพยาบาลบางบาล","8","0","0","2","0","0","1","0","1","1","0","2","1"
"10772  :  โรงพยาบาลบางปะอิน","24","1","0","0","2","3","4","1","3","4","4","2","0"
"10773  :  โรงพยาบาลบางปะหัน","22","2","2","2","2","4","1","2","1","1","1","2","2"
"10774  :  โรงพยาบาลผักไห่","39","2","8","6","3","1","0","2","5","6","3","1","2"
"10775  :  โรงพยาบาลภาชี","23","3","3","4","2","3","0","1","3","0","2","2","0"
"10776  :  โรงพยาบาลลาดบัวหลวง","23","2","1","1","2","1","5","3","1","4","0","2","1"
"10777  :  โรงพยาบาลวังน้อย","106","6","12","6","6","6","12","13","9","9","1","12","14"
"10778  :  โรงพยาบาลบางซ้าย","10","2","3","0","1","0","0","0","0","0","1","2","1"
"10779  :  โรงพยาบาลอุทัย","36","5","6","4","4","2","3","2","1","3","2","2","2"
"10780  :  โรงพยาบาลมหาราช","4","0","0","0","0","1","0","2","0","1","0","0","0"
"10781  :  โรงพยาบาลบ้านแพรก","13","2","1","1","0","4","1","0","1","1","0","1","1"
"10689  :  โรงพยาบาลอ่างทอง","72","5","5","3","7","10","7","8","9","7","6","3","2"
"10782  :  โรงพยาบาลไชโย","5","0","0","0","0","0","0","0","0","0","1","3","1"
"10784  :  โรงพยาบาลป่าโมก","84","5","7","10","12","13","4","2","7","8","2","7","7"
"10785  :  โรงพยาบาลโพธิ์ทอง","0","0","0","0","0","0","0","0","0","0","0","0","0"
"10786  :  โรงพยาบาลแสวงหา","4","0","0","0","0","2","0","0","1","1","0","0","0"
"10787  :  โรงพยาบาลวิเศษชัยชาญ","30","4","5","2","3","2","5","1","1","2","1","3","1"
"10788  :  โรงพยาบาลสามโก้","3","0","0","0","1","0","0","0","1","1","0","0","0"
"10690  :  โรงพยาบาลพระนารายณ์มหาราช","61","3","0","0","5","2","9","6","7","9","5","4","11"
"10691  :  โรงพยาบาลบ้านหมี่","20","0","1","2","3","2","5","2","0","2","0","1","2"
"10789  :  โรงพยาบาลพัฒนานิคม","10","0","0","0","0","0","0","0","0","0","3","4","3"
"10790  :  โรงพยาบาลโคกสำโรง","49","3","5","2","4","4","6","1","2","8","4","2","8"
"10791  :  โรงพยาบาลชัยบาดาล","14","0","2","5","0","0","0","0","0","3","0","2","2"
"10792  :  โรงพยาบาลท่าวุ้ง","85","5","6","11","12","6","4","10","12","7","4","3","5"
"10793  :  โรงพยาบาลท่าหลวง","13","2","3","2","2","1","0","1","0","0","0","2","0"
"10794  :  โรงพยาบาลสระโบสถ์","0","0","0","0","0","0","0","0","0","0","0","0","0"
"10795  :  โรงพยาบาลโคกเจริญ","0","0","0","0","0","0","0","0","0","0","0","0","0"
"10796  :  โรงพยาบาลลำสนธิ","3","1","1","1","0","0","0","0","0","0","0","0","0"
"10797  :  โรงพยาบาลหนองม่วง","0","0","0","0","0","0","0","0","0","0","0","0","0"
"14199  :  โรงพยาบาลมะเร็งลพบุรี","0","0","0","0","0","0","0","0","0","0","0","0","0"
"14928  :  โรงพยาบาลกองบิน 2","0","0","0","0","0","0","0","0","0","0","0","0","0"
"10692  :  โรงพยาบาลสิงห์บุรี","254","14","23","19","12","24","22","13","24","20","22","33","28"
"10693  :  โรงพยาบาลอินทร์บุรี","16","0","1","3","1","0","3","1","1","0","0","3","3"
"10798  :  โรงพยาบาลบางระจัน","8","1","0","1","0","1","1","0","1","1","0","0","2"
"10799  :  โรงพยาบาลค่ายบางระจัน","12","3","0","0","1","1","0","2","0","1","0","1","3"
"10800  :  โรงพยาบาลพรหมบุรี","73","6","6","9","2","4","11","5","5","7","5","6","7"
"10801  :  โรงพยาบาลท่าช้าง","47","4","9","8","8","1","0","0","8","5","1","0","3"
"10694  :  โรงพยาบาลชัยนาทนเรนทร","104","6","6","13","10","7","10","11","5","8","7","9","12"
"10802  :  โรงพยาบาลมโนรมย์","16","0","0","0","0","1","2","2","1","1","3","2","4"
"10803  :  โรงพยาบาลวัดสิงห์","55","1","4","3","3","3","8","7","9","2","4","4","7"
"10804  :  โรงพยาบาลสรรพยา","18","1","1","2","2","1","0","1","1","2","1","3","3"
"10805  :  โรงพยาบาลสรรคบุรี","84","11","5","9","6","4","7","4","6","8","8","7","9"
"10806  :  โรงพยาบาลหันคา","30","2","3","3","3","2","2","2","2","2","1","6","2"
"27974  :  โรงพยาบาลหนองมะโมง","12","3","0","1","0","0","1","3","1","3","0","0","0"
"27975  :  โรงพยาบาลเนินขาม","0","0","0","0","0","0","0","0","0","0","0","0","0"
"10661  :  โรงพยาบาลสระบุรี","150","17","22","5","12","22","10","7","7","12","13","10","13"
"10695  :  โรงพยาบาลพระพุทธบาท","6","0","3","1","1","1","0","0","0","0","0","0","0"
"10807  :  โรงพยาบาลแก่งคอย","40","1","10","1","4","1","3","5","3","2","4","2","4"
"10808  :  โรงพยาบาลหนองแค","59","3","7","5","8","8","5","1","4","2","5","10","1"
"10809  :  โรงพยาบาลวิหารแดง","0","0","0","0","0","0","0","0","0","0","0","0","0"
"10810  :  โรงพยาบาลหนองแซง","19","1","2","2","1","1","3","2","0","0","0","4","3"
"10811  :  โรงพยาบาลบ้านหมอ","33","0","2","2","2","1","2","5","7","4","2","4","2"
"10812  :  โรงพยาบาลดอนพุด","12","0","2","1","0","4","3","1","0","0","0","0","1"
"10813  :  โรงพยาบาลหนองโดน","8","0","0","0","1","1","0","2","0","1","0","2","1"
"10814  :  โรงพยาบาลเสาไห้เฉลิมพระเกียรติ80พรรษา","6","0","0","1","0","0","1","1","2","0","1","0","0"
"10815  :  โรงพยาบาลมวกเหล็ก","45","2","4","5","2","4","3","2","8","5","1","2","7"
"10816  :  โรงพยาบาลวังม่วงสัทธรรม","8","0","0","0","0","2","1","0","1","0","0","2","2"
"11485  :  โรงพยาบาลค่ายอดิศร","0","0","0","0","0","0","0","0","0","0","0","0","0"
"10662  :  โรงพยาบาลชลบุรี","113","10","13","16","14","15","11","3","3","2","9","13","4"
"10817  :  โรงพยาบาลบ้านบึง","84","9","9","3","6","10","4","4","6","5","9","10","9"
"10818  :  โรงพยาบาลหนองใหญ่","33","0","1","1","2","1","3","4","5","3","3","7","3"
"10819  :  โรงพยาบาลบางละมุง","54","8","5","2","4","3","3","6","6","2","4","6","5"
"10820  :  โรงพยาบาลวัดญาณสังวราราม","40","1","6","3","2","1","2","3","6","4","5","6","1"
"10821  :  โรงพยาบาลพานทอง","14","1","3","1","1","1","3","2","0","2","0","0","0"
"10822  :  โรงพยาบาลพนัสนิคม","208","21","25","11","12","23","18","13","10","17","19","21","18"
"10823  :  โรงพยาบาลแหลมฉบัง","92","4","3","1","6","6","13","9","14","13","6","10","7"
"10824  :  โรงพยาบาลเกาะสีชัง","4","0","0","1","0","1","1","0","1","0","0","0","0"
"10825  :  โรงพยาบาลสัตหีบกม10","1","0","0","0","0","0","0","0","0","0","0","0","1"
"10826  :  โรงพยาบาลบ่อทอง","14","2","1","1","0","0","1","2","0","0","3","2","2"
"11486  :  โรงพยาบาลค่ายนวมินทราชินี","2","0","0","0","0","0","0","0","0","1","1","0","0"
"11487  :  โรงพยาบาลอาภากรเกียรติวงศ์","0","0","0","0","0","0","0","0","0","0","0","0","0"
"13754  :  โรงพยาบาลสมเด็จพระบรมราชเทวี ณ ศรีราชา","0","0","0","0","0","0","0","0","0","0","0","0","0"
"13758  :  โรงพยาบาลสมเด็จพระนางเจ้าสิริกิติ์","0","0","0","0","0","0","0","0","0","0","0","0","0"
"13760  :  โรงพยาบาลมะเร็งชลบุรี","0","0","0","0","0","0","0","0","0","0","0","0","0"
"13766  :  โรงพยาบาลมหาวิทยาลัยบูรพา","32","0","0","3","5","4","1","0","3","4","4","6","2"
"28005  :  โรงพยาบาลเมืองพัทยา","0","0","0","0","0","0","0","0","0","0","0","0","0"
"28006  :  โรงพยาบาลเกาะจันทร์","8","1","1","1","2","3","0","0","0","0","0","0","0"
"10663  :  โรงพยาบาลระยอง","74","6","6","10","8","10","1","5","5","7","1","8","7"
"10827  :  โรงพยาบาลเฉลิมพระเกียรติสมเด็จพระเทพรัตนราชสุดาฯ สยามบรมราชกุมารี ระยอง","22","2","2","3","1","3","5","1","1","2","0","0","2"
"10828  :  โรงพยาบาลบ้านฉาง","0","0","0","0","0","0","0","0","0","0","0","0","0"
"10829  :  โรงพยาบาลแกลง","12","0","5","2","0","1","3","1","0","0","0","0","0"
"10830  :  โรงพยาบาลวังจันทร์","44","4","3","3","4","3","5","2","4","3","3","7","3"
"10831  :  โรงพยาบาลบ้านค่าย","18","2","0","0","1","0","2","0","3","10","0","0","0"
"10832  :  โรงพยาบาลปลวกแดง","3","0","0","1","1","0","0","0","0","0","0","0","1"
"22734  :  โรงพยาบาลเขาชะเมา เฉลิมพระเกียรติ 80 พรรษา","1","0","0","0","0","1","0","0","0","0","0","0","0"
"23962  :  โรงพยาบาลนิคมพัฒนา","1","0","1","0","0","0","0","0","0","0","0","0","0"
"10664  :  โรงพยาบาลพระปกเกล้า","189","9","19","18","9","18","18","14","13","22","26","13","10"
"10834  :  โรงพยาบาลขลุง","20","0","1","0","1","0","5","5","2","1","1","4","0"
"10835  :  โรงพยาบาลท่าใหม่","7","0","0","2","1","0","1","0","2","1","0","0","0"
"10836  :  โรงพยาบาลเขาสุกิม","26","5","6","3","1","2","1","2","3","1","0","1","1"
"10837  :  โรงพยาบาลสองพี่น้อง","15","3","1","1","1","0","1","3","4","0","0","0","1"
"10838  :  โรงพยาบาลโป่งน้ำร้อน","48","6","8","4","4","4","4","5","4","0","2","4","3"
"10839  :  โรงพยาบาลมะขาม","14","0","1","0","2","2","1","3","2","2","0","1","0"
"10840  :  โรงพยาบาลแหลมสิงห์","40","3","5","6","5","5","7","2","5","1","0","0","1"
"10841  :  โรงพยาบาลสอยดาว","67","7","6","5","12","7","3","7","7","4","6","2","1"
"10842  :  โรงพยาบาลแก่งหางแมว","16","2","1","2","0","1","1","1","3","3","2","0","0"
"10843  :  โรงพยาบาลนายายอาม","44","3","4","3","4","4","2","3","5","3","4","6","3"
"10844  :  โรงพยาบาลเขาคิชฌกูฏ","2","0","0","0","1","1","0","0","0","0","0","0","0"
"10696  :  โรงพยาบาลตราด","77","5","5","1","4","8","10","8","7","8","5","6","10"
"10845  :  โรงพยาบาลคลองใหญ่","21","3","3","3","3","3","3","2","0","0","0","0","1"
"10846  :  โรงพยาบาลเขาสมิง","20","2","3","1","3","3","5","1","1","1","0","0","0"
"10847  :  โรงพยาบาลบ่อไร่","5","1","2","0","0","0","0","0","1","1","0","0","0"
"10848  :  โรงพยาบาลแหลมงอบ","45","5","2","0","5","4","4","7","5","7","2","3","1"
"10849  :  โรงพยาบาลเกาะกูด","0","0","0","0","0","0","0","0","0","0","0","0","0"
"13816  :  โรงพยาบาลเกาะช้าง","1","1","0","0","0","0","0","0","0","0","0","0","0"
"10697  :  โรงพยาบาลพุทธโสธร","239","15","20","19","18","13","24","20","27","25","14","25","19"
"10833  :  โรงพยาบาลท่าตะเกียบ","18","2","2","2","3","2","1","0","0","1","2","3","0"
"10850  :  โรงพยาบาลบางคล้า","5","1","0","0","1","0","0","1","0","0","0","1","1"
"10851  :  โรงพยาบาลบางน้ำเปรี้ยว","9","2","2","0","0","3","0","0","0","0","1","1","0"
"10852  :  โรงพยาบาลบางปะกง","14","0","2","1","2","0","2","0","0","0","1","3","3"
"10853  :  โรงพยาบาลบ้านโพธิ์","41","1","2","6","2","3","4","3","4","3","8","3","2"
"10854  :  โรงพยาบาลพนมสารคาม","113","14","16","16","8","8","8","7","7","6","8","11","4"
"10855  :  โรงพยาบาลสนามชัยเขต","26","2","1","2","1","0","0","1","5","2","3","6","3"
"10856  :  โรงพยาบาลแปลงยาว","47","5","4","4","1","3","4","5","3","2","5","5","6"
"13747  :  โรงพยาบาลราชสาส์น","7","0","3","1","1","0","1","1","0","0","0","0","0"
"31327  :  โรงพยาบาลคลองเขื่อน","0","0","0","0","0","0","0","0","0","0","0","0","0"
"10665  :  โรงพยาบาลเจ้าพระยาอภัยภูเบศร","0","0","0","0","0","0","0","0","0","0","0","0","0"
"10857  :  โรงพยาบาลกบินทร์บุรี","43","9","2","3","5","2","1","2","4","2","3","4","6"
"10858  :  โรงพยาบาลนาดี","54","2","5","0","5","4","4","3","8","9","5","8","1"
"10859  :  โรงพยาบาลบ้านสร้าง","30","1","4","0","4","2","3","2","3","2","1","4","4"
"10860  :  โรงพยาบาลประจันตคาม","47","2","1","2","0","6","6","3","2","6","11","6","2"
"10861  :  โรงพยาบาลศรีมหาโพธิ","27","0","8","0","2","5","6","2","1","1","1","0","1"
"10862  :  โรงพยาบาลศรีมโหสถ","52","0","2","2","0","2","6","4","8","8","6","8","6"
"11490  :  โรงพยาบาลค่ายจักรพงษ์","0","0","0","0","0","0","0","0","0","0","0","0","0"
"10698  :  โรงพยาบาลนครนายก","100","5","14","9","11","13","8","6","8","12","4","5","5"
"10863  :  โรงพยาบาลปากพลี","4","0","1","0","0","0","0","0","0","1","1","1","0"
"10864  :  โรงพยาบาลบ้านนา","36","5","7","3","4","3","2","4","3","2","0","2","1"
"10865  :  โรงพยาบาลองครักษ์","26","0","2","1","2","1","6","2","1","5","2","2","2"
"11491  :  โรงพยาบาลรร.นายร้อยพระจุลจอมเกล้า","0","0","0","0","0","0","0","0","0","0","0","0","0"
"14904  :  โรงพยาบาลศูนย์การแพทย์สมเด็จพระเทพรัตนราชสุดาฯ","0","0","0","0","0","0","0","0","0","0","0","0","0"
"10699  :  โรงพยาบาลสมเด็จพระยุพราชสระแก้ว","86","7","13","5","4","3","7","7","6","12","12","6","4"
"10866  :  โรงพยาบาลคลองหาด","2","0","0","0","0","0","1","0","0","0","0","1","0"
"10867  :  โรงพยาบาลตาพระยา","11","1","0","1","2","2","1","0","0","0","2","0","2"
"10868  :  โรงพยาบาลวังน้ำเย็น","1","0","0","0","0","0","0","0","1","0","0","0","0"
"10869  :  โรงพยาบาลวัฒนานคร","16","4","0","3","1","0","3","1","1","0","0","0","3"
"10870  :  โรงพยาบาลอรัญประเทศ","33","4","2","2","1","2","1","1","2","4","8","2","4"
"13817  :  โรงพยาบาลเขาฉกรรจ์","26","0","0","0","7","3","3","1","4","4","1","2","1"
"14717  :  โรงพยาบาลจิตเวชสระแก้วราชนครินทร์","0","0","0","0","0","0","0","0","0","0","0","0","0"
"10666  :  โรงพยาบาลมหาราชนครราชสีมา","756","67","74","56","70","67","89","54","58","59","57","59","46"
"10871  :  โรงพยาบาลครบุรี","60","4","3","10","1","1","3","1","6","4","8","9","10"
"10872  :  โรงพยาบาลเสิงสาง","4","0","1","0","0","0","2","0","0","0","1","0","0"
"10873  :  โรงพยาบาลคง","4","0","0","0","1","0","1","1","1","0","0","0","0"
"10874  :  โรงพยาบาลบ้านเหลื่อม","8","2","1","2","1","0","0","0","0","0","0","1","1"
"10875  :  โรงพยาบาลจักราช","58","3","7","2","4","4","2","6","5","4","8","6","7"
"10876  :  โรงพยาบาลโชคชัย","81","7","7","5","2","3","7","6","16","12","10","4","2"
"10877  :  โรงพยาบาลด่านขุนทด","30","0","1","2","2","0","5","4","5","4","2","3","2"
"10878  :  โรงพยาบาลโนนไทย","19","0","2","2","2","1","3","0","1","3","4","1","0"
"10879  :  โรงพยาบาลโนนสูง","34","4","5","4","3","2","2","1","2","1","1","6","3"
"10880  :  โรงพยาบาลขามสะแกแสง","12","1","0","0","0","2","2","2","1","0","0","4","0"
"10881  :  โรงพยาบาลบัวใหญ่","34","2","6","3","3","3","3","2","2","2","1","4","3"
"10882  :  โรงพยาบาลประทาย","47","3","5","6","7","2","5","1","3","3","2","6","4"
"10883  :  โรงพยาบาลปักธงชัย","66","4","7","7","5","9","6","1","4","6","6","5","6"
"10884  :  โรงพยาบาลพิมาย","183","29","15","17","18","14","11","5","16","10","19","12","17"
"10885  :  โรงพยาบาลห้วยแถลง","28","5","1","4","3","1","5","2","2","1","0","2","2"
"10886  :  โรงพยาบาลชุมพวง","78","5","5","8","4","10","5","2","4","8","12","9","6"
"10887  :  โรงพยาบาลสูงเนิน","80","4","9","6","3","5","6","6","5","8","7","10","11"
"10888  :  โรงพยาบาลขามทะเลสอ","4","1","3","0","0","0","0","0","0","0","0","0","0"
"10889  :  โรงพยาบาลสีคิ้ว","221","27","22","20","24","14","21","16","18","22","14","13","10"
"10890  :  โรงพยาบาลปากช่องนานา","33","1","0","2","2","2","6","1","0","3","5","5","6"
"10891  :  โรงพยาบาลหนองบุญมาก","36","6","1","3","2","3","3","4","2","3","5","1","3"
"10892  :  โรงพยาบาลแก้งสนามนาง","20","0","0","0","0","0","3","3","4","4","1","4","1"
"10893  :  โรงพยาบาลโนนแดง","5","0","0","0","0","0","0","0","1","2","1","0","1"
"10894  :  โรงพยาบาลวังน้ำเขียว","24","1","2","3","4","3","2","1","1","1","0","5","1"
"11492  :  โรงพยาบาลค่ายสุรนารี นครราชสีมา","591","65","70","43","46","42","62","40","43","39","42","44","55"
"11602  :  โรงพยาบาลเฉลิมพระเกียรติสมเด็จย่า 100 ปี","5","0","0","0","0","0","1","1","1","1","1","0","0"
"11608  :  โรงพยาบาลลำทะเมนชัย","5","2","1","0","0","0","0","0","1","0","0","1","0"
"11885  :  โรงพยาบาลเดอะโกลเดนเกท","0","0","0","0","0","0","0","0","0","0","0","0","0"
"11891  :  โรงพยาบาลราชสีมาฮอสพิทอล","0","0","0","0","0","0","0","0","0","0","0","0","0"
"12267  :  ศูนย์อนามัยที่ 9 นครราชสีมา","12","0","2","0","0","2","0","1","0","0","0","5","2"
"12268  :  โรงพยาบาลจิตเวชนครราชสีมาราชนครินทร์","79","12","10","6","9","12","4","4","2","6","4","4","6"
"14161  :  โรงพยาบาลกองบิน กองบิน1","0","0","0","0","0","0","0","0","0","0","0","0","0"
"22456  :  โรงพยาบาลพระทองคำ เฉลิมพระเกียรติ 80 พรรษา","0","0","0","0","0","0","0","0","0","0","0","0","0"
"23839  :  โรงพยาบาลเทพรัตน์นครราชสีมา","42","5","5","3","2","6","2","5","4","4","4","2","0"
"24060  :  โรงพยาบาลมหาวิทยาลัยเทคโนโลยีสุรนารี","0","0","0","0","0","0","0","0","0","0","0","0","0"
"24692  :  โรงพยาบาลเฉลิมพระเกียรติ","23","0","2","1","4","3","4","1","3","4","1","0","0"
"27839  :  โรงพยาบาลบัวลาย","0","0","0","0","0","0","0","0","0","0","0","0","0"
"27840  :  โรงพยาบาลสีดา","8","0","1","0","0","0","1","1","1","0","0","1","3"
"27841  :  โรงพยาบาลเทพารักษ์","14","1","1","0","4","0","0","0","0","0","3","4","1"
"10667  :  โรงพยาบาลบุรีรัมย์","0","0","0","0","0","0","0","0","0","0","0","0","0"
"10895  :  โรงพยาบาลคูเมือง","29","2","3","1","1","1","2","1","5","8","2","3","0"
"10896  :  โรงพยาบาลกระสัง","49","5","3","5","3","4","2","3","5","2","4","8","5"
"10897  :  โรงพยาบาลนางรอง","31","1","6","1","2","1","2","2","4","2","2","4","4"
"10898  :  โรงพยาบาลหนองกี่","2","0","0","0","0","0","0","0","0","0","0","1","1"
"10899  :  โรงพยาบาลละหานทราย","33","4","4","2","4","4","3","1","2","1","3","2","3"
"10900  :  โรงพยาบาลประโคนชัย","14","4","2","0","0","3","0","0","2","1","1","1","0"
"10901  :  โรงพยาบาลบ้านกรวด","235","12","19","23","25","25","31","24","31","24","9","11","1"
"10902  :  โรงพยาบาลพุทไธสง","15","2","1","0","0","0","4","3","1","0","1","0","3"
"10904  :  โรงพยาบาลลำปลายมาศ","64","1","8","7","8","3","5","7","6","1","6","4","8"
"10905  :  โรงพยาบาลสตึก","120","23","14","9","12","5","6","9","12","8","11","6","5"
"10906  :  โรงพยาบาลปะคำ","44","2","2","8","8","10","8","2","4","0","0","0","0"
"10907  :  โรงพยาบาลนาโพธิ์","5","0","0","1","1","1","0","2","0","0","0","0","0"
"10908  :  โรงพยาบาลหนองหงส์","4","0","1","0","0","1","0","0","0","0","0","1","1"
"10909  :  โรงพยาบาลพลับพลาชัย","5","0","0","0","0","1","0","1","0","0","1","1","1"
"10910  :  โรงพยาบาลห้วยราช","18","1","2","1","3","2","1","0","3","1","2","1","1"
"10911  :  โรงพยาบาลโนนสุวรรณ","2","0","0","0","0","0","0","0","0","0","0","1","1"
"10912  :  โรงพยาบาลชำนิ","6","2","0","0","0","0","0","1","2","0","0","0","1"
"10913  :  โรงพยาบาลบ้านใหม่ไชยพจน์","64","8","1","3","4","4","4","5","4","3","12","11","5"
"10914  :  โรงพยาบาลโนนดินแดง","21","2","2","0","1","4","2","3","3","1","1","2","0"
"11493  :  โรงพยาบาลค่ายสมเด็จเจ้าพระยามหากษัตริย์ศึก","0","0","0","0","0","0","0","0","0","0","0","0","0"
"11619  :  โรงพยาบาลเฉลิมพระเกียรติ","29","5","4","1","2","5","4","3","3","1","1","0","0"
"23578  :  โรงพยาบาลแคนดง","15","1","2","4","1","0","0","1","1","0","1","2","2"
"28020  :  โรงพยาบาลบ้านด่าน","31","0","0","0","0","3","1","6","6","3","4","5","3"
"10668  :  โรงพยาบาลสุรินทร์","215","12","20","14","19","21","16","14","14","18","18","32","17"
"10915  :  โรงพยาบาลชุมพลบุรี","30","8","2","4","6","0","2","0","0","0","2","3","3"
"10916  :  โรงพยาบาลท่าตูม","72","8","8","4","5","3","12","3","7","6","9","5","2"
"10917  :  โรงพยาบาลจอมพระ","50","4","8","9","7","2","1","1","4","5","3","4","2"
"10918  :  โรงพยาบาลปราสาท","108","15","8","10","7","4","9","10","10","11","10","6","8"
"10919  :  โรงพยาบาลกาบเชิง","44","4","6","5","3","4","6","4","4","3","1","3","1"
"10920  :  โรงพยาบาลรัตนบุรี","48","4","4","2","4","12","3","3","3","5","4","1","3"
"10921  :  โรงพยาบาลสนม","1","0","1","0","0","0","0","0","0","0","0","0","0"
"10922  :  โรงพยาบาลศีขรภูมิ","76","8","12","10","6","8","4","5","6","5","1","5","6"
"10923  :  โรงพยาบาลสังขะ","74","3","11","7","10","5","7","5","12","6","1","2","5"
"10924  :  โรงพยาบาลลำดวน","6","0","5","1","0","0","0","0","0","0","0","0","0"
"10925  :  โรงพยาบาลสำโรงทาบ","40","7","10","5","2","1","4","1","2","4","2","1","1"
"10926  :  โรงพยาบาลบัวเชด","3","0","1","1","0","0","1","0","0","0","0","0","0"
"11494  :  โรงพยาบาลค่ายวีรวัฒน์โยธิน","18","4","3","2","3","1","2","0","0","0","1","1","1"
"22302  :  โรงพยาบาลพนมดงรัก เฉลิมพระเกียรติ 80 พรรษา","14","0","0","3","3","2","1","1","1","1","0","1","1"
"27842  :  โรงพยาบาลเขวาสินรินทร์","0","0","0","0","0","0","0","0","0","0","0","0","0"
"27843  :  โรงพยาบาลศรีณรงค์","5","2","0","1","0","0","0","0","0","0","0","2","0"
"27844  :  โรงพยาบาลโนนนารายณ์","1","0","0","0","0","0","0","1","0","0","0","0","0"
"10700  :  โรงพยาบาลศรีสะเกษ","166","8","8","16","11","12","14","18","13","9","17","21","19"
"10927  :  โรงพยาบาลยางชุมน้อย","26","1","2","6","3","3","2","0","5","4","0","0","0"
"10928  :  โรงพยาบาลกันทรารมย์","36","6","2","2","2","9","3","1","4","4","3","0","0"
"10929  :  โรงพยาบาลกันทรลักษ์","81","8","8","6","4","9","6","6","10","5","9","5","5"
"10930  :  โรงพยาบาลขุขันธ์","56","2","8","1","10","6","6","9","5","2","1","2","4"
"10931  :  โรงพยาบาลไพรบึง","15","4","3","0","0","0","0","2","1","0","4","0","1"
"10932  :  โรงพยาบาลปรางค์กู่","55","4","7","5","5","8","7","3","6","5","3","1","1"
"10933  :  โรงพยาบาลขุนหาญ","66","7","12","4","6","6","5","4","6","7","4","2","3"
"10934  :  โรงพยาบาลราษีไศล","66","7","6","7","7","4","7","5","8","6","3","2","4"
"10935  :  โรงพยาบาลอุทุมพรพิสัย","19","3","4","0","3","2","1","3","0","1","0","1","1"
"10936  :  โรงพยาบาลบึงบูรพ์","3","0","0","0","0","0","1","1","0","1","0","0","0"
"10937  :  โรงพยาบาลห้วยทับทัน","15","1","1","6","1","2","1","1","1","1","0","0","0"
"10938  :  โรงพยาบาลโนนคูณ","42","0","2","2","4","2","6","5","2","7","6","3","3"
"10939  :  โรงพยาบาลศรีรัตนะ","16","2","0","0","0","0","0","2","3","3","1","1","4"
"10940  :  โรงพยาบาลวังหิน","4","0","0","0","0","1","1","0","1","1","0","0","0"
"10941  :  โรงพยาบาลน้ำเกลี้ยง","1","0","0","0","0","0","0","0","0","0","1","0","0"
"10942  :  โรงพยาบาลภูสิงห์","21","0","0","0","0","1","3","3","0","2","1","7","4"
"10943  :  โรงพยาบาลเมืองจันทร์","2","2","0","0","0","0","0","0","0","0","0","0","0"
"23125  :  โรงพยาบาลเบญจลักษ์เฉลิมพระเกียรติ 80 พรรษา","2","1","0","1","0","0","0","0","0","0","0","0","0"
"28014  :  โรงพยาบาลพยุห์","22","2","2","7","5","1","1","0","0","0","0","0","4"
"28015  :  โรงพยาบาลโพธิ์ศรีสุวรรณ","6","0","0","0","0","0","2","1","0","1","0","1","1"
"28016  :  โรงพยาบาลศิลาลาด","0","0","0","0","0","0","0","0","0","0","0","0","0"
"10669  :  โรงพยาบาลสรรพสิทธิประสงค์","0","0","0","0","0","0","0","0","0","0","0","0","0"
"10944  :  โรงพยาบาลศรีเมืองใหม่","26","1","3","2","2","0","2","3","1","2","2","3","5"
"10945  :  โรงพยาบาลโขงเจียม","16","3","0","0","1","0","0","1","2","1","5","2","1"
"10946  :  โรงพยาบาลเขื่องใน","6","2","4","0","0","0","0","0","0","0","0","0","0"
"10947  :  โรงพยาบาลเขมราฐ","49","5","3","9","6","0","13","1","2","2","3","1","4"
"10948  :  โรงพยาบาลนาจะหลวย","16","2","2","1","1","1","2","2","1","0","1","2","1"
"10949  :  โรงพยาบาลน้ำยืน","26","1","1","0","3","5","0","0","3","1","4","5","3"
"10950  :  โรงพยาบาลบุณฑริก","6","0","0","0","2","0","2","1","0","0","0","1","0"
"10951  :  โรงพยาบาลตระการพืชผล","59","9","8","0","1","3","5","4","6","2","9","2","10"
"10952  :  โรงพยาบาลกุดข้าวปุ้น","5","2","1","0","1","1","0","0","0","0","0","0","0"
"10953  :  โรงพยาบาลม่วงสามสิบ","61","5","7","2","6","4","6","5","1","4","4","13","4"
"10954  :  โรงพยาบาลวารินชำราบ","122","11","16","9","8","11","13","5","10","11","4","11","13"
"10956  :  โรงพยาบาลพิบูลมังสาหาร","53","2","6","3","1","4","6","7","6","4","3","8","3"
"10957  :  โรงพยาบาลตาลสุม","14","6","0","0","0","0","1","2","1","1","0","1","2"
"10958  :  โรงพยาบาลโพธิ์ไทร","2","1","1","0","0","0","0","0","0","0","0","0","0"
"10959  :  โรงพยาบาลสำโรง","11","4","0","0","0","2","1","1","1","1","0","0","1"
"10960  :  โรงพยาบาลดอนมดแดง","16","2","2","4","2","0","0","1","1","3","0","1","0"
"10961  :  โรงพยาบาลสิรินธร","15","0","0","1","2","1","1","2","1","1","2","2","2"
"10962  :  โรงพยาบาลทุ่งศรีอุดม","3","0","0","0","1","1","1","0","0","0","0","0","0"
"11443  :  โรงพยาบาลสมเด็จพระยุพราชเดชอุดม","118","4","5","9","18","12","12","11","6","9","9","9","14"
"11495  :  โรงพยาบาลกองบิน 21","0","0","0","0","0","0","0","0","0","0","0","0","0"
"11496  :  โรงพยาบาลค่ายสรรพสิทธิประสงค์","0","0","0","0","0","0","0","0","0","0","0","0","0"
"11918  :  โรงพยาบาลเอกชนร่มเกล้า","0","0","0","0","0","0","0","0","0","0","0","0","0"
"12269  :  โรงพยาบาลพระศรีมหาโพธิ์","0","0","0","0","0","0","0","0","0","0","0","0","0"
"12270  :  โรงพยาบาลส่งเสริมสุขภาพ ศูนย์อนามัยที่ 10","2","2","0","0","0","0","0","0","0","0","0","0","0"
"21984  :  โรงพยาบาล 50 พรรษา มหาวชิราลงกรณ","168","15","8","14","17","18","13","18","14","5","11","16","19"
"24032  :  โรงพยาบาลนาตาล","1","0","0","0","0","0","0","0","0","0","0","1","0"
"24821  :  โรงพยาบาลนาเยีย","4","1","0","0","0","0","0","0","1","0","0","1","1"
"27967  :  โรงพยาบาลสว่างวีระวงศ์","1","0","0","0","0","0","0","0","1","0","0","0","0"
"27968  :  โรงพยาบาลน้ำขุ่น","0","0","0","0","0","0","0","0","0","0","0","0","0"
"27976  :  โรงพยาบาลเหล่าเสือโก้ก","11","0","1","1","0","1","3","1","1","1","1","0","1"
"10701  :  โรงพยาบาลยโสธร","58","3","1","1","1","0","7","5","6","5","2","13","14"
"10963  :  โรงพยาบาลทรายมูล","0","0","0","0","0","0","0","0","0","0","0","0","0"
"10964  :  โรงพยาบาลกุดชุม","5","1","1","0","0","1","0","0","0","1","0","0","1"
"10965  :  โรงพยาบาลคำเขื่อนแก้ว","16","1","3","3","1","1","1","0","5","1","0","0","0"
"10966  :  โรงพยาบาลป่าติ้ว","25","0","0","1","2","2","7","1","3","2","3","4","0"
"10967  :  โรงพยาบาลมหาชนะชัย","10","2","2","1","1","0","0","0","1","0","0","2","1"
"10968  :  โรงพยาบาลค้อวัง","23","0","2","1","6","2","3","3","2","2","1","1","0"
"10969  :  โรงพยาบาลไทยเจริญ","3","0","1","0","0","0","0","0","0","1","1","0","0"
"11444  :  โรงพยาบาลสมเด็จพระยุพราชเลิงนกทา","6","0","1","0","1","0","0","0","0","3","1","0","0"
"11921  :  โรงพยาบาลนายแพทย์หาญ","0","0","0","0","0","0","0","0","0","0","0","0","0"
"04007  :  โรงพยาบาลซับใหญ่","3","1","0","0","2","0","0","0","0","0","0","0","0"
"10702  :  โรงพยาบาลชัยภูมิ","77","8","9","9","6","9","4","1","5","9","4","5","8"
"10970  :  โรงพยาบาลบ้านเขว้า","32","2","2","1","0","0","1","3","3","3","4","8","5"
"10971  :  โรงพยาบาลคอนสวรรค์","29","2","2","2","3","2","2","0","1","4","3","7","1"
"10972  :  โรงพยาบาลเกษตรสมบูรณ์","44","3","5","1","1","2","3","3","5","7","6","3","5"
"10973  :  โรงพยาบาลหนองบัวแดง","39","3","7","7","6","6","3","1","3","1","1","0","1"
"10974  :  โรงพยาบาลจัตุรัส","21","3","2","2","1","2","0","1","1","1","0","4","4"
"10975  :  โรงพยาบาลบำเหน็จณรงค์","27","2","1","0","1","1","1","6","4","3","2","5","1"
"10976  :  โรงพยาบาลหนองบัวระเหว","17","1","0","1","1","2","0","1","2","3","4","2","0"
"10977  :  โรงพยาบาลเทพสถิต","19","2","3","3","0","1","0","1","1","1","2","3","2"
"10978  :  โรงพยาบาลภูเขียวเฉลิมพระเกียรติ","212","27","29","24","20","19","13","11","14","20","17","11","7"
"10979  :  โรงพยาบาลบ้านแท่น","27","3","2","2","3","1","2","0","2","3","5","1","3"
"10980  :  โรงพยาบาลแก้งคร้อ","115","9","12","8","7","6","12","8","8","11","9","12","13"
"10981  :  โรงพยาบาลคอนสาร","76","7","9","5","10","12","4","7","5","6","3","5","3"
"10982  :  โรงพยาบาลภักดีชุมพล","10","0","0","1","1","0","4","2","2","0","0","0","0"
"10983  :  โรงพยาบาลเนินสง่า","23","4","1","0","2","0","0","2","4","6","1","1","2"
"10703  :  โรงพยาบาลอำนาจเจริญ","75","10","15","7","6","9","4","4","7","7","3","1","2"
"10985  :  โรงพยาบาลชานุมาน","0","0","0","0","0","0","0","0","0","0","0","0","0"
"10986  :  โรงพยาบาลปทุมราชวงศา","23","1","1","2","2","1","3","3","4","1","2","3","0"
"10987  :  โรงพยาบาลพนา","54","4","6","6","4","5","2","1","3","2","5","5","11"
"10988  :  โรงพยาบาลเสนางคนิคม","8","1","0","0","2","0","2","0","0","1","0","1","1"
"10989  :  โรงพยาบาลหัวตะพาน","6","0","0","1","0","0","1","2","0","1","0","1","0"
"10990  :  โรงพยาบาลลืออำนาจ","58","8","5","7","5","3","6","3","6","7","4","3","1"
"11040  :  โรงพยาบาลบึงกาฬ","8","0","1","0","2","1","0","0","0","0","0","1","3"
"11041  :  โรงพยาบาลพรเจริญ","3","0","1","1","1","0","0","0","0","0","0","0","0"
"11043  :  โรงพยาบาลโซ่พิสัย","32","2","3","0","0","5","5","2","1","3","3","4","4"
"11046  :  โรงพยาบาลเซกา","5","0","0","0","1","1","1","0","1","1","0","0","0"
"11047  :  โรงพยาบาลปากคาด","2","0","0","1","0","0","0","0","0","0","0","0","1"
"11048  :  โรงพยาบาลบึงโขงหลง","0","0","0","0","0","0","0","0","0","0","0","0","0"
"11049  :  โรงพยาบาลศรีวิไล","3","1","0","1","0","0","0","0","0","0","0","0","1"
"11050  :  โรงพยาบาลบุ่งคล้า","0","0","0","0","0","0","0","0","0","0","0","0","0"
"10704  :  โรงพยาบาลหนองบัวลำภู","83","16","6","15","7","4","6","9","5","5","4","3","3"
"10991  :  โรงพยาบาลนากลาง","33","1","1","1","3","1","1","2","2","6","6","6","3"
"10992  :  โรงพยาบาลโนนสัง","12","0","0","1","4","0","1","1","0","1","2","1","1"
"10993  :  โรงพยาบาลศรีบุญเรือง","40","7","5","4","4","3","3","6","3","3","1","0","1"
"10994  :  โรงพยาบาลสุวรรณคูหา","32","0","0","1","2","3","4","6","3","5","3","2","3"
"23367  :  โรงพยาบาลนาวัง เฉลิมพระเกียรติ 80 พรรษา","19","2","1","1","3","3","1","0","2","5","0","0","1"
"10670  :  โรงพยาบาลขอนแก่น","59","7","5","4","3","1","4","6","7","5","4","5","8"
"10995  :  โรงพยาบาลบ้านฝาง","83","3","2","3","8","6","7","5","10","13","7","11","8"
"10996  :  โรงพยาบาลพระยืน","26","5","5","1","1","2","3","1","0","2","3","0","3"
"10997  :  โรงพยาบาลหนองเรือ","20","2","1","2","0","0","3","1","3","2","3","0","3"
"10998  :  โรงพยาบาลชุมแพ","20","2","0","1","5","1","4","0","0","2","2","2","1"
"10999  :  โรงพยาบาลสีชมพู","20","3","1","0","2","0","2","3","2","2","0","4","1"
"11000  :  โรงพยาบาลน้ำพอง","21","3","1","0","2","1","2","1","3","2","3","1","2"
"11001  :  โรงพยาบาลอุบลรัตน์","6","1","0","0","0","0","2","0","0","1","0","1","1"
"11002  :  โรงพยาบาลบ้านไผ่","25","1","2","4","2","2","2","4","3","2","2","1","0"
"11003  :  โรงพยาบาลเปือยน้อย","8","1","0","0","2","2","2","0","0","0","0","1","0"
"11004  :  โรงพยาบาลพล","57","6","5","7","4","4","5","4","4","2","1","9","6"
"11005  :  โรงพยาบาลแวงใหญ่","5","1","0","0","0","1","1","1","0","0","1","0","0"
"11006  :  โรงพยาบาลแวงน้อย","21","0","0","1","2","2","2","1","4","4","1","2","2"
"11007  :  โรงพยาบาลหนองสองห้อง","8","2","0","1","0","1","0","0","0","1","0","1","2"
"11008  :  โรงพยาบาลภูเวียง","46","3","2","8","4","1","6","4","3","3","5","4","3"
"11009  :  โรงพยาบาลมัญจาคีรี","47","2","4","3","0","1","3","7","6","5","5","7","4"
"11010  :  โรงพยาบาลชนบท","9","1","0","1","0","1","2","1","0","0","0","2","1"
"11011  :  โรงพยาบาลเขาสวนกวาง","46","3","3","2","4","4","4","6","3","3","2","6","6"
"11012  :  โรงพยาบาลภูผาม่าน","6","0","0","1","3","0","0","0","0","1","1","0","0"
"11445  :  โรงพยาบาลสมเด็จพระยุพราชกระนวน","28","2","1","1","2","3","6","1","2","1","4","3","2"
"11497  :  โรงพยาบาลค่ายศรีพัชรินทร","0","0","0","0","0","0","0","0","0","0","0","0","0"
"11936  :  โรงพยาบาลขอนแก่นราม","0","0","0","0","0","0","0","0","0","0","0","0","0"
"12272  :  โรงพยาบาลจิตเวชขอนแก่นราชนครินทร์","0","0","0","0","0","0","0","0","0","0","0","0","0"
"12273  :  โรงพยาบาลส่งเสริมสุขภาพ ศูนย์อนามัยที่ 7","0","0","0","0","0","0","0","0","0","0","0","0","0"
"12275  :  โรงพยาบาลสิรินธร(ภาคตะวันออกเฉียงเหนือ)","46","1","4","5","4","4","4","8","4","4","2","4","2"
"13777  :  โรงพยาบาลศรีนครินทร์ มหาวิทยาลัยขอนแก่น","0","0","0","0","0","0","0","0","0","0","0","0","0"
"14132  :  โรงพยาบาลซำสูง","19","4","0","0","0","0","0","5","0","2","3","1","4"
"14196  :  โรงพยาบาลธัญญรักษ์ขอนแก่น","0","0","0","0","0","0","0","0","0","0","0","0","0"
"24746  :  สถาบันสุขภาพจิตเด็กและวัยรุ่นภาคตะวันออกเฉียงเหนือ","0","0","0","0","0","0","0","0","0","0","0","0","0"
"77649  :  โรงพยาบาลหนองนาคำ","1","0","0","0","0","0","0","0","0","0","0","0","1"
"77650  :  โรงพยาบาลเวียงเก่า","0","0","0","0","0","0","0","0","0","0","0","0","0"
"77651  :  โรงพยาบาลโคกโพธิ์ไชย","0","0","0","0","0","0","0","0","0","0","0","0","0"
"77652  :  โรงพยาบาลโนนศิลา","0","0","0","0","0","0","0","0","0","0","0","0","0"
"10671  :  โรงพยาบาลอุดรธานี","578","42","71","18","52","49","58","49","50","42","51","50","46"
"11013  :  โรงพยาบาลกุดจับ","25","0","0","0","3","1","1","2","4","9","0","3","2"
"11014  :  โรงพยาบาลหนองวัวซอ","9","0","3","0","0","0","0","0","1","1","3","1","0"
"11015  :  โรงพยาบาลกุมภวาปี","15","0","1","2","3","1","2","1","1","2","0","1","1"
"11016  :  โรงพยาบาลห้วยเกิ้ง","0","0","0","0","0","0","0","0","0","0","0","0","0"
"11017  :  โรงพยาบาลโนนสะอาด","0","0","0","0","0","0","0","0","0","0","0","0","0"
"11018  :  โรงพยาบาลหนองหาน","24","2","1","3","3","3","1","2","4","3","0","1","1"
"11019  :  โรงพยาบาลทุ่งฝน","20","0","0","1","0","0","3","2","2","3","2","4","3"
"11020  :  โรงพยาบาลไชยวาน","2","0","0","2","0","0","0","0","0","0","0","0","0"
"11021  :  โรงพยาบาลศรีธาตุ","2","0","0","0","1","0","0","0","0","0","0","1","0"
"11022  :  โรงพยาบาลวังสามหมอ","10","0","1","0","2","3","1","1","0","1","0","0","1"
"11023  :  โรงพยาบาลบ้านผือ","63","4","8","5","5","1","2","2","5","6","8","7","10"
"11024  :  โรงพยาบาลน้ำโสม","38","7","4","7","1","3","2","0","3","1","3","2","5"
"11025  :  โรงพยาบาลเพ็ญ","37","5","5","4","3","5","0","1","2","3","3","3","3"
"11026  :  โรงพยาบาลสร้างคอม","0","0","0","0","0","0","0","0","0","0","0","0","0"
"11027  :  โรงพยาบาลหนองแสง","0","0","0","0","0","0","0","0","0","0","0","0","0"
"11028  :  โรงพยาบาลนายูง","2","0","0","0","1","0","0","0","0","1","0","0","0"
"11029  :  โรงพยาบาลพิบูลย์รักษ์","6","0","0","0","0","0","1","0","1","2","0","2","0"
"11446  :  โรงพยาบาลสมเด็จพระยุพราชบ้านดุง","12","1","2","0","0","1","0","3","2","2","0","1","0"
"11501  :  โรงพยาบาลค่ายประจักษ์ศิลปาคม","0","0","0","0","0","0","0","0","0","0","0","0","0"
"12276  :  โรงพยาบาลมะเร็งอุดรธานี","0","0","0","0","0","0","0","0","0","0","0","0","0"
"23951  :  โรงพยาบาลธัญญารักษ์อุดรธานี","0","0","0","0","0","0","0","0","0","0","0","0","0"
"25058  :  โรงพยาบาลกู่แก้ว","0","0","0","0","0","0","0","0","0","0","0","0","0"
"25059  :  โรงพยาบาลประจักษ์ศิลปาคม","0","0","0","0","0","0","0","0","0","0","0","0","0"
"10705  :  โรงพยาบาลเลย","313","27","34","29","32","31","22","13","26","32","23","19","25"
"11030  :  โรงพยาบาลนาด้วง","49","6","6","8","2","3","4","4","1","2","2","5","6"
"11031  :  โรงพยาบาลเชียงคาน","9","3","2","1","1","0","0","0","0","0","0","0","2"
"11032  :  โรงพยาบาลปากชม","2","2","0","0","0","0","0","0","0","0","0","0","0"
"11033  :  โรงพยาบาลนาแห้ว","59","7","5","7","4","4","8","5","3","5","5","1","5"
"11034  :  โรงพยาบาลภูเรือ","31","3","2","3","0","3","4","2","2","0","0","8","4"
"11035  :  โรงพยาบาลท่าลี่","27","3","1","4","3","3","6","3","0","1","0","2","1"
"11036  :  โรงพยาบาลวังสะพุง","132","10","17","13","5","2","12","7","9","14","12","19","12"
"11037  :  โรงพยาบาลภูกระดึง","74","5","5","6","8","7","7","9","6","3","5","7","6"
"11038  :  โรงพยาบาลภูหลวง","8","1","1","1","1","0","1","0","0","0","0","1","2"
"11039  :  โรงพยาบาลผาขาว","6","1","1","2","0","0","1","1","0","0","0","0","0"
"11447  :  โรงพยาบาลสมเด็จพระยุพราชด่านซ้าย","61","3","4","1","7","8","6","2","6","5","3","8","8"
"14133  :  โรงพยาบาลเอราวัณ","60","5","5","5","7","11","6","3","4","5","3","5","1"
"14644  :  โรงพยาบาลจิตเวชเลยราชนครินทร์","0","0","0","0","0","0","0","0","0","0","0","0","0"
"28861  :  โรงพยาบาลหนองหิน","3","0","2","1","0","0","0","0","0","0","0","0","0"
"10706  :  โรงพยาบาลหนองคาย","197","10","22","13","21","13","13","13","17","18","16","28","13"
"11042  :  โรงพยาบาลโพนพิสัย","91","10","11","3","8","6","11","5","3","10","6","9","9"
"11044  :  โรงพยาบาลศรีเชียงใหม่","8","3","1","0","0","1","1","2","0","0","0","0","0"
"11045  :  โรงพยาบาลสังคม","5","0","0","0","1","1","0","0","0","1","0","0","2"
"11448  :  โรงพยาบาลสมเด็จพระยุพราชท่าบ่อ","79","5","4","4","2","3","8","5","8","13","12","8","7"
"14558  :  โรงพยาบาลพิสัยเวช","0","0","0","0","0","0","0","0","0","0","0","0","0"
"21356  :  โรงพยาบาลสระใคร","0","0","0","0","0","0","0","0","0","0","0","0","0"
"28778  :  โรงพยาบาลโพธิ์ตาก","0","0","0","0","0","0","0","0","0","0","0","0","0"
"28811  :  โรงพยาบาลเฝ้าไร่","7","0","0","2","0","0","3","0","0","0","2","0","0"
"28815  :  โรงพยาบาลรัตนวาปี","13","1","0","1","3","2","3","0","0","0","0","3","0"
"10707  :  โรงพยาบาลมหาสารคาม","90","4","5","4","10","7","11","9","13","12","4","5","6"
"11051  :  โรงพยาบาลแกดำ","11","0","2","1","0","0","2","0","0","0","1","2","3"
"11052  :  โรงพยาบาลโกสุมพิสัย","26","1","0","1","1","4","0","2","1","1","9","5","1"
"11053  :  โรงพยาบาลกันทรวิชัย","11","1","1","2","2","2","1","0","0","1","1","0","0"
"11054  :  โรงพยาบาลเชียงยืน","38","4","6","6","2","3","3","2","5","2","1","3","1"
"11055  :  โรงพยาบาลบรบือ","86","6","7","8","11","6","11","7","10","4","7","4","5"
"11056  :  โรงพยาบาลนาเชือก","8","2","2","1","0","1","1","0","0","0","0","1","0"
"11057  :  โรงพยาบาลพยัคฆภูมิพิสัย","72","3","5","4","4","7","8","3","5","7","10","11","5"
"11058  :  โรงพยาบาลวาปีปทุม","19","2","1","1","2","1","0","0","2","3","2","3","2"
"11059  :  โรงพยาบาลนาดูน","8","2","0","1","0","0","1","1","1","1","1","0","0"
"11060  :  โรงพยาบาลยางสีสุราช","12","0","0","0","0","1","3","0","3","0","0","3","2"
"22953  :  โรงพยาบาลสุทธาเวช คณะแพทยศาสตร์ มหาวิทยาลัยมหาสารคาม","1","0","0","0","0","0","0","0","0","1","0","0","0"
"24704  :  โรงพยาบาลกุดรัง","6","0","1","0","1","0","1","1","2","0","0","0","0"
"28843  :  โรงพยาบาลชื่นชม","0","0","0","0","0","0","0","0","0","0","0","0","0"
"10708  :  โรงพยาบาลร้อยเอ็ด","234","21","27","8","13","12","16","14","23","17","26","33","24"
"11061  :  โรงพยาบาลเกษตรวิสัย","25","2","1","5","1","2","2","2","1","2","1","4","2"
"11062  :  โรงพยาบาลปทุมรัตต์","8","0","1","0","0","0","0","0","0","0","2","3","2"
"11063  :  โรงพยาบาลจตุรพักตรพิมาน","93","1","11","0","14","11","14","8","12","3","7","5","7"
"11064  :  โรงพยาบาลธวัชบุรี","13","2","2","2","1","1","3","0","0","1","0","1","0"
"11065  :  โรงพยาบาลพนมไพร","84","8","12","13","12","14","10","7","7","0","0","0","1"
"11066  :  โรงพยาบาลโพนทอง","42","9","4","4","2","4","6","0","2","2","2","2","5"
"11067  :  โรงพยาบาลโพธิ์ชัย","14","3","1","0","0","0","1","1","2","1","3","2","0"
"11068  :  โรงพยาบาลหนองพอก","35","2","2","6","0","1","3","4","4","4","3","2","4"
"11069  :  โรงพยาบาลเสลภูมิ","50","2","6","5","3","3","4","5","6","4","4","3","5"
"11070  :  โรงพยาบาลสุวรรณภูมิ","101","6","10","4","6","5","15","10","7","11","7","7","13"
"11071  :  โรงพยาบาลเมืองสรวง","4","0","0","0","0","0","0","1","0","0","0","1","2"
"11072  :  โรงพยาบาลโพนทราย","10","1","1","2","0","3","2","1","0","0","0","0","0"
"11073  :  โรงพยาบาลอาจสามารถ","34","6","1","6","3","0","4","2","3","1","4","3","1"
"11074  :  โรงพยาบาลเมยวดี","18","0","0","1","0","1","1","2","1","2","2","6","2"
"11075  :  โรงพยาบาลศรีสมเด็จ","25","2","1","1","1","3","1","1","3","1","2","5","4"
"11076  :  โรงพยาบาลจังหาร","9","1","1","1","2","0","1","1","0","0","0","0","2"
"11504  :  โรงพยาบาลค่ายสมเด็จพระพุทธยอดฟ้าจุฬาโลกมหาราช","0","0","0","0","0","0","0","0","0","0","0","0","0"
"11964  :  โรงพยาบาลทั่วไปขนาดใหญ่จุรีเวช","0","0","0","0","0","0","0","0","0","0","0","0","0"
"27988  :  โรงพยาบาลทุ่งเขาหลวง","8","0","0","0","1","0","2","1","2","0","1","1","0"
"27989  :  โรงพยาบาลเชียงขวัญ","1","0","0","0","0","1","0","0","0","0","0","0","0"
"27990  :  โรงพยาบาลหนองฮี","0","0","0","0","0","0","0","0","0","0","0","0","0"
"10709  :  โรงพยาบาลกาฬสินธุ์","42","1","1","3","0","3","7","6","10","4","5","2","0"
"11077  :  โรงพยาบาลนามน","3","3","0","0","0","0","0","0","0","0","0","0","0"
"11078  :  โรงพยาบาลกมลาไสย","22","1","2","3","0","1","0","5","0","2","2","5","1"
"11079  :  โรงพยาบาลร่องคำ","43","0","7","5","7","5","4","2","1","4","4","2","2"
"11080  :  โรงพยาบาลเขาวง","101","6","10","7","7","6","4","3","7","7","9","18","17"
"11081  :  โรงพยาบาลยางตลาด","0","0","0","0","0","0","0","0","0","0","0","0","0"
"11082  :  โรงพยาบาลห้วยเม็ก","0","0","0","0","0","0","0","0","0","0","0","0","0"
"11083  :  โรงพยาบาลสหัสขันธ์","0","0","0","0","0","0","0","0","0","0","0","0","0"
"11084  :  โรงพยาบาลคำม่วง","10","0","0","1","1","1","0","0","0","3","2","0","2"
"11085  :  โรงพยาบาลท่าคันโท","56","4","8","4","10","6","4","3","1","4","3","2","7"
"11086  :  โรงพยาบาลหนองกุงศรี","33","3","0","2","3","5","3","3","4","5","3","2","0"
"11087  :  โรงพยาบาลสมเด็จ","57","1","8","3","6","8","1","4","6","5","5","5","5"
"11088  :  โรงพยาบาลห้วยผึ้ง","10","1","3","1","0","0","3","2","0","0","0","0","0"
"11449  :  โรงพยาบาลสมเด็จพระยุพราชกุฉินารายณ์","33","3","5","1","4","2","3","2","4","4","2","0","3"
"11965  :  โรงพยาบาลธีรวัฒน์","0","0","0","0","0","0","0","0","0","0","0","0","0"
"28017  :  โรงพยาบาลนาคู","0","0","0","0","0","0","0","0","0","0","0","0","0"
"28789  :  โรงพยาบาลฆ้องชัย","0","0","0","0","0","0","0","0","0","0","0","0","0"
"28790  :  โรงพยาบาลดอนจาน","0","0","0","0","0","0","0","0","0","0","0","0","0"
"28791  :  โรงพยาบาลสามชัย","0","0","0","0","0","0","0","0","0","0","0","0","0"
"10710  :  โรงพยาบาลสกลนคร","306","23","35","43","24","29","25","14","23","21","14","19","36"
"11089  :  โรงพยาบาลกุสุมาลย์","9","0","3","3","1","0","0","1","1","0","0","0","0"
"11090  :  โรงพยาบาลกุดบาก","1","0","0","0","0","0","1","0","0","0","0","0","0"
"11091  :  โรงพยาบาลพระอาจารย์ฝั้นอาจาโร","14","0","4","2","0","2","1","1","0","2","2","0","0"
"11092  :  โรงพยาบาลพังโคน","0","0","0","0","0","0","0","0","0","0","0","0","0"
"11093  :  โรงพยาบาลวาริชภูมิ","73","2","4","6","4","5","10","6","5","8","12","7","4"
"11094  :  โรงพยาบาลนิคมน้ำอูน","0","0","0","0","0","0","0","0","0","0","0","0","0"
"11095  :  โรงพยาบาลวานรนิวาส","58","0","8","4","6","4","3","4","6","7","5","6","5"
"11096  :  โรงพยาบาลคำตากล้า","0","0","0","0","0","0","0","0","0","0","0","0","0"
"11097  :  โรงพยาบาลบ้านม่วง","3","0","2","0","0","0","1","0","0","0","0","0","0"
"11098  :  โรงพยาบาลอากาศอำนวย","78","7","5","6","7","7","11","8","6","6","5","4","6"
"11099  :  โรงพยาบาลส่องดาว","1","0","0","0","0","0","0","0","0","0","0","1","0"
"11100  :  โรงพยาบาลเต่างอย","4","0","1","1","0","0","0","2","0","0","0","0","0"
"11101  :  โรงพยาบาลโคกศรีสุพรรณ","41","0","1","1","2","1","2","4","11","8","4","4","3"
"11102  :  โรงพยาบาลเจริญศิลป์","5","0","0","0","0","0","1","1","1","0","2","0","0"
"11103  :  โรงพยาบาลโพนนาแก้ว","0","0","0","0","0","0","0","0","0","0","0","0","0"
"11450  :  โรงพยาบาลสมเด็จพระยุพราชสว่างแดนดิน","126","12","13","12","11","11","11","14","16","12","7","6","1"
"11505  :  โรงพยาบาลค่ายกฤษณ์สีวะรา","0","0","0","0","0","0","0","0","0","0","0","0","0"
"21323  :  โรงพยาบาลพระอาจารย์แบน  ธนากโร","38","1","6","4","5","3","3","3","5","1","2","5","0"
"24976  :  โรงพยาบาลการแพทย์แผนไทยสกลนคร หลวงปู่แฟ๊ป สุภัทโท","0","0","0","0","0","0","0","0","0","0","0","0","0"
"10711  :  โรงพยาบาลนครพนม","48","13","7","4","3","3","1","1","2","2","4","3","5"
"11104  :  โรงพยาบาลปลาปาก","8","0","0","0","0","2","1","1","0","0","0","1","3"
"11105  :  โรงพยาบาลท่าอุเทน","17","0","3","1","1","2","4","2","0","2","0","1","1"
"11106  :  โรงพยาบาลบ้านแพง","9","1","0","0","0","1","0","0","1","0","1","2","3"
"11107  :  โรงพยาบาลนาทม","0","0","0","0","0","0","0","0","0","0","0","0","0"
"11108  :  โรงพยาบาลเรณูนคร","6","2","1","1","0","0","0","0","0","0","0","1","1"
"11109  :  โรงพยาบาลนาแก","107","11","8","9","14","13","13","11","12","8","0","5","3"
"11110  :  โรงพยาบาลศรีสงคราม","63","6","7","5","6","4","7","3","3","4","8","5","5"
"11111  :  โรงพยาบาลนาหว้า","30","5","1","0","4","2","2","3","2","4","4","2","1"
"11112  :  โรงพยาบาลโพนสวรรค์","6","1","1","0","1","0","0","2","0","0","0","0","1"
"11451  :  โรงพยาบาลสมเด็จพระยุพราชธาตุพนม","206","18","15","16","22","13","24","16","15","19","16","16","16"
"12277  :  โรงพยาบาลจิตเวชนครพนมราชนครินทร์","0","0","0","0","0","0","0","0","0","0","0","0","0"
"40840  :  โรงพยาบาลวังยาง","7","0","0","0","0","0","0","0","0","1","2","3","1"
"10712  :  โรงพยาบาลมุกดาหาร","0","0","0","0","0","0","0","0","0","0","0","0","0"
"11113  :  โรงพยาบาลนิคมคำสร้อย","29","2","4","1","3","2","1","4","3","4","0","2","3"
"11114  :  โรงพยาบาลดอนตาล","32","4","3","0","7","4","3","3","2","1","2","2","1"
"11115  :  โรงพยาบาลดงหลวง","33","2","7","3","4","2","4","0","1","1","1","5","3"
"11116  :  โรงพยาบาลคำชะอี","20","4","3","1","1","3","2","1","1","2","0","1","1"
"11117  :  โรงพยาบาลหว้านใหญ่","23","0","0","1","1","2","1","0","0","0","4","9","5"
"11118  :  โรงพยาบาลหนองสูง","5","0","0","0","0","2","0","0","1","2","0","0","0"
"06009  :  โรงพยาบาลแม่ตื่น","0","0","0","0","0","0","0","0","0","0","0","0","0"
"10713  :  โรงพยาบาลนครพิงค์","1,077","83","110","91","93","90","117","79","98","83","75","60","98"
"11119  :  โรงพยาบาลจอมทอง","78","9","8","4","7","8","6","7","8","6","6","3","6"
"11120  :  โรงพยาบาลเทพรัตนเวชชานุกูล เฉลิมพระเกียรติ ๖๐ พรรษา","84","4","5","9","6","3","7","5","12","8","11","8","6"
"11121  :  โรงพยาบาลเชียงดาว","63","5","7","6","5","2","5","5","8","3","8","8","1"
"11122  :  โรงพยาบาลดอยสะเก็ด","14","2","0","1","2","0","1","1","1","2","0","1","3"
"11123  :  โรงพยาบาลแม่แตง","2","0","0","0","0","0","0","0","0","1","1","0","0"
"11124  :  โรงพยาบาลสะเมิง","0","0","0","0","0","0","0","0","0","0","0","0","0"
"11125  :  โรงพยาบาลฝาง","162","13","10","10","9","13","9","10","23","18","16","16","15"
"11126  :  โรงพยาบาลแม่อาย","15","1","5","1","2","1","1","0","1","0","1","1","1"
"11127  :  โรงพยาบาลพร้าว","38","2","5","6","2","0","2","4","7","1","1","2","6"
"11128  :  โรงพยาบาลสันป่าตอง","7","0","2","2","0","0","0","0","0","0","1","1","1"
"11129  :  โรงพยาบาลสันกำแพง","30","2","1","5","1","0","3","2","10","3","0","0","3"
"11130  :  โรงพยาบาลสันทราย","88","4","9","10","10","7","10","4","4","6","7","9","8"
"11131  :  โรงพยาบาลหางดง","173","13","12","18","4","11","12","13","9","19","26","17","19"
"11132  :  โรงพยาบาลฮอด","61","5","7","6","8","2","5","3","6","6","4","3","6"
"11133  :  โรงพยาบาลดอยเต่า","10","0","1","3","4","0","0","0","0","0","1","1","0"
"11134  :  โรงพยาบาลอมก๋อย","31","3","1","1","1","2","3","3","8","3","3","1","2"
"11135  :  โรงพยาบาลสารภี","28","2","7","1","3","1","3","3","2","1","0","4","1"
"11136  :  โรงพยาบาลเวียงแหง","1","0","0","0","0","0","0","1","0","0","0","0","0"
"11137  :  โรงพยาบาลไชยปราการ","17","0","2","3","3","1","3","0","0","0","1","3","1"
"11138  :  โรงพยาบาลแม่วาง","13","3","2","1","1","3","1","0","2","0","0","0","0"
"11139  :  โรงพยาบาลแม่ออน","48","3","3","5","6","3","3","6","1","3","1","5","9"
"11507  :  โรงพยาบาลกองบิน 41","0","0","0","0","0","0","0","0","0","0","0","0","0"
"11508  :  โรงพยาบาลค่ายกาวิละ เชียงใหม่","0","0","0","0","0","0","0","0","0","0","0","0","0"
"11643  :  โรงพยาบาลดอยหล่อ","3","0","1","0","0","0","0","0","2","0","0","0","0"
"11978  :  โรงพยาบาลดารารัศมี","0","0","0","0","0","0","0","0","0","0","0","0","0"
"11992  :  โรงพยาบาลเทพปัญญา 2 โรงพยาบาลทั่วไปขนาดกลาง","0","0","0","0","0","0","0","0","0","0","0","0","0"
"11995  :  โรงพยาบาลทั่วไปขนาดใหญ่เซ็นทรัลเชียงใหม่ เมโมเรียล","0","0","0","0","0","0","0","0","0","0","0","0","0"
"11999  :  โรงพยาบาลทั่วไปขนาดใหญ่เชียงใหม่เมดิคอลเซ็นเตอร์","0","0","0","0","0","0","0","0","0","0","0","0","0"
"12279  :  โรงพยาบาลส่งเสริมสุขภาพ ศูนย์อนามัยที่ 1","0","0","0","0","0","0","0","0","0","0","0","0","0"
"12280  :  โรงพยาบาลสวนปรุง","0","0","0","0","0","0","0","0","0","0","0","0","0"
"12281  :  โรงพยาบาลประสาทเชียงใหม่","0","0","0","0","0","0","0","0","0","0","0","0","0"
"13775  :  สถาบันพัฒนาการเด็กราชนครินทร์","0","0","0","0","0","0","0","0","0","0","0","0","0"
"13780  :  โรงพยาบาลมหาราชนครเชียงใหม่  มหาวิทยาลัยเชียงใหม่","0","0","0","0","0","0","0","0","0","0","0","0","0"
"13785  :  โรงพยาบาลธัญญารักษ์เชียงใหม่","0","0","0","0","0","0","0","0","0","0","0","0","0"
"14550  :  โรงพยาบาลทั่วไปขนาดใหญ่ เชียงใหม่ใกล้หมอ","0","0","0","0","0","0","0","0","0","0","0","0","0"
"14916  :  โรงพยาบาลทั่วไปขนาดกลางเชียงใหม่ฮอสพิทอล","169","21","11","20","12","20","12","9","19","15","12","10","8"
"23736  :  โรงพยาบาลวัดจันทร์ เฉลิมพระเกียรติ 80 พรรษา","0","0","0","0","0","0","0","0","0","0","0","0","0"
"10714  :  โรงพยาบาลลำพูน","62","6","5","5","4","6","11","1","5","4","5","5","5"
"11140  :  โรงพยาบาลแม่ทา","0","0","0","0","0","0","0","0","0","0","0","0","0"
"11141  :  โรงพยาบาลบ้านโฮ่ง","0","0","0","0","0","0","0","0","0","0","0","0","0"
"11142  :  โรงพยาบาลลี้","1","0","0","0","0","0","0","0","0","0","1","0","0"
"11143  :  โรงพยาบาลทุ่งหัวช้าง","57","11","5","0","3","2","5","1","4","10","4","6","6"
"11144  :  โรงพยาบาลป่าซาง","68","2","3","5","4","4","9","7","4","3","7","9","11"
"11145  :  โรงพยาบาลบ้านธิ","0","0","0","0","0","0","0","0","0","0","0","0","0"
"12000  :  โรงพยาบาลหริภุญชัยเมโมเรียล","0","0","0","0","0","0","0","0","0","0","0","0","0"
"14555  :  โรงพยาบาลทั่วไปขนาดกลางศิริเวช ลำพูน","0","0","0","0","0","0","0","0","0","0","0","0","0"
"24956  :  โรงพยาบาลเวียงหนองล่อง","2","0","0","0","0","0","0","1","1","0","0","0","0"
"10672  :  โรงพยาบาลลำปาง","88","8","2","2","8","4","6","3","5","7","14","12","17"
"11146  :  โรงพยาบาลแม่เมาะ","12","1","0","1","1","2","3","0","0","0","1","1","2"
"11147  :  โรงพยาบาลเกาะคา","489","34","38","49","39","35","50","29","39","48","47","43","38"
"11148  :  โรงพยาบาลเสริมงาม","45","4","11","2","3","0","3","2","4","2","2","6","6"
"11149  :  โรงพยาบาลงาว","12","2","1","1","0","0","0","1","1","3","2","1","0"
"11150  :  โรงพยาบาลแจ้ห่ม","7","3","0","1","0","0","0","0","0","0","0","1","2"
"11151  :  โรงพยาบาลวังเหนือ","9","2","1","1","0","2","0","0","1","0","0","0","2"
"11152  :  โรงพยาบาลเถิน","42","5","2","7","4","3","7","6","4","2","0","1","1"
"11153  :  โรงพยาบาลแม่พริก","4","1","0","0","0","3","0","0","0","0","0","0","0"
"11154  :  โรงพยาบาลแม่ทะ","29","3","3","7","4","0","0","1","2","2","2","2","3"
"11155  :  โรงพยาบาลสบปราบ","11","0","2","2","1","0","1","1","1","0","3","0","0"
"11156  :  โรงพยาบาลห้างฉัตร","22","7","0","2","0","3","2","2","0","0","2","2","2"
"11157  :  โรงพยาบาลเมืองปาน","24","0","0","0","0","3","5","5","2","4","1","1","3"
"11512  :  โรงพยาบาลค่ายสุรศักดิ์มนตรี","0","0","0","0","0","0","0","0","0","0","0","0","0"
"12283  :  โรงพยาบาลมะเร็งลำปาง","0","0","0","0","0","0","0","0","0","0","0","0","0"
"10673  :  โรงพยาบาลอุตรดิตถ์","106","13","12","13","11","8","14","9","12","6","2","3","3"
"11158  :  โรงพยาบาลตรอน","26","1","2","2","0","1","2","3","6","2","2","1","4"
"11159  :  โรงพยาบาลท่าปลา","19","1","3","4","0","2","0","2","2","0","1","2","2"
"11160  :  โรงพยาบาลน้ำปาด","39","3","8","2","1","1","1","7","3","5","3","2","3"
"11161  :  โรงพยาบาลฟากท่า","23","3","5","3","0","0","5","3","1","1","1","0","1"
"11162  :  โรงพยาบาลบ้านโคก","15","0","2","0","1","0","3","3","4","0","0","1","1"
"11163  :  โรงพยาบาลพิชัย","33","3","0","1","0","5","2","1","5","3","4","2","7"
"11164  :  โรงพยาบาลลับแล","170","12","14","13","13","17","14","5","12","13","13","19","25"
"11165  :  โรงพยาบาลทองแสนขัน","10","1","1","1","0","1","2","2","1","0","0","0","1"
"11509  :  โรงพยาบาลค่ายพิชัยดาบหัก","25","0","4","6","1","3","1","8","1","1","0","0","0"
"10715  :  โรงพยาบาลแพร่","107","10","7","11","7","9","9","9","9","8","12","8","8"
"11166  :  โรงพยาบาลร้องกวาง","1","0","1","0","0","0","0","0","0","0","0","0","0"
"11167  :  โรงพยาบาลลอง","15","2","1","0","1","0","2","1","2","2","0","2","2"
"11169  :  โรงพยาบาลสูงเม่น","76","4","6","8","5","3","7","3","6","12","6","9","7"
"11170  :  โรงพยาบาลสอง","24","1","5","2","1","1","0","0","5","1","2","2","4"
"11171  :  โรงพยาบาลวังชิ้น","16","1","1","2","1","0","0","0","1","1","3","3","3"
"11172  :  โรงพยาบาลหนองม่วงไข่","10","0","3","0","1","0","0","0","0","1","1","3","1"
"11452  :  โรงพยาบาลสมเด็จพระยุพราชเด่นชัย","17","5","2","1","1","1","0","1","1","1","3","1","0"
"10716  :  โรงพยาบาลน่าน","141","14","10","7","16","13","10","16","10","15","11","6","13"
"11173  :  โรงพยาบาลแม่จริม","20","1","3","2","2","3","4","3","2","0","0","0","0"
"11174  :  โรงพยาบาลบ้านหลวง","1","0","0","0","0","0","1","0","0","0","0","0","0"
"11175  :  โรงพยาบาลนาน้อย","23","2","2","2","2","3","3","5","2","1","0","1","0"
"11176  :  โรงพยาบาลท่าวังผา","14","1","2","0","1","3","1","1","2","0","1","0","2"
"11177  :  โรงพยาบาลเวียงสา","24","1","3","0","0","1","1","3","2","3","6","4","0"
"11178  :  โรงพยาบาลทุ่งช้าง","10","2","1","1","0","0","1","0","1","0","1","3","0"
"11179  :  โรงพยาบาลเชียงกลาง","24","1","1","2","3","2","1","0","3","3","2","5","1"
"11180  :  โรงพยาบาลนาหมื่น","7","1","0","1","0","2","1","0","1","0","0","1","0"
"11181  :  โรงพยาบาลสันติสุข","7","0","1","1","0","0","0","1","0","1","0","2","1"
"11182  :  โรงพยาบาลบ่อเกลือ","4","2","0","0","1","0","1","0","0","0","0","0","0"
"11183  :  โรงพยาบาลสองแคว","6","1","1","1","1","0","0","1","0","0","1","0","0"
"11453  :  โรงพยาบาลสมเด็จพระยุพราชปัว","118","6","13","5","12","16","14","10","8","6","6","9","13"
"11510  :  โรงพยาบาลค่ายสุริยพงษ์","0","0","0","0","0","0","0","0","0","0","0","0","0"
"11625  :  โรงพยาบาลเฉลิมพระเกียรติ","1","0","0","1","0","0","0","0","0","0","0","0","0"
"25017  :  โรงพยาบาลภูเพียง","36","3","5","4","4","3","3","5","4","2","0","2","1"
"10717  :  โรงพยาบาลพะเยา","134","8","11","15","8","10","12","9","11","13","10","10","17"
"10718  :  โรงพยาบาลเชียงคำ","100","18","13","7","9","6","10","11","4","5","4","9","4"
"11184  :  โรงพยาบาลจุน","65","9","7","9","3","6","6","2","7","4","1","8","3"
"11185  :  โรงพยาบาลเชียงม่วน","18","2","1","2","2","4","4","1","1","1","0","0","0"
"11186  :  โรงพยาบาลดอกคำใต้","45","5","1","1","5","6","1","4","4","4","5","5","4"
"11187  :  โรงพยาบาลปง","24","6","4","2","0","2","1","1","2","2","2","1","1"
"11188  :  โรงพยาบาลแม่ใจ","46","4","4","1","6","5","3","3","1","4","4","7","4"
"15140  :  โรงพยาบาลค่ายขุนเจืองธรรมิกราช","0","0","0","0","0","0","0","0","0","0","0","0","0"
"40744  :  โรงพยาบาลภูซาง","0","0","0","0","0","0","0","0","0","0","0","0","0"
"40745  :  โรงพยาบาลภูกามยาว","0","0","0","0","0","0","0","0","0","0","0","0","0"
"41347  :  โรงพยาบาลมหาวิทยาลัยพะเยา","0","0","0","0","0","0","0","0","0","0","0","0","0"
"10674  :  โรงพยาบาลเชียงรายประชานุเคราะห์","1,066","91","95","77","82","66","91","45","98","95","90","122","114"
"11189  :  โรงพยาบาลเทิง","24","1","0","4","2","1","1","0","2","0","3","5","5"
"11190  :  โรงพยาบาลพาน","55","2","8","5","4","6","8","2","3","2","4","2","9"
"11191  :  โรงพยาบาลป่าแดด","27","0","2","2","2","2","4","1","3","2","2","4","3"
"11192  :  โรงพยาบาลแม่จัน","167","21","26","12","12","5","16","5","11","22","11","15","11"
"11193  :  โรงพยาบาลเชียงแสน","33","4","5","3","5","5","5","2","4","0","0","0","0"
"11194  :  โรงพยาบาลแม่สาย","54","16","1","4","3","7","2","6","3","4","3","2","3"
"11195  :  โรงพยาบาลแม่สรวย","56","3","2","8","4","3","4","4","6","6","5","6","5"
"11196  :  โรงพยาบาลเวียงป่าเป้า","65","6","3","4","3","1","4","6","7","10","11","7","3"
"11197  :  โรงพยาบาลพญาเม็งราย","40","5","3","4","7","4","5","0","1","2","3","1","5"
"11198  :  โรงพยาบาลเวียงแก่น","34","4","3","2","2","4","2","0","3","0","5","2","7"
"11199  :  โรงพยาบาลขุนตาล","20","2","2","1","2","2","2","1","4","0","0","1","3"
"11200  :  โรงพยาบาลแม่ฟ้าหลวง","3","1","0","0","0","0","0","0","0","0","0","0","2"
"11201  :  โรงพยาบาลแม่ลาว","41","0","4","2","5","4","4","4","3","3","5","3","4"
"11202  :  โรงพยาบาลเวียงเชียงรุ้ง","13","2","3","0","2","1","0","2","1","0","0","2","0"
"11454  :  โรงพยาบาลสมเด็จพระยุพราชเชียงของ","78","3","7","4","7","5","5","5","6","7","17","6","6"
"15012  :  โรงพยาบาลสมเด็จพระญาณสังวร","69","8","7","3","8","6","6","3","5","3","5","10","5"
"23429  :  โรงพยาบาลมหาวิทยาลัยแม่ฟ้าหลวง","0","0","0","0","0","0","0","0","0","0","0","0","0"
"28823  :  โรงพยาบาลดอยหลวง","13","2","0","1","1","2","0","1","2","1","1","1","1"
"41509  :  โรงพยาบาลศูนย์การแพทย์มหาวิทยาลัยแม่ฟ้าหลวง","0","0","0","0","0","0","0","0","0","0","0","0","0"
"10719  :  โรงพยาบาลศรีสังวาลย์","24","1","1","2","2","2","4","2","2","1","2","3","2"
"11203  :  โรงพยาบาลขุนยวม","39","4","3","5","1","5","5","3","1","3","5","3","1"
"11204  :  โรงพยาบาลปาย","7","2","1","1","0","0","0","0","0","0","0","3","0"
"11205  :  โรงพยาบาลแม่สะเรียง","51","0","2","2","0","3","8","9","3","6","6","6","6"
"11206  :  โรงพยาบาลแม่ลาน้อย","17","4","3","0","1","3","2","0","2","1","1","0","0"
"11207  :  โรงพยาบาลสบเมย","37","0","6","0","8","4","6","2","4","2","2","2","1"
"11208  :  โรงพยาบาลปางมะผ้า","1","0","0","1","0","0","0","0","0","0","0","0","0"
"14197  :  โรงพยาบาลธัญญรักษ์แม่ฮ่องสอน","0","0","0","0","0","0","0","0","0","0","0","0","0"
"10675  :  โรงพยาบาลสวรรค์ประชารักษ์","326","40","40","34","22","14","19","18","25","26","28","30","30"
"11209  :  โรงพยาบาลโกรกพระ","51","4","8","5","3","2","4","6","4","5","6","3","1"
"11210  :  โรงพยาบาลชุมแสง","21","3","2","1","2","0","0","3","6","0","2","1","1"
"11211  :  โรงพยาบาลหนองบัว","40","2","8","1","6","4","5","2","2","1","2","4","3"
"11212  :  โรงพยาบาลบรรพตพิสัย","15","0","4","0","3","2","2","1","1","1","0","1","0"
"11213  :  โรงพยาบาลเก้าเลี้ยว","52","3","7","4","6","3","9","6","4","4","1","3","2"
"11214  :  โรงพยาบาลตาคลี","25","2","3","4","4","2","2","1","1","3","1","1","1"
"11215  :  โรงพยาบาลท่าตะโก","79","5","9","10","8","13","6","7","5","9","4","1","2"
"11216  :  โรงพยาบาลไพศาลี","21","2","2","1","3","3","3","0","1","3","0","1","2"
"11217  :  โรงพยาบาลพยุหะคีรี","26","1","1","2","2","2","0","2","4","5","2","1","4"
"11218  :  โรงพยาบาลลาดยาว","16","4","1","0","3","0","5","0","0","1","1","1","0"
"11219  :  โรงพยาบาลตากฟ้า","6","0","0","0","0","0","0","0","0","0","1","3","2"
"11220  :  โรงพยาบาลแม่วงก์","11","0","2","2","2","2","0","0","1","0","0","2","0"
"11513  :  โรงพยาบาลค่ายจิรประวัติ","4","0","0","1","1","0","0","0","2","0","0","0","0"
"12030  :  โรงพยาบาลพริ้นซ์ ปากน้ำโพ 1 โรงพยาบาลทั่วไปขนาดใหญ่","0","0","0","0","0","0","0","0","0","0","0","0","0"
"12033  :  โรงพยาบาลรวมแพทย์นครสวรรค์","0","0","0","0","0","0","0","0","0","0","0","0","0"
"12034  :  โรงพยาบาลพริ้นซ์ ปากน้ำโพ 2 โรงพยาบาลทั่วไปขนาดใหญ่","0","0","0","0","0","0","0","0","0","0","0","0","0"
"12042  :  โรงพยาบาลร่มฉัตร","0","0","0","0","0","0","0","0","0","0","0","0","0"
"12044  :  โรงพยาบาลศรีสวรรค์","0","0","0","0","0","0","0","0","0","0","0","0","0"
"12284  :  โรงพยาบาลส่งเสริมสุขภาพ ศูนย์อนามัยที่ 3","0","0","0","0","0","0","0","0","0","0","0","0","0"
"14171  :  โรงพยาบาลจิตเวชนครสวรรค์ราชนครินทร์","0","0","0","0","0","0","0","0","0","0","0","0","0"
"40749  :  โรงพยาบาลชุมตาบง","0","0","0","0","0","0","0","0","0","0","0","0","0"
"10720  :  โรงพยาบาลอุทัยธานี","143","6","9","5","8","6","9","14","17","20","19","14","16"
"11221  :  โรงพยาบาลทัพทัน","188","17","18","16","23","11","14","11","9","15","12","20","22"
"11222  :  โรงพยาบาลสว่างอารมณ์","9","3","3","1","1","0","0","0","0","0","1","0","0"
"11223  :  โรงพยาบาลหนองฉาง","63","11","5","3","5","3","7","5","3","8","6","3","4"
"11224  :  โรงพยาบาลหนองขาหย่าง","17","1","0","0","0","1","1","0","2","6","4","2","0"
"11225  :  โรงพยาบาลบ้านไร่","36","4","6","5","2","4","4","3","4","0","0","2","2"
"11226  :  โรงพยาบาลลานสัก","13","3","1","2","0","0","3","1","1","0","0","2","0"
"11227  :  โรงพยาบาลห้วยคต","3","3","0","0","0","0","0","0","0","0","0","0","0"
"10721  :  โรงพยาบาลกำแพงเพชร","148","13","12","11","13","13","14","9","13","10","11","15","14"
"11228  :  โรงพยาบาลทุ่งโพธิ์ทะเล","1","0","0","0","0","0","0","0","0","1","0","0","0"
"11229  :  โรงพยาบาลไทรงาม","21","2","3","4","2","1","2","3","0","1","1","0","2"
"11230  :  โรงพยาบาลคลองลาน","31","2","4","1","1","5","8","3","3","2","0","2","0"
"11231  :  โรงพยาบาลขาณุวรลักษบุรี","29","2","0","2","1","2","2","3","4","2","2","3","6"
"11232  :  โรงพยาบาลคลองขลุง","43","1","5","2","6","6","9","1","5","2","3","2","1"
"11233  :  โรงพยาบาลพรานกระต่าย","93","6","7","4","6","6","11","8","11","9","7","10","8"
"11234  :  โรงพยาบาลลานกระบือ","28","4","2","2","3","0","0","0","3","5","2","3","4"
"11235  :  โรงพยาบาลทรายทองวัฒนา","10","2","1","0","2","1","0","0","1","3","0","0","0"
"11236  :  โรงพยาบาลปางศิลาทอง","6","0","1","2","0","0","0","0","0","0","0","0","3"
"14135  :  โรงพยาบาลบึงสามัคคี","0","0","0","0","0","0","0","0","0","0","0","0","0"
"28010  :  โรงพยาบาลโกสัมพีนคร","15","2","4","0","1","3","1","0","1","2","0","1","0"
"10722  :  โรงพยาบาลสมเด็จพระเจ้าตากสินมหาราช","98","10","9","7","5","6","9","7","9","8","6","12","10"
"10723  :  โรงพยาบาลแม่สอด","54","8","4","2","5","5","4","5","2","2","5","10","2"
"11238  :  โรงพยาบาลบ้านตาก","46","2","5","6","5","6","3","1","3","5","5","4","1"
"11239  :  โรงพยาบาลสามเงา","62","4","1","1","12","3","1","2","5","2","11","12","8"
"11240  :  โรงพยาบาลแม่ระมาด","63","5","7","4","5","5","3","5","9","7","3","4","6"
"11241  :  โรงพยาบาลท่าสองยาง","27","1","3","0","0","2","2","2","4","3","3","3","4"
"11242  :  โรงพยาบาลพบพระ","40","2","3","7","1","1","3","8","2","1","3","4","5"
"11243  :  โรงพยาบาลอุ้มผาง","44","0","2","1","4","6","5","4","5","6","3","3","5"
"27443  :  โรงพยาบาลวังเจ้า","23","2","0","3","3","0","1","1","1","8","1","1","2"
"10724  :  โรงพยาบาลสุโขทัย","0","0","0","0","0","0","0","0","0","0","0","0","0"
"10725  :  โรงพยาบาลศรีสังวรสุโขทัย","23","1","2","2","2","3","4","0","4","0","3","2","0"
"11244  :  โรงพยาบาลบ้านด่านลานหอย","35","4","1","1","1","1","3","5","6","4","4","3","2"
"11245  :  โรงพยาบาลคีรีมาศ","11","0","0","1","0","2","1","1","1","3","1","1","0"
"11246  :  โรงพยาบาลกงไกรลาศ","60","5","8","6","4","3","9","3","5","5","3","5","4"
"11247  :  โรงพยาบาลศรีสัชนาลัย","12","2","0","1","0","0","2","1","1","1","2","1","1"
"11248  :  โรงพยาบาลสวรรคโลก","0","0","0","0","0","0","0","0","0","0","0","0","0"
"11249  :  โรงพยาบาลศรีนคร","1","0","0","0","0","0","0","0","1","0","0","0","0"
"11250  :  โรงพยาบาลทุ่งเสลี่ยม","24","5","2","1","5","3","1","1","1","1","3","0","1"
"10676  :  โรงพยาบาลพุทธชินราช","140","8","7","11","11","9","16","13","14","7","15","16","13"
"11251  :  โรงพยาบาลชาติตระการ","18","1","1","0","0","0","2","2","0","0","4","6","2"
"11252  :  โรงพยาบาลบางระกำ","7","0","0","0","0","2","2","1","0","0","1","1","0"
"11253  :  โรงพยาบาลบางกระทุ่ม","50","4","5","9","2","0","7","0","6","4","5","6","2"
"11254  :  โรงพยาบาลพรหมพิราม","37","6","0","0","7","2","6","3","2","2","3","5","1"
"11255  :  โรงพยาบาลวัดโบสถ์","5","1","0","0","0","1","0","1","0","0","0","0","2"
"11256  :  โรงพยาบาลวังทอง","422","43","42","31","31","45","32","33","42","6","27","49","41"
"11257  :  โรงพยาบาลเนินมะปราง","42","5","4","5","9","1","5","1","2","5","2","2","1"
"11455  :  โรงพยาบาลสมเด็จพระยุพราชนครไทย","15","1","2","2","0","0","0","1","3","1","2","2","1"
"11517  :  โรงพยาบาลค่ายสมเด็จพระนเรศวร","48","1","3","2","6","4","4","0","6","0","10","3","9"
"14972  :  โรงพยาบาลมหาวิทยาลัยนเรศวร","0","0","0","0","0","0","0","0","0","0","0","0","0"
"41429  :  โรงพยาบาลจิตเวชพิษณุโลก","0","0","0","0","0","0","0","0","0","0","0","0","0"
"10726  :  โรงพยาบาลพิจิตร","373","45","31","26","29","25","32","29","49","47","20","13","27"
"11258  :  โรงพยาบาลวังทรายพูน","46","7","5","4","2","2","3","3","6","4","4","6","0"
"11259  :  โรงพยาบาลโพธิ์ประทับช้าง","28","1","0","5","4","8","4","2","1","1","2","0","0"
"11260  :  โรงพยาบาลบางมูลนาก","33","2","2","2","2","1","2","4","6","3","4","4","1"
"11261  :  โรงพยาบาลโพทะเล","61","2","4","5","6","11","7","4","7","2","2","8","3"
"11262  :  โรงพยาบาลสามง่าม","26","1","4","0","0","6","4","2","4","2","0","3","0"
"11263  :  โรงพยาบาลทับคล้อ","36","6","2","5","5","0","3","3","6","1","0","2","3"
"11456  :  โรงพยาบาลสมเด็จพระยุพราชตะพานหิน","199","20","22","21","15","16","22","13","15","11","11","13","20"
"11631  :  โรงพยาบาลวชิรบารมี","10","0","1","1","3","0","0","0","1","2","0","2","0"
"27978  :  โรงพยาบาลสากเหล็ก","14","0","0","0","0","0","2","2","8","0","0","2","0"
"27979  :  โรงพยาบาลบึงนาราง","0","0","0","0","0","0","0","0","0","0","0","0","0"
"27980  :  โรงพยาบาลดงเจริญ","22","3","1","3","1","1","1","1","4","3","0","3","1"
"10727  :  โรงพยาบาลเพชรบูรณ์","211","14","24","16","15","15","13","14","15","17","16","27","25"
"11264  :  โรงพยาบาลชนแดน","0","0","0","0","0","0","0","0","0","0","0","0","0"
"11265  :  โรงพยาบาลหล่มสัก","36","1","3","6","1","0","1","3","5","1","4","7","4"
"11266  :  โรงพยาบาลวิเชียรบุรี","33","2","9","2","2","4","3","2","4","1","0","3","1"
"11267  :  โรงพยาบาลศรีเทพ","12","2","1","1","1","0","1","0","0","0","1","1","4"
"11268  :  โรงพยาบาลหนองไผ่","16","4","1","0","0","2","0","0","0","0","4","3","2"
"11269  :  โรงพยาบาลบึงสามพัน","37","0","1","4","3","3","3","2","2","2","5","7","5"
"11270  :  โรงพยาบาลน้ำหนาว","26","3","1","2","2","2","3","2","6","4","0","0","1"
"11271  :  โรงพยาบาลวังโป่ง","5","0","0","0","2","1","2","0","0","0","0","0","0"
"11272  :  โรงพยาบาลเขาค้อ","35","1","3","0","0","1","8","2","7","8","1","3","1"
"11457  :  โรงพยาบาลสมเด็จพระยุพราชหล่มเก่า","36","4","4","3","2","1","3","4","4","3","1","3","4"
"11946  :  โรงพยาบาลค่ายพ่อขุนผาเมือง","0","0","0","0","0","0","0","0","0","0","0","0","0"
"10677  :  โรงพยาบาลราชบุรี","55","3","4","4","5","2","4","6","8","4","2","5","8"
"10728  :  โรงพยาบาลดำเนินสะดวก","54","3","3","2","4","4","6","9","5","4","1","7","6"
"10729  :  โรงพยาบาลบ้านโป่ง","12","3","2","0","0","3","1","0","0","0","2","1","0"
"10730  :  โรงพยาบาลโพธาราม","54","4","7","3","5","7","6","2","4","4","3","5","4"
"11273  :  โรงพยาบาลสวนผึ้ง","105","10","7","4","2","11","13","9","10","10","4","14","11"
"11274  :  โรงพยาบาลบางแพ","13","3","1","1","1","1","1","1","0","1","0","2","1"
"11275  :  โรงพยาบาลเจ็ดเสมียน","0","0","0","0","0","0","0","0","0","0","0","0","0"
"11276  :  โรงพยาบาลปากท่อ","107","4","3","8","7","5","8","13","13","11","7","15","13"
"11277  :  โรงพยาบาลวัดเพลง","11","0","0","2","0","1","0","0","0","0","2","2","4"
"11458  :  โรงพยาบาลสมเด็จพระยุพราชจอมบึง","26","1","2","2","4","0","1","1","4","6","1","3","1"
"11519  :  โรงพยาบาลค่ายภาณุรังษี","34","3","6","8","4","4","0","0","3","3","0","1","2"
"12093  :  สถานพยาบาลแพทย์ประดิษฐ์","0","0","0","0","0","0","0","0","0","0","0","0","0"
"12097  :  มหาชัยพร้อมแพทย์โรงพยาบาลทั่วไปขนาดกลาง","0","0","0","0","0","0","0","0","0","0","0","0","0"
"12098  :  โรงพยาบาลกรุงเทพเมืองราชโรงพยาบาลทั่วไปขนาดใหญ่","0","0","0","0","0","0","0","0","0","0","0","0","0"
"12103  :  โรงพยาบาลซานคามิลโล","0","0","0","0","0","0","0","0","0","0","0","0","0"
"12286  :  โรงพยาบาลส่งเสริมสุขภาพ ศูนย์อนามัยที่ 5","0","0","0","0","0","0","0","0","0","0","0","0","0"
"28858  :  โรงพยาบาลบ้านคา","18","4","1","4","1","0","0","0","1","2","1","2","2"
"10731  :  โรงพยาบาลพหลพลพยุหเสนา","187","12","14","7","13","17","16","14","13","13","14","22","32"
"10732  :  โรงพยาบาลมะการักษ์","70","4","8","8","6","4","4","5","4","8","7","7","5"
"11278  :  โรงพยาบาลไทรโยค","15","1","5","1","1","2","1","0","0","3","1","0","0"
"11279  :  โรงพยาบาลสมเด็จพระปิยมหาราชรมณียเขต","2","0","0","0","0","0","0","0","0","1","1","0","0"
"11280  :  โรงพยาบาลบ่อพลอย","42","10","6","6","1","1","4","4","4","0","0","4","2"
"11281  :  โรงพยาบาลท่ากระดาน","9","1","4","1","1","0","0","0","2","0","0","0","0"
"11282  :  โรงพยาบาลสมเด็จพระสังฆราชองค์ที่ ๑๙","19","7","5","3","2","2","0","0","0","0","0","0","0"
"11283  :  โรงพยาบาลทองผาภูมิ","55","4","5","2","8","4","6","5","2","5","7","2","5"
"11284  :  โรงพยาบาลสังขละบุรี","82","4","4","5","7","9","7","5","7","6","8","12","8"
"11285  :  โรงพยาบาลเจ้าคุณไพบูลย์พนมทวน","11","2","1","1","0","2","2","2","0","1","0","0","0"
"11286  :  โรงพยาบาลเลาขวัญ","5","1","0","0","2","0","0","2","0","0","0","0","0"
"11287  :  โรงพยาบาลด่านมะขามเตี้ย","43","5","5","7","8","4","3","2","1","2","1","2","3"
"11288  :  โรงพยาบาลสถานพระบารมี","5","2","0","0","1","1","0","0","1","0","0","0","0"
"11520  :  โรงพยาบาลค่ายสุรสีห์","0","0","0","0","0","0","0","0","0","0","0","0","0"
"14136  :  โรงพยาบาลศุกร์ศิริศรีสวัสดิ์","0","0","0","0","0","0","0","0","0","0","0","0","0"
"21948  :  โรงพยาบาลห้วยกระเจา เฉลิมพระเกียรติ 80 พรรษา","10","2","1","3","0","0","0","2","0","0","1","1","0"
"41701  :  โรงพยาบาลหนองปรือ","0","0","0","0","0","0","0","0","0","0","0","0","0"
"10678  :  โรงพยาบาลเจ้าพระยายมราช","209","12","20","19","24","17","17","12","21","19","14","22","12"
"10733  :  โรงพยาบาลสมเด็จพระสังฆราชองค์ที่17","121","16","8","16","20","6","10","5","8","9","5","8","10"
"11289  :  โรงพยาบาลเดิมบางนางบวช","93","6","11","10","14","12","9","7","8","7","2","2","5"
"11290  :  โรงพยาบาลด่านช้าง","62","11","12","6","5","2","6","5","5","4","4","1","1"
"11291  :  โรงพยาบาลบางปลาม้า","73","8","12","5","11","4","5","2","3","8","10","2","3"
"11292  :  โรงพยาบาลศรีประจันต์","21","2","5","3","1","1","1","2","2","2","0","1","1"
"11293  :  โรงพยาบาลดอนเจดีย์","18","5","2","1","1","1","1","2","3","2","0","0","0"
"11294  :  โรงพยาบาลสามชุก","78","5","4","7","5","8","9","4","5","5","10","12","4"
"11295  :  โรงพยาบาลอู่ทอง","88","4","7","9","9","2","2","2","8","9","20","8","8"
"11296  :  โรงพยาบาลหนองหญ้าไซ","19","1","1","1","0","0","0","2","4","1","3","3","3"
"12123  :  โรงพยาบาลวิภาวดี-ปิยราษฎร์","0","0","0","0","0","0","0","0","0","0","0","0","0"
"10679  :  โรงพยาบาลนครปฐม","157","1","7","10","17","18","0","20","12","12","20","27","13"
"11297  :  โรงพยาบาลกำแพงแสน","46","5","5","2","4","4","2","1","4","4","6","5","4"
"11298  :  โรงพยาบาลนครชัยศรี","3","0","1","1","1","0","0","0","0","0","0","0","0"
"11299  :  โรงพยาบาลห้วยพลู","116","7","10","10","15","4","16","10","10","15","2","8","9"
"11300  :  โรงพยาบาลดอนตูม","0","0","0","0","0","0","0","0","0","0","0","0","0"
"11301  :  โรงพยาบาลบางเลน","17","3","3","0","1","1","0","1","1","2","3","1","1"
"11302  :  โรงพยาบาลสามพราน","224","22","24","19","19","18","21","16","16","14","15","25","15"
"11303  :  โรงพยาบาลพุทธมณฑล","30","0","0","0","0","1","6","6","4","5","3","3","2"
"11473  :  โรงพยาบาลเมตตาประชารักษ์(วัดไร่ขิง)","9","0","0","1","3","0","2","0","3","0","0","0","0"
"11521  :  โรงพยาบาลจันทรุเบกษา","0","0","0","0","0","0","0","0","0","0","0","0","0"
"13819  :  โรงพยาบาลหลวงพ่อเปิ่น","10","0","0","0","1","2","1","1","2","2","1","0","0"
"10734  :  โรงพยาบาลสมุทรสาคร","80","2","9","8","4","6","2","3","6","12","8","10","10"
"11304  :  โรงพยาบาลกระทุ่มแบน","41","2","5","8","4","5","6","0","4","2","2","3","0"
"11305  :  โรงพยาบาลบ้านแพ้ว","144","0","0","0","10","19","23","17","13","9","17","14","22"
"12137  :  โรงพยาบาลทั่วไปขนาดเล็กเจษฎา","11","3","3","2","2","1","0","0","0","0","0","0","0"
"10735  :  โรงพยาบาลสมเด็จพระพุทธเลิศหล้า","64","10","9","7","7","3","4","5","7","6","1","3","2"
"11306  :  โรงพยาบาลนภาลัย","81","13","11","3","0","11","16","11","5","4","5","2","0"
"11307  :  โรงพยาบาลอัมพวา","10","2","4","0","1","0","0","1","0","0","0","1","1"
"10736  :  โรงพยาบาลพระจอมเกล้า","13","0","0","0","0","0","0","0","0","0","0","0","13"
"11308  :  โรงพยาบาลเขาย้อย","4","0","0","0","0","0","0","3","0","0","0","1","0"
"11309  :  โรงพยาบาลหนองหญ้าปล้อง","14","0","0","0","1","4","3","0","3","1","0","2","0"
"11310  :  โรงพยาบาลชะอำ","21","1","0","2","2","2","3","2","0","1","4","3","1"
"11311  :  โรงพยาบาลท่ายาง","59","5","3","8","9","3","3","3","1","4","3","9","8"
"11312  :  โรงพยาบาลบ้านลาด","3","0","1","2","0","0","0","0","0","0","0","0","0"
"11313  :  โรงพยาบาลบ้านแหลม","34","2","5","1","1","3","3","5","3","4","2","3","2"
"11314  :  โรงพยาบาลแก่งกระจาน","8","0","2","0","1","1","1","0","0","0","1","2","0"
"10737  :  โรงพยาบาลประจวบคีรีขันธ์","0","0","0","0","0","0","0","0","0","0","0","0","0"
"11315  :  โรงพยาบาลกุยบุรี","54","6","7","3","6","2","5","6","2","6","2","5","4"
"11316  :  โรงพยาบาลทับสะแก","20","2","0","2","1","1","3","4","3","2","1","0","1"
"11317  :  โรงพยาบาลบางสะพาน","113","6","18","11","8","15","9","9","5","9","4","10","9"
"11318  :  โรงพยาบาลบางสะพานน้อย","15","3","0","2","1","1","0","0","2","0","0","2","4"
"11319  :  โรงพยาบาลปราณบุรี","14","2","0","1","0","0","1","3","1","1","2","2","1"
"11320  :  โรงพยาบาลหัวหิน","44","0","0","0","0","0","0","0","0","1","8","19","16"
"11321  :  โรงพยาบาลสามร้อยยอด","62","8","13","10","11","5","2","0","2","2","1","3","5"
"11500  :  โรงพยาบาลกองบิน 5","0","0","0","0","0","0","0","0","0","0","0","0","0"
"11522  :  โรงพยาบาลค่ายธนะรัชต์","0","0","0","0","0","0","0","0","0","0","0","0","0"
"12471  :  สถานีกาชาดหัวหินเฉลิมพระเกียรติ","0","0","0","0","0","0","0","0","0","0","0","0","0"
"10680  :  โรงพยาบาลมหาราชนครศรีธรรมราช","45","0","0","0","0","0","0","2","1","0","13","16","13"
"11322  :  โรงพยาบาลพรหมคีรี","6","1","1","0","2","1","0","0","1","0","0","0","0"
"11324  :  โรงพยาบาลลานสะกา","38","2","7","2","5","2","4","1","2","3","5","4","1"
"11325  :  โรงพยาบาลสมเด็จพระยุพราชฉวาง","62","5","8","5","6","5","4","9","5","3","4","2","6"
"11326  :  โรงพยาบาลพิปูน","25","2","0","0","0","2","3","4","1","3","3","3","4"
"11327  :  โรงพยาบาลเชียรใหญ่","37","4","3","1","3","4","5","4","3","2","1","3","4"
"11328  :  โรงพยาบาลชะอวด","29","3","4","3","4","1","1","3","1","3","1","1","4"
"11329  :  โรงพยาบาลท่าศาลา","332","24","39","31","33","28","26","25","30","27","28","25","16"
"11330  :  โรงพยาบาลทุ่งสง","81","2","12","6","6","11","8","4","7","7","3","9","6"
"11331  :  โรงพยาบาลนาบอน","34","3","1","5","0","4","1","4","3","0","3","4","6"
"11332  :  โรงพยาบาลทุ่งใหญ่","16","3","7","0","1","1","1","1","1","0","0","1","0"
"11333  :  โรงพยาบาลปากพนัง","53","8","2","0","5","4","8","5","4","5","6","4","2"
"11334  :  โรงพยาบาลร่อนพิบูลย์","147","7","6","14","12","15","13","12","19","18","12","9","10"
"11335  :  โรงพยาบาลสิชล","25","0","4","6","3","1","1","1","2","2","2","2","1"
"11336  :  โรงพยาบาลขนอม","12","1","0","0","2","4","1","0","0","2","1","1","0"
"11337  :  โรงพยาบาลหัวไทร","14","1","0","1","1","1","0","3","3","2","1","0","1"
"11338  :  โรงพยาบาลบางขัน","43","8","5","8","5","3","4","2","3","3","1","1","0"
"11339  :  โรงพยาบาลถ้ำพรรณรา","3","0","0","1","1","0","0","0","0","0","0","0","1"
"11523  :  โรงพยาบาลค่ายวชิราวุธ","0","0","0","0","0","0","0","0","0","0","0","0","0"
"11660  :  โรงพยาบาลจุฬาภรณ์","18","0","1","4","1","2","3","0","1","2","1","1","2"
"12287  :  โรงพยาบาลส่งเสริมสุขภาพ ศูนย์อนามัยที่ 11","0","0","0","0","0","0","0","0","0","0","0","0","0"
"12472  :  สถานีกาชาดสิริธร (สถานีกาชาดที่ 12 ทุ่งสง)","0","0","0","0","0","0","0","0","0","0","0","0","0"
"14918  :  โรงพยาบาลค่ายเทพสตรีศรีสุนทร","3","1","0","0","0","0","0","0","0","0","0","1","1"
"21771  :  โรงพยาบาลเทศบาลนครนครศรีธรรมราช","0","0","0","0","0","0","0","0","0","0","0","0","0"
"40491  :  โรงพยาบาลเฉลิมพระเกียรติ","0","0","0","0","0","0","0","0","0","0","0","0","0"
"40492  :  โรงพยาบาลพ่อท่านคล้ายวาจาสิทธิ์","0","0","0","0","0","0","0","0","0","0","0","0","0"
"40742  :  โรงพยาบาลนบพิตำ","10","0","0","2","0","1","2","1","1","1","0","1","1"
"40743  :  โรงพยาบาลพระพรหม","23","1","1","3","1","1","3","4","3","2","3","1","0"
"40970  :  โรงพยาบาลศูนย์การแพทย์มหาวิทยาลัยวลัยลักษณ์","0","0","0","0","0","0","0","0","0","0","0","0","0"
"10738  :  โรงพยาบาลกระบี่","157","11","19","9","18","9","14","17","15","11","13","9","12"
"11340  :  โรงพยาบาลเขาพนม","16","5","2","1","1","0","0","1","0","0","0","2","4"
"11341  :  โรงพยาบาลเกาะลันตา","8","1","2","0","1","3","1","0","0","0","0","0","0"
"11342  :  โรงพยาบาลคลองท่อม","14","1","0","0","1","1","0","1","2","0","2","2","4"
"11343  :  โรงพยาบาลอ่าวลึก","59","4","1","4","5","3","5","4","9","9","7","7","1"
"11344  :  โรงพยาบาลปลายพระยา","32","6","3","4","0","0","1","1","3","2","4","5","3"
"11345  :  โรงพยาบาลลำทับ","2","0","0","0","0","0","0","0","0","1","0","0","1"
"11346  :  โรงพยาบาลเหนือคลอง","14","1","4","2","1","0","3","1","0","0","2","0","0"
"77753  :  โรงพยาบาลเกาะพีพี","0","0","0","0","0","0","0","0","0","0","0","0","0"
"10739  :  โรงพยาบาลพังงา","11","0","1","1","2","0","1","2","2","0","0","2","0"
"10740  :  โรงพยาบาลตะกั่วป่า","38","6","6","1","3","2","1","2","3","8","2","3","1"
"11347  :  โรงพยาบาลเกาะยาวชัยพัฒน์","12","2","0","1","1","0","0","0","2","1","1","1","3"
"11348  :  โรงพยาบาลกะปงชัยพัฒน์","3","0","0","0","0","2","1","0","0","0","0","0","0"
"11349  :  โรงพยาบาลตะกั่วทุ่ง","39","0","0","0","3","8","5","0","1","7","4","7","4"
"11350  :  โรงพยาบาลบางไทร","13","0","0","0","0","1","2","2","4","2","1","1","0"
"11352  :  โรงพยาบาลคุระบุรีชัยพัฒน์","11","2","1","2","0","0","2","0","1","1","0","0","2"
"11353  :  โรงพยาบาลทับปุด","5","0","0","0","0","0","1","1","2","0","1","0","0"
"11354  :  โรงพยาบาลท้ายเหมืองชัยพัฒน์","19","2","0","0","2","0","0","1","3","2","4","4","1"
"10741  :  โรงพยาบาลวชิระภูเก็ต","213","23","27","18","14","22","28","21","20","16","9","7","8"
"11355  :  โรงพยาบาลป่าตอง","6","0","2","0","0","0","0","0","2","0","0","0","2"
"11356  :  โรงพยาบาลถลาง","15","0","3","0","0","0","1","1","2","2","2","3","1"
"24678  :  โรงพยาบาลองค์การบริหารส่วนจังหวัดภูเก็ต","0","0","0","0","0","0","0","0","0","0","0","0","0"
"41436  :  โรงพยาบาลฉลอง","0","0","0","0","0","0","0","0","0","0","0","0","0"
"09192  :  โรงพยาบาลเกาะเต่า","0","0","0","0","0","0","0","0","0","0","0","0","0"
"10681  :  โรงพยาบาลสุราษฎร์ธานี","106","16","4","1","3","1","2","1","4","12","17","21","24"
"10742  :  โรงพยาบาลเกาะสมุย","49","5","5","3","2","4","6","5","8","5","3","3","0"
"11357  :  โรงพยาบาลกาญจนดิษฐ์","136","8","15","9","9","9","14","4","12","14","12","15","15"
"11358  :  โรงพยาบาลดอนสัก","13","3","0","1","0","1","0","3","1","0","1","1","2"
"11359  :  โรงพยาบาลเกาะพงัน","12","3","0","2","0","0","1","2","1","0","1","1","1"
"11360  :  โรงพยาบาลไชยา","35","2","7","6","4","1","0","0","2","2","3","4","4"
"11361  :  โรงพยาบาลท่าชนะ","4","1","0","0","1","0","0","0","0","0","0","1","1"
"11362  :  โรงพยาบาลคีรีรัฐนิคม","7","1","1","1","1","0","2","1","0","0","0","0","0"
"11363  :  โรงพยาบาลบ้านตาขุน","3","1","0","0","1","0","1","0","0","0","0","0","0"
"11364  :  โรงพยาบาลพนม","2","0","0","0","0","0","0","0","0","1","1","0","0"
"11365  :  โรงพยาบาลท่าฉาง","27","3","1","0","3","1","2","2","4","0","6","2","3"
"11366  :  โรงพยาบาลบ้านนาสาร","51","7","3","3","4","3","9","8","3","1","3","4","3"
"11367  :  โรงพยาบาลบ้านนาเดิม","0","0","0","0","0","0","0","0","0","0","0","0","0"
"11368  :  โรงพยาบาลเคียนซา","3","1","0","0","1","0","0","0","0","0","0","0","1"
"11369  :  โรงพยาบาลพระแสง","6","0","1","0","0","1","1","0","0","0","0","0","3"
"11370  :  โรงพยาบาลพุนพิน","101","6","10","9","3","15","11","8","8","8","7","12","4"
"11371  :  โรงพยาบาลชัยบุรี","9","1","0","0","1","1","0","1","2","2","1","0","0"
"11459  :  โรงพยาบาลสมเด็จพระยุพราชเวียงสระ","2","0","0","0","0","0","0","0","0","0","2","0","0"
"11654  :  โรงพยาบาลวิภาวดี","2","0","0","0","0","1","1","0","0","0","0","0","0"
"12289  :  โรงพยาบาลสวนสราญรมย์","3","0","0","0","0","1","1","0","0","0","0","0","1"
"14138  :  โรงพยาบาลท่าโรงช้าง","14","2","1","3","1","1","1","1","0","0","0","3","1"
"14203  :  โรงพยาบาลมะเร็งสุราษฎร์ธานี","0","0","0","0","0","0","0","0","0","0","0","0","0"
"14862  :  โรงพยาบาลกองบิน7","0","0","0","0","0","0","0","0","0","0","0","0","0"
"14901  :  โรงพยาบาลค่ายวิภาวดีรังสิต","0","0","0","0","0","0","0","0","0","0","0","0","0"
"40915  :  สถาบันสุขภาพจิตเด็กและวัยรุ่นภาคใต้","0","0","0","0","0","0","0","0","0","0","0","0","0"
"10743  :  โรงพยาบาลระนอง","0","0","0","0","0","0","0","0","0","0","0","0","0"
"11323  :  โรงพยาบาลละอุ่น","5","0","2","2","1","0","0","0","0","0","0","0","0"
"11372  :  โรงพยาบาลกะเปอร์","29","0","0","0","0","1","2","5","6","5","0","4","6"
"11373  :  โรงพยาบาลกระบุรี","6","0","1","0","0","1","0","0","0","3","0","0","1"
"11374  :  โรงพยาบาลสุขสำราญ","0","0","0","0","0","0","0","0","0","0","0","0","0"
"10744  :  โรงพยาบาลชุมพรเขตรอุดมศักดิ์","53","4","5","0","1","1","12","3","6","3","6","5","7"
"11375  :  โรงพยาบาลปากน้ำชุมพร","13","1","0","0","0","3","2","2","1","1","0","1","2"
"11376  :  โรงพยาบาลท่าแซะ","84","7","12","9","2","7","16","8","6","5","5","4","3"
"11377  :  โรงพยาบาลปะทิว","18","0","1","0","0","0","0","5","4","5","1","1","1"
"11378  :  โรงพยาบาลมาบอำมฤต","0","0","0","0","0","0","0","0","0","0","0","0","0"
"11379  :  โรงพยาบาลหลังสวน","88","7","6","3","14","9","11","1","5","6","10","7","9"
"11380  :  โรงพยาบาลปากน้ำหลังสวน","43","2","0","4","2","2","5","8","2","7","6","3","2"
"11381  :  โรงพยาบาลละแม","22","3","5","2","3","1","2","3","2","0","0","1","0"
"11382  :  โรงพยาบาลพะโต๊ะ","33","3","6","6","1","4","1","4","1","2","2","1","2"
"11383  :  โรงพยาบาลสวี","13","2","3","2","1","0","3","0","2","0","0","0","0"
"11385  :  โรงพยาบาลทุ่งตะโก","39","4","3","3","4","4","4","4","0","3","1","4","5"
"11525  :  โรงพยาบาลค่ายเขตอุดมศักดิ์","0","0","0","0","0","0","0","0","0","0","0","0","0"
"10682  :  โรงพยาบาลหาดใหญ่","103","4","12","17","11","13","8","9","5","3","7","8","6"
"10745  :  โรงพยาบาลสงขลา","83","7","5","8","8","7","8","4","3","6","7","10","10"
"11386  :  โรงพยาบาลสทิงพระ","11","0","5","1","1","1","1","1","0","0","1","0","0"
"11387  :  โรงพยาบาลจะนะ","31","1","2","3","1","6","4","1","2","1","3","5","2"
"11388  :  โรงพยาบาลสมเด็จพระบรมราชินีนาถ ณ  อำเภอนาทวี","35","5","6","5","2","3","1","2","1","2","2","4","2"
"11390  :  โรงพยาบาลเทพา","34","0","7","5","1","4","1","4","4","1","1","3","3"
"11391  :  โรงพยาบาลสะบ้าย้อย","4","2","0","0","0","0","0","0","1","1","0","0","0"
"11392  :  โรงพยาบาลระโนด","45","3","3","6","3","5","3","1","3","3","5","4","6"
"11393  :  โรงพยาบาลกระแสสินธุ์","12","0","2","2","0","0","0","0","3","0","2","2","1"
"11394  :  โรงพยาบาลรัตภูมิ","22","0","2","1","1","1","0","1","4","3","1","2","6"
"11395  :  โรงพยาบาลสะเดา","12","0","0","0","2","0","2","3","2","0","1","1","1"
"11396  :  โรงพยาบาลนาหม่อม","30","1","2","0","2","2","3","1","3","5","5","4","2"
"11397  :  โรงพยาบาลควนเนียง","8","0","1","1","0","3","0","0","1","0","1","1","0"
"11398  :  โรงพยาบาลปาดังเบซาร์","49","4","1","5","6","4","7","4","5","2","4","5","2"
"11399  :  โรงพยาบาลบางกล่ำ","6","0","0","0","1","0","2","0","0","2","1","0","0"
"11400  :  โรงพยาบาลสิงหนคร","20","5","1","3","2","3","1","0","0","2","1","0","2"
"11401  :  โรงพยาบาลคลองหอยโข่ง","0","0","0","0","0","0","0","0","0","0","0","0","0"
"12290  :  โรงพยาบาลจิตเวชสงขลาราชนครินทร์","35","7","6","3","6","2","3","4","0","2","1","1","0"
"14194  :  โรงพยาบาลธัญญารักษ์สงขลา","0","0","0","0","0","0","0","0","0","0","0","0","0"
"10746  :  โรงพยาบาลสตูล","147","9","16","13","8","15","17","8","11","8","12","20","10"
"11402  :  โรงพยาบาลควนโดน","12","2","1","0","0","1","0","0","1","0","2","1","4"
"11403  :  โรงพยาบาลควนกาหลง","48","3","4","4","6","2","7","2","7","4","2","4","3"
"11404  :  โรงพยาบาลท่าแพ","75","0","0","0","15","11","9","5","9","9","7","10","0"
"11405  :  โรงพยาบาลละงู","21","1","0","1","2","1","2","3","3","2","3","0","3"
"11406  :  โรงพยาบาลทุ่งหว้า","46","5","4","3","1","3","7","11","5","1","2","2","2"
"28786  :  โรงพยาบาลมะนัง","6","3","1","1","0","0","0","0","1","0","0","0","0"
"10683  :  โรงพยาบาลตรัง","84","5","5","4","6","3","10","11","6","10","8","11","5"
"11407  :  โรงพยาบาลกันตัง","16","4","0","2","2","1","1","1","1","0","2","0","2"
"11408  :  โรงพยาบาลย่านตาขาว","0","0","0","0","0","0","0","0","0","0","0","0","0"
"11409  :  โรงพยาบาลปะเหลียน","2","0","1","1","0","0","0","0","0","0","0","0","0"
"11410  :  โรงพยาบาลสิเกา","6","0","0","0","0","2","0","1","2","1","0","0","0"
"11411  :  โรงพยาบาลห้วยยอด","83","7","5","8","8","4","7","3","14","8","4","8","7"
"11412  :  โรงพยาบาลวังวิเศษ","7","0","0","1","0","1","0","1","0","1","3","0","0"
"11413  :  โรงพยาบาลนาโยง","10","2","0","0","1","1","0","1","0","2","0","1","2"
"12226  :  โรงพยาบาลวัฒนแพทย์","0","0","0","0","0","0","0","0","0","0","0","0","0"
"12230  :  โรงพยาบาล ทีอาร์พีเอช โรงพยาบาลทั่วไปขนาดใหญ่","0","0","0","0","0","0","0","0","0","0","0","0","0"
"13755  :  โรงพยาบาลโรคผิวหนังเขตร้อนภาคใต้ จังหวัดตรัง","0","0","0","0","0","0","0","0","0","0","0","0","0"
"14139  :  โรงพยาบาลรัษฎา","11","0","0","0","2","0","0","1","3","1","1","2","1"
"28817  :  โรงพยาบาลหาดสำราญเฉลิมพระเกียรติ 80 พรรษา","0","0","0","0","0","0","0","0","0","0","0","0","0"
"10747  :  โรงพยาบาลพัทลุง","217","13","26","15","11","13","21","18","35","17","14","20","14"
"11414  :  โรงพยาบาลกงหรา","0","0","0","0","0","0","0","0","0","0","0","0","0"
"11415  :  โรงพยาบาลเขาชัยสน","17","4","5","0","0","0","1","2","1","2","0","0","2"
"11416  :  โรงพยาบาลตะโหมด","5","0","0","0","0","0","0","0","2","1","1","1","0"
"11417  :  โรงพยาบาลควนขนุน","104","3","7","1","6","6","11","15","9","14","9","12","11"
"11418  :  โรงพยาบาลปากพะยูน","0","0","0","0","0","0","0","0","0","0","0","0","0"
"11419  :  โรงพยาบาลศรีบรรพต","18","4","0","3","4","1","1","1","1","1","2","0","0"
"11420  :  โรงพยาบาลป่าบอน","7","0","0","0","0","1","2","0","1","1","0","2","0"
"11421  :  โรงพยาบาลบางแก้ว","11","1","1","1","1","2","2","1","0","0","0","1","1"
"11422  :  โรงพยาบาลป่าพะยอม","14","1","0","0","0","2","2","1","2","2","0","2","2"
"24673  :  โรงพยาบาลศรีนครินทร์(ปัญญานันทภิขุ)","12","3","3","1","2","0","1","0","0","2","0","0","0"
"10748  :  โรงพยาบาลปัตตานี","99","9","11","13","14","7","6","3","7","16","3","4","6"
"11423  :  โรงพยาบาลโคกโพธิ์","36","4","3","1","0","2","5","3","3","3","6","3","3"
"11424  :  โรงพยาบาลหนองจิก","27","4","3","2","2","4","4","2","3","0","2","0","1"
"11425  :  โรงพยาบาลปะนาเระ","5","0","1","1","1","1","0","0","0","1","0","0","0"
"11426  :  โรงพยาบาลมายอ","52","4","4","4","7","2","4","3","5","5","8","5","1"
"11427  :  โรงพยาบาลทุ่งยางแดง","1","0","0","0","0","0","0","0","0","0","0","0","1"
"11428  :  โรงพยาบาลไม้แก่น","16","1","2","2","0","1","1","0","2","1","2","1","3"
"11429  :  โรงพยาบาลยะหริ่ง","22","1","2","1","1","0","0","0","6","5","1","2","3"
"11430  :  โรงพยาบาลยะรัง","56","4","9","6","8","9","4","3","0","0","5","8","0"
"11431  :  โรงพยาบาลแม่ลาน","1","0","0","0","0","0","0","0","0","0","1","0","0"
"11460  :  โรงพยาบาลสมเด็จพระยุพราชสายบุรี","51","6","4","3","5","4","4","7","9","4","3","1","1"
"11464  :  โรงพยาบาลกะพ้อ","6","0","0","0","0","0","0","1","1","0","1","1","2"
"11529  :  โรงพยาบาลค่ายอิงคยุทธบริหาร","0","0","0","0","0","0","0","0","0","0","0","0","0"
"14195  :  โรงพยาบาลธัญญรักษ์ปัตตานี","0","0","0","0","0","0","0","0","0","0","0","0","0"
"10684  :  โรงพยาบาลยะลา","117","12","7","12","7","12","13","6","10","12","6","11","9"
"10749  :  โรงพยาบาลเบตง","101","12","12","7","10","18","19","5","0","0","0","5","13"
"11432  :  โรงพยาบาลบันนังสตา","44","0","1","2","3","9","8","3","7","2","4","4","1"
"11433  :  โรงพยาบาลธารโต","23","4","3","2","2","0","0","0","0","7","3","2","0"
"11434  :  โรงพยาบาลรามัน","119","9","7","9","4","14","12","10","12","6","14","12","10"
"11461  :  โรงพยาบาลสมเด็จพระยุพราชยะหา","8","2","2","1","0","1","0","1","0","1","0","0","0"
"12238  :  โรงพยาบาลสิโรรส","0","0","0","0","0","0","0","0","0","0","0","0","0"
"13806  :  โรงพยาบาลกาบัง","0","0","0","0","0","0","0","0","0","0","0","0","0"
"14663  :  โรงพยาบาลส่งเสริมสุขภาพ ศูนย์อนามัยที่ 12","0","0","0","0","0","0","0","0","0","0","0","0","0"
"24689  :  โรงพยาบาลกรงปินัง","0","0","0","0","0","0","0","0","0","0","0","0","0"
"10750  :  โรงพยาบาลนราธิวาสราชนครินทร์","88","6","10","9","3","2","3","8","11","11","5","11","9"
"10751  :  โรงพยาบาลสุไหงโก-ลก","36","3","5","3","8","4","1","0","0","3","4","3","2"
"11435  :  โรงพยาบาลตากใบ","0","0","0","0","0","0","0","0","0","0","0","0","0"
"11436  :  โรงพยาบาลบาเจาะ","10","0","0","2","1","1","1","1","1","3","0","0","0"
"11437  :  โรงพยาบาลระแงะ","12","1","0","0","2","1","0","0","0","4","1","1","2"
"11438  :  โรงพยาบาลรือเสาะ","3","0","0","0","0","0","1","0","0","0","1","1","0"
"11439  :  โรงพยาบาลศรีสาคร","0","0","0","0","0","0","0","0","0","0","0","0","0"
"11440  :  โรงพยาบาลแว้ง","0","0","0","0","0","0","0","0","0","0","0","0","0"
"11441  :  โรงพยาบาลสุคิริน","16","0","4","1","2","0","1","1","4","1","1","0","1"
"11442  :  โรงพยาบาลสุไหงปาดี","11","0","1","3","2","1","3","1","0","0","0","0","0"
"13818  :  โรงพยาบาลจะแนะ","0","0","0","0","0","0","0","0","0","0","0","0","0"
"15010  :  โรงพยาบาลเจาะไอร้อง","0","0","0","0","0","0","0","0","0","0","0","0","0"
"23771  :  โรงพยาบาลยี่งอเฉลิมพระเกียรติ 80 พรรษา","0","0","0","0","0","0","0","0","0","0","0","0","0"