"โรงพยาบาล","รวม(ชิ้น)","2559","2560"
"ตค","พย","ธค","มค","กพ","มีค","เมย","พค","มิย","กค","สค","กย"
"11468  :  ทัณฑสถานโรงพยาบาลราชทัณฑ์","0","0","0","0","0","0","0","0","0","0","0","0","0"
"11469  :  โรงพยาบาลเลิดสิน","0","0","0","0","0","0","0","0","0","0","0","0","0"
"11470  :  โรงพยาบาลนพรัตนราชธานี","0","0","0","0","0","0","0","0","0","0","0","0","0"
"11471  :  โรงพยาบาลสงฆ์","0","0","0","0","0","0","0","0","0","0","0","0","0"
"11472  :  โรงพยาบาลราชวิถี","0","0","0","0","0","0","0","0","0","0","0","0","0"
"11477  :  โรงพยาบาลทหารผ่านศึก","0","0","0","0","0","0","0","0","0","0","0","0","0"
"11478  :  โรงพยาบาลสมเด็จพระปิ่นเกล้า","0","0","0","0","0","0","0","0","0","0","0","0","0"
"11481  :  โรงพยาบาลพระมงกุฎเกล้า","0","0","0","0","0","0","0","0","0","0","0","0","0"
"11482  :  โรงพยาบาลภูมิพลอดุลยเดช","0","0","0","0","0","0","0","0","0","0","0","0","0"
"11532  :  โรงพยาบาลสวนเบญจกิติเฉลิมพระเกียรติ84พรรษา","0","0","0","0","0","0","0","0","0","0","0","0","0"
"11534  :  โรงพยาบาลบุรฉัตรไชยากร (รถไฟ)","0","0","0","0","0","0","0","0","0","0","0","0","0"
"11535  :  คณะแพทย์ศาสตร์วชิรพยาบาล มหาวิทยาลัยกรุงเทพมหานคร","0","0","0","0","0","0","0","0","0","0","0","0","0"
"11536  :  โรงพยาบาลเวชการุณย์รัศมิ์","0","0","0","0","0","0","0","0","0","0","0","0","0"
"11537  :  โรงพยาบาลกลาง","0","0","0","0","0","0","0","0","0","0","0","0","0"
"11538  :  โรงพยาบาลลาดกระบังกรุงเทพมหานคร","0","0","0","0","0","0","0","0","0","0","0","0","0"
"11539  :  โรงพยาบาลตากสิน","0","0","0","0","0","0","0","0","0","0","0","0","0"
"11540  :  โรงพยาบาลหลวงพ่อทวีศักดิ์ฯ ชุตินธโร อุทิศ","0","0","0","0","0","0","0","0","0","0","0","0","0"
"11541  :  โรงพยาบาลเจริญกรุงประชารักษ์","0","0","0","0","0","0","0","0","0","0","0","0","0"
"11546  :  โรงพยาบาลบี เอ็น เอช","0","0","0","0","0","0","0","0","0","0","0","0","0"
"11548  :  โรงพยาบาลกรุงเทพคริสเตียน","0","0","0","0","0","0","0","0","0","0","0","0","0"
"11552  :  โรงพยาบาลมเหสักข์","0","0","0","0","0","0","0","0","0","0","0","0","0"
"11559  :  สถานพยาบาลชินเขตงามวงศ์วาน","0","0","0","0","0","0","0","0","0","0","0","0","0"
"11560  :  โรงพยาบาลทั่วไปขนาดใหญ่เปาโล เกษตร","0","0","0","0","0","0","0","0","0","0","0","0","0"
"11565  :  โรงพยาบาลรามคำแหง","0","0","0","0","0","0","0","0","0","0","0","0","0"
"11581  :  โรงพยาบาลผู้สูงอายุขนาดกลางกล้วยน้ำไท 2","0","0","0","0","0","0","0","0","0","0","0","0","0"
"11583  :  โรงพยาบาลกล้วยน้ำไท","0","0","0","0","0","0","0","0","0","0","0","0","0"
"11592  :  โรงพยาบาลบางนา1","0","0","0","0","0","0","0","0","0","0","0","0","0"
"11595  :  นวมินทร์โรงพยาบาลทั่วไปขนาดใหญ่","0","0","0","0","0","0","0","0","0","0","0","0","0"
"11597  :  สถาบันกัลยาณ์ราชนครินทร์","0","0","0","0","0","0","0","0","0","0","0","0","0"
"11600  :  โรงพยาบาลเซนต์หลุยส์","0","0","0","0","0","0","0","0","0","0","0","0","0"
"11603  :  โรงพยาบาลเทียนฟ้ามูลนิธิโรงพยาบาลทั่วไปขนาดกลาง","0","0","0","0","0","0","0","0","0","0","0","0","0"
"11607  :  โรงพยาบาลเปาโลเมโมเรียล","0","0","0","0","0","0","0","0","0","0","0","0","0"
"11609  :  โรงพยาบาลพญาไท 2","0","0","0","0","0","0","0","0","0","0","0","0","0"
"11616  :  โรงพยาบาลสมิติเวชธนบุรี","0","0","0","0","0","0","0","0","0","0","0","0","0"
"11621  :  โรงพยาบาลบางไผ่","0","0","0","0","0","0","0","0","0","0","0","0","0"
"11626  :  โรงพยาบาลคลองตัน","0","0","0","0","0","0","0","0","0","0","0","0","0"
"11628  :  โรงพยาบาลพระราม 9","0","0","0","0","0","0","0","0","0","0","0","0","0"
"11629  :  โรงพยาบาลเพชรเวช","0","0","0","0","0","0","0","0","0","0","0","0","0"
"11640  :  โรงพยาบาลธนบุรี 2","0","0","0","0","0","0","0","0","0","0","0","0","0"
"11641  :  โรงพยาบาลทั่วไปขนาดกลางโรงพยาบาลวิชัยเวช แยกไฟฉาย","0","0","0","0","0","0","0","0","0","0","0","0","0"
"11644  :  โรงพยาบาลเจ้าพระยา","0","0","0","0","0","0","0","0","0","0","0","0","0"
"11645  :  โรงพยาบาลทั่วไปขนาดใหญ่ธนบุรี","0","0","0","0","0","0","0","0","0","0","0","0","0"
"11656  :  โรงพยาบาลเกษมราษฎร์ บางแค","0","0","0","0","0","0","0","0","0","0","0","0","0"
"11661  :  โรงพยาบาลวิชัยเวช อินเตอร์เนชั่นแนล หนองแขม","0","0","0","0","0","0","0","0","0","0","0","0","0"
"11667  :  โรงพยาบาลประชาพัฒน์","0","0","0","0","0","0","0","0","0","0","0","0","0"
"11668  :  โรงพยาบาลสุขสวัสดิ์","0","0","0","0","0","0","0","0","0","0","0","0","0"
"11669  :  โรงพยาบาลราษฏร์บูรณะ","0","0","0","0","0","0","0","0","0","0","0","0","0"
"11670  :  โรงพยาบาลบางปะกอก 1","0","0","0","0","0","0","0","0","0","0","0","0","0"
"11676  :  โรงพยาบาลยันฮี","0","0","0","0","0","0","0","0","0","0","0","0","0"
"11686  :  โรงพยาบาลบางโพ","0","0","0","0","0","0","0","0","0","0","0","0","0"
"11687  :  โรงพยาบาลเกษมราษฎร์ประชาชื่น","0","0","0","0","0","0","0","0","0","0","0","0","0"
"11691  :  โรงพยาบาลวิภาวดี","0","0","0","0","0","0","0","0","0","0","0","0","0"
"11694  :  โรงพยาบาลจักษุรัตนิน","0","0","0","0","0","0","0","0","0","0","0","0","0"
"11697  :  โรงพยาบาลคามิลเลียน","0","0","0","0","0","0","0","0","0","0","0","0","0"
"11699  :  โรงพยาบาลบำรุงราษฎร์","0","0","0","0","0","0","0","0","0","0","0","0","0"
"11703  :  โรงพยาบาลแพทย์ปัญญา","0","0","0","0","0","0","0","0","0","0","0","0","0"
"11708  :  โรงพยาบาลบางมดโรงพยาบาลทั่วไปขนาดใหญ่","0","0","0","0","0","0","0","0","0","0","0","0","0"
"11715  :  โรงพยาบาลพญาไท 1","0","0","0","0","0","0","0","0","0","0","0","0","0"
"11721  :  โรงพยาบาลเปาโลเมโมเรียล โชคชัย 4","0","0","0","0","0","0","0","0","0","0","0","0","0"
"11729  :  โรงพยาบาลลาดพร้าว","0","0","0","0","0","0","0","0","0","0","0","0","0"
"11730  :  โรงพยาบาลไทยนครินทร์","0","0","0","0","0","0","0","0","0","0","0","0","0"
"11750  :  โรงพยาบาลหัวเฉียวโรงพยาบาลทั่วไปขนาดใหญ่","0","0","0","0","0","0","0","0","0","0","0","0","0"
"11811  :  โรงพยาบาลสมิติเวช","0","0","0","0","0","0","0","0","0","0","0","0","0"
"12243  :  สถาบันพัฒนาสุขภาวะเขตเมือง","0","0","0","0","0","0","0","0","0","0","0","0","0"
"12244  :  สถาบันจิตเวชศาสตร์สมเด็จเจ้าพระยา","0","0","0","0","0","0","0","0","0","0","0","0","0"
"12246  :  สถาบันราชานุกูล","0","0","0","0","0","0","0","0","0","0","0","0","0"
"12249  :  สถาบันโรคผิวหนัง","0","0","0","0","0","0","0","0","0","0","0","0","0"
"12250  :  สถาบันมะเร็งแห่งชาติ","0","0","0","0","0","0","0","0","0","0","0","0","0"
"12438  :  สถาบันสุขภาพเด็กแห่งชาติมหาราชินี","0","0","0","0","0","0","0","0","0","0","0","0","0"
"12439  :  สถาบันประสาทวิทยา","0","0","0","0","0","0","0","0","0","0","0","0","0"
"13756  :  โรงพยาบาลจุฬาลงกรณ์สภากาชาดไทย","0","0","0","0","0","0","0","0","0","0","0","0","0"
"13757  :  โรงพยาบาลเวชศาสตร์เขตร้อน มหาวิทยาลัยมหิดล","0","0","0","0","0","0","0","0","0","0","0","0","0"
"13814  :  โรงพยาบาลศิริราช","0","0","0","0","0","0","0","0","0","0","0","0","0"
"14173  :  โรงพยาบาลตำรวจ","0","0","0","0","0","0","0","0","0","0","0","0","0"
"14572  :  โรงพยาบาลบี.แคร์.เมดิคอลเซ็นเตอร์","0","0","0","0","0","0","0","0","0","0","0","0","0"
"14574  :  โรงพยาบาลพญาไท 3","0","0","0","0","0","0","0","0","0","0","0","0","0"
"14577  :  โรงพยาบาลวิภาราม","0","0","0","0","0","0","0","0","0","0","0","0","0"
"14641  :  โรงพยาบาลราชพิพัฒน์","0","0","0","0","0","0","0","0","0","0","0","0","0"
"14908  :  โรงพยาบาลการุญเวช สุขาภิบาล3","0","0","0","0","0","0","0","0","0","0","0","0","0"
"15049  :  โรงพยาบาลสิรินธร","0","0","0","0","0","0","0","0","0","0","0","0","0"
"15147  :  โรงพยาบาลบางปะกอก 8 โรงพยาบาลทั่วไปขนาดใหญ่","0","0","0","0","0","0","0","0","0","0","0","0","0"
"21673  :  โรงพยาบาลซีจีเอช สายไหม โรงพยาบาลทั่วไปขนาดใหญ่","0","0","0","0","0","0","0","0","0","0","0","0","0"
"22155  :  โรงพยาบาลครู","0","0","0","0","0","0","0","0","0","0","0","0","0"
"22737  :  โรงพยาบาลจุฬาภรณ์","0","0","0","0","0","0","0","0","0","0","0","0","0"
"23762  :  โรงพยาบาลนวุติสมเด็จย่า","0","0","0","0","0","0","0","0","0","0","0","0","0"
"23781  :  นวมินทร์ 9โรงพยาบาลทั่วไปขนาดใหญ่","0","0","0","0","0","0","0","0","0","0","0","0","0"
"23783  :  โรงพยาบาลเสรีรักษ์","0","0","0","0","0","0","0","0","0","0","0","0","0"
"24085  :  สถาบันวิจัยการแพทย์แผนไทย","0","0","0","0","0","0","0","0","0","0","0","0","0"
"24748  :  โรงพยาบาลศิริราช ปิยมหาราชการุณย์","0","0","0","0","0","0","0","0","0","0","0","0","0"
"25015  :  โรงพยาบาลทั่วไปขนาดใหญ่มิตรประชา","0","0","0","0","0","0","0","0","0","0","0","0","0"
"25060  :  โรงพยาบาลผู้สูงอายุบางขุนเทียน","0","0","0","0","0","0","0","0","0","0","0","0","0"
"41329  :  โรงพยาบาลเฉพาะประเภทผู้ป่วยสูงอายุ เฌ้อสเซอรี่โฮมขนาดเล็ก","0","0","0","0","0","0","0","0","0","0","0","0","0"
"41414  :  โรงพยาบาลทหารอากาศ (สีกัน)","0","0","0","0","0","0","0","0","0","0","0","0","0"
"77665  :  โรงพยาบาลการแพทย์แผนไทยและการแพทย์ผสมผสาน","0","0","0","0","0","0","0","0","0","0","0","0","0"
"10685  :  โรงพยาบาลสมุทรปราการ","37","7","1","2","1","2","4","5","1","6","5","2","1"
"10752  :  โรงพยาบาลบางบ่อ","45","2","3","0","4","5","7","7","3","4","3","5","2"
"10753  :  โรงพยาบาลบางพลี","56","13","8","1","2","6","4","3","3","5","2","6","3"
"10754  :  โรงพยาบาลบางจาก","104","7","7","6","0","4","7","17","32","7","8","5","4"
"10755  :  โรงพยาบาลพระสมุทรเจดีย์สวาทยานนท์","145","16","14","13","5","7","18","15","14","16","10","12","5"
"11769  :  โรงพยาบาลเซ็นทรัลปาร์ค","0","0","0","0","0","0","0","0","0","0","0","0","0"
"11775  :  โรงพยาบาลเมืองสมุทรปู่เจ้าสมิงพราย","0","0","0","0","0","0","0","0","0","0","0","0","0"
"12251  :  โรงพยาบาลยุวประสาทไวทโยปถัมภ์","0","0","0","0","0","0","0","0","0","0","0","0","0"
"15138  :  โรงพยาบาลเมืองสมุทรบางปูโรงพยาบาลทั่วไปขนาดเล็ก","0","0","0","0","0","0","0","0","0","0","0","0","0"
"28785  :  โรงพยาบาลบางเสาธง","4","0","0","2","0","0","0","0","0","0","0","2","0"
"10686  :  โรงพยาบาลพระนั่งเกล้า","28","2","1","2","1","2","2","4","3","5","4","2","0"
"10756  :  โรงพยาบาลบางกรวย","29","0","0","5","2","1","4","0","4","6","2","0","5"
"10757  :  โรงพยาบาลบางใหญ่","52","8","5","1","3","4","8","2","1","4","4","5","7"
"10758  :  โรงพยาบาลบางบัวทอง","42","3","4","3","0","2","5","2","9","3","3","4","4"
"10759  :  โรงพยาบาลไทรน้อย","29","1","2","1","1","4","0","1","1","1","7","6","4"
"10760  :  โรงพยาบาลปากเกร็ด","36","2","3","0","1","3","2","6","3","3","5","2","6"
"11781  :  โรงพยาบาลนนทเวช","0","0","0","0","0","0","0","0","0","0","0","0","0"
"11786  :  โรงพยาบาลอนันต์พัฒนา 2","0","0","0","0","0","0","0","0","0","0","0","0","0"
"11787  :  โรงพยาบาลเกษมราษฎร์อินเตอร์เนชั่นแนล รัตนาธิเบศร์โรงพยาบาลทั่วไปขนาดใหญ่","0","0","0","0","0","0","0","0","0","0","0","0","0"
"12256  :  สถาบันโรคทรวงอก","0","0","0","0","0","0","0","0","0","0","0","0","0"
"12257  :  สถาบันบำราศนราดูร","0","0","0","0","0","0","0","0","0","0","0","0","0"
"12258  :  สถาบันสิรินธรเพื่อการฟื้นฟูสมรรถภาพทางการแพทย์แห่งชาติ","0","0","0","0","0","0","0","0","0","0","0","0","0"
"12260  :  โรงพยาบาลศรีธัญญา","20","0","0","0","0","0","0","0","2","8","3","7","0"
"13815  :  ศูนย์การแพทย์ปัญญานันทภิกขุ ชลประทาน มหาวิทยาลัยศรีนครินทรวิโรฒ","11","0","0","1","0","3","1","0","2","2","0","2","0"
"22127  :  โรงพยาบาลชลลดา","0","0","0","0","0","0","0","0","0","0","0","0","0"
"28875  :  โรงพยาบาลบางบัวทอง ๒","17","0","0","2","2","1","0","0","2","1","1","3","5"
"10687  :  โรงพยาบาลปทุมธานี","25","0","4","0","1","1","3","1","1","3","5","4","2"
"10761  :  โรงพยาบาลคลองหลวง","53","3","2","3","4","5","3","5","11","3","6","5","3"
"10762  :  โรงพยาบาลธัญบุรี","42","2","5","4","3","6","5","2","3","2","4","3","3"
"10763  :  โรงพยาบาลประชาธิปัตย์","15","1","1","1","3","2","2","3","0","0","0","1","1"
"10764  :  โรงพยาบาลหนองเสือ","15","1","5","3","1","2","0","0","2","0","0","1","0"
"10765  :  โรงพยาบาลลาดหลุมแก้ว","34","6","3","4","2","5","3","1","2","0","2","5","1"
"10766  :  โรงพยาบาลลำลูกกา","49","3","4","6","3","4","8","3","7","2","0","9","0"
"10767  :  โรงพยาบาลสามโคก","13","0","0","0","1","2","0","3","0","3","1","3","0"
"12262  :  สถาบันบำบัดรักษาและฟื้นฟูผู้ติดยาเสพติดแห่งชาติบรมราชชนนี","0","0","0","0","0","0","0","0","0","0","0","0","0"
"14923  :  โรงพยาบาลมหาวชิราลงกรณ ธัญบุรี","0","0","0","0","0","0","0","0","0","0","0","0","0"
"10660  :  โรงพยาบาลพระนครศรีอยุธยา","28","4","3","0","1","1","0","0","1","3","2","3","10"
"10688  :  โรงพยาบาลเสนา","105","7","11","6","9","8","8","6","7","12","9","12","10"
"10768  :  โรงพยาบาลท่าเรือ","7","0","0","0","0","1","1","2","0","0","0","0","3"
"10769  :  โรงพยาบาลสมเด็จพระสังฆราชเจ้า กรมหลวงชินวราลงกรณ (วาสนมหาเถร)","17","0","2","1","3","0","0","3","3","1","1","2","1"
"10770  :  โรงพยาบาลบางไทร","57","10","5","5","1","3","6","4","5","9","4","2","3"
"10771  :  โรงพยาบาลบางบาล","15","0","3","2","1","2","2","0","3","0","0","2","0"
"10772  :  โรงพยาบาลบางปะอิน","14","0","0","0","0","3","2","0","1","4","2","1","1"
"10773  :  โรงพยาบาลบางปะหัน","13","1","0","3","0","0","0","4","2","1","0","0","2"
"10774  :  โรงพยาบาลผักไห่","95","24","6","11","14","4","4","9","4","4","9","4","2"
"10775  :  โรงพยาบาลภาชี","31","7","6","3","0","4","1","3","1","1","0","1","4"
"10776  :  โรงพยาบาลลาดบัวหลวง","17","1","0","5","1","2","2","2","0","4","0","0","0"
"10777  :  โรงพยาบาลวังน้อย","178","3","11","12","16","14","20","15","16","17","10","21","23"
"10778  :  โรงพยาบาลบางซ้าย","18","0","0","1","0","1","2","2","4","0","1","3","4"
"10779  :  โรงพยาบาลอุทัย","23","1","6","1","2","0","3","2","2","1","1","0","4"
"10780  :  โรงพยาบาลมหาราช","47","12","17","6","1","8","2","0","1","0","0","0","0"
"10781  :  โรงพยาบาลบ้านแพรก","5","1","0","0","0","1","1","0","0","1","1","0","0"
"10689  :  โรงพยาบาลอ่างทอง","90","3","4","7","5","8","14","13","10","9","8","5","4"
"10782  :  โรงพยาบาลไชโย","7","0","2","0","1","0","1","0","3","0","0","0","0"
"10784  :  โรงพยาบาลป่าโมก","35","1","1","2","2","4","4","3","1","4","5","4","4"
"10785  :  โรงพยาบาลโพธิ์ทอง","1","0","0","0","0","0","0","0","0","0","0","1","0"
"10786  :  โรงพยาบาลแสวงหา","4","0","0","0","1","0","0","0","2","0","0","1","0"
"10787  :  โรงพยาบาลวิเศษชัยชาญ","94","3","11","8","12","7","6","9","7","8","9","12","2"
"10788  :  โรงพยาบาลสามโก้","19","0","0","0","0","1","0","2","2","3","4","3","4"
"10690  :  โรงพยาบาลพระนารายณ์มหาราช","105","10","0","0","11","6","13","4","8","15","12","12","14"
"10691  :  โรงพยาบาลบ้านหมี่","72","4","5","4","7","5","7","9","7","7","7","4","6"
"10789  :  โรงพยาบาลพัฒนานิคม","13","1","2","0","2","0","0","2","1","1","2","1","1"
"10790  :  โรงพยาบาลโคกสำโรง","194","19","24","18","12","19","23","18","17","17","6","11","10"
"10791  :  โรงพยาบาลชัยบาดาล","1","0","0","0","0","0","1","0","0","0","0","0","0"
"10792  :  โรงพยาบาลท่าวุ้ง","36","5","2","3","2","2","5","6","3","3","1","2","2"
"10793  :  โรงพยาบาลท่าหลวง","3","0","1","0","1","0","0","0","1","0","0","0","0"
"10794  :  โรงพยาบาลสระโบสถ์","44","1","5","3","2","4","7","4","6","3","3","4","2"
"10795  :  โรงพยาบาลโคกเจริญ","45","3","8","7","5","4","1","2","5","2","3","2","3"
"10796  :  โรงพยาบาลลำสนธิ","92","8","11","5","7","6","7","4","11","10","10","6","7"
"10797  :  โรงพยาบาลหนองม่วง","99","8","7","9","6","5","17","11","8","14","6","3","5"
"14199  :  โรงพยาบาลมะเร็งลพบุรี","0","0","0","0","0","0","0","0","0","0","0","0","0"
"14928  :  โรงพยาบาลกองบิน 2","0","0","0","0","0","0","0","0","0","0","0","0","0"
"10692  :  โรงพยาบาลสิงห์บุรี","52","3","4","3","3","3","6","3","3","8","7","6","3"
"10693  :  โรงพยาบาลอินทร์บุรี","23","2","2","2","1","3","3","2","2","2","2","0","2"
"10798  :  โรงพยาบาลบางระจัน","191","8","9","21","29","16","14","4","9","17","17","26","21"
"10799  :  โรงพยาบาลค่ายบางระจัน","18","0","1","0","2","1","1","0","4","1","1","2","5"
"10800  :  โรงพยาบาลพรหมบุรี","10","0","0","3","0","3","0","1","0","0","0","2","1"
"10801  :  โรงพยาบาลท่าช้าง","22","1","2","4","2","1","2","1","0","3","1","2","3"
"10694  :  โรงพยาบาลชัยนาทนเรนทร","35","3","5","4","6","4","3","1","4","3","0","2","0"
"10802  :  โรงพยาบาลมโนรมย์","35","1","3","3","4","2","4","3","4","2","2","5","2"
"10803  :  โรงพยาบาลวัดสิงห์","52","5","7","1","4","1","3","2","5","8","5","7","4"
"10804  :  โรงพยาบาลสรรพยา","80","5","9","1","4","9","8","12","1","11","4","12","4"
"10805  :  โรงพยาบาลสรรคบุรี","64","6","6","7","8","5","9","4","5","6","3","5","0"
"10806  :  โรงพยาบาลหันคา","22","1","3","2","1","4","2","1","1","1","2","1","3"
"27974  :  โรงพยาบาลหนองมะโมง","0","0","0","0","0","0","0","0","0","0","0","0","0"
"27975  :  โรงพยาบาลเนินขาม","7","1","1","0","0","1","3","0","0","0","1","0","0"
"10661  :  โรงพยาบาลสระบุรี","34","1","3","3","1","7","6","4","1","1","3","2","2"
"10695  :  โรงพยาบาลพระพุทธบาท","3","1","0","0","0","2","0","0","0","0","0","0","0"
"10807  :  โรงพยาบาลแก่งคอย","10","1","1","1","0","2","3","0","1","1","0","0","0"
"10808  :  โรงพยาบาลหนองแค","10","2","0","1","1","0","0","1","0","3","1","1","0"
"10809  :  โรงพยาบาลวิหารแดง","26","1","1","0","1","3","5","3","3","3","2","3","1"
"10810  :  โรงพยาบาลหนองแซง","68","9","4","5","5","9","11","5","3","5","9","1","2"
"10811  :  โรงพยาบาลบ้านหมอ","11","4","0","0","0","1","0","1","1","2","2","0","0"
"10812  :  โรงพยาบาลดอนพุด","18","1","2","2","0","0","0","0","3","2","5","0","3"
"10813  :  โรงพยาบาลหนองโดน","5","0","0","2","0","0","1","0","0","0","0","0","2"
"10814  :  โรงพยาบาลเสาไห้เฉลิมพระเกียรติ80พรรษา","26","3","7","3","4","0","2","3","1","0","0","2","1"
"10815  :  โรงพยาบาลมวกเหล็ก","24","0","2","1","3","0","2","2","2","4","2","5","1"
"10816  :  โรงพยาบาลวังม่วงสัทธรรม","5","0","1","1","0","0","1","0","0","1","0","0","1"
"11485  :  โรงพยาบาลค่ายอดิศร","0","0","0","0","0","0","0","0","0","0","0","0","0"
"10662  :  โรงพยาบาลชลบุรี","15","1","0","2","3","3","1","1","0","1","2","0","1"
"10817  :  โรงพยาบาลบ้านบึง","37","5","4","4","2","1","6","2","0","2","2","5","4"
"10818  :  โรงพยาบาลหนองใหญ่","20","1","1","3","0","4","5","0","1","0","2","1","2"
"10819  :  โรงพยาบาลบางละมุง","89","5","7","3","5","6","2","2","13","9","11","13","13"
"10820  :  โรงพยาบาลวัดญาณสังวราราม","4","0","0","0","0","4","0","0","0","0","0","0","0"
"10821  :  โรงพยาบาลพานทอง","17","1","0","1","0","7","1","2","0","2","1","2","0"
"10822  :  โรงพยาบาลพนัสนิคม","30","2","0","1","3","2","3","0","3","0","5","6","5"
"10823  :  โรงพยาบาลแหลมฉบัง","148","4","5","6","10","15","24","7","15","20","20","17","5"
"10824  :  โรงพยาบาลเกาะสีชัง","1","0","0","1","0","0","0","0","0","0","0","0","0"
"10825  :  โรงพยาบาลสัตหีบกม10","40","4","5","6","5","5","5","4","3","1","2","0","0"
"10826  :  โรงพยาบาลบ่อทอง","75","4","8","5","7","4","4","3","2","2","13","7","16"
"11486  :  โรงพยาบาลค่ายนวมินทราชินี","12","0","4","3","2","0","0","0","1","0","1","0","1"
"11487  :  โรงพยาบาลอาภากรเกียรติวงศ์","0","0","0","0","0","0","0","0","0","0","0","0","0"
"13754  :  โรงพยาบาลสมเด็จพระบรมราชเทวี ณ ศรีราชา","0","0","0","0","0","0","0","0","0","0","0","0","0"
"13758  :  โรงพยาบาลสมเด็จพระนางเจ้าสิริกิติ์","0","0","0","0","0","0","0","0","0","0","0","0","0"
"13760  :  โรงพยาบาลมะเร็งชลบุรี","0","0","0","0","0","0","0","0","0","0","0","0","0"
"13766  :  โรงพยาบาลมหาวิทยาลัยบูรพา","0","0","0","0","0","0","0","0","0","0","0","0","0"
"28005  :  โรงพยาบาลเมืองพัทยา","0","0","0","0","0","0","0","0","0","0","0","0","0"
"28006  :  โรงพยาบาลเกาะจันทร์","10","2","0","0","0","2","1","1","0","2","0","0","2"
"10663  :  โรงพยาบาลระยอง","0","0","0","0","0","0","0","0","0","0","0","0","0"
"10827  :  โรงพยาบาลเฉลิมพระเกียรติสมเด็จพระเทพรัตนราชสุดาฯ สยามบรมราชกุมารี ระยอง","18","2","2","3","0","1","1","1","1","3","1","3","0"
"10828  :  โรงพยาบาลบ้านฉาง","0","0","0","0","0","0","0","0","0","0","0","0","0"
"10829  :  โรงพยาบาลแกลง","9","1","1","1","0","0","0","1","0","1","2","0","2"
"10830  :  โรงพยาบาลวังจันทร์","53","4","1","0","3","0","3","11","17","8","3","3","0"
"10831  :  โรงพยาบาลบ้านค่าย","6","0","1","1","2","0","0","0","2","0","0","0","0"
"10832  :  โรงพยาบาลปลวกแดง","14","0","1","2","2","3","0","1","1","0","1","1","2"
"22734  :  โรงพยาบาลเขาชะเมา เฉลิมพระเกียรติ 80 พรรษา","6","0","2","0","0","0","0","0","0","0","1","1","2"
"23962  :  โรงพยาบาลนิคมพัฒนา","78","0","0","3","6","11","8","5","7","9","9","16","4"
"10664  :  โรงพยาบาลพระปกเกล้า","22","1","0","3","2","2","1","0","0","5","5","2","1"
"10834  :  โรงพยาบาลขลุง","13","1","1","1","1","3","1","0","0","2","1","2","0"
"10835  :  โรงพยาบาลท่าใหม่","84","3","5","10","9","13","12","7","4","9","2","5","5"
"10836  :  โรงพยาบาลเขาสุกิม","38","5","2","0","3","4","6","1","1","5","6","5","0"
"10837  :  โรงพยาบาลสองพี่น้อง","78","3","7","3","8","3","9","2","6","10","10","9","8"
"10838  :  โรงพยาบาลโป่งน้ำร้อน","9","0","1","0","0","1","1","0","0","3","1","0","2"
"10839  :  โรงพยาบาลมะขาม","6","0","2","1","2","0","0","0","0","1","0","0","0"
"10840  :  โรงพยาบาลแหลมสิงห์","49","5","8","6","5","5","6","4","7","2","1","0","0"
"10841  :  โรงพยาบาลสอยดาว","16","2","3","1","0","0","0","1","2","3","2","0","2"
"10842  :  โรงพยาบาลแก่งหางแมว","32","5","4","1","1","0","5","2","3","3","2","1","5"
"10843  :  โรงพยาบาลนายายอาม","53","2","3","2","9","9","7","9","5","4","0","3","0"
"10844  :  โรงพยาบาลเขาคิชฌกูฏ","32","3","4","2","3","5","3","3","1","4","2","2","0"
"10696  :  โรงพยาบาลตราด","35","2","4","7","5","2","2","3","1","3","2","2","2"
"10845  :  โรงพยาบาลคลองใหญ่","8","0","0","1","0","1","0","0","1","1","2","2","0"
"10846  :  โรงพยาบาลเขาสมิง","21","2","2","1","1","2","0","2","1","0","4","4","2"
"10847  :  โรงพยาบาลบ่อไร่","15","1","1","0","0","1","0","1","2","2","3","3","1"
"10848  :  โรงพยาบาลแหลมงอบ","20","1","4","1","2","1","0","0","2","1","1","2","5"
"10849  :  โรงพยาบาลเกาะกูด","2","0","0","1","0","0","1","0","0","0","0","0","0"
"13816  :  โรงพยาบาลเกาะช้าง","7","0","2","0","3","0","0","0","0","0","0","2","0"
"10697  :  โรงพยาบาลพุทธโสธร","29","2","5","2","2","4","2","1","1","1","4","2","3"
"10833  :  โรงพยาบาลท่าตะเกียบ","17","0","2","1","1","3","2","1","2","0","1","3","1"
"10850  :  โรงพยาบาลบางคล้า","26","2","1","0","1","1","2","4","9","2","0","2","2"
"10851  :  โรงพยาบาลบางน้ำเปรี้ยว","25","0","10","2","0","1","2","0","3","3","0","4","0"
"10852  :  โรงพยาบาลบางปะกง","38","10","5","7","3","4","2","3","0","1","0","2","1"
"10853  :  โรงพยาบาลบ้านโพธิ์","27","4","1","2","0","1","4","3","2","4","0","3","3"
"10854  :  โรงพยาบาลพนมสารคาม","30","1","1","2","2","3","5","3","4","2","1","3","3"
"10855  :  โรงพยาบาลสนามชัยเขต","18","1","0","0","2","4","0","0","1","4","3","3","0"
"10856  :  โรงพยาบาลแปลงยาว","6","0","2","1","2","1","0","0","0","0","0","0","0"
"13747  :  โรงพยาบาลราชสาส์น","20","1","1","1","3","0","3","1","1","2","2","2","3"
"31327  :  โรงพยาบาลคลองเขื่อน","3","0","0","0","0","0","0","0","2","0","0","0","1"
"10665  :  โรงพยาบาลเจ้าพระยาอภัยภูเบศร","0","0","0","0","0","0","0","0","0","0","0","0","0"
"10857  :  โรงพยาบาลกบินทร์บุรี","28","0","1","0","2","3","4","5","2","4","5","1","1"
"10858  :  โรงพยาบาลนาดี","7","0","0","0","0","3","0","1","1","1","0","1","0"
"10859  :  โรงพยาบาลบ้านสร้าง","20","1","2","1","3","4","1","1","1","1","2","1","2"
"10860  :  โรงพยาบาลประจันตคาม","67","3","2","7","11","3","8","8","4","7","1","3","10"
"10861  :  โรงพยาบาลศรีมหาโพธิ","436","2","35","2","42","40","52","33","34","49","46","55","46"
"10862  :  โรงพยาบาลศรีมโหสถ","44","2","6","6","8","2","6","0","6","2","2","2","2"
"11490  :  โรงพยาบาลค่ายจักรพงษ์","0","0","0","0","0","0","0","0","0","0","0","0","0"
"10698  :  โรงพยาบาลนครนายก","119","26","23","7","11","4","14","10","6","4","4","3","7"
"10863  :  โรงพยาบาลปากพลี","86","5","5","8","1","3","7","6","6","13","7","9","16"
"10864  :  โรงพยาบาลบ้านนา","44","2","0","0","0","8","10","5","8","5","2","0","4"
"10865  :  โรงพยาบาลองครักษ์","12","1","1","0","1","1","3","0","1","1","0","0","3"
"11491  :  โรงพยาบาลรร.นายร้อยพระจุลจอมเกล้า","0","0","0","0","0","0","0","0","0","0","0","0","0"
"14904  :  โรงพยาบาลศูนย์การแพทย์สมเด็จพระเทพรัตนราชสุดาฯ","0","0","0","0","0","0","0","0","0","0","0","0","0"
"10699  :  โรงพยาบาลสมเด็จพระยุพราชสระแก้ว","67","5","12","14","4","2","2","4","3","7","3","5","6"
"10866  :  โรงพยาบาลคลองหาด","8","0","0","0","0","1","0","0","2","2","2","1","0"
"10867  :  โรงพยาบาลตาพระยา","45","5","7","0","3","3","5","2","4","3","5","4","4"
"10868  :  โรงพยาบาลวังน้ำเย็น","18","0","1","1","6","1","0","0","2","1","3","1","2"
"10869  :  โรงพยาบาลวัฒนานคร","13","1","1","3","0","1","2","1","1","0","0","2","1"
"10870  :  โรงพยาบาลอรัญประเทศ","28","4","1","4","3","4","2","1","1","3","0","2","3"
"13817  :  โรงพยาบาลเขาฉกรรจ์","25","2","2","3","4","1","2","1","2","2","3","2","1"
"14717  :  โรงพยาบาลจิตเวชสระแก้วราชนครินทร์","0","0","0","0","0","0","0","0","0","0","0","0","0"
"10666  :  โรงพยาบาลมหาราชนครราชสีมา","67","7","3","1","4","6","5","4","7","1","4","1","24"
"10871  :  โรงพยาบาลครบุรี","42","1","3","2","6","3","7","1","2","5","3","6","3"
"10872  :  โรงพยาบาลเสิงสาง","82","3","14","11","9","12","9","12","9","0","2","1","0"
"10873  :  โรงพยาบาลคง","14","0","1","3","1","1","2","2","1","2","1","0","0"
"10874  :  โรงพยาบาลบ้านเหลื่อม","9","0","1","1","0","1","0","1","3","0","1","1","0"
"10875  :  โรงพยาบาลจักราช","26","1","0","2","3","2","5","0","4","4","1","3","1"
"10876  :  โรงพยาบาลโชคชัย","12","1","2","1","1","1","1","0","0","0","3","1","1"
"10877  :  โรงพยาบาลด่านขุนทด","30","1","2","2","2","1","4","4","4","3","0","4","3"
"10878  :  โรงพยาบาลโนนไทย","35","1","1","2","4","2","2","3","3","6","3","6","2"
"10879  :  โรงพยาบาลโนนสูง","26","1","4","3","1","1","0","0","2","1","6","4","3"
"10880  :  โรงพยาบาลขามสะแกแสง","18","0","1","4","2","1","2","0","2","2","1","3","0"
"10881  :  โรงพยาบาลบัวใหญ่","19","0","3","1","3","1","2","2","2","2","1","1","1"
"10882  :  โรงพยาบาลประทาย","13","0","0","2","0","0","3","0","2","1","1","0","4"
"10883  :  โรงพยาบาลปักธงชัย","25","4","1","5","2","3","1","3","2","1","0","2","1"
"10884  :  โรงพยาบาลพิมาย","39","2","4","1","2","3","2","4","5","3","4","4","5"
"10885  :  โรงพยาบาลห้วยแถลง","30","3","1","4","4","3","4","2","1","2","1","2","3"
"10886  :  โรงพยาบาลชุมพวง","28","3","4","1","2","2","2","2","5","4","0","1","2"
"10887  :  โรงพยาบาลสูงเนิน","30","1","2","4","0","3","0","3","2","4","4","3","4"
"10888  :  โรงพยาบาลขามทะเลสอ","5","1","0","0","2","2","0","0","0","0","0","0","0"
"10889  :  โรงพยาบาลสีคิ้ว","88","8","16","16","4","4","6","4","2","16","3","4","5"
"10890  :  โรงพยาบาลปากช่องนานา","47","2","2","8","4","3","5","0","9","4","4","3","3"
"10891  :  โรงพยาบาลหนองบุญมาก","15","1","0","0","0","2","3","1","3","0","1","2","2"
"10892  :  โรงพยาบาลแก้งสนามนาง","10","2","0","0","1","2","1","1","0","1","1","1","0"
"10893  :  โรงพยาบาลโนนแดง","59","7","8","4","5","9","3","2","6","7","4","2","2"
"10894  :  โรงพยาบาลวังน้ำเขียว","32","2","3","3","2","9","4","1","2","0","4","2","0"
"11492  :  โรงพยาบาลค่ายสุรนารี นครราชสีมา","3","1","1","0","0","0","0","0","0","0","0","1","0"
"11602  :  โรงพยาบาลเฉลิมพระเกียรติสมเด็จย่า 100 ปี","18","1","1","3","1","1","2","1","2","2","3","0","1"
"11608  :  โรงพยาบาลลำทะเมนชัย","8","2","0","1","0","0","1","1","1","0","0","1","1"
"11885  :  โรงพยาบาลเดอะโกลเดนเกท","0","0","0","0","0","0","0","0","0","0","0","0","0"
"11891  :  โรงพยาบาลราชสีมาฮอสพิทอล","0","0","0","0","0","0","0","0","0","0","0","0","0"
"12267  :  ศูนย์อนามัยที่ 9 นครราชสีมา","1","1","0","0","0","0","0","0","0","0","0","0","0"
"12268  :  โรงพยาบาลจิตเวชนครราชสีมาราชนครินทร์","0","0","0","0","0","0","0","0","0","0","0","0","0"
"14161  :  โรงพยาบาลกองบิน กองบิน1","0","0","0","0","0","0","0","0","0","0","0","0","0"
"22456  :  โรงพยาบาลพระทองคำ เฉลิมพระเกียรติ 80 พรรษา","34","1","3","7","2","2","3","1","3","3","4","3","2"
"23839  :  โรงพยาบาลเทพรัตน์นครราชสีมา","19","0","3","0","0","2","1","1","2","3","3","2","2"
"24060  :  โรงพยาบาลมหาวิทยาลัยเทคโนโลยีสุรนารี","0","0","0","0","0","0","0","0","0","0","0","0","0"
"24692  :  โรงพยาบาลเฉลิมพระเกียรติ","88","14","13","3","4","14","10","8","8","1","3","3","7"
"27839  :  โรงพยาบาลบัวลาย","0","0","0","0","0","0","0","0","0","0","0","0","0"
"27840  :  โรงพยาบาลสีดา","9","0","0","0","0","5","2","0","1","0","0","0","1"
"27841  :  โรงพยาบาลเทพารักษ์","2","0","1","0","0","0","0","0","0","0","1","0","0"
"10667  :  โรงพยาบาลบุรีรัมย์","0","0","0","0","0","0","0","0","0","0","0","0","0"
"10895  :  โรงพยาบาลคูเมือง","32","0","3","2","2","4","4","3","2","5","4","2","1"
"10896  :  โรงพยาบาลกระสัง","12","0","2","1","0","0","0","1","0","0","1","4","3"
"10897  :  โรงพยาบาลนางรอง","43","1","2","1","7","4","2","3","6","5","4","5","3"
"10898  :  โรงพยาบาลหนองกี่","13","1","0","2","1","1","2","0","1","1","2","2","0"
"10899  :  โรงพยาบาลละหานทราย","37","3","0","5","6","2","4","4","0","2","2","4","5"
"10900  :  โรงพยาบาลประโคนชัย","34","0","5","5","1","1","7","1","3","2","2","5","2"
"10901  :  โรงพยาบาลบ้านกรวด","37","4","4","5","1","5","5","1","1","4","3","4","0"
"10902  :  โรงพยาบาลพุทไธสง","26","2","2","6","4","0","2","0","1","1","3","1","4"
"10904  :  โรงพยาบาลลำปลายมาศ","48","1","2","4","9","5","4","5","1","3","2","4","8"
"10905  :  โรงพยาบาลสตึก","326","17","19","30","17","18","33","23","31","33","42","37","26"
"10906  :  โรงพยาบาลปะคำ","28","2","8","0","0","2","4","6","4","0","0","2","0"
"10907  :  โรงพยาบาลนาโพธิ์","3","0","0","1","0","0","0","0","0","0","1","0","1"
"10908  :  โรงพยาบาลหนองหงส์","13","0","1","2","1","1","1","2","4","1","0","0","0"
"10909  :  โรงพยาบาลพลับพลาชัย","24","0","0","2","3","1","4","2","1","3","1","4","3"
"10910  :  โรงพยาบาลห้วยราช","17","3","2","1","0","1","0","3","1","2","3","1","0"
"10911  :  โรงพยาบาลโนนสุวรรณ","13","0","0","0","1","2","1","2","4","1","2","0","0"
"10912  :  โรงพยาบาลชำนิ","8","1","2","1","1","0","0","0","0","0","0","2","1"
"10913  :  โรงพยาบาลบ้านใหม่ไชยพจน์","7","0","0","0","0","1","2","0","1","1","2","0","0"
"10914  :  โรงพยาบาลโนนดินแดง","5","0","2","0","0","0","1","0","0","0","2","0","0"
"11493  :  โรงพยาบาลค่ายสมเด็จเจ้าพระยามหากษัตริย์ศึก","9","0","0","0","0","1","1","1","3","0","0","2","1"
"11619  :  โรงพยาบาลเฉลิมพระเกียรติ","6","1","0","1","0","4","0","0","0","0","0","0","0"
"23578  :  โรงพยาบาลแคนดง","11","0","0","1","1","0","0","1","1","3","2","2","0"
"28020  :  โรงพยาบาลบ้านด่าน","45","2","4","2","3","8","3","2","8","4","1","3","5"
"10668  :  โรงพยาบาลสุรินทร์","39","6","4","2","5","1","5","2","4","2","0","4","4"
"10915  :  โรงพยาบาลชุมพลบุรี","57","8","8","2","4","4","8","4","6","2","7","1","3"
"10916  :  โรงพยาบาลท่าตูม","26","1","3","1","0","0","1","0","3","1","5","7","4"
"10917  :  โรงพยาบาลจอมพระ","27","0","0","1","2","0","2","0","2","5","7","2","6"
"10918  :  โรงพยาบาลปราสาท","54","5","7","6","4","7","5","4","4","5","1","4","2"
"10919  :  โรงพยาบาลกาบเชิง","20","3","0","5","3","4","1","0","0","1","2","0","1"
"10920  :  โรงพยาบาลรัตนบุรี","63","6","4","8","2","12","6","3","9","3","0","3","7"
"10921  :  โรงพยาบาลสนม","46","4","3","5","3","1","4","8","6","3","2","5","2"
"10922  :  โรงพยาบาลศีขรภูมิ","19","1","1","1","0","1","0","1","1","3","4","4","2"
"10923  :  โรงพยาบาลสังขะ","38","1","3","3","7","3","7","4","2","7","1","0","0"
"10924  :  โรงพยาบาลลำดวน","34","7","10","4","2","1","2","2","1","0","4","0","1"
"10925  :  โรงพยาบาลสำโรงทาบ","18","3","1","3","3","2","0","0","1","2","2","1","0"
"10926  :  โรงพยาบาลบัวเชด","7","1","0","1","1","0","0","2","1","0","1","0","0"
"11494  :  โรงพยาบาลค่ายวีรวัฒน์โยธิน","0","0","0","0","0","0","0","0","0","0","0","0","0"
"22302  :  โรงพยาบาลพนมดงรัก เฉลิมพระเกียรติ 80 พรรษา","15","1","2","1","5","1","0","2","1","0","2","0","0"
"27842  :  โรงพยาบาลเขวาสินรินทร์","27","2","3","0","2","1","1","5","5","4","1","0","3"
"27843  :  โรงพยาบาลศรีณรงค์","2","0","0","0","0","1","0","0","1","0","0","0","0"
"27844  :  โรงพยาบาลโนนนารายณ์","7","1","0","0","0","1","3","0","2","0","0","0","0"
"10700  :  โรงพยาบาลศรีสะเกษ","103","15","10","6","8","8","8","9","7","6","9","8","9"
"10927  :  โรงพยาบาลยางชุมน้อย","22","0","2","0","4","5","4","3","0","1","1","1","1"
"10928  :  โรงพยาบาลกันทรารมย์","9","1","0","0","0","0","1","0","2","0","2","2","1"
"10929  :  โรงพยาบาลกันทรลักษ์","53","11","2","3","2","3","4","6","5","5","3","7","2"
"10930  :  โรงพยาบาลขุขันธ์","47","6","3","9","2","3","6","2","8","3","2","0","3"
"10931  :  โรงพยาบาลไพรบึง","4","2","0","0","0","0","0","1","0","1","0","0","0"
"10932  :  โรงพยาบาลปรางค์กู่","33","5","7","8","8","3","1","0","1","0","0","0","0"
"10933  :  โรงพยาบาลขุนหาญ","9","0","2","2","1","1","0","0","2","0","1","0","0"
"10934  :  โรงพยาบาลราษีไศล","76","6","7","9","6","3","4","4","12","5","2","5","13"
"10935  :  โรงพยาบาลอุทุมพรพิสัย","16","0","0","0","0","1","1","2","3","4","5","0","0"
"10936  :  โรงพยาบาลบึงบูรพ์","4","0","1","0","0","1","0","0","0","0","0","0","2"
"10937  :  โรงพยาบาลห้วยทับทัน","1","0","0","0","1","0","0","0","0","0","0","0","0"
"10938  :  โรงพยาบาลโนนคูณ","8","2","0","0","0","1","1","0","0","2","0","1","1"
"10939  :  โรงพยาบาลศรีรัตนะ","3","2","1","0","0","0","0","0","0","0","0","0","0"
"10940  :  โรงพยาบาลวังหิน","16","3","3","0","2","0","2","0","0","1","3","0","2"
"10941  :  โรงพยาบาลน้ำเกลี้ยง","3","0","0","0","0","0","1","0","1","0","0","1","0"
"10942  :  โรงพยาบาลภูสิงห์","6","1","0","4","0","0","0","0","0","1","0","0","0"
"10943  :  โรงพยาบาลเมืองจันทร์","4","1","1","0","0","0","2","0","0","0","0","0","0"
"23125  :  โรงพยาบาลเบญจลักษ์เฉลิมพระเกียรติ 80 พรรษา","4","0","0","1","1","0","1","1","0","0","0","0","0"
"28014  :  โรงพยาบาลพยุห์","15","1","2","1","0","3","3","1","1","3","0","0","0"
"28015  :  โรงพยาบาลโพธิ์ศรีสุวรรณ","8","2","0","0","2","0","2","1","0","0","1","0","0"
"28016  :  โรงพยาบาลศิลาลาด","24","9","11","4","0","0","0","0","0","0","0","0","0"
"10669  :  โรงพยาบาลสรรพสิทธิประสงค์","0","0","0","0","0","0","0","0","0","0","0","0","0"
"10944  :  โรงพยาบาลศรีเมืองใหม่","17","0","4","3","0","3","2","1","0","2","0","2","0"
"10945  :  โรงพยาบาลโขงเจียม","34","0","2","5","5","3","3","5","3","3","2","1","2"
"10946  :  โรงพยาบาลเขื่องใน","1","0","1","0","0","0","0","0","0","0","0","0","0"
"10947  :  โรงพยาบาลเขมราฐ","69","8","10","15","4","3","5","3","5","6","6","3","1"
"10948  :  โรงพยาบาลนาจะหลวย","50","7","7","8","4","3","4","4","3","1","1","4","4"
"10949  :  โรงพยาบาลน้ำยืน","20","3","6","3","3","2","0","0","0","2","0","1","0"
"10950  :  โรงพยาบาลบุณฑริก","13","1","2","1","0","0","2","3","1","0","1","2","0"
"10951  :  โรงพยาบาลตระการพืชผล","25","1","2","1","1","1","1","1","1","5","3","3","5"
"10952  :  โรงพยาบาลกุดข้าวปุ้น","21","3","1","1","4","2","1","2","2","0","3","1","1"
"10953  :  โรงพยาบาลม่วงสามสิบ","34","2","2","1","2","1","6","3","3","3","4","6","1"
"10954  :  โรงพยาบาลวารินชำราบ","112","5","9","10","10","5","20","7","12","10","11","10","3"
"10956  :  โรงพยาบาลพิบูลมังสาหาร","39","7","5","2","5","1","2","2","4","3","0","3","5"
"10957  :  โรงพยาบาลตาลสุม","9","0","0","2","0","1","0","1","0","3","0","0","2"
"10958  :  โรงพยาบาลโพธิ์ไทร","8","0","2","0","0","0","0","2","2","0","0","1","1"
"10959  :  โรงพยาบาลสำโรง","23","0","3","3","3","2","5","1","2","1","0","2","1"
"10960  :  โรงพยาบาลดอนมดแดง","21","2","1","2","3","1","3","0","2","1","4","1","1"
"10961  :  โรงพยาบาลสิรินธร","21","0","2","1","1","2","4","3","0","3","1","3","1"
"10962  :  โรงพยาบาลทุ่งศรีอุดม","40","0","3","7","7","11","4","3","2","1","0","0","2"
"11443  :  โรงพยาบาลสมเด็จพระยุพราชเดชอุดม","57","4","3","2","12","0","9","5","5","5","1","3","8"
"11495  :  โรงพยาบาลกองบิน 21","0","0","0","0","0","0","0","0","0","0","0","0","0"
"11496  :  โรงพยาบาลค่ายสรรพสิทธิประสงค์","0","0","0","0","0","0","0","0","0","0","0","0","0"
"11918  :  โรงพยาบาลเอกชนร่มเกล้า","0","0","0","0","0","0","0","0","0","0","0","0","0"
"12269  :  โรงพยาบาลพระศรีมหาโพธิ์","0","0","0","0","0","0","0","0","0","0","0","0","0"
"12270  :  โรงพยาบาลส่งเสริมสุขภาพ ศูนย์อนามัยที่ 10","1","1","0","0","0","0","0","0","0","0","0","0","0"
"21984  :  โรงพยาบาล 50 พรรษา มหาวชิราลงกรณ","122","9","10","7","8","6","8","5","16","15","14","15","9"
"24032  :  โรงพยาบาลนาตาล","38","3","3","1","1","3","3","1","3","6","4","4","6"
"24821  :  โรงพยาบาลนาเยีย","12","1","1","0","1","1","0","1","2","1","1","2","1"
"27967  :  โรงพยาบาลสว่างวีระวงศ์","60","0","3","8","8","6","2","5","4","6","6","5","7"
"27968  :  โรงพยาบาลน้ำขุ่น","33","0","3","3","3","4","4","3","3","5","3","0","2"
"27976  :  โรงพยาบาลเหล่าเสือโก้ก","9","0","0","1","0","0","1","2","2","3","0","0","0"
"10701  :  โรงพยาบาลยโสธร","42","0","0","0","0","1","4","7","8","11","7","4","0"
"10963  :  โรงพยาบาลทรายมูล","8","2","2","0","0","0","1","1","0","2","0","0","0"
"10964  :  โรงพยาบาลกุดชุม","58","4","6","5","3","7","1","4","6","9","3","1","9"
"10965  :  โรงพยาบาลคำเขื่อนแก้ว","8","0","1","0","0","4","0","0","0","1","1","0","1"
"10966  :  โรงพยาบาลป่าติ้ว","27","0","10","3","1","2","0","0","4","4","0","2","1"
"10967  :  โรงพยาบาลมหาชนะชัย","56","5","3","6","2","6","6","5","10","2","6","2","3"
"10968  :  โรงพยาบาลค้อวัง","23","8","5","3","2","0","0","1","1","2","0","1","0"
"10969  :  โรงพยาบาลไทยเจริญ","39","3","3","3","2","5","3","6","7","3","1","0","3"
"11444  :  โรงพยาบาลสมเด็จพระยุพราชเลิงนกทา","34","4","4","4","5","4","1","0","2","4","1","3","2"
"11921  :  โรงพยาบาลนายแพทย์หาญ","0","0","0","0","0","0","0","0","0","0","0","0","0"
"04007  :  โรงพยาบาลซับใหญ่","26","3","3","2","2","3","3","8","0","0","1","1","0"
"10702  :  โรงพยาบาลชัยภูมิ","32","4","4","0","2","3","6","7","2","2","0","0","2"
"10970  :  โรงพยาบาลบ้านเขว้า","24","2","1","3","1","1","3","2","1","3","3","2","2"
"10971  :  โรงพยาบาลคอนสวรรค์","18","0","0","4","1","1","2","2","2","1","0","4","1"
"10972  :  โรงพยาบาลเกษตรสมบูรณ์","21","4","2","2","3","0","2","1","3","0","0","2","2"
"10973  :  โรงพยาบาลหนองบัวแดง","19","5","0","3","2","1","2","0","2","2","0","1","1"
"10974  :  โรงพยาบาลจัตุรัส","46","2","3","3","2","4","3","5","3","4","4","5","8"
"10975  :  โรงพยาบาลบำเหน็จณรงค์","119","2","8","7","9","15","17","9","12","11","9","12","8"
"10976  :  โรงพยาบาลหนองบัวระเหว","15","1","3","0","1","2","0","1","1","0","2","2","2"
"10977  :  โรงพยาบาลเทพสถิต","71","6","7","4","6","4","6","10","6","7","5","6","4"
"10978  :  โรงพยาบาลภูเขียวเฉลิมพระเกียรติ","38","1","3","4","6","3","1","4","2","4","5","2","3"
"10979  :  โรงพยาบาลบ้านแท่น","24","5","3","3","0","0","5","0","1","2","1","2","2"
"10980  :  โรงพยาบาลแก้งคร้อ","35","1","1","5","1","5","4","2","2","4","2","1","7"
"10981  :  โรงพยาบาลคอนสาร","16","2","0","3","2","1","2","2","0","2","0","0","2"
"10982  :  โรงพยาบาลภักดีชุมพล","64","8","4","9","6","1","4","5","1","7","3","9","7"
"10983  :  โรงพยาบาลเนินสง่า","69","3","7","8","4","5","5","11","8","2","8","2","6"
"10703  :  โรงพยาบาลอำนาจเจริญ","73","5","9","4","2","3","6","6","7","5","6","12","8"
"10985  :  โรงพยาบาลชานุมาน","53","3","7","7","5","2","2","4","9","4","3","4","3"
"10986  :  โรงพยาบาลปทุมราชวงศา","13","2","0","2","2","0","0","2","0","4","1","0","0"
"10987  :  โรงพยาบาลพนา","22","1","1","0","2","4","0","1","2","1","3","6","1"
"10988  :  โรงพยาบาลเสนางคนิคม","12","0","2","1","0","1","2","0","0","3","0","2","1"
"10989  :  โรงพยาบาลหัวตะพาน","70","3","2","2","3","5","7","8","4","2","7","18","9"
"10990  :  โรงพยาบาลลืออำนาจ","15","4","0","1","1","2","0","0","1","1","2","1","2"
"11040  :  โรงพยาบาลบึงกาฬ","21","1","0","3","3","2","4","1","2","1","1","0","3"
"11041  :  โรงพยาบาลพรเจริญ","15","2","0","0","1","0","6","1","4","0","0","0","1"
"11043  :  โรงพยาบาลโซ่พิสัย","10","1","1","1","0","0","2","1","0","0","1","1","2"
"11046  :  โรงพยาบาลเซกา","34","0","2","3","5","3","4","2","2","1","1","5","6"
"11047  :  โรงพยาบาลปากคาด","24","0","2","3","4","3","1","4","2","1","1","1","2"
"11048  :  โรงพยาบาลบึงโขงหลง","6","1","2","1","0","0","0","0","0","0","2","0","0"
"11049  :  โรงพยาบาลศรีวิไล","43","2","5","8","4","6","1","2","3","1","5","4","2"
"11050  :  โรงพยาบาลบุ่งคล้า","4","0","0","0","1","1","1","0","1","0","0","0","0"
"10704  :  โรงพยาบาลหนองบัวลำภู","448","27","37","37","45","63","50","36","51","34","17","22","29"
"10991  :  โรงพยาบาลนากลาง","23","1","2","2","2","1","3","1","1","4","3","1","2"
"10992  :  โรงพยาบาลโนนสัง","26","2","2","3","4","0","1","1","5","1","1","5","1"
"10993  :  โรงพยาบาลศรีบุญเรือง","41","3","8","9","4","2","4","1","2","1","1","2","4"
"10994  :  โรงพยาบาลสุวรรณคูหา","22","1","2","4","1","1","1","2","3","2","4","1","0"
"23367  :  โรงพยาบาลนาวัง เฉลิมพระเกียรติ 80 พรรษา","16","0","2","1","2","4","1","0","3","0","1","0","2"
"10670  :  โรงพยาบาลขอนแก่น","124","9","9","10","5","14","9","6","9","27","7","13","6"
"10995  :  โรงพยาบาลบ้านฝาง","45","2","3","5","3","6","6","3","2","4","8","1","2"
"10996  :  โรงพยาบาลพระยืน","62","8","7","5","1","2","7","1","7","3","10","4","7"
"10997  :  โรงพยาบาลหนองเรือ","33","4","2","7","2","2","2","3","3","4","4","0","0"
"10998  :  โรงพยาบาลชุมแพ","171","2","6","9","6","9","19","19","32","21","20","20","8"
"10999  :  โรงพยาบาลสีชมพู","61","7","9","5","5","7","8","4","6","4","5","1","0"
"11000  :  โรงพยาบาลน้ำพอง","32","3","1","1","1","4","4","0","0","6","5","4","3"
"11001  :  โรงพยาบาลอุบลรัตน์","86","7","6","5","6","3","5","5","9","11","8","11","10"
"11002  :  โรงพยาบาลบ้านไผ่","29","1","3","5","2","1","1","5","0","3","2","2","4"
"11003  :  โรงพยาบาลเปือยน้อย","16","2","3","0","2","0","2","2","3","1","0","1","0"
"11004  :  โรงพยาบาลพล","23","3","0","3","2","1","1","1","5","2","2","1","2"
"11005  :  โรงพยาบาลแวงใหญ่","22","1","0","3","1","1","2","1","6","3","2","1","1"
"11006  :  โรงพยาบาลแวงน้อย","40","2","1","2","2","4","3","4","3","5","2","7","5"
"11007  :  โรงพยาบาลหนองสองห้อง","7","0","1","1","0","1","0","1","0","1","1","0","1"
"11008  :  โรงพยาบาลภูเวียง","42","7","2","3","3","1","4","6","4","5","3","4","0"
"11009  :  โรงพยาบาลมัญจาคีรี","30","3","2","5","2","1","3","3","3","3","1","3","1"
"11010  :  โรงพยาบาลชนบท","24","0","1","4","2","3","5","1","1","4","0","2","1"
"11011  :  โรงพยาบาลเขาสวนกวาง","38","4","9","4","1","5","3","5","2","1","2","1","1"
"11012  :  โรงพยาบาลภูผาม่าน","15","1","2","3","3","0","1","0","0","0","2","1","2"
"11445  :  โรงพยาบาลสมเด็จพระยุพราชกระนวน","50","1","0","0","5","13","8","3","4","1","2","9","4"
"11497  :  โรงพยาบาลค่ายศรีพัชรินทร","0","0","0","0","0","0","0","0","0","0","0","0","0"
"11936  :  โรงพยาบาลขอนแก่นราม","0","0","0","0","0","0","0","0","0","0","0","0","0"
"12272  :  โรงพยาบาลจิตเวชขอนแก่นราชนครินทร์","0","0","0","0","0","0","0","0","0","0","0","0","0"
"12273  :  โรงพยาบาลส่งเสริมสุขภาพ ศูนย์อนามัยที่ 7","0","0","0","0","0","0","0","0","0","0","0","0","0"
"12275  :  โรงพยาบาลสิรินธร(ภาคตะวันออกเฉียงเหนือ)","29","3","2","1","1","3","6","4","2","1","2","3","1"
"13777  :  โรงพยาบาลศรีนครินทร์ มหาวิทยาลัยขอนแก่น","0","0","0","0","0","0","0","0","0","0","0","0","0"
"14132  :  โรงพยาบาลซำสูง","8","0","0","0","0","2","2","0","0","1","1","1","1"
"14196  :  โรงพยาบาลธัญญรักษ์ขอนแก่น","0","0","0","0","0","0","0","0","0","0","0","0","0"
"24746  :  สถาบันสุขภาพจิตเด็กและวัยรุ่นภาคตะวันออกเฉียงเหนือ","0","0","0","0","0","0","0","0","0","0","0","0","0"
"77649  :  โรงพยาบาลหนองนาคำ","3","0","0","0","0","0","0","0","0","0","0","1","2"
"77650  :  โรงพยาบาลเวียงเก่า","5","0","0","0","0","0","0","0","1","3","1","0","0"
"77651  :  โรงพยาบาลโคกโพธิ์ไชย","4","1","0","1","0","0","1","0","1","0","0","0","0"
"77652  :  โรงพยาบาลโนนศิลา","5","0","0","1","0","0","0","2","0","0","0","0","2"
"10671  :  โรงพยาบาลอุดรธานี","57","4","2","2","7","8","5","4","3","7","8","2","5"
"11013  :  โรงพยาบาลกุดจับ","59","8","5","7","5","5","1","3","6","7","3","3","6"
"11014  :  โรงพยาบาลหนองวัวซอ","198","14","25","13","23","17","10","17","17","16","14","20","12"
"11015  :  โรงพยาบาลกุมภวาปี","24","2","3","4","2","3","1","1","1","0","2","3","2"
"11016  :  โรงพยาบาลห้วยเกิ้ง","0","0","0","0","0","0","0","0","0","0","0","0","0"
"11017  :  โรงพยาบาลโนนสะอาด","27","8","0","2","0","6","0","1","4","2","2","1","1"
"11018  :  โรงพยาบาลหนองหาน","24","2","3","5","1","2","3","1","2","2","0","1","2"
"11019  :  โรงพยาบาลทุ่งฝน","6","0","0","0","0","0","0","0","1","2","2","1","0"
"11020  :  โรงพยาบาลไชยวาน","7","0","1","0","0","1","0","1","0","1","1","1","1"
"11021  :  โรงพยาบาลศรีธาตุ","31","4","0","2","6","4","3","2","1","4","4","0","1"
"11022  :  โรงพยาบาลวังสามหมอ","15","0","1","0","0","1","2","1","3","2","0","4","1"
"11023  :  โรงพยาบาลบ้านผือ","32","4","2","3","1","4","5","2","1","2","4","0","4"
"11024  :  โรงพยาบาลน้ำโสม","129","17","19","18","6","10","9","7","10","8","12","6","7"
"11025  :  โรงพยาบาลเพ็ญ","61","4","3","5","5","3","5","3","8","6","6","6","7"
"11026  :  โรงพยาบาลสร้างคอม","9","1","2","1","0","0","1","0","0","0","0","2","2"
"11027  :  โรงพยาบาลหนองแสง","23","5","5","2","3","4","0","0","0","4","0","0","0"
"11028  :  โรงพยาบาลนายูง","17","0","1","3","2","3","3","1","0","2","0","2","0"
"11029  :  โรงพยาบาลพิบูลย์รักษ์","6","1","0","0","0","0","1","1","0","0","0","0","3"
"11446  :  โรงพยาบาลสมเด็จพระยุพราชบ้านดุง","14","0","0","0","0","0","0","0","5","2","4","2","1"
"11501  :  โรงพยาบาลค่ายประจักษ์ศิลปาคม","0","0","0","0","0","0","0","0","0","0","0","0","0"
"12276  :  โรงพยาบาลมะเร็งอุดรธานี","0","0","0","0","0","0","0","0","0","0","0","0","0"
"23951  :  โรงพยาบาลธัญญารักษ์อุดรธานี","0","0","0","0","0","0","0","0","0","0","0","0","0"
"25058  :  โรงพยาบาลกู่แก้ว","24","1","1","1","1","1","3","2","5","3","3","2","1"
"25059  :  โรงพยาบาลประจักษ์ศิลปาคม","5","1","0","0","0","1","0","1","0","0","0","1","1"
"10705  :  โรงพยาบาลเลย","74","6","7","9","7","8","12","3","3","7","3","6","3"
"11030  :  โรงพยาบาลนาด้วง","11","1","2","0","0","1","2","1","2","0","0","2","0"
"11031  :  โรงพยาบาลเชียงคาน","25","3","0","0","0","1","2","4","6","1","4","3","1"
"11032  :  โรงพยาบาลปากชม","33","3","6","3","1","2","5","2","4","2","1","2","2"
"11033  :  โรงพยาบาลนาแห้ว","15","0","0","3","0","3","2","2","0","0","2","1","2"
"11034  :  โรงพยาบาลภูเรือ","19","1","2","1","1","1","1","2","3","0","2","3","2"
"11035  :  โรงพยาบาลท่าลี่","21","1","1","1","2","3","3","1","3","0","0","2","4"
"11036  :  โรงพยาบาลวังสะพุง","35","3","3","3","3","3","4","1","3","2","3","5","2"
"11037  :  โรงพยาบาลภูกระดึง","10","0","0","1","1","1","0","1","1","0","1","4","0"
"11038  :  โรงพยาบาลภูหลวง","23","1","3","1","0","1","2","4","3","3","3","1","1"
"11039  :  โรงพยาบาลผาขาว","9","0","0","0","0","2","2","1","1","0","0","2","1"
"11447  :  โรงพยาบาลสมเด็จพระยุพราชด่านซ้าย","35","0","5","1","4","4","3","3","6","2","2","4","1"
"14133  :  โรงพยาบาลเอราวัณ","12","3","2","2","0","0","2","0","1","0","1","1","0"
"14644  :  โรงพยาบาลจิตเวชเลยราชนครินทร์","0","0","0","0","0","0","0","0","0","0","0","0","0"
"28861  :  โรงพยาบาลหนองหิน","4","0","0","0","0","0","0","0","0","1","1","0","2"
"10706  :  โรงพยาบาลหนองคาย","172","10","20","15","11","20","19","17","12","10","5","15","18"
"11042  :  โรงพยาบาลโพนพิสัย","28","2","0","2","1","0","6","4","1","5","0","3","4"
"11044  :  โรงพยาบาลศรีเชียงใหม่","7","2","1","0","0","0","0","1","1","0","0","2","0"
"11045  :  โรงพยาบาลสังคม","0","0","0","0","0","0","0","0","0","0","0","0","0"
"11448  :  โรงพยาบาลสมเด็จพระยุพราชท่าบ่อ","30","2","3","2","3","4","0","3","3","3","2","3","2"
"14558  :  โรงพยาบาลพิสัยเวช","0","0","0","0","0","0","0","0","0","0","0","0","0"
"21356  :  โรงพยาบาลสระใคร","0","0","0","0","0","0","0","0","0","0","0","0","0"
"28778  :  โรงพยาบาลโพธิ์ตาก","4","0","0","0","0","0","0","0","1","3","0","0","0"
"28811  :  โรงพยาบาลเฝ้าไร่","12","2","1","4","0","1","1","1","0","0","0","1","1"
"28815  :  โรงพยาบาลรัตนวาปี","14","1","0","0","1","4","1","3","3","0","0","1","0"
"10707  :  โรงพยาบาลมหาสารคาม","59","0","2","5","4","4","5","4","5","6","9","6","9"
"11051  :  โรงพยาบาลแกดำ","18","3","4","0","0","1","2","2","2","2","0","2","0"
"11052  :  โรงพยาบาลโกสุมพิสัย","38","2","3","2","1","2","2","3","9","3","3","3","5"
"11053  :  โรงพยาบาลกันทรวิชัย","4","1","1","0","0","0","0","0","1","0","0","0","1"
"11054  :  โรงพยาบาลเชียงยืน","11","1","2","0","0","0","1","2","0","1","2","1","1"
"11055  :  โรงพยาบาลบรบือ","30","7","2","3","0","2","1","1","2","3","3","4","2"
"11056  :  โรงพยาบาลนาเชือก","20","1","1","4","2","1","1","1","4","2","1","2","0"
"11057  :  โรงพยาบาลพยัคฆภูมิพิสัย","33","4","3","1","2","0","6","1","4","6","2","1","3"
"11058  :  โรงพยาบาลวาปีปทุม","34","4","4","4","4","1","5","1","1","2","4","1","3"
"11059  :  โรงพยาบาลนาดูน","18","1","0","0","0","3","2","0","5","5","1","0","1"
"11060  :  โรงพยาบาลยางสีสุราช","33","8","5","0","0","2","0","4","5","2","4","0","3"
"22953  :  โรงพยาบาลสุทธาเวช คณะแพทยศาสตร์ มหาวิทยาลัยมหาสารคาม","4","0","1","0","0","0","1","2","0","0","0","0","0"
"24704  :  โรงพยาบาลกุดรัง","5","0","0","0","0","1","0","0","1","1","1","0","1"
"28843  :  โรงพยาบาลชื่นชม","7","0","0","1","1","1","1","0","1","0","1","0","1"
"10708  :  โรงพยาบาลร้อยเอ็ด","28","3","1","3","5","0","2","4","3","2","2","1","2"
"11061  :  โรงพยาบาลเกษตรวิสัย","23","2","3","1","2","2","0","3","3","1","3","2","1"
"11062  :  โรงพยาบาลปทุมรัตต์","28","3","1","3","5","4","1","2","2","2","1","2","2"
"11063  :  โรงพยาบาลจตุรพักตรพิมาน","33","3","1","0","8","6","6","2","0","2","4","1","0"
"11064  :  โรงพยาบาลธวัชบุรี","31","4","5","1","1","2","4","2","1","1","6","1","3"
"11065  :  โรงพยาบาลพนมไพร","7","0","1","0","0","1","0","0","1","1","0","2","1"
"11066  :  โรงพยาบาลโพนทอง","19","2","5","3","1","0","1","1","0","2","1","2","1"
"11067  :  โรงพยาบาลโพธิ์ชัย","25","4","2","2","1","2","2","3","1","1","2","4","1"
"11068  :  โรงพยาบาลหนองพอก","11","0","2","1","0","1","2","1","1","2","0","1","0"
"11069  :  โรงพยาบาลเสลภูมิ","20","0","0","4","3","0","2","1","2","4","3","1","0"
"11070  :  โรงพยาบาลสุวรรณภูมิ","43","4","6","6","1","2","5","4","4","0","4","4","3"
"11071  :  โรงพยาบาลเมืองสรวง","24","7","0","2","1","1","1","3","0","3","3","2","1"
"11072  :  โรงพยาบาลโพนทราย","17","0","2","0","2","1","1","2","3","0","0","3","3"
"11073  :  โรงพยาบาลอาจสามารถ","30","1","0","4","5","2","7","1","6","0","2","0","2"
"11074  :  โรงพยาบาลเมยวดี","38","5","2","3","6","4","5","5","4","2","0","2","0"
"11075  :  โรงพยาบาลศรีสมเด็จ","6","0","0","1","0","0","0","2","1","0","0","1","1"
"11076  :  โรงพยาบาลจังหาร","15","0","1","1","1","1","5","2","0","2","1","0","1"
"11504  :  โรงพยาบาลค่ายสมเด็จพระพุทธยอดฟ้าจุฬาโลกมหาราช","0","0","0","0","0","0","0","0","0","0","0","0","0"
"11964  :  โรงพยาบาลทั่วไปขนาดใหญ่จุรีเวช","3","0","0","1","0","0","0","0","2","0","0","0","0"
"27988  :  โรงพยาบาลทุ่งเขาหลวง","6","0","0","0","1","2","0","1","0","0","0","0","2"
"27989  :  โรงพยาบาลเชียงขวัญ","8","0","0","1","0","2","0","0","2","2","1","0","0"
"27990  :  โรงพยาบาลหนองฮี","7","1","0","0","4","0","0","0","0","0","0","0","2"
"10709  :  โรงพยาบาลกาฬสินธุ์","61","4","11","4","4","4","2","3","6","8","5","6","4"
"11077  :  โรงพยาบาลนามน","15","1","2","1","2","2","1","0","0","2","1","2","1"
"11078  :  โรงพยาบาลกมลาไสย","18","1","2","0","0","2","4","1","0","3","1","3","1"
"11079  :  โรงพยาบาลร่องคำ","11","1","1","1","2","0","1","0","3","0","0","0","2"
"11080  :  โรงพยาบาลเขาวง","21","0","1","2","1","2","2","2","6","1","1","2","1"
"11081  :  โรงพยาบาลยางตลาด","21","2","0","5","1","1","0","3","2","2","3","1","1"
"11082  :  โรงพยาบาลห้วยเม็ก","2","0","0","0","0","0","0","0","1","1","0","0","0"
"11083  :  โรงพยาบาลสหัสขันธ์","2","0","0","0","1","0","0","0","0","0","0","0","1"
"11084  :  โรงพยาบาลคำม่วง","17","0","2","1","2","2","1","0","1","1","0","3","4"
"11085  :  โรงพยาบาลท่าคันโท","14","2","3","2","1","0","1","0","1","0","2","1","1"
"11086  :  โรงพยาบาลหนองกุงศรี","17","0","4","2","1","2","3","1","0","1","2","0","1"
"11087  :  โรงพยาบาลสมเด็จ","28","0","1","2","0","2","4","4","3","2","5","4","1"
"11088  :  โรงพยาบาลห้วยผึ้ง","11","1","0","2","0","0","0","1","2","2","1","2","0"
"11449  :  โรงพยาบาลสมเด็จพระยุพราชกุฉินารายณ์","31","2","3","2","3","4","2","1","5","4","1","1","3"
"11965  :  โรงพยาบาลธีรวัฒน์","0","0","0","0","0","0","0","0","0","0","0","0","0"
"28017  :  โรงพยาบาลนาคู","0","0","0","0","0","0","0","0","0","0","0","0","0"
"28789  :  โรงพยาบาลฆ้องชัย","0","0","0","0","0","0","0","0","0","0","0","0","0"
"28790  :  โรงพยาบาลดอนจาน","0","0","0","0","0","0","0","0","0","0","0","0","0"
"28791  :  โรงพยาบาลสามชัย","0","0","0","0","0","0","0","0","0","0","0","0","0"
"10710  :  โรงพยาบาลสกลนคร","319","18","35","29","39","39","25","19","39","24","8","21","23"
"11089  :  โรงพยาบาลกุสุมาลย์","4","2","1","0","0","0","0","0","1","0","0","0","0"
"11090  :  โรงพยาบาลกุดบาก","5","0","0","0","1","1","0","0","0","0","1","1","1"
"11091  :  โรงพยาบาลพระอาจารย์ฝั้นอาจาโร","53","12","8","5","1","6","3","2","7","5","4","0","0"
"11092  :  โรงพยาบาลพังโคน","35","4","1","7","6","3","1","0","1","4","4","3","1"
"11093  :  โรงพยาบาลวาริชภูมิ","16","1","2","2","0","1","2","0","3","2","1","1","1"
"11094  :  โรงพยาบาลนิคมน้ำอูน","10","2","2","1","1","1","0","3","0","0","0","0","0"
"11095  :  โรงพยาบาลวานรนิวาส","33","2","2","2","2","2","4","6","2","2","4","1","4"
"11096  :  โรงพยาบาลคำตากล้า","22","3","4","2","1","0","1","0","2","3","2","3","1"
"11097  :  โรงพยาบาลบ้านม่วง","24","5","4","2","2","3","2","1","1","1","0","1","2"
"11098  :  โรงพยาบาลอากาศอำนวย","6","1","0","2","1","0","0","0","1","1","0","0","0"
"11099  :  โรงพยาบาลส่องดาว","0","0","0","0","0","0","0","0","0","0","0","0","0"
"11100  :  โรงพยาบาลเต่างอย","2","0","0","0","0","0","0","0","1","0","0","0","1"
"11101  :  โรงพยาบาลโคกศรีสุพรรณ","7","0","0","2","0","0","1","1","2","0","0","0","2"
"11102  :  โรงพยาบาลเจริญศิลป์","41","6","10","3","9","1","3","1","0","0","0","4","4"
"11103  :  โรงพยาบาลโพนนาแก้ว","11","1","1","0","0","1","3","2","0","1","1","0","1"
"11450  :  โรงพยาบาลสมเด็จพระยุพราชสว่างแดนดิน","50","3","1","4","3","5","2","5","7","2","5","5","8"
"11505  :  โรงพยาบาลค่ายกฤษณ์สีวะรา","1","0","0","0","0","1","0","0","0","0","0","0","0"
"21323  :  โรงพยาบาลพระอาจารย์แบน  ธนากโร","9","0","2","0","3","0","1","0","0","1","0","2","0"
"24976  :  โรงพยาบาลการแพทย์แผนไทยสกลนคร หลวงปู่แฟ๊ป สุภัทโท","0","0","0","0","0","0","0","0","0","0","0","0","0"
"10711  :  โรงพยาบาลนครพนม","24","1","2","0","1","4","5","1","1","2","1","2","4"
"11104  :  โรงพยาบาลปลาปาก","6","2","0","0","0","0","0","0","0","3","0","1","0"
"11105  :  โรงพยาบาลท่าอุเทน","25","5","3","1","3","0","1","2","2","0","2","3","3"
"11106  :  โรงพยาบาลบ้านแพง","13","2","0","1","0","3","2","0","0","2","2","1","0"
"11107  :  โรงพยาบาลนาทม","11","1","0","1","1","1","0","0","1","0","2","3","1"
"11108  :  โรงพยาบาลเรณูนคร","25","4","1","2","2","0","2","6","1","2","3","1","1"
"11109  :  โรงพยาบาลนาแก","20","3","1","3","3","2","1","0","2","2","1","1","1"
"11110  :  โรงพยาบาลศรีสงคราม","43","1","3","8","1","4","4","6","2","3","4","4","3"
"11111  :  โรงพยาบาลนาหว้า","47","2","4","5","4","3","5","3","3","4","6","5","3"
"11112  :  โรงพยาบาลโพนสวรรค์","42","5","3","4","2","6","4","6","2","4","3","0","3"
"11451  :  โรงพยาบาลสมเด็จพระยุพราชธาตุพนม","88","11","6","9","6","6","6","9","9","6","10","3","7"
"12277  :  โรงพยาบาลจิตเวชนครพนมราชนครินทร์","0","0","0","0","0","0","0","0","0","0","0","0","0"
"40840  :  โรงพยาบาลวังยาง","16","4","1","1","1","1","0","0","2","0","0","2","4"
"10712  :  โรงพยาบาลมุกดาหาร","3","0","2","0","0","0","0","0","1","0","0","0","0"
"11113  :  โรงพยาบาลนิคมคำสร้อย","13","1","0","1","1","1","1","1","0","2","0","3","2"
"11114  :  โรงพยาบาลดอนตาล","16","1","2","3","0","1","2","0","1","1","2","2","1"
"11115  :  โรงพยาบาลดงหลวง","31","1","1","0","1","1","1","7","6","5","6","2","0"
"11116  :  โรงพยาบาลคำชะอี","35","2","0","3","0","1","2","2","4","6","7","7","1"
"11117  :  โรงพยาบาลหว้านใหญ่","7","3","0","2","0","1","0","0","0","0","0","0","1"
"11118  :  โรงพยาบาลหนองสูง","22","1","0","2","3","0","2","0","2","1","5","2","4"
"06009  :  โรงพยาบาลแม่ตื่น","0","0","0","0","0","0","0","0","0","0","0","0","0"
"10713  :  โรงพยาบาลนครพิงค์","45","3","2","5","1","2","4","2","3","3","6","12","2"
"11119  :  โรงพยาบาลจอมทอง","66","1","5","4","5","2","6","5","5","10","4","8","11"
"11120  :  โรงพยาบาลเทพรัตนเวชชานุกูล เฉลิมพระเกียรติ ๖๐ พรรษา","33","1","2","10","2","3","0","3","3","1","1","3","4"
"11121  :  โรงพยาบาลเชียงดาว","60","3","5","4","5","5","9","3","6","6","3","3","8"
"11122  :  โรงพยาบาลดอยสะเก็ด","18","0","1","0","1","0","2","1","4","3","2","3","1"
"11123  :  โรงพยาบาลแม่แตง","68","1","2","1","0","15","6","0","2","2","20","2","17"
"11124  :  โรงพยาบาลสะเมิง","3","0","0","1","0","0","0","0","0","1","0","0","1"
"11125  :  โรงพยาบาลฝาง","60","7","6","8","3","3","5","7","5","4","4","3","5"
"11126  :  โรงพยาบาลแม่อาย","23","2","1","2","2","3","2","0","3","3","3","2","0"
"11127  :  โรงพยาบาลพร้าว","39","1","5","5","12","1","4","2","3","1","1","4","0"
"11128  :  โรงพยาบาลสันป่าตอง","26","1","4","3","3","3","1","3","0","0","5","1","2"
"11129  :  โรงพยาบาลสันกำแพง","38","9","6","5","7","2","2","3","2","0","1","0","1"
"11130  :  โรงพยาบาลสันทราย","72","5","4","8","5","4","9","5","2","6","8","9","7"
"11131  :  โรงพยาบาลหางดง","38","3","1","3","1","3","5","2","5","7","1","6","1"
"11132  :  โรงพยาบาลฮอด","32","2","0","5","1","4","2","4","3","4","6","0","1"
"11133  :  โรงพยาบาลดอยเต่า","22","2","4","1","0","1","2","0","1","2","5","4","0"
"11134  :  โรงพยาบาลอมก๋อย","3","1","0","0","0","0","0","0","0","0","0","1","1"
"11135  :  โรงพยาบาลสารภี","65","4","10","11","3","7","12","1","4","2","2","4","5"
"11136  :  โรงพยาบาลเวียงแหง","12","0","3","0","0","1","2","1","1","0","1","0","3"
"11137  :  โรงพยาบาลไชยปราการ","55","4","4","5","3","8","5","3","7","8","1","5","2"
"11138  :  โรงพยาบาลแม่วาง","4","0","0","0","0","0","0","0","0","0","0","4","0"
"11139  :  โรงพยาบาลแม่ออน","29","3","1","1","6","2","3","2","2","1","2","5","1"
"11507  :  โรงพยาบาลกองบิน 41","0","0","0","0","0","0","0","0","0","0","0","0","0"
"11508  :  โรงพยาบาลค่ายกาวิละ เชียงใหม่","0","0","0","0","0","0","0","0","0","0","0","0","0"
"11643  :  โรงพยาบาลดอยหล่อ","21","2","3","2","2","0","3","3","2","2","1","1","0"
"11978  :  โรงพยาบาลดารารัศมี","0","0","0","0","0","0","0","0","0","0","0","0","0"
"11992  :  โรงพยาบาลเทพปัญญา 2 โรงพยาบาลทั่วไปขนาดกลาง","0","0","0","0","0","0","0","0","0","0","0","0","0"
"11995  :  โรงพยาบาลทั่วไปขนาดใหญ่เซ็นทรัลเชียงใหม่ เมโมเรียล","0","0","0","0","0","0","0","0","0","0","0","0","0"
"11999  :  โรงพยาบาลทั่วไปขนาดใหญ่เชียงใหม่เมดิคอลเซ็นเตอร์","0","0","0","0","0","0","0","0","0","0","0","0","0"
"12279  :  โรงพยาบาลส่งเสริมสุขภาพ ศูนย์อนามัยที่ 1","0","0","0","0","0","0","0","0","0","0","0","0","0"
"12280  :  โรงพยาบาลสวนปรุง","0","0","0","0","0","0","0","0","0","0","0","0","0"
"12281  :  โรงพยาบาลประสาทเชียงใหม่","0","0","0","0","0","0","0","0","0","0","0","0","0"
"13775  :  สถาบันพัฒนาการเด็กราชนครินทร์","0","0","0","0","0","0","0","0","0","0","0","0","0"
"13780  :  โรงพยาบาลมหาราชนครเชียงใหม่  มหาวิทยาลัยเชียงใหม่","0","0","0","0","0","0","0","0","0","0","0","0","0"
"13785  :  โรงพยาบาลธัญญารักษ์เชียงใหม่","0","0","0","0","0","0","0","0","0","0","0","0","0"
"14550  :  โรงพยาบาลทั่วไปขนาดใหญ่ เชียงใหม่ใกล้หมอ","0","0","0","0","0","0","0","0","0","0","0","0","0"
"14916  :  โรงพยาบาลทั่วไปขนาดกลางเชียงใหม่ฮอสพิทอล","5","0","0","0","1","0","0","0","0","1","0","3","0"
"23736  :  โรงพยาบาลวัดจันทร์ เฉลิมพระเกียรติ 80 พรรษา","4","0","0","1","0","0","0","1","0","0","1","1","0"
"10714  :  โรงพยาบาลลำพูน","42","5","6","4","4","3","6","3","3","0","2","4","2"
"11140  :  โรงพยาบาลแม่ทา","11","1","2","3","1","2","0","0","0","2","0","0","0"
"11141  :  โรงพยาบาลบ้านโฮ่ง","31","1","3","4","1","3","3","2","2","8","3","0","1"
"11142  :  โรงพยาบาลลี้","21","3","4","1","1","2","2","1","1","2","1","3","0"
"11143  :  โรงพยาบาลทุ่งหัวช้าง","31","1","2","5","0","1","3","0","1","7","7","4","0"
"11144  :  โรงพยาบาลป่าซาง","32","1","4","2","3","3","1","4","3","4","1","3","3"
"11145  :  โรงพยาบาลบ้านธิ","24","1","1","6","3","1","2","1","1","1","1","3","3"
"12000  :  โรงพยาบาลหริภุญชัยเมโมเรียล","0","0","0","0","0","0","0","0","0","0","0","0","0"
"14555  :  โรงพยาบาลทั่วไปขนาดกลางศิริเวช ลำพูน","7","2","1","0","0","0","0","1","1","0","1","1","0"
"24956  :  โรงพยาบาลเวียงหนองล่อง","26","1","2","2","0","1","3","1","3","7","2","2","2"
"10672  :  โรงพยาบาลลำปาง","157","6","1","9","13","14","15","13","9","11","18","27","21"
"11146  :  โรงพยาบาลแม่เมาะ","5","0","1","0","0","0","0","1","1","1","0","0","1"
"11147  :  โรงพยาบาลเกาะคา","50","5","7","2","3","2","3","1","7","4","5","7","4"
"11148  :  โรงพยาบาลเสริมงาม","19","3","3","2","6","1","2","1","1","0","0","0","0"
"11149  :  โรงพยาบาลงาว","71","2","4","7","2","8","6","3","5","6","11","6","11"
"11150  :  โรงพยาบาลแจ้ห่ม","37","1","4","7","4","1","3","2","2","0","1","6","6"
"11151  :  โรงพยาบาลวังเหนือ","11","2","0","1","1","1","2","2","1","0","0","1","0"
"11152  :  โรงพยาบาลเถิน","37","5","1","6","2","3","4","4","3","1","1","4","3"
"11153  :  โรงพยาบาลแม่พริก","11","2","1","2","2","0","0","1","1","0","0","2","0"
"11154  :  โรงพยาบาลแม่ทะ","15","2","2","1","0","2","2","0","0","1","3","2","0"
"11155  :  โรงพยาบาลสบปราบ","53","3","6","3","8","8","4","7","6","6","0","0","2"
"11156  :  โรงพยาบาลห้างฉัตร","10","0","0","0","1","2","2","2","0","2","0","0","1"
"11157  :  โรงพยาบาลเมืองปาน","23","1","1","1","1","2","1","1","2","3","2","6","2"
"11512  :  โรงพยาบาลค่ายสุรศักดิ์มนตรี","0","0","0","0","0","0","0","0","0","0","0","0","0"
"12283  :  โรงพยาบาลมะเร็งลำปาง","0","0","0","0","0","0","0","0","0","0","0","0","0"
"10673  :  โรงพยาบาลอุตรดิตถ์","80","4","8","2","9","5","2","9","9","27","2","1","2"
"11158  :  โรงพยาบาลตรอน","28","1","2","1","2","2","4","3","3","4","3","2","1"
"11159  :  โรงพยาบาลท่าปลา","161","20","25","23","11","11","8","17","12","12","5","9","8"
"11160  :  โรงพยาบาลน้ำปาด","23","2","4","0","2","0","2","4","3","3","2","1","0"
"11161  :  โรงพยาบาลฟากท่า","2","0","0","0","0","0","1","0","0","0","0","1","0"
"11162  :  โรงพยาบาลบ้านโคก","11","0","1","3","2","2","0","3","0","0","0","0","0"
"11163  :  โรงพยาบาลพิชัย","40","1","2","4","7","0","1","1","3","5","5","4","7"
"11164  :  โรงพยาบาลลับแล","55","4","5","4","3","5","4","7","2","5","5","8","3"
"11165  :  โรงพยาบาลทองแสนขัน","17","0","0","0","3","1","2","3","3","2","1","2","0"
"11509  :  โรงพยาบาลค่ายพิชัยดาบหัก","0","0","0","0","0","0","0","0","0","0","0","0","0"
"10715  :  โรงพยาบาลแพร่","132","10","6","14","3","15","20","12","14","9","8","13","8"
"11166  :  โรงพยาบาลร้องกวาง","29","1","2","6","2","1","4","4","3","1","0","3","2"
"11167  :  โรงพยาบาลลอง","23","1","4","3","4","2","1","1","2","1","2","1","1"
"11169  :  โรงพยาบาลสูงเม่น","53","5","4","8","5","4","3","3","5","3","4","1","8"
"11170  :  โรงพยาบาลสอง","29","4","3","3","0","5","2","4","4","0","0","3","1"
"11171  :  โรงพยาบาลวังชิ้น","34","3","3","2","2","3","5","2","3","1","2","0","8"
"11172  :  โรงพยาบาลหนองม่วงไข่","10","0","0","0","0","0","0","0","3","2","0","3","2"
"11452  :  โรงพยาบาลสมเด็จพระยุพราชเด่นชัย","15","2","0","3","2","3","2","0","0","1","0","1","1"
"10716  :  โรงพยาบาลน่าน","172","33","20","13","10","9","9","16","8","11","24","11","8"
"11173  :  โรงพยาบาลแม่จริม","7","1","1","0","1","0","0","1","0","0","3","0","0"
"11174  :  โรงพยาบาลบ้านหลวง","5","0","2","0","0","0","1","0","0","1","0","1","0"
"11175  :  โรงพยาบาลนาน้อย","8","1","0","0","0","0","0","1","0","0","0","3","3"
"11176  :  โรงพยาบาลท่าวังผา","115","12","13","12","8","10","7","10","10","4","11","15","3"
"11177  :  โรงพยาบาลเวียงสา","13","0","0","0","2","0","2","3","3","0","1","1","1"
"11178  :  โรงพยาบาลทุ่งช้าง","4","0","0","2","1","0","1","0","0","0","0","0","0"
"11179  :  โรงพยาบาลเชียงกลาง","11","0","4","0","0","1","1","1","2","1","0","1","0"
"11180  :  โรงพยาบาลนาหมื่น","14","1","2","3","0","1","0","2","0","2","1","0","2"
"11181  :  โรงพยาบาลสันติสุข","20","1","3","1","0","3","4","2","0","1","2","3","0"
"11182  :  โรงพยาบาลบ่อเกลือ","31","3","4","3","3","0","2","3","4","2","4","1","2"
"11183  :  โรงพยาบาลสองแคว","16","2","4","1","0","0","1","2","2","2","1","1","0"
"11453  :  โรงพยาบาลสมเด็จพระยุพราชปัว","32","1","4","4","3","2","5","3","1","2","4","1","2"
"11510  :  โรงพยาบาลค่ายสุริยพงษ์","0","0","0","0","0","0","0","0","0","0","0","0","0"
"11625  :  โรงพยาบาลเฉลิมพระเกียรติ","18","0","3","0","0","3","0","0","1","5","4","0","2"
"25017  :  โรงพยาบาลภูเพียง","13","1","0","0","2","1","1","3","2","0","1","1","1"
"10717  :  โรงพยาบาลพะเยา","38","3","3","7","4","3","4","3","3","0","2","4","2"
"10718  :  โรงพยาบาลเชียงคำ","44","3","5","2","6","7","3","5","6","1","2","1","3"
"11184  :  โรงพยาบาลจุน","12","2","3","0","1","0","2","2","0","1","1","0","0"
"11185  :  โรงพยาบาลเชียงม่วน","19","1","3","2","3","1","2","0","2","3","1","1","0"
"11186  :  โรงพยาบาลดอกคำใต้","68","6","6","8","9","3","5","6","7","4","2","5","7"
"11187  :  โรงพยาบาลปง","47","3","6","4","4","3","8","6","3","3","4","1","2"
"11188  :  โรงพยาบาลแม่ใจ","23","1","1","1","1","2","1","4","2","3","2","4","1"
"15140  :  โรงพยาบาลค่ายขุนเจืองธรรมิกราช","0","0","0","0","0","0","0","0","0","0","0","0","0"
"40744  :  โรงพยาบาลภูซาง","0","0","0","0","0","0","0","0","0","0","0","0","0"
"40745  :  โรงพยาบาลภูกามยาว","0","0","0","0","0","0","0","0","0","0","0","0","0"
"41347  :  โรงพยาบาลมหาวิทยาลัยพะเยา","0","0","0","0","0","0","0","0","0","0","0","0","0"
"10674  :  โรงพยาบาลเชียงรายประชานุเคราะห์","20","0","1","0","0","0","3","1","0","6","3","3","3"
"11189  :  โรงพยาบาลเทิง","42","4","3","4","2","2","2","2","4","4","6","6","3"
"11190  :  โรงพยาบาลพาน","56","6","3","9","2","2","8","2","3","5","5","8","3"
"11191  :  โรงพยาบาลป่าแดด","13","0","1","0","0","2","1","2","1","2","1","3","0"
"11192  :  โรงพยาบาลแม่จัน","31","1","1","2","0","0","1","5","3","2","8","5","3"
"11193  :  โรงพยาบาลเชียงแสน","38","7","4","5","7","2","3","1","0","3","1","2","3"
"11194  :  โรงพยาบาลแม่สาย","24","2","1","5","2","4","4","3","1","1","0","1","0"
"11195  :  โรงพยาบาลแม่สรวย","22","5","4","2","1","1","3","0","2","2","1","0","1"
"11196  :  โรงพยาบาลเวียงป่าเป้า","48","5","4","5","5","3","4","6","2","5","3","4","2"
"11197  :  โรงพยาบาลพญาเม็งราย","46","3","2","1","4","3","8","4","3","8","8","1","1"
"11198  :  โรงพยาบาลเวียงแก่น","33","1","4","3","2","2","3","6","5","2","5","0","0"
"11199  :  โรงพยาบาลขุนตาล","17","1","4","1","1","1","2","1","4","1","0","0","1"
"11200  :  โรงพยาบาลแม่ฟ้าหลวง","47","2","2","3","1","4","4","5","4","5","4","5","8"
"11201  :  โรงพยาบาลแม่ลาว","27","3","3","5","0","2","4","5","2","1","0","0","2"
"11202  :  โรงพยาบาลเวียงเชียงรุ้ง","16","1","1","1","1","0","2","2","0","1","3","1","3"
"11454  :  โรงพยาบาลสมเด็จพระยุพราชเชียงของ","41","1","5","5","1","3","5","2","2","7","2","3","5"
"15012  :  โรงพยาบาลสมเด็จพระญาณสังวร","36","6","3","1","2","1","0","6","9","1","2","3","2"
"23429  :  โรงพยาบาลมหาวิทยาลัยแม่ฟ้าหลวง","0","0","0","0","0","0","0","0","0","0","0","0","0"
"28823  :  โรงพยาบาลดอยหลวง","5","1","1","1","0","0","1","1","0","0","0","0","0"
"41509  :  โรงพยาบาลศูนย์การแพทย์มหาวิทยาลัยแม่ฟ้าหลวง","0","0","0","0","0","0","0","0","0","0","0","0","0"
"10719  :  โรงพยาบาลศรีสังวาลย์","60","5","6","4","7","7","9","8","2","5","2","3","2"
"11203  :  โรงพยาบาลขุนยวม","13","1","2","0","3","0","1","0","0","2","2","1","1"
"11204  :  โรงพยาบาลปาย","16","0","1","2","2","0","1","1","0","2","4","1","2"
"11205  :  โรงพยาบาลแม่สะเรียง","11","0","1","1","1","1","1","2","3","0","0","1","0"
"11206  :  โรงพยาบาลแม่ลาน้อย","9","1","0","0","0","0","0","2","2","1","0","2","1"
"11207  :  โรงพยาบาลสบเมย","31","0","9","1","4","2","1","3","2","4","0","2","3"
"11208  :  โรงพยาบาลปางมะผ้า","24","3","5","0","3","1","3","3","3","2","0","0","1"
"14197  :  โรงพยาบาลธัญญรักษ์แม่ฮ่องสอน","0","0","0","0","0","0","0","0","0","0","0","0","0"
"10675  :  โรงพยาบาลสวรรค์ประชารักษ์","225","53","30","32","11","15","7","9","21","11","13","11","12"
"11209  :  โรงพยาบาลโกรกพระ","16","3","0","1","0","4","2","1","5","0","0","0","0"
"11210  :  โรงพยาบาลชุมแสง","5","0","1","0","0","0","3","1","0","0","0","0","0"
"11211  :  โรงพยาบาลหนองบัว","129","3","4","6","3","7","14","11","32","18","10","15","6"
"11212  :  โรงพยาบาลบรรพตพิสัย","16","1","1","1","1","2","3","0","2","2","1","1","1"
"11213  :  โรงพยาบาลเก้าเลี้ยว","27","3","2","0","3","3","2","2","1","2","2","5","2"
"11214  :  โรงพยาบาลตาคลี","41","4","9","6","3","0","1","4","1","4","2","4","3"
"11215  :  โรงพยาบาลท่าตะโก","52","2","6","4","4","7","4","0","2","7","4","7","5"
"11216  :  โรงพยาบาลไพศาลี","256","18","21","23","24","11","17","19","23","29","29","26","16"
"11217  :  โรงพยาบาลพยุหะคีรี","25","2","2","1","0","2","1","1","3","6","1","2","4"
"11218  :  โรงพยาบาลลาดยาว","24","4","4","2","1","0","3","3","5","0","1","1","0"
"11219  :  โรงพยาบาลตากฟ้า","17","2","1","0","1","1","4","1","1","1","0","3","2"
"11220  :  โรงพยาบาลแม่วงก์","2","0","0","2","0","0","0","0","0","0","0","0","0"
"11513  :  โรงพยาบาลค่ายจิรประวัติ","9","1","0","0","0","0","2","2","0","0","0","1","3"
"12030  :  โรงพยาบาลพริ้นซ์ ปากน้ำโพ 1 โรงพยาบาลทั่วไปขนาดใหญ่","0","0","0","0","0","0","0","0","0","0","0","0","0"
"12033  :  โรงพยาบาลรวมแพทย์นครสวรรค์","0","0","0","0","0","0","0","0","0","0","0","0","0"
"12034  :  โรงพยาบาลพริ้นซ์ ปากน้ำโพ 2 โรงพยาบาลทั่วไปขนาดใหญ่","0","0","0","0","0","0","0","0","0","0","0","0","0"
"12042  :  โรงพยาบาลร่มฉัตร","0","0","0","0","0","0","0","0","0","0","0","0","0"
"12044  :  โรงพยาบาลศรีสวรรค์","0","0","0","0","0","0","0","0","0","0","0","0","0"
"12284  :  โรงพยาบาลส่งเสริมสุขภาพ ศูนย์อนามัยที่ 3","0","0","0","0","0","0","0","0","0","0","0","0","0"
"14171  :  โรงพยาบาลจิตเวชนครสวรรค์ราชนครินทร์","0","0","0","0","0","0","0","0","0","0","0","0","0"
"40749  :  โรงพยาบาลชุมตาบง","0","0","0","0","0","0","0","0","0","0","0","0","0"
"10720  :  โรงพยาบาลอุทัยธานี","33","3","3","5","2","1","4","4","4","2","2","2","1"
"11221  :  โรงพยาบาลทัพทัน","79","4","8","6","8","5","8","5","7","4","9","10","5"
"11222  :  โรงพยาบาลสว่างอารมณ์","16","2","1","2","1","0","3","0","1","1","3","0","2"
"11223  :  โรงพยาบาลหนองฉาง","44","3","6","4","4","5","4","4","4","5","2","2","1"
"11224  :  โรงพยาบาลหนองขาหย่าง","116","3","2","2","5","12","18","17","14","12","12","19","0"
"11225  :  โรงพยาบาลบ้านไร่","39","3","2","6","6","3","3","3","3","3","3","2","2"
"11226  :  โรงพยาบาลลานสัก","94","7","3","6","22","13","9","10","15","1","2","2","4"
"11227  :  โรงพยาบาลห้วยคต","50","4","1","4","1","2","1","1","4","8","6","13","5"
"10721  :  โรงพยาบาลกำแพงเพชร","60","2","7","6","7","5","5","4","1","5","3","4","11"
"11228  :  โรงพยาบาลทุ่งโพธิ์ทะเล","47","4","0","3","4","7","5","1","2","6","3","6","6"
"11229  :  โรงพยาบาลไทรงาม","11","1","0","2","0","0","2","1","1","0","0","3","1"
"11230  :  โรงพยาบาลคลองลาน","32","2","1","5","1","4","7","2","3","1","1","3","2"
"11231  :  โรงพยาบาลขาณุวรลักษบุรี","154","15","16","16","9","9","18","13","12","8","10","12","16"
"11232  :  โรงพยาบาลคลองขลุง","169","17","16","15","14","10","23","14","13","11","9","18","9"
"11233  :  โรงพยาบาลพรานกระต่าย","57","2","5","5","1","6","4","5","4","5","6","5","9"
"11234  :  โรงพยาบาลลานกระบือ","27","3","2","4","0","3","2","2","3","3","2","3","0"
"11235  :  โรงพยาบาลทรายทองวัฒนา","12","0","2","1","1","1","3","0","1","0","1","0","2"
"11236  :  โรงพยาบาลปางศิลาทอง","5","1","1","0","0","0","0","2","0","0","1","0","0"
"14135  :  โรงพยาบาลบึงสามัคคี","11","1","2","1","1","0","2","2","0","0","0","1","1"
"28010  :  โรงพยาบาลโกสัมพีนคร","16","3","1","0","0","1","2","1","2","2","1","2","1"
"10722  :  โรงพยาบาลสมเด็จพระเจ้าตากสินมหาราช","79","6","10","6","7","4","5","7","7","7","9","4","7"
"10723  :  โรงพยาบาลแม่สอด","79","5","7","11","6","8","6","9","6","2","2","12","5"
"11238  :  โรงพยาบาลบ้านตาก","19","0","2","2","2","1","4","1","0","1","6","0","0"
"11239  :  โรงพยาบาลสามเงา","37","3","6","0","2","2","5","1","4","8","2","3","1"
"11240  :  โรงพยาบาลแม่ระมาด","20","1","3","0","0","3","2","0","3","2","2","1","3"
"11241  :  โรงพยาบาลท่าสองยาง","3","0","0","0","1","1","0","0","0","1","0","0","0"
"11242  :  โรงพยาบาลพบพระ","17","1","0","5","0","0","2","2","3","1","2","1","0"
"11243  :  โรงพยาบาลอุ้มผาง","21","3","1","1","2","2","4","1","1","2","1","2","1"
"27443  :  โรงพยาบาลวังเจ้า","31","2","1","1","2","3","5","5","0","4","2","3","3"
"10724  :  โรงพยาบาลสุโขทัย","3","0","0","0","0","0","0","0","0","0","0","0","3"
"10725  :  โรงพยาบาลศรีสังวรสุโขทัย","4","0","0","0","1","0","0","0","1","0","0","1","1"
"11244  :  โรงพยาบาลบ้านด่านลานหอย","23","0","2","3","1","2","4","2","2","1","2","1","3"
"11245  :  โรงพยาบาลคีรีมาศ","73","6","4","11","7","4","7","6","7","6","6","5","4"
"11246  :  โรงพยาบาลกงไกรลาศ","20","1","4","3","2","2","2","1","0","0","2","3","0"
"11247  :  โรงพยาบาลศรีสัชนาลัย","9","0","0","1","1","0","1","0","1","1","1","2","1"
"11248  :  โรงพยาบาลสวรรคโลก","6","0","1","0","1","0","1","1","0","0","0","1","1"
"11249  :  โรงพยาบาลศรีนคร","146","21","26","14","11","18","13","7","22","3","2","6","3"
"11250  :  โรงพยาบาลทุ่งเสลี่ยม","21","1","2","3","6","0","3","2","0","0","0","2","2"
"10676  :  โรงพยาบาลพุทธชินราช","55","10","4","4","1","3","4","1","7","6","5","6","4"
"11251  :  โรงพยาบาลชาติตระการ","61","6","3","5","1","6","2","6","12","8","7","2","3"
"11252  :  โรงพยาบาลบางระกำ","81","5","5","3","4","5","9","2","8","12","10","7","11"
"11253  :  โรงพยาบาลบางกระทุ่ม","127","14","4","4","4","3","14","6","16","12","19","17","14"
"11254  :  โรงพยาบาลพรหมพิราม","41","0","0","1","5","3","5","2","6","6","2","3","8"
"11255  :  โรงพยาบาลวัดโบสถ์","24","3","2","4","1","3","2","2","4","1","0","2","0"
"11256  :  โรงพยาบาลวังทอง","247","32","33","31","23","12","19","18","17","0","27","23","12"
"11257  :  โรงพยาบาลเนินมะปราง","46","6","3","8","6","4","3","3","3","2","3","2","3"
"11455  :  โรงพยาบาลสมเด็จพระยุพราชนครไทย","39","1","6","2","4","2","3","3","5","4","2","6","1"
"11517  :  โรงพยาบาลค่ายสมเด็จพระนเรศวร","0","0","0","0","0","0","0","0","0","0","0","0","0"
"14972  :  โรงพยาบาลมหาวิทยาลัยนเรศวร","0","0","0","0","0","0","0","0","0","0","0","0","0"
"41429  :  โรงพยาบาลจิตเวชพิษณุโลก","0","0","0","0","0","0","0","0","0","0","0","0","0"
"10726  :  โรงพยาบาลพิจิตร","93","9","3","10","8","6","11","9","11","5","12","7","2"
"11258  :  โรงพยาบาลวังทรายพูน","24","5","1","3","1","4","2","3","2","0","2","0","1"
"11259  :  โรงพยาบาลโพธิ์ประทับช้าง","20","2","2","1","2","1","4","2","0","3","1","2","0"
"11260  :  โรงพยาบาลบางมูลนาก","95","9","8","4","6","9","5","9","10","7","4","14","10"
"11261  :  โรงพยาบาลโพทะเล","57","4","6","5","5","3","2","2","5","5","8","8","4"
"11262  :  โรงพยาบาลสามง่าม","16","2","2","1","0","1","3","0","1","1","0","3","2"
"11263  :  โรงพยาบาลทับคล้อ","45","2","1","5","2","5","4","6","3","3","8","4","2"
"11456  :  โรงพยาบาลสมเด็จพระยุพราชตะพานหิน","146","10","6","8","14","5","15","13","9","16","13","20","17"
"11631  :  โรงพยาบาลวชิรบารมี","5","1","1","0","1","0","0","0","0","1","0","0","1"
"27978  :  โรงพยาบาลสากเหล็ก","14","1","0","0","2","2","3","2","0","0","0","1","3"
"27979  :  โรงพยาบาลบึงนาราง","23","6","4","1","2","4","2","0","2","1","0","1","0"
"27980  :  โรงพยาบาลดงเจริญ","19","0","2","2","2","2","0","0","0","6","3","1","1"
"10727  :  โรงพยาบาลเพชรบูรณ์","480","55","52","50","50","44","40","29","34","31","31","35","29"
"11264  :  โรงพยาบาลชนแดน","29","4","1","2","3","3","5","1","1","3","1","2","3"
"11265  :  โรงพยาบาลหล่มสัก","62","4","3","9","2","6","6","3","3","8","11","5","2"
"11266  :  โรงพยาบาลวิเชียรบุรี","31","2","3","2","4","5","3","3","4","1","0","2","2"
"11267  :  โรงพยาบาลศรีเทพ","23","2","4","2","1","2","4","3","1","1","1","1","1"
"11268  :  โรงพยาบาลหนองไผ่","41","1","1","4","4","2","3","4","7","8","2","2","3"
"11269  :  โรงพยาบาลบึงสามพัน","38","3","0","0","0","0","5","5","13","8","1","2","1"
"11270  :  โรงพยาบาลน้ำหนาว","13","0","2","1","0","2","1","1","1","1","1","2","1"
"11271  :  โรงพยาบาลวังโป่ง","15","2","4","1","1","0","2","1","0","2","1","1","0"
"11272  :  โรงพยาบาลเขาค้อ","11","0","3","0","1","0","0","0","0","1","3","1","2"
"11457  :  โรงพยาบาลสมเด็จพระยุพราชหล่มเก่า","26","2","2","1","9","2","0","1","4","0","1","2","2"
"11946  :  โรงพยาบาลค่ายพ่อขุนผาเมือง","0","0","0","0","0","0","0","0","0","0","0","0","0"
"10677  :  โรงพยาบาลราชบุรี","165","12","11","7","17","19","13","7","9","26","8","15","21"
"10728  :  โรงพยาบาลดำเนินสะดวก","54","3","4","3","4","4","8","5","10","3","3","2","5"
"10729  :  โรงพยาบาลบ้านโป่ง","12","1","0","2","2","1","1","0","1","2","0","1","1"
"10730  :  โรงพยาบาลโพธาราม","26","1","3","2","3","2","4","3","0","6","1","0","1"
"11273  :  โรงพยาบาลสวนผึ้ง","34","4","0","3","2","2","3","0","7","1","6","3","3"
"11274  :  โรงพยาบาลบางแพ","15","1","0","2","1","0","2","2","1","2","2","1","1"
"11275  :  โรงพยาบาลเจ็ดเสมียน","3","0","0","1","0","0","0","1","0","0","0","1","0"
"11276  :  โรงพยาบาลปากท่อ","9","1","0","0","0","1","1","1","0","2","0","1","2"
"11277  :  โรงพยาบาลวัดเพลง","6","1","1","1","1","0","0","0","0","0","0","1","1"
"11458  :  โรงพยาบาลสมเด็จพระยุพราชจอมบึง","5","0","0","2","0","0","0","0","0","1","0","1","1"
"11519  :  โรงพยาบาลค่ายภาณุรังษี","1","0","0","0","0","1","0","0","0","0","0","0","0"
"12093  :  สถานพยาบาลแพทย์ประดิษฐ์","0","0","0","0","0","0","0","0","0","0","0","0","0"
"12097  :  มหาชัยพร้อมแพทย์โรงพยาบาลทั่วไปขนาดกลาง","0","0","0","0","0","0","0","0","0","0","0","0","0"
"12098  :  โรงพยาบาลกรุงเทพเมืองราชโรงพยาบาลทั่วไปขนาดใหญ่","0","0","0","0","0","0","0","0","0","0","0","0","0"
"12103  :  โรงพยาบาลซานคามิลโล","0","0","0","0","0","0","0","0","0","0","0","0","0"
"12286  :  โรงพยาบาลส่งเสริมสุขภาพ ศูนย์อนามัยที่ 5","0","0","0","0","0","0","0","0","0","0","0","0","0"
"28858  :  โรงพยาบาลบ้านคา","14","0","2","2","0","0","2","3","4","0","0","1","0"
"10731  :  โรงพยาบาลพหลพลพยุหเสนา","12","2","1","2","1","1","1","0","0","1","0","0","3"
"10732  :  โรงพยาบาลมะการักษ์","24","3","2","1","2","2","5","4","2","2","0","0","1"
"11278  :  โรงพยาบาลไทรโยค","13","2","1","0","2","2","0","2","0","3","0","1","0"
"11279  :  โรงพยาบาลสมเด็จพระปิยมหาราชรมณียเขต","1","0","0","0","0","1","0","0","0","0","0","0","0"
"11280  :  โรงพยาบาลบ่อพลอย","17","0","1","0","1","3","1","2","2","3","2","0","2"
"11281  :  โรงพยาบาลท่ากระดาน","33","3","3","3","2","2","1","1","7","2","3","2","4"
"11282  :  โรงพยาบาลสมเด็จพระสังฆราชองค์ที่ ๑๙","29","3","1","1","2","3","2","4","0","0","3","6","4"
"11283  :  โรงพยาบาลทองผาภูมิ","4","1","0","0","1","1","0","0","1","0","0","0","0"
"11284  :  โรงพยาบาลสังขละบุรี","6","0","0","0","0","1","3","2","0","0","0","0","0"
"11285  :  โรงพยาบาลเจ้าคุณไพบูลย์พนมทวน","12","1","0","0","1","0","2","2","1","1","1","0","3"
"11286  :  โรงพยาบาลเลาขวัญ","11","0","3","1","1","0","3","0","0","1","0","0","2"
"11287  :  โรงพยาบาลด่านมะขามเตี้ย","14","1","1","1","2","0","1","1","0","2","3","2","0"
"11288  :  โรงพยาบาลสถานพระบารมี","1","0","0","0","0","0","0","0","1","0","0","0","0"
"11520  :  โรงพยาบาลค่ายสุรสีห์","0","0","0","0","0","0","0","0","0","0","0","0","0"
"14136  :  โรงพยาบาลศุกร์ศิริศรีสวัสดิ์","7","0","0","0","2","0","0","1","0","0","2","2","0"
"21948  :  โรงพยาบาลห้วยกระเจา เฉลิมพระเกียรติ 80 พรรษา","24","1","6","0","1","3","2","1","1","1","3","2","3"
"41701  :  โรงพยาบาลหนองปรือ","0","0","0","0","0","0","0","0","0","0","0","0","0"
"10678  :  โรงพยาบาลเจ้าพระยายมราช","28","1","1","4","1","1","4","3","3","2","2","3","3"
"10733  :  โรงพยาบาลสมเด็จพระสังฆราชองค์ที่17","25","2","6","2","4","0","1","1","2","3","2","1","1"
"11289  :  โรงพยาบาลเดิมบางนางบวช","18","3","3","1","2","1","3","1","2","2","0","0","0"
"11290  :  โรงพยาบาลด่านช้าง","16","1","2","2","1","3","3","0","1","1","0","0","2"
"11291  :  โรงพยาบาลบางปลาม้า","67","8","7","4","4","8","7","4","1","10","6","4","4"
"11292  :  โรงพยาบาลศรีประจันต์","34","2","4","2","4","3","2","0","3","2","6","4","2"
"11293  :  โรงพยาบาลดอนเจดีย์","12","1","1","1","0","1","1","1","1","2","1","1","1"
"11294  :  โรงพยาบาลสามชุก","23","1","7","2","1","3","4","3","1","0","0","0","1"
"11295  :  โรงพยาบาลอู่ทอง","146","1","3","3","1","20","20","8","13","11","14","26","26"
"11296  :  โรงพยาบาลหนองหญ้าไซ","23","2","1","1","0","2","3","2","4","1","3","3","1"
"12123  :  โรงพยาบาลวิภาวดี-ปิยราษฎร์","0","0","0","0","0","0","0","0","0","0","0","0","0"
"10679  :  โรงพยาบาลนครปฐม","17","0","0","5","3","1","0","3","1","0","2","1","1"
"11297  :  โรงพยาบาลกำแพงแสน","9","0","0","0","3","1","0","0","2","1","0","1","1"
"11298  :  โรงพยาบาลนครชัยศรี","30","4","3","2","1","1","0","4","3","1","3","5","3"
"11299  :  โรงพยาบาลห้วยพลู","45","0","1","1","2","1","0","4","7","20","4","2","3"
"11300  :  โรงพยาบาลดอนตูม","0","0","0","0","0","0","0","0","0","0","0","0","0"
"11301  :  โรงพยาบาลบางเลน","3","0","0","0","0","0","0","0","0","0","3","0","0"
"11302  :  โรงพยาบาลสามพราน","46","1","2","8","5","3","3","4","10","4","3","2","1"
"11303  :  โรงพยาบาลพุทธมณฑล","30","2","4","1","4","4","3","3","2","1","3","2","1"
"11473  :  โรงพยาบาลเมตตาประชารักษ์(วัดไร่ขิง)","194","3","16","17","16","19","15","16","12","17","17","27","19"
"11521  :  โรงพยาบาลจันทรุเบกษา","0","0","0","0","0","0","0","0","0","0","0","0","0"
"13819  :  โรงพยาบาลหลวงพ่อเปิ่น","20","2","1","1","3","1","0","2","3","2","5","0","0"
"10734  :  โรงพยาบาลสมุทรสาคร","318","19","38","27","34","29","14","9","20","43","32","24","29"
"11304  :  โรงพยาบาลกระทุ่มแบน","3","0","1","0","0","0","1","0","1","0","0","0","0"
"11305  :  โรงพยาบาลบ้านแพ้ว","30","0","0","0","1","8","4","3","4","1","2","4","3"
"12137  :  โรงพยาบาลทั่วไปขนาดเล็กเจษฎา","5","0","0","0","0","0","4","1","0","0","0","0","0"
"10735  :  โรงพยาบาลสมเด็จพระพุทธเลิศหล้า","161","12","20","21","14","17","17","11","14","14","8","7","6"
"11306  :  โรงพยาบาลนภาลัย","27","2","3","1","3","4","2","3","2","2","2","1","2"
"11307  :  โรงพยาบาลอัมพวา","45","1","3","3","1","4","5","5","7","6","3","5","2"
"10736  :  โรงพยาบาลพระจอมเกล้า","5","0","0","0","0","0","0","0","0","0","0","0","5"
"11308  :  โรงพยาบาลเขาย้อย","3","0","0","0","2","0","1","0","0","0","0","0","0"
"11309  :  โรงพยาบาลหนองหญ้าปล้อง","16","2","3","1","2","1","2","0","2","1","0","1","1"
"11310  :  โรงพยาบาลชะอำ","36","2","1","2","2","1","6","9","2","6","1","3","1"
"11311  :  โรงพยาบาลท่ายาง","8","0","0","2","0","1","1","0","0","1","2","0","1"
"11312  :  โรงพยาบาลบ้านลาด","28","2","3","3","1","1","1","1","3","4","7","1","1"
"11313  :  โรงพยาบาลบ้านแหลม","16","3","3","3","0","1","0","0","1","4","0","0","1"
"11314  :  โรงพยาบาลแก่งกระจาน","8","1","0","3","2","0","0","1","1","0","0","0","0"
"10737  :  โรงพยาบาลประจวบคีรีขันธ์","0","0","0","0","0","0","0","0","0","0","0","0","0"
"11315  :  โรงพยาบาลกุยบุรี","25","2","2","0","3","1","1","4","4","0","2","4","2"
"11316  :  โรงพยาบาลทับสะแก","4","0","1","0","1","0","0","1","1","0","0","0","0"
"11317  :  โรงพยาบาลบางสะพาน","16","1","4","0","0","2","3","1","0","1","1","1","2"
"11318  :  โรงพยาบาลบางสะพานน้อย","5","0","0","2","0","1","1","0","1","0","0","0","0"
"11319  :  โรงพยาบาลปราณบุรี","9","0","0","0","0","2","2","2","0","2","0","1","0"
"11320  :  โรงพยาบาลหัวหิน","36","3","2","5","3","3","5","2","6","0","0","6","1"
"11321  :  โรงพยาบาลสามร้อยยอด","10","0","2","1","0","1","1","1","0","0","2","0","2"
"11500  :  โรงพยาบาลกองบิน 5","0","0","0","0","0","0","0","0","0","0","0","0","0"
"11522  :  โรงพยาบาลค่ายธนะรัชต์","0","0","0","0","0","0","0","0","0","0","0","0","0"
"12471  :  สถานีกาชาดหัวหินเฉลิมพระเกียรติ","0","0","0","0","0","0","0","0","0","0","0","0","0"
"10680  :  โรงพยาบาลมหาราชนครศรีธรรมราช","27","0","0","0","0","0","2","1","1","1","5","11","6"
"11322  :  โรงพยาบาลพรหมคีรี","1","0","0","0","0","0","0","0","0","0","0","0","1"
"11324  :  โรงพยาบาลลานสะกา","29","1","8","1","0","2","4","1","1","1","4","3","3"
"11325  :  โรงพยาบาลสมเด็จพระยุพราชฉวาง","101","6","7","25","4","3","6","9","7","11","8","8","7"
"11326  :  โรงพยาบาลพิปูน","78","3","0","8","10","4","9","9","4","12","8","3","8"
"11327  :  โรงพยาบาลเชียรใหญ่","54","1","8","4","3","0","3","3","5","7","5","6","9"
"11328  :  โรงพยาบาลชะอวด","89","3","6","4","9","5","7","13","2","12","5","5","18"
"11329  :  โรงพยาบาลท่าศาลา","82","8","12","4","7","7","9","5","9","5","5","6","5"
"11330  :  โรงพยาบาลทุ่งสง","76","9","14","7","4","11","6","3","2","5","3","6","6"
"11331  :  โรงพยาบาลนาบอน","8","3","1","0","1","0","1","0","0","0","0","1","1"
"11332  :  โรงพยาบาลทุ่งใหญ่","35","3","3","6","6","5","3","0","2","2","2","2","1"
"11333  :  โรงพยาบาลปากพนัง","80","7","11","5","6","8","5","5","3","8","2","10","10"
"11334  :  โรงพยาบาลร่อนพิบูลย์","30","1","0","6","1","3","2","2","7","1","2","4","1"
"11335  :  โรงพยาบาลสิชล","29","4","2","3","2","2","2","3","5","2","0","2","2"
"11336  :  โรงพยาบาลขนอม","20","3","3","2","1","1","0","5","2","1","1","0","1"
"11337  :  โรงพยาบาลหัวไทร","23","0","1","3","5","1","4","2","1","0","4","0","2"
"11338  :  โรงพยาบาลบางขัน","22","1","3","4","1","1","2","1","2","2","0","4","1"
"11339  :  โรงพยาบาลถ้ำพรรณรา","20","1","2","7","2","0","0","1","3","0","2","0","2"
"11523  :  โรงพยาบาลค่ายวชิราวุธ","0","0","0","0","0","0","0","0","0","0","0","0","0"
"11660  :  โรงพยาบาลจุฬาภรณ์","290","15","29","17","28","26","31","12","29","28","22","24","29"
"12287  :  โรงพยาบาลส่งเสริมสุขภาพ ศูนย์อนามัยที่ 11","22","0","1","2","3","3","5","0","3","0","5","0","0"
"12472  :  สถานีกาชาดสิริธร (สถานีกาชาดที่ 12 ทุ่งสง)","0","0","0","0","0","0","0","0","0","0","0","0","0"
"14918  :  โรงพยาบาลค่ายเทพสตรีศรีสุนทร","12","0","0","0","0","0","4","1","4","2","0","0","1"
"21771  :  โรงพยาบาลเทศบาลนครนครศรีธรรมราช","0","0","0","0","0","0","0","0","0","0","0","0","0"
"40491  :  โรงพยาบาลเฉลิมพระเกียรติ","0","0","0","0","0","0","0","0","0","0","0","0","0"
"40492  :  โรงพยาบาลพ่อท่านคล้ายวาจาสิทธิ์","0","0","0","0","0","0","0","0","0","0","0","0","0"
"40742  :  โรงพยาบาลนบพิตำ","2","0","0","0","0","0","0","0","0","0","1","1","0"
"40743  :  โรงพยาบาลพระพรหม","28","1","2","4","3","2","2","1","6","2","2","2","1"
"40970  :  โรงพยาบาลศูนย์การแพทย์มหาวิทยาลัยวลัยลักษณ์","0","0","0","0","0","0","0","0","0","0","0","0","0"
"10738  :  โรงพยาบาลกระบี่","40","2","5","7","2","5","0","1","5","4","2","3","4"
"11340  :  โรงพยาบาลเขาพนม","88","4","1","10","12","12","5","5","5","4","8","13","9"
"11341  :  โรงพยาบาลเกาะลันตา","9","2","0","0","0","0","3","2","0","1","0","1","0"
"11342  :  โรงพยาบาลคลองท่อม","88","7","12","8","14","5","7","7","9","9","4","2","4"
"11343  :  โรงพยาบาลอ่าวลึก","16","0","1","1","4","0","2","1","0","2","1","1","3"
"11344  :  โรงพยาบาลปลายพระยา","6","0","1","1","0","0","1","0","0","0","2","0","1"
"11345  :  โรงพยาบาลลำทับ","15","3","6","0","0","2","0","0","0","0","1","1","2"
"11346  :  โรงพยาบาลเหนือคลอง","33","0","4","3","1","2","2","3","2","5","4","2","5"
"77753  :  โรงพยาบาลเกาะพีพี","0","0","0","0","0","0","0","0","0","0","0","0","0"
"10739  :  โรงพยาบาลพังงา","4","0","0","0","0","0","0","0","0","0","0","1","3"
"10740  :  โรงพยาบาลตะกั่วป่า","36","6","3","4","2","4","6","2","1","2","0","2","4"
"11347  :  โรงพยาบาลเกาะยาวชัยพัฒน์","53","0","12","8","1","2","3","1","2","2","9","13","0"
"11348  :  โรงพยาบาลกะปงชัยพัฒน์","20","1","2","0","1","1","1","2","3","4","3","1","1"
"11349  :  โรงพยาบาลตะกั่วทุ่ง","22","0","3","1","1","1","1","1","2","5","1","0","6"
"11350  :  โรงพยาบาลบางไทร","30","4","3","2","3","0","1","0","1","2","2","7","5"
"11352  :  โรงพยาบาลคุระบุรีชัยพัฒน์","26","3","0","5","2","1","4","2","3","3","1","0","2"
"11353  :  โรงพยาบาลทับปุด","2","0","0","0","0","1","0","0","0","0","0","1","0"
"11354  :  โรงพยาบาลท้ายเหมืองชัยพัฒน์","26","4","3","6","1","1","2","0","1","2","3","2","1"
"10741  :  โรงพยาบาลวชิระภูเก็ต","60","8","6","6","5","6","4","5","1","4","5","5","5"
"11355  :  โรงพยาบาลป่าตอง","15","0","2","0","0","1","1","1","4","0","2","2","2"
"11356  :  โรงพยาบาลถลาง","31","0","1","0","1","2","4","0","1","1","4","13","4"
"24678  :  โรงพยาบาลองค์การบริหารส่วนจังหวัดภูเก็ต","0","0","0","0","0","0","0","0","0","0","0","0","0"
"41436  :  โรงพยาบาลฉลอง","0","0","0","0","0","0","0","0","0","0","0","0","0"
"09192  :  โรงพยาบาลเกาะเต่า","0","0","0","0","0","0","0","0","0","0","0","0","0"
"10681  :  โรงพยาบาลสุราษฎร์ธานี","31","2","1","2","7","2","5","2","4","1","2","3","0"
"10742  :  โรงพยาบาลเกาะสมุย","171","16","22","14","10","10","11","12","8","13","10","24","21"
"11357  :  โรงพยาบาลกาญจนดิษฐ์","68","12","2","10","7","2","4","3","9","6","5","6","2"
"11358  :  โรงพยาบาลดอนสัก","20","3","3","1","1","0","4","0","3","0","1","2","2"
"11359  :  โรงพยาบาลเกาะพงัน","30","1","6","2","0","3","4","1","4","2","5","1","1"
"11360  :  โรงพยาบาลไชยา","53","3","1","5","8","4","2","0","1","8","6","7","8"
"11361  :  โรงพยาบาลท่าชนะ","36","2","3","2","2","0","5","5","1","4","2","5","5"
"11362  :  โรงพยาบาลคีรีรัฐนิคม","24","2","3","2","1","1","5","0","1","4","4","0","1"
"11363  :  โรงพยาบาลบ้านตาขุน","7","2","0","0","2","0","1","1","1","0","0","0","0"
"11364  :  โรงพยาบาลพนม","31","4","4","1","3","5","4","2","1","3","0","1","3"
"11365  :  โรงพยาบาลท่าฉาง","16","2","3","0","0","2","2","1","0","1","2","0","3"
"11366  :  โรงพยาบาลบ้านนาสาร","90","3","4","5","6","3","10","29","20","9","0","1","0"
"11367  :  โรงพยาบาลบ้านนาเดิม","4","1","0","0","0","1","0","0","0","1","0","0","1"
"11368  :  โรงพยาบาลเคียนซา","21","3","1","1","3","8","4","0","1","0","0","0","0"
"11369  :  โรงพยาบาลพระแสง","30","0","2","1","3","2","3","1","0","4","3","7","4"
"11370  :  โรงพยาบาลพุนพิน","42","4","6","6","0","3","10","4","2","5","1","1","0"
"11371  :  โรงพยาบาลชัยบุรี","25","1","1","0","3","1","1","3","1","2","5","6","1"
"11459  :  โรงพยาบาลสมเด็จพระยุพราชเวียงสระ","19","0","2","0","0","1","0","2","1","2","1","5","5"
"11654  :  โรงพยาบาลวิภาวดี","3","0","0","1","0","2","0","0","0","0","0","0","0"
"12289  :  โรงพยาบาลสวนสราญรมย์","0","0","0","0","0","0","0","0","0","0","0","0","0"
"14138  :  โรงพยาบาลท่าโรงช้าง","24","4","2","2","2","4","4","1","3","1","0","0","1"
"14203  :  โรงพยาบาลมะเร็งสุราษฎร์ธานี","0","0","0","0","0","0","0","0","0","0","0","0","0"
"14862  :  โรงพยาบาลกองบิน7","0","0","0","0","0","0","0","0","0","0","0","0","0"
"14901  :  โรงพยาบาลค่ายวิภาวดีรังสิต","0","0","0","0","0","0","0","0","0","0","0","0","0"
"40915  :  สถาบันสุขภาพจิตเด็กและวัยรุ่นภาคใต้","0","0","0","0","0","0","0","0","0","0","0","0","0"
"10743  :  โรงพยาบาลระนอง","0","0","0","0","0","0","0","0","0","0","0","0","0"
"11323  :  โรงพยาบาลละอุ่น","3","1","0","0","1","0","0","0","0","0","0","1","0"
"11372  :  โรงพยาบาลกะเปอร์","19","0","1","4","4","3","3","2","0","0","1","0","1"
"11373  :  โรงพยาบาลกระบุรี","33","0","0","1","2","7","7","7","3","0","3","0","3"
"11374  :  โรงพยาบาลสุขสำราญ","25","1","4","1","3","3","0","0","1","1","6","2","3"
"10744  :  โรงพยาบาลชุมพรเขตรอุดมศักดิ์","15","1","0","1","0","0","1","0","1","3","0","0","8"
"11375  :  โรงพยาบาลปากน้ำชุมพร","13","0","0","2","0","0","0","0","2","3","2","1","3"
"11376  :  โรงพยาบาลท่าแซะ","35","2","5","3","2","1","7","2","3","2","4","1","3"
"11377  :  โรงพยาบาลปะทิว","8","0","0","0","0","0","1","1","2","1","0","1","2"
"11378  :  โรงพยาบาลมาบอำมฤต","1","0","0","0","0","1","0","0","0","0","0","0","0"
"11379  :  โรงพยาบาลหลังสวน","45","4","2","2","8","10","8","1","4","2","3","1","0"
"11380  :  โรงพยาบาลปากน้ำหลังสวน","12","1","1","0","1","3","1","1","1","0","0","1","2"
"11381  :  โรงพยาบาลละแม","18","0","3","1","0","1","0","5","2","1","0","1","4"
"11382  :  โรงพยาบาลพะโต๊ะ","9","0","1","1","1","0","0","0","1","1","2","1","1"
"11383  :  โรงพยาบาลสวี","66","4","8","13","5","3","5","1","6","5","1","11","4"
"11385  :  โรงพยาบาลทุ่งตะโก","19","0","0","0","1","0","4","3","2","2","1","2","4"
"11525  :  โรงพยาบาลค่ายเขตอุดมศักดิ์","0","0","0","0","0","0","0","0","0","0","0","0","0"
"10682  :  โรงพยาบาลหาดใหญ่","56","6","4","4","5","6","0","1","7","6","10","7","0"
"10745  :  โรงพยาบาลสงขลา","153","4","10","11","7","9","15","11","26","19","12","20","9"
"11386  :  โรงพยาบาลสทิงพระ","25","2","1","0","2","2","1","2","4","5","1","3","2"
"11387  :  โรงพยาบาลจะนะ","16","1","1","4","0","4","1","1","0","0","4","0","0"
"11388  :  โรงพยาบาลสมเด็จพระบรมราชินีนาถ ณ  อำเภอนาทวี","10","1","0","0","1","1","3","0","0","0","2","2","0"
"11390  :  โรงพยาบาลเทพา","49","16","12","4","8","4","1","0","0","2","1","1","0"
"11391  :  โรงพยาบาลสะบ้าย้อย","92","9","9","2","11","6","6","6","11","11","4","9","8"
"11392  :  โรงพยาบาลระโนด","48","2","9","6","5","1","4","3","0","4","7","3","4"
"11393  :  โรงพยาบาลกระแสสินธุ์","4","1","1","0","1","0","0","0","0","0","1","0","0"
"11394  :  โรงพยาบาลรัตภูมิ","54","0","8","3","5","3","5","7","5","2","10","5","1"
"11395  :  โรงพยาบาลสะเดา","53","6","6","4","3","3","10","4","2","1","6","5","3"
"11396  :  โรงพยาบาลนาหม่อม","3","0","0","1","0","0","0","0","1","0","1","0","0"
"11397  :  โรงพยาบาลควนเนียง","72","4","9","1","9","3","8","6","4","7","5","11","5"
"11398  :  โรงพยาบาลปาดังเบซาร์","14","2","1","1","1","3","1","0","1","0","0","4","0"
"11399  :  โรงพยาบาลบางกล่ำ","111","10","13","4","11","9","15","7","5","7","5","15","10"
"11400  :  โรงพยาบาลสิงหนคร","45","4","1","5","4","6","4","2","4","4","5","3","3"
"11401  :  โรงพยาบาลคลองหอยโข่ง","14","3","3","0","0","0","0","2","1","1","1","1","2"
"12290  :  โรงพยาบาลจิตเวชสงขลาราชนครินทร์","1","0","0","0","0","0","1","0","0","0","0","0","0"
"14194  :  โรงพยาบาลธัญญารักษ์สงขลา","0","0","0","0","0","0","0","0","0","0","0","0","0"
"10746  :  โรงพยาบาลสตูล","64","1","7","5","2","3","7","1","9","6","10","8","5"
"11402  :  โรงพยาบาลควนโดน","0","0","0","0","0","0","0","0","0","0","0","0","0"
"11403  :  โรงพยาบาลควนกาหลง","66","6","4","7","3","6","3","2","8","5","7","11","4"
"11404  :  โรงพยาบาลท่าแพ","12","1","1","1","0","1","1","2","3","2","0","0","0"
"11405  :  โรงพยาบาลละงู","158","14","16","7","12","8","11","19","21","15","12","9","14"
"11406  :  โรงพยาบาลทุ่งหว้า","2","0","0","0","0","0","0","1","1","0","0","0","0"
"28786  :  โรงพยาบาลมะนัง","31","4","5","2","5","1","3","4","3","0","3","0","1"
"10683  :  โรงพยาบาลตรัง","28","2","7","3","1","2","1","2","2","1","3","2","2"
"11407  :  โรงพยาบาลกันตัง","49","3","4","3","3","7","6","6","5","5","4","1","2"
"11408  :  โรงพยาบาลย่านตาขาว","43","4","5","3","2","7","3","4","2","2","3","5","3"
"11409  :  โรงพยาบาลปะเหลียน","85","4","7","15","17","6","3","2","14","1","10","3","3"
"11410  :  โรงพยาบาลสิเกา","44","2","3","4","1","4","2","10","5","3","0","3","7"
"11411  :  โรงพยาบาลห้วยยอด","47","0","6","3","11","7","2","3","1","4","0","8","2"
"11412  :  โรงพยาบาลวังวิเศษ","9","0","0","2","1","3","1","0","0","0","0","0","2"
"11413  :  โรงพยาบาลนาโยง","2","0","1","0","0","0","0","0","0","1","0","0","0"
"12226  :  โรงพยาบาลวัฒนแพทย์","0","0","0","0","0","0","0","0","0","0","0","0","0"
"12230  :  โรงพยาบาล ทีอาร์พีเอช โรงพยาบาลทั่วไปขนาดใหญ่","0","0","0","0","0","0","0","0","0","0","0","0","0"
"13755  :  โรงพยาบาลโรคผิวหนังเขตร้อนภาคใต้ จังหวัดตรัง","0","0","0","0","0","0","0","0","0","0","0","0","0"
"14139  :  โรงพยาบาลรัษฎา","27","1","2","4","1","2","6","0","2","3","3","1","2"
"28817  :  โรงพยาบาลหาดสำราญเฉลิมพระเกียรติ 80 พรรษา","14","1","2","1","3","2","1","2","1","0","0","0","1"
"10747  :  โรงพยาบาลพัทลุง","111","13","8","9","12","11","11","12","8","8","9","5","5"
"11414  :  โรงพยาบาลกงหรา","5","0","4","0","0","0","0","0","0","1","0","0","0"
"11415  :  โรงพยาบาลเขาชัยสน","6","0","0","0","0","2","0","1","1","1","1","0","0"
"11416  :  โรงพยาบาลตะโหมด","1","0","0","0","0","0","0","0","0","0","1","0","0"
"11417  :  โรงพยาบาลควนขนุน","10","0","0","1","1","1","1","2","0","1","1","1","1"
"11418  :  โรงพยาบาลปากพะยูน","48","0","0","5","2","1","1","3","1","9","13","7","6"
"11419  :  โรงพยาบาลศรีบรรพต","11","0","0","0","0","1","1","0","1","2","5","0","1"
"11420  :  โรงพยาบาลป่าบอน","94","4","8","25","12","6","6","5","10","3","9","5","1"
"11421  :  โรงพยาบาลบางแก้ว","47","10","8","5","1","4","3","2","7","2","3","1","1"
"11422  :  โรงพยาบาลป่าพะยอม","5","1","0","1","0","0","1","1","0","1","0","0","0"
"24673  :  โรงพยาบาลศรีนครินทร์(ปัญญานันทภิขุ)","12","1","1","0","0","4","1","2","0","3","0","0","0"
"10748  :  โรงพยาบาลปัตตานี","74","8","9","9","11","3","7","4","3","4","5","6","5"
"11423  :  โรงพยาบาลโคกโพธิ์","28","2","3","2","0","3","6","2","1","4","0","2","3"
"11424  :  โรงพยาบาลหนองจิก","9","0","0","4","0","1","0","1","0","3","0","0","0"
"11425  :  โรงพยาบาลปะนาเระ","7","1","0","0","0","0","1","4","0","0","0","1","0"
"11426  :  โรงพยาบาลมายอ","11","0","0","2","1","0","2","0","0","1","1","4","0"
"11427  :  โรงพยาบาลทุ่งยางแดง","5","0","0","0","0","0","1","0","0","1","0","3","0"
"11428  :  โรงพยาบาลไม้แก่น","0","0","0","0","0","0","0","0","0","0","0","0","0"
"11429  :  โรงพยาบาลยะหริ่ง","7","0","1","0","0","0","2","0","0","0","0","2","2"
"11430  :  โรงพยาบาลยะรัง","9","0","3","1","1","1","2","1","0","0","0","0","0"
"11431  :  โรงพยาบาลแม่ลาน","0","0","0","0","0","0","0","0","0","0","0","0","0"
"11460  :  โรงพยาบาลสมเด็จพระยุพราชสายบุรี","83","8","1","7","7","5","9","9","7","6","1","9","14"
"11464  :  โรงพยาบาลกะพ้อ","15","0","3","0","1","4","4","1","0","0","0","1","1"
"11529  :  โรงพยาบาลค่ายอิงคยุทธบริหาร","0","0","0","0","0","0","0","0","0","0","0","0","0"
"14195  :  โรงพยาบาลธัญญรักษ์ปัตตานี","0","0","0","0","0","0","0","0","0","0","0","0","0"
"10684  :  โรงพยาบาลยะลา","225","17","22","16","26","19","25","23","22","13","9","23","10"
"10749  :  โรงพยาบาลเบตง","10","1","3","0","1","2","2","0","0","0","0","1","0"
"11432  :  โรงพยาบาลบันนังสตา","45","3","2","3","1","5","5","9","3","3","4","6","1"
"11433  :  โรงพยาบาลธารโต","16","0","4","4","0","0","4","1","1","0","0","2","0"
"11434  :  โรงพยาบาลรามัน","23","1","4","3","1","1","1","1","1","3","3","3","1"
"11461  :  โรงพยาบาลสมเด็จพระยุพราชยะหา","2","0","0","0","0","1","0","1","0","0","0","0","0"
"12238  :  โรงพยาบาลสิโรรส","0","0","0","0","0","0","0","0","0","0","0","0","0"
"13806  :  โรงพยาบาลกาบัง","3","0","0","0","0","0","0","0","0","0","3","0","0"
"14663  :  โรงพยาบาลส่งเสริมสุขภาพ ศูนย์อนามัยที่ 12","0","0","0","0","0","0","0","0","0","0","0","0","0"
"24689  :  โรงพยาบาลกรงปินัง","0","0","0","0","0","0","0","0","0","0","0","0","0"
"10750  :  โรงพยาบาลนราธิวาสราชนครินทร์","20","5","3","2","2","0","4","1","0","0","0","2","1"
"10751  :  โรงพยาบาลสุไหงโก-ลก","334","52","48","25","41","24","43","14","28","18","12","13","16"
"11435  :  โรงพยาบาลตากใบ","8","0","3","0","0","0","0","1","0","0","0","3","1"
"11436  :  โรงพยาบาลบาเจาะ","7","0","0","0","0","0","0","0","0","0","6","1","0"
"11437  :  โรงพยาบาลระแงะ","49","1","3","2","5","3","4","6","5","8","7","3","2"
"11438  :  โรงพยาบาลรือเสาะ","1","0","0","0","0","1","0","0","0","0","0","0","0"
"11439  :  โรงพยาบาลศรีสาคร","0","0","0","0","0","0","0","0","0","0","0","0","0"
"11440  :  โรงพยาบาลแว้ง","2","0","0","0","0","0","0","0","0","0","0","1","1"
"11441  :  โรงพยาบาลสุคิริน","36","0","0","1","1","0","2","0","3","8","11","6","4"
"11442  :  โรงพยาบาลสุไหงปาดี","10","0","0","0","0","0","3","2","1","2","2","0","0"
"13818  :  โรงพยาบาลจะแนะ","7","0","0","0","0","0","0","0","0","2","2","0","3"
"15010  :  โรงพยาบาลเจาะไอร้อง","1","0","0","0","0","0","0","0","1","0","0","0","0"
"23771  :  โรงพยาบาลยี่งอเฉลิมพระเกียรติ 80 พรรษา","25","0","1","0","2","3","1","0","7","1","4","4","2"