"โรงพยาบาล","B","A","ร้อยละ"
"11468  :  ทัณฑสถานโรงพยาบาลราชทัณฑ์","0","0","0.00"
"11469  :  โรงพยาบาลเลิดสิน","0","0","0.00"
"11470  :  โรงพยาบาลนพรัตนราชธานี","0","0","0.00"
"11471  :  โรงพยาบาลสงฆ์","0","0","0.00"
"11472  :  โรงพยาบาลราชวิถี","0","0","0.00"
"11477  :  โรงพยาบาลทหารผ่านศึก","0","0","0.00"
"11478  :  โรงพยาบาลสมเด็จพระปิ่นเกล้า","0","0","0.00"
"11481  :  โรงพยาบาลพระมงกุฎเกล้า","0","0","0.00"
"11482  :  โรงพยาบาลภูมิพลอดุลยเดช","0","0","0.00"
"11532  :  โรงพยาบาลสวนเบญจกิติเฉลิมพระเกียรติ84พรรษา","0","0","0.00"
"11534  :  โรงพยาบาลบุรฉัตรไชยากร (รถไฟ)","0","0","0.00"
"11535  :  คณะแพทย์ศาสตร์วชิรพยาบาล มหาวิทยาลัยกรุงเทพมหานคร","0","0","0.00"
"11536  :  โรงพยาบาลเวชการุณย์รัศมิ์","0","0","0.00"
"11537  :  โรงพยาบาลกลาง","0","0","0.00"
"11538  :  โรงพยาบาลลาดกระบังกรุงเทพมหานคร","0","0","0.00"
"11539  :  โรงพยาบาลตากสิน","0","0","0.00"
"11540  :  โรงพยาบาลหลวงพ่อทวีศักดิ์ฯ ชุตินธโร อุทิศ","0","0","0.00"
"11541  :  โรงพยาบาลเจริญกรุงประชารักษ์","0","0","0.00"
"11546  :  โรงพยาบาลบี เอ็น เอช","0","0","0.00"
"11548  :  โรงพยาบาลกรุงเทพคริสเตียน","0","0","0.00"
"11552  :  โรงพยาบาลมเหสักข์","0","0","0.00"
"11559  :  สถานพยาบาลชินเขตงามวงศ์วาน","0","0","0.00"
"11560  :  โรงพยาบาลทั่วไปขนาดใหญ่เปาโล เกษตร","0","0","0.00"
"11565  :  โรงพยาบาลรามคำแหง","0","0","0.00"
"11581  :  โรงพยาบาลผู้สูงอายุขนาดกลางกล้วยน้ำไท 2","0","0","0.00"
"11583  :  โรงพยาบาลกล้วยน้ำไท","0","0","0.00"
"11592  :  โรงพยาบาลบางนา1","0","0","0.00"
"11595  :  นวมินทร์โรงพยาบาลทั่วไปขนาดใหญ่","0","0","0.00"
"11597  :  สถาบันกัลยาณ์ราชนครินทร์","0","0","0.00"
"11600  :  โรงพยาบาลเซนต์หลุยส์","0","0","0.00"
"11603  :  โรงพยาบาลเทียนฟ้ามูลนิธิโรงพยาบาลทั่วไปขนาดกลาง","0","0","0.00"
"11607  :  โรงพยาบาลเปาโลเมโมเรียล","0","0","0.00"
"11609  :  โรงพยาบาลพญาไท 2","0","0","0.00"
"11616  :  โรงพยาบาลสมิติเวชธนบุรี","0","0","0.00"
"11621  :  โรงพยาบาลบางไผ่","0","0","0.00"
"11626  :  โรงพยาบาลคลองตัน","0","0","0.00"
"11628  :  โรงพยาบาลพระราม 9","0","0","0.00"
"11629  :  โรงพยาบาลเพชรเวช","0","0","0.00"
"11640  :  โรงพยาบาลธนบุรี 2","0","0","0.00"
"11641  :  โรงพยาบาลทั่วไปขนาดกลางโรงพยาบาลวิชัยเวช แยกไฟฉาย","0","0","0.00"
"11644  :  โรงพยาบาลเจ้าพระยา","0","0","0.00"
"11645  :  โรงพยาบาลทั่วไปขนาดใหญ่ธนบุรี","0","0","0.00"
"11656  :  โรงพยาบาลเกษมราษฎร์ บางแค","0","0","0.00"
"11661  :  โรงพยาบาลวิชัยเวช อินเตอร์เนชั่นแนล หนองแขม","0","0","0.00"
"11667  :  โรงพยาบาลประชาพัฒน์","0","0","0.00"
"11668  :  โรงพยาบาลสุขสวัสดิ์","0","0","0.00"
"11669  :  โรงพยาบาลราษฏร์บูรณะ","0","0","0.00"
"11670  :  โรงพยาบาลบางปะกอก 1","0","0","0.00"
"11676  :  โรงพยาบาลยันฮี","0","0","0.00"
"11686  :  โรงพยาบาลบางโพ","0","0","0.00"
"11687  :  โรงพยาบาลเกษมราษฎร์ประชาชื่น","0","0","0.00"
"11691  :  โรงพยาบาลวิภาวดี","0","0","0.00"
"11694  :  โรงพยาบาลจักษุรัตนิน","0","0","0.00"
"11697  :  โรงพยาบาลคามิลเลียน","0","0","0.00"
"11699  :  โรงพยาบาลบำรุงราษฎร์","0","0","0.00"
"11703  :  โรงพยาบาลแพทย์ปัญญา","0","0","0.00"
"11708  :  โรงพยาบาลบางมดโรงพยาบาลทั่วไปขนาดใหญ่","0","0","0.00"
"11715  :  โรงพยาบาลพญาไท 1","0","0","0.00"
"11721  :  โรงพยาบาลเปาโลเมโมเรียล โชคชัย 4","0","0","0.00"
"11729  :  โรงพยาบาลลาดพร้าว","0","0","0.00"
"11730  :  โรงพยาบาลไทยนครินทร์","0","0","0.00"
"11750  :  โรงพยาบาลหัวเฉียวโรงพยาบาลทั่วไปขนาดใหญ่","0","0","0.00"
"11811  :  โรงพยาบาลสมิติเวช","0","0","0.00"
"12243  :  สถาบันพัฒนาสุขภาวะเขตเมือง","0","0","0.00"
"12244  :  สถาบันจิตเวชศาสตร์สมเด็จเจ้าพระยา","0","0","0.00"
"12246  :  สถาบันราชานุกูล","0","0","0.00"
"12249  :  สถาบันโรคผิวหนัง","0","0","0.00"
"12250  :  สถาบันมะเร็งแห่งชาติ","0","0","0.00"
"12438  :  สถาบันสุขภาพเด็กแห่งชาติมหาราชินี","0","0","0.00"
"12439  :  สถาบันประสาทวิทยา","0","0","0.00"
"13756  :  โรงพยาบาลจุฬาลงกรณ์สภากาชาดไทย","0","0","0.00"
"13757  :  โรงพยาบาลเวชศาสตร์เขตร้อน มหาวิทยาลัยมหิดล","0","0","0.00"
"13814  :  โรงพยาบาลศิริราช","0","0","0.00"
"14173  :  โรงพยาบาลตำรวจ","0","0","0.00"
"14572  :  โรงพยาบาลบี.แคร์.เมดิคอลเซ็นเตอร์","0","0","0.00"
"14574  :  โรงพยาบาลพญาไท 3","0","0","0.00"
"14577  :  โรงพยาบาลวิภาราม","0","0","0.00"
"14641  :  โรงพยาบาลราชพิพัฒน์","0","0","0.00"
"14908  :  โรงพยาบาลการุญเวช สุขาภิบาล3","0","0","0.00"
"15049  :  โรงพยาบาลสิรินธร","0","0","0.00"
"15147  :  โรงพยาบาลบางปะกอก 8 โรงพยาบาลทั่วไปขนาดใหญ่","0","0","0.00"
"21673  :  โรงพยาบาลซีจีเอช สายไหม โรงพยาบาลทั่วไปขนาดใหญ่","0","0","0.00"
"22155  :  โรงพยาบาลครู","0","0","0.00"
"22737  :  โรงพยาบาลจุฬาภรณ์","0","0","0.00"
"23762  :  โรงพยาบาลนวุติสมเด็จย่า","0","0","0.00"
"23781  :  นวมินทร์ 9โรงพยาบาลทั่วไปขนาดใหญ่","0","0","0.00"
"23783  :  โรงพยาบาลเสรีรักษ์","0","0","0.00"
"24085  :  สถาบันวิจัยการแพทย์แผนไทย","0","0","0.00"
"24748  :  โรงพยาบาลศิริราช ปิยมหาราชการุณย์","0","0","0.00"
"25015  :  โรงพยาบาลทั่วไปขนาดใหญ่มิตรประชา","0","0","0.00"
"25060  :  โรงพยาบาลผู้สูงอายุบางขุนเทียน","0","0","0.00"
"41329  :  โรงพยาบาลเฉพาะประเภทผู้ป่วยสูงอายุ เฌ้อสเซอรี่โฮมขนาดเล็ก","0","0","0.00"
"41414  :  โรงพยาบาลทหารอากาศ (สีกัน)","0","0","0.00"
"77665  :  โรงพยาบาลการแพทย์แผนไทยและการแพทย์ผสมผสาน","0","0","0.00"
"10685  :  โรงพยาบาลสมุทรปราการ","0","0","0.00"
"10752  :  โรงพยาบาลบางบ่อ","0","0","0.00"
"10753  :  โรงพยาบาลบางพลี","0","0","0.00"
"10754  :  โรงพยาบาลบางจาก","0","0","0.00"
"10755  :  โรงพยาบาลพระสมุทรเจดีย์สวาทยานนท์","0","0","0.00"
"11769  :  โรงพยาบาลเซ็นทรัลปาร์ค","0","55","0.00"
"11775  :  โรงพยาบาลเมืองสมุทรปู่เจ้าสมิงพราย","0","0","0.00"
"12251  :  โรงพยาบาลยุวประสาทไวทโยปถัมภ์","0","0","0.00"
"15138  :  โรงพยาบาลเมืองสมุทรบางปูโรงพยาบาลทั่วไปขนาดเล็ก","0","1","0.00"
"28785  :  โรงพยาบาลบางเสาธง","0","0","0.00"
"10686  :  โรงพยาบาลพระนั่งเกล้า","0","0","0.00"
"10756  :  โรงพยาบาลบางกรวย","0","0","0.00"
"10757  :  โรงพยาบาลบางใหญ่","0","0","0.00"
"10758  :  โรงพยาบาลบางบัวทอง","0","0","0.00"
"10759  :  โรงพยาบาลไทรน้อย","0","0","0.00"
"10760  :  โรงพยาบาลปากเกร็ด","0","118","0.00"
"11781  :  โรงพยาบาลนนทเวช","0","0","0.00"
"11786  :  โรงพยาบาลอนันต์พัฒนา 2","0","0","0.00"
"11787  :  โรงพยาบาลเกษมราษฎร์อินเตอร์เนชั่นแนล รัตนาธิเบศร์โรงพยาบาลทั่วไปขนาดใหญ่","0","0","0.00"
"12256  :  สถาบันโรคทรวงอก","0","0","0.00"
"12257  :  สถาบันบำราศนราดูร","0","0","0.00"
"12258  :  สถาบันสิรินธรเพื่อการฟื้นฟูสมรรถภาพทางการแพทย์แห่งชาติ","0","0","0.00"
"12260  :  โรงพยาบาลศรีธัญญา","0","0","0.00"
"13815  :  ศูนย์การแพทย์ปัญญานันทภิกขุ ชลประทาน มหาวิทยาลัยศรีนครินทรวิโรฒ","0","0","0.00"
"22127  :  โรงพยาบาลชลลดา","0","0","0.00"
"28875  :  โรงพยาบาลบางบัวทอง ๒","0","0","0.00"
"10687  :  โรงพยาบาลปทุมธานี","0","0","0.00"
"10761  :  โรงพยาบาลคลองหลวง","0","0","0.00"
"10762  :  โรงพยาบาลธัญบุรี","0","0","0.00"
"10763  :  โรงพยาบาลประชาธิปัตย์","0","0","0.00"
"10764  :  โรงพยาบาลหนองเสือ","0","91","0.00"
"10765  :  โรงพยาบาลลาดหลุมแก้ว","0","0","0.00"
"10766  :  โรงพยาบาลลำลูกกา","0","0","0.00"
"10767  :  โรงพยาบาลสามโคก","0","0","0.00"
"12262  :  สถาบันบำบัดรักษาและฟื้นฟูผู้ติดยาเสพติดแห่งชาติบรมราชชนนี","0","0","0.00"
"14923  :  โรงพยาบาลมหาวชิราลงกรณ ธัญบุรี","0","0","0.00"
"10660  :  โรงพยาบาลพระนครศรีอยุธยา","0","0","0.00"
"10688  :  โรงพยาบาลเสนา","0","0","0.00"
"10768  :  โรงพยาบาลท่าเรือ","0","0","0.00"
"10769  :  โรงพยาบาลสมเด็จพระสังฆราชเจ้า กรมหลวงชินวราลงกรณ (วาสนมหาเถร)","0","0","0.00"
"10770  :  โรงพยาบาลบางไทร","0","0","0.00"
"10771  :  โรงพยาบาลบางบาล","0","0","0.00"
"10772  :  โรงพยาบาลบางปะอิน","0","0","0.00"
"10773  :  โรงพยาบาลบางปะหัน","0","0","0.00"
"10774  :  โรงพยาบาลผักไห่","0","0","0.00"
"10775  :  โรงพยาบาลภาชี","0","0","0.00"
"10776  :  โรงพยาบาลลาดบัวหลวง","0","51","0.00"
"10777  :  โรงพยาบาลวังน้อย","0","14","0.00"
"10778  :  โรงพยาบาลบางซ้าย","0","17","0.00"
"10779  :  โรงพยาบาลอุทัย","0","0","0.00"
"10780  :  โรงพยาบาลมหาราช","0","0","0.00"
"10781  :  โรงพยาบาลบ้านแพรก","0","0","0.00"
"10689  :  โรงพยาบาลอ่างทอง","0","97","0.00"
"10782  :  โรงพยาบาลไชโย","0","1","0.00"
"10784  :  โรงพยาบาลป่าโมก","0","0","0.00"
"10785  :  โรงพยาบาลโพธิ์ทอง","0","82","0.00"
"10786  :  โรงพยาบาลแสวงหา","0","0","0.00"
"10787  :  โรงพยาบาลวิเศษชัยชาญ","0","0","0.00"
"10788  :  โรงพยาบาลสามโก้","0","10","0.00"
"10690  :  โรงพยาบาลพระนารายณ์มหาราช","0","0","0.00"
"10691  :  โรงพยาบาลบ้านหมี่","0","0","0.00"
"10789  :  โรงพยาบาลพัฒนานิคม","0","0","0.00"
"10790  :  โรงพยาบาลโคกสำโรง","0","50","0.00"
"10791  :  โรงพยาบาลชัยบาดาล","0","0","0.00"
"10792  :  โรงพยาบาลท่าวุ้ง","0","28","0.00"
"10793  :  โรงพยาบาลท่าหลวง","0","0","0.00"
"10794  :  โรงพยาบาลสระโบสถ์","0","0","0.00"
"10795  :  โรงพยาบาลโคกเจริญ","0","32","0.00"
"10796  :  โรงพยาบาลลำสนธิ","0","0","0.00"
"10797  :  โรงพยาบาลหนองม่วง","0","0","0.00"
"14199  :  โรงพยาบาลมะเร็งลพบุรี","0","0","0.00"
"14928  :  โรงพยาบาลกองบิน 2","0","0","0.00"
"10692  :  โรงพยาบาลสิงห์บุรี","0","573","0.00"
"10693  :  โรงพยาบาลอินทร์บุรี","0","117","0.00"
"10798  :  โรงพยาบาลบางระจัน","0","0","0.00"
"10799  :  โรงพยาบาลค่ายบางระจัน","0","0","0.00"
"10800  :  โรงพยาบาลพรหมบุรี","0","0","0.00"
"10801  :  โรงพยาบาลท่าช้าง","0","0","0.00"
"10694  :  โรงพยาบาลชัยนาทนเรนทร","0","0","0.00"
"10802  :  โรงพยาบาลมโนรมย์","0","42","0.00"
"10803  :  โรงพยาบาลวัดสิงห์","0","10","0.00"
"10804  :  โรงพยาบาลสรรพยา","0","7","0.00"
"10805  :  โรงพยาบาลสรรคบุรี","0","28","0.00"
"10806  :  โรงพยาบาลหันคา","0","42","0.00"
"27974  :  โรงพยาบาลหนองมะโมง","0","12","0.00"
"27975  :  โรงพยาบาลเนินขาม","0","0","0.00"
"10661  :  โรงพยาบาลสระบุรี","0","0","0.00"
"10695  :  โรงพยาบาลพระพุทธบาท","0","0","0.00"
"10807  :  โรงพยาบาลแก่งคอย","0","197","0.00"
"10808  :  โรงพยาบาลหนองแค","0","0","0.00"
"10809  :  โรงพยาบาลวิหารแดง","0","0","0.00"
"10810  :  โรงพยาบาลหนองแซง","0","24","0.00"
"10811  :  โรงพยาบาลบ้านหมอ","0","92","0.00"
"10812  :  โรงพยาบาลดอนพุด","0","0","0.00"
"10813  :  โรงพยาบาลหนองโดน","0","0","0.00"
"10814  :  โรงพยาบาลเสาไห้เฉลิมพระเกียรติ80พรรษา","0","16","0.00"
"10815  :  โรงพยาบาลมวกเหล็ก","0","190","0.00"
"10816  :  โรงพยาบาลวังม่วงสัทธรรม","0","0","0.00"
"11485  :  โรงพยาบาลค่ายอดิศร","0","12","0.00"
"10662  :  โรงพยาบาลชลบุรี","0","0","0.00"
"10817  :  โรงพยาบาลบ้านบึง","0","223","0.00"
"10818  :  โรงพยาบาลหนองใหญ่","0","71","0.00"
"10819  :  โรงพยาบาลบางละมุง","0","1","0.00"
"10820  :  โรงพยาบาลวัดญาณสังวราราม","0","0","0.00"
"10821  :  โรงพยาบาลพานทอง","0","4","0.00"
"10822  :  โรงพยาบาลพนัสนิคม","0","0","0.00"
"10823  :  โรงพยาบาลแหลมฉบัง","0","0","0.00"
"10824  :  โรงพยาบาลเกาะสีชัง","0","0","0.00"
"10825  :  โรงพยาบาลสัตหีบกม10","0","137","0.00"
"10826  :  โรงพยาบาลบ่อทอง","0","0","0.00"
"11486  :  โรงพยาบาลค่ายนวมินทราชินี","0","0","0.00"
"11487  :  โรงพยาบาลอาภากรเกียรติวงศ์","0","0","0.00"
"13754  :  โรงพยาบาลสมเด็จพระบรมราชเทวี ณ ศรีราชา","0","0","0.00"
"13758  :  โรงพยาบาลสมเด็จพระนางเจ้าสิริกิติ์","0","0","0.00"
"13760  :  โรงพยาบาลมะเร็งชลบุรี","0","0","0.00"
"13766  :  โรงพยาบาลมหาวิทยาลัยบูรพา","0","0","0.00"
"28005  :  โรงพยาบาลเมืองพัทยา","0","1,375","0.00"
"28006  :  โรงพยาบาลเกาะจันทร์","0","0","0.00"
"10663  :  โรงพยาบาลระยอง","0","0","0.00"
"10827  :  โรงพยาบาลเฉลิมพระเกียรติสมเด็จพระเทพรัตนราชสุดาฯ สยามบรมราชกุมารี ระยอง","0","0","0.00"
"10828  :  โรงพยาบาลบ้านฉาง","0","0","0.00"
"10829  :  โรงพยาบาลแกลง","0","0","0.00"
"10830  :  โรงพยาบาลวังจันทร์","0","0","0.00"
"10831  :  โรงพยาบาลบ้านค่าย","0","0","0.00"
"10832  :  โรงพยาบาลปลวกแดง","0","0","0.00"
"22734  :  โรงพยาบาลเขาชะเมา เฉลิมพระเกียรติ 80 พรรษา","0","0","0.00"
"23962  :  โรงพยาบาลนิคมพัฒนา","0","0","0.00"
"10664  :  โรงพยาบาลพระปกเกล้า","0","14","0.00"
"10834  :  โรงพยาบาลขลุง","0","1","0.00"
"10835  :  โรงพยาบาลท่าใหม่","0","0","0.00"
"10836  :  โรงพยาบาลเขาสุกิม","0","0","0.00"
"10837  :  โรงพยาบาลสองพี่น้อง","0","7","0.00"
"10838  :  โรงพยาบาลโป่งน้ำร้อน","0","0","0.00"
"10839  :  โรงพยาบาลมะขาม","0","0","0.00"
"10840  :  โรงพยาบาลแหลมสิงห์","0","0","0.00"
"10841  :  โรงพยาบาลสอยดาว","0","0","0.00"
"10842  :  โรงพยาบาลแก่งหางแมว","0","7","0.00"
"10843  :  โรงพยาบาลนายายอาม","0","0","0.00"
"10844  :  โรงพยาบาลเขาคิชฌกูฏ","0","0","0.00"
"10696  :  โรงพยาบาลตราด","0","0","0.00"
"10845  :  โรงพยาบาลคลองใหญ่","0","130","0.00"
"10846  :  โรงพยาบาลเขาสมิง","0","29","0.00"
"10847  :  โรงพยาบาลบ่อไร่","0","137","0.00"
"10848  :  โรงพยาบาลแหลมงอบ","0","14","0.00"
"10849  :  โรงพยาบาลเกาะกูด","0","0","0.00"
"13816  :  โรงพยาบาลเกาะช้าง","0","0","0.00"
"10697  :  โรงพยาบาลพุทธโสธร","0","0","0.00"
"10833  :  โรงพยาบาลท่าตะเกียบ","0","123","0.00"
"10850  :  โรงพยาบาลบางคล้า","0","0","0.00"
"10851  :  โรงพยาบาลบางน้ำเปรี้ยว","0","0","0.00"
"10852  :  โรงพยาบาลบางปะกง","0","0","0.00"
"10853  :  โรงพยาบาลบ้านโพธิ์","0","0","0.00"
"10854  :  โรงพยาบาลพนมสารคาม","0","0","0.00"
"10855  :  โรงพยาบาลสนามชัยเขต","0","0","0.00"
"10856  :  โรงพยาบาลแปลงยาว","0","93","0.00"
"13747  :  โรงพยาบาลราชสาส์น","0","34","0.00"
"31327  :  โรงพยาบาลคลองเขื่อน","0","0","0.00"
"10665  :  โรงพยาบาลเจ้าพระยาอภัยภูเบศร","0","0","0.00"
"10857  :  โรงพยาบาลกบินทร์บุรี","0","0","0.00"
"10858  :  โรงพยาบาลนาดี","0","0","0.00"
"10859  :  โรงพยาบาลบ้านสร้าง","0","0","0.00"
"10860  :  โรงพยาบาลประจันตคาม","0","1","0.00"
"10861  :  โรงพยาบาลศรีมหาโพธิ","0","50","0.00"
"10862  :  โรงพยาบาลศรีมโหสถ","0","0","0.00"
"11490  :  โรงพยาบาลค่ายจักรพงษ์","0","12","0.00"
"10698  :  โรงพยาบาลนครนายก","0","63","0.00"
"10863  :  โรงพยาบาลปากพลี","0","0","0.00"
"10864  :  โรงพยาบาลบ้านนา","0","147","0.00"
"10865  :  โรงพยาบาลองครักษ์","0","0","0.00"
"11491  :  โรงพยาบาลรร.นายร้อยพระจุลจอมเกล้า","0","0","0.00"
"14904  :  โรงพยาบาลศูนย์การแพทย์สมเด็จพระเทพรัตนราชสุดาฯ","0","0","0.00"
"10699  :  โรงพยาบาลสมเด็จพระยุพราชสระแก้ว","0","0","0.00"
"10866  :  โรงพยาบาลคลองหาด","0","118","0.00"
"10867  :  โรงพยาบาลตาพระยา","0","0","0.00"
"10868  :  โรงพยาบาลวังน้ำเย็น","0","0","0.00"
"10869  :  โรงพยาบาลวัฒนานคร","0","206","0.00"
"10870  :  โรงพยาบาลอรัญประเทศ","0","0","0.00"
"13817  :  โรงพยาบาลเขาฉกรรจ์","0","0","0.00"
"14717  :  โรงพยาบาลจิตเวชสระแก้วราชนครินทร์","0","0","0.00"
"10666  :  โรงพยาบาลมหาราชนครราชสีมา","0","0","0.00"
"10871  :  โรงพยาบาลครบุรี","0","33","0.00"
"10872  :  โรงพยาบาลเสิงสาง","0","77","0.00"
"10873  :  โรงพยาบาลคง","0","0","0.00"
"10874  :  โรงพยาบาลบ้านเหลื่อม","0","48","0.00"
"10875  :  โรงพยาบาลจักราช","0","0","0.00"
"10876  :  โรงพยาบาลโชคชัย","0","350","0.00"
"10877  :  โรงพยาบาลด่านขุนทด","0","538","0.00"
"10878  :  โรงพยาบาลโนนไทย","0","194","0.00"
"10879  :  โรงพยาบาลโนนสูง","0","301","0.00"
"10880  :  โรงพยาบาลขามสะแกแสง","0","0","0.00"
"10881  :  โรงพยาบาลบัวใหญ่","0","0","0.00"
"10882  :  โรงพยาบาลประทาย","0","246","0.00"
"10883  :  โรงพยาบาลปักธงชัย","0","56","0.00"
"10884  :  โรงพยาบาลพิมาย","0","0","0.00"
"10885  :  โรงพยาบาลห้วยแถลง","0","117","0.00"
"10886  :  โรงพยาบาลชุมพวง","0","224","0.00"
"10887  :  โรงพยาบาลสูงเนิน","0","361","0.00"
"10888  :  โรงพยาบาลขามทะเลสอ","0","59","0.00"
"10889  :  โรงพยาบาลสีคิ้ว","0","435","0.00"
"10890  :  โรงพยาบาลปากช่องนานา","0","0","0.00"
"10891  :  โรงพยาบาลหนองบุญมาก","0","0","0.00"
"10892  :  โรงพยาบาลแก้งสนามนาง","0","62","0.00"
"10893  :  โรงพยาบาลโนนแดง","0","113","0.00"
"10894  :  โรงพยาบาลวังน้ำเขียว","0","50","0.00"
"11492  :  โรงพยาบาลค่ายสุรนารี นครราชสีมา","0","0","0.00"
"11602  :  โรงพยาบาลเฉลิมพระเกียรติสมเด็จย่า 100 ปี","0","12","0.00"
"11608  :  โรงพยาบาลลำทะเมนชัย","0","46","0.00"
"11885  :  โรงพยาบาลเดอะโกลเดนเกท","0","1","0.00"
"11891  :  โรงพยาบาลราชสีมาฮอสพิทอล","0","0","0.00"
"12267  :  ศูนย์อนามัยที่ 9 นครราชสีมา","0","0","0.00"
"12268  :  โรงพยาบาลจิตเวชนครราชสีมาราชนครินทร์","0","0","0.00"
"14161  :  โรงพยาบาลกองบิน กองบิน1","0","0","0.00"
"22456  :  โรงพยาบาลพระทองคำ เฉลิมพระเกียรติ 80 พรรษา","0","0","0.00"
"23839  :  โรงพยาบาลเทพรัตน์นครราชสีมา","0","0","0.00"
"24060  :  โรงพยาบาลมหาวิทยาลัยเทคโนโลยีสุรนารี","0","0","0.00"
"24692  :  โรงพยาบาลเฉลิมพระเกียรติ","0","43","0.00"
"27839  :  โรงพยาบาลบัวลาย","0","0","0.00"
"27840  :  โรงพยาบาลสีดา","0","39","0.00"
"27841  :  โรงพยาบาลเทพารักษ์","0","0","0.00"
"10667  :  โรงพยาบาลบุรีรัมย์","0","0","0.00"
"10895  :  โรงพยาบาลคูเมือง","0","0","0.00"
"10896  :  โรงพยาบาลกระสัง","0","0","0.00"
"10897  :  โรงพยาบาลนางรอง","0","0","0.00"
"10898  :  โรงพยาบาลหนองกี่","0","311","0.00"
"10899  :  โรงพยาบาลละหานทราย","0","0","0.00"
"10900  :  โรงพยาบาลประโคนชัย","0","510","0.00"
"10901  :  โรงพยาบาลบ้านกรวด","0","0","0.00"
"10902  :  โรงพยาบาลพุทไธสง","0","164","0.00"
"10904  :  โรงพยาบาลลำปลายมาศ","0","0","0.00"
"10905  :  โรงพยาบาลสตึก","0","0","0.00"
"10906  :  โรงพยาบาลปะคำ","0","0","0.00"
"10907  :  โรงพยาบาลนาโพธิ์","0","42","0.00"
"10908  :  โรงพยาบาลหนองหงส์","0","106","0.00"
"10909  :  โรงพยาบาลพลับพลาชัย","0","67","0.00"
"10910  :  โรงพยาบาลห้วยราช","0","0","0.00"
"10911  :  โรงพยาบาลโนนสุวรรณ","0","0","0.00"
"10912  :  โรงพยาบาลชำนิ","0","0","0.00"
"10913  :  โรงพยาบาลบ้านใหม่ไชยพจน์","0","0","0.00"
"10914  :  โรงพยาบาลโนนดินแดง","0","2","0.00"
"11493  :  โรงพยาบาลค่ายสมเด็จเจ้าพระยามหากษัตริย์ศึก","0","0","0.00"
"11619  :  โรงพยาบาลเฉลิมพระเกียรติ","0","85","0.00"
"23578  :  โรงพยาบาลแคนดง","0","0","0.00"
"28020  :  โรงพยาบาลบ้านด่าน","0","0","0.00"
"10668  :  โรงพยาบาลสุรินทร์","0","0","0.00"
"10915  :  โรงพยาบาลชุมพลบุรี","0","0","0.00"
"10916  :  โรงพยาบาลท่าตูม","0","0","0.00"
"10917  :  โรงพยาบาลจอมพระ","0","176","0.00"
"10918  :  โรงพยาบาลปราสาท","0","152","0.00"
"10919  :  โรงพยาบาลกาบเชิง","0","0","0.00"
"10920  :  โรงพยาบาลรัตนบุรี","0","0","0.00"
"10921  :  โรงพยาบาลสนม","0","49","0.00"
"10922  :  โรงพยาบาลศีขรภูมิ","0","216","0.00"
"10923  :  โรงพยาบาลสังขะ","0","0","0.00"
"10924  :  โรงพยาบาลลำดวน","0","87","0.00"
"10925  :  โรงพยาบาลสำโรงทาบ","0","47","0.00"
"10926  :  โรงพยาบาลบัวเชด","0","0","0.00"
"11494  :  โรงพยาบาลค่ายวีรวัฒน์โยธิน","0","0","0.00"
"22302  :  โรงพยาบาลพนมดงรัก เฉลิมพระเกียรติ 80 พรรษา","0","0","0.00"
"27842  :  โรงพยาบาลเขวาสินรินทร์","0","0","0.00"
"27843  :  โรงพยาบาลศรีณรงค์","0","34","0.00"
"27844  :  โรงพยาบาลโนนนารายณ์","0","23","0.00"
"10700  :  โรงพยาบาลศรีสะเกษ","0","0","0.00"
"10927  :  โรงพยาบาลยางชุมน้อย","0","0","0.00"
"10928  :  โรงพยาบาลกันทรารมย์","0","0","0.00"
"10929  :  โรงพยาบาลกันทรลักษ์","0","0","0.00"
"10930  :  โรงพยาบาลขุขันธ์","0","22","0.00"
"10931  :  โรงพยาบาลไพรบึง","0","0","0.00"
"10932  :  โรงพยาบาลปรางค์กู่","0","68","0.00"
"10933  :  โรงพยาบาลขุนหาญ","0","0","0.00"
"10934  :  โรงพยาบาลราษีไศล","0","183","0.00"
"10935  :  โรงพยาบาลอุทุมพรพิสัย","0","206","0.00"
"10936  :  โรงพยาบาลบึงบูรพ์","0","4","0.00"
"10937  :  โรงพยาบาลห้วยทับทัน","0","66","0.00"
"10938  :  โรงพยาบาลโนนคูณ","0","28","0.00"
"10939  :  โรงพยาบาลศรีรัตนะ","0","67","0.00"
"10940  :  โรงพยาบาลวังหิน","0","37","0.00"
"10941  :  โรงพยาบาลน้ำเกลี้ยง","0","30","0.00"
"10942  :  โรงพยาบาลภูสิงห์","0","95","0.00"
"10943  :  โรงพยาบาลเมืองจันทร์","0","13","0.00"
"23125  :  โรงพยาบาลเบญจลักษ์เฉลิมพระเกียรติ 80 พรรษา","0","0","0.00"
"28014  :  โรงพยาบาลพยุห์","0","25","0.00"
"28015  :  โรงพยาบาลโพธิ์ศรีสุวรรณ","0","0","0.00"
"28016  :  โรงพยาบาลศิลาลาด","0","39","0.00"
"10669  :  โรงพยาบาลสรรพสิทธิประสงค์","0","0","0.00"
"10944  :  โรงพยาบาลศรีเมืองใหม่","0","0","0.00"
"10945  :  โรงพยาบาลโขงเจียม","0","25","0.00"
"10946  :  โรงพยาบาลเขื่องใน","0","0","0.00"
"10947  :  โรงพยาบาลเขมราฐ","0","0","0.00"
"10948  :  โรงพยาบาลนาจะหลวย","0","0","0.00"
"10949  :  โรงพยาบาลน้ำยืน","0","0","0.00"
"10950  :  โรงพยาบาลบุณฑริก","0","201","0.00"
"10951  :  โรงพยาบาลตระการพืชผล","0","0","0.00"
"10952  :  โรงพยาบาลกุดข้าวปุ้น","0","0","0.00"
"10953  :  โรงพยาบาลม่วงสามสิบ","0","287","0.00"
"10954  :  โรงพยาบาลวารินชำราบ","0","0","0.00"
"10956  :  โรงพยาบาลพิบูลมังสาหาร","0","304","0.00"
"10957  :  โรงพยาบาลตาลสุม","0","52","0.00"
"10958  :  โรงพยาบาลโพธิ์ไทร","0","0","0.00"
"10959  :  โรงพยาบาลสำโรง","0","16","0.00"
"10960  :  โรงพยาบาลดอนมดแดง","0","7","0.00"
"10961  :  โรงพยาบาลสิรินธร","0","116","0.00"
"10962  :  โรงพยาบาลทุ่งศรีอุดม","0","33","0.00"
"11443  :  โรงพยาบาลสมเด็จพระยุพราชเดชอุดม","0","0","0.00"
"11495  :  โรงพยาบาลกองบิน 21","0","0","0.00"
"11496  :  โรงพยาบาลค่ายสรรพสิทธิประสงค์","0","0","0.00"
"11918  :  โรงพยาบาลเอกชนร่มเกล้า","0","0","0.00"
"12269  :  โรงพยาบาลพระศรีมหาโพธิ์","0","0","0.00"
"12270  :  โรงพยาบาลส่งเสริมสุขภาพ ศูนย์อนามัยที่ 10","0","0","0.00"
"21984  :  โรงพยาบาล 50 พรรษา มหาวชิราลงกรณ","0","0","0.00"
"24032  :  โรงพยาบาลนาตาล","0","0","0.00"
"24821  :  โรงพยาบาลนาเยีย","0","0","0.00"
"27967  :  โรงพยาบาลสว่างวีระวงศ์","0","0","0.00"
"27968  :  โรงพยาบาลน้ำขุ่น","0","0","0.00"
"27976  :  โรงพยาบาลเหล่าเสือโก้ก","0","0","0.00"
"10701  :  โรงพยาบาลยโสธร","0","0","0.00"
"10963  :  โรงพยาบาลทรายมูล","0","0","0.00"
"10964  :  โรงพยาบาลกุดชุม","0","0","0.00"
"10965  :  โรงพยาบาลคำเขื่อนแก้ว","0","0","0.00"
"10966  :  โรงพยาบาลป่าติ้ว","0","0","0.00"
"10967  :  โรงพยาบาลมหาชนะชัย","0","60","0.00"
"10968  :  โรงพยาบาลค้อวัง","0","1","0.00"
"10969  :  โรงพยาบาลไทยเจริญ","0","0","0.00"
"11444  :  โรงพยาบาลสมเด็จพระยุพราชเลิงนกทา","0","31","0.00"
"11921  :  โรงพยาบาลนายแพทย์หาญ","0","0","0.00"
"04007  :  โรงพยาบาลซับใหญ่","0","0","0.00"
"10702  :  โรงพยาบาลชัยภูมิ","0","0","0.00"
"10970  :  โรงพยาบาลบ้านเขว้า","0","101","0.00"
"10971  :  โรงพยาบาลคอนสวรรค์","0","116","0.00"
"10972  :  โรงพยาบาลเกษตรสมบูรณ์","0","0","0.00"
"10973  :  โรงพยาบาลหนองบัวแดง","0","3","0.00"
"10974  :  โรงพยาบาลจัตุรัส","0","108","0.00"
"10975  :  โรงพยาบาลบำเหน็จณรงค์","0","0","0.00"
"10976  :  โรงพยาบาลหนองบัวระเหว","0","0","0.00"
"10977  :  โรงพยาบาลเทพสถิต","0","0","0.00"
"10978  :  โรงพยาบาลภูเขียวเฉลิมพระเกียรติ","0","0","0.00"
"10979  :  โรงพยาบาลบ้านแท่น","0","165","0.00"
"10980  :  โรงพยาบาลแก้งคร้อ","0","380","0.00"
"10981  :  โรงพยาบาลคอนสาร","0","31","0.00"
"10982  :  โรงพยาบาลภักดีชุมพล","0","47","0.00"
"10983  :  โรงพยาบาลเนินสง่า","0","0","0.00"
"10703  :  โรงพยาบาลอำนาจเจริญ","0","0","0.00"
"10985  :  โรงพยาบาลชานุมาน","0","19","0.00"
"10986  :  โรงพยาบาลปทุมราชวงศา","0","177","0.00"
"10987  :  โรงพยาบาลพนา","0","1","0.00"
"10988  :  โรงพยาบาลเสนางคนิคม","0","87","0.00"
"10989  :  โรงพยาบาลหัวตะพาน","0","78","0.00"
"10990  :  โรงพยาบาลลืออำนาจ","0","0","0.00"
"11040  :  โรงพยาบาลบึงกาฬ","0","0","0.00"
"11041  :  โรงพยาบาลพรเจริญ","0","0","0.00"
"11043  :  โรงพยาบาลโซ่พิสัย","0","18","0.00"
"11046  :  โรงพยาบาลเซกา","0","0","0.00"
"11047  :  โรงพยาบาลปากคาด","0","0","0.00"
"11048  :  โรงพยาบาลบึงโขงหลง","0","0","0.00"
"11049  :  โรงพยาบาลศรีวิไล","0","196","0.00"
"11050  :  โรงพยาบาลบุ่งคล้า","0","0","0.00"
"10704  :  โรงพยาบาลหนองบัวลำภู","0","0","0.00"
"10991  :  โรงพยาบาลนากลาง","0","0","0.00"
"10992  :  โรงพยาบาลโนนสัง","0","0","0.00"
"10993  :  โรงพยาบาลศรีบุญเรือง","0","0","0.00"
"10994  :  โรงพยาบาลสุวรรณคูหา","0","0","0.00"
"23367  :  โรงพยาบาลนาวัง เฉลิมพระเกียรติ 80 พรรษา","0","0","0.00"
"10670  :  โรงพยาบาลขอนแก่น","0","0","0.00"
"10995  :  โรงพยาบาลบ้านฝาง","0","0","0.00"
"10996  :  โรงพยาบาลพระยืน","0","0","0.00"
"10997  :  โรงพยาบาลหนองเรือ","0","0","0.00"
"10998  :  โรงพยาบาลชุมแพ","0","0","0.00"
"10999  :  โรงพยาบาลสีชมพู","0","0","0.00"
"11000  :  โรงพยาบาลน้ำพอง","0","1","0.00"
"11001  :  โรงพยาบาลอุบลรัตน์","0","80","0.00"
"11002  :  โรงพยาบาลบ้านไผ่","0","0","0.00"
"11003  :  โรงพยาบาลเปือยน้อย","0","0","0.00"
"11004  :  โรงพยาบาลพล","0","0","0.00"
"11005  :  โรงพยาบาลแวงใหญ่","0","70","0.00"
"11006  :  โรงพยาบาลแวงน้อย","0","0","0.00"
"11007  :  โรงพยาบาลหนองสองห้อง","0","0","0.00"
"11008  :  โรงพยาบาลภูเวียง","0","0","0.00"
"11009  :  โรงพยาบาลมัญจาคีรี","0","1","0.00"
"11010  :  โรงพยาบาลชนบท","0","0","0.00"
"11011  :  โรงพยาบาลเขาสวนกวาง","0","0","0.00"
"11012  :  โรงพยาบาลภูผาม่าน","0","0","0.00"
"11445  :  โรงพยาบาลสมเด็จพระยุพราชกระนวน","0","0","0.00"
"11497  :  โรงพยาบาลค่ายศรีพัชรินทร","0","0","0.00"
"11936  :  โรงพยาบาลขอนแก่นราม","0","0","0.00"
"12272  :  โรงพยาบาลจิตเวชขอนแก่นราชนครินทร์","0","0","0.00"
"12273  :  โรงพยาบาลส่งเสริมสุขภาพ ศูนย์อนามัยที่ 7","0","1","0.00"
"12275  :  โรงพยาบาลสิรินธร(ภาคตะวันออกเฉียงเหนือ)","0","0","0.00"
"13777  :  โรงพยาบาลศรีนครินทร์ มหาวิทยาลัยขอนแก่น","0","0","0.00"
"14132  :  โรงพยาบาลซำสูง","0","0","0.00"
"14196  :  โรงพยาบาลธัญญรักษ์ขอนแก่น","0","0","0.00"
"24746  :  สถาบันสุขภาพจิตเด็กและวัยรุ่นภาคตะวันออกเฉียงเหนือ","0","0","0.00"
"77649  :  โรงพยาบาลหนองนาคำ","0","0","0.00"
"77650  :  โรงพยาบาลเวียงเก่า","0","4","0.00"
"77651  :  โรงพยาบาลโคกโพธิ์ไชย","0","0","0.00"
"77652  :  โรงพยาบาลโนนศิลา","0","0","0.00"
"10671  :  โรงพยาบาลอุดรธานี","0","0","0.00"
"11013  :  โรงพยาบาลกุดจับ","0","62","0.00"
"11014  :  โรงพยาบาลหนองวัวซอ","0","0","0.00"
"11015  :  โรงพยาบาลกุมภวาปี","0","0","0.00"
"11016  :  โรงพยาบาลห้วยเกิ้ง","0","0","0.00"
"11017  :  โรงพยาบาลโนนสะอาด","0","104","0.00"
"11018  :  โรงพยาบาลหนองหาน","0","0","0.00"
"11019  :  โรงพยาบาลทุ่งฝน","0","0","0.00"
"11020  :  โรงพยาบาลไชยวาน","0","0","0.00"
"11021  :  โรงพยาบาลศรีธาตุ","0","0","0.00"
"11022  :  โรงพยาบาลวังสามหมอ","0","0","0.00"
"11023  :  โรงพยาบาลบ้านผือ","0","194","0.00"
"11024  :  โรงพยาบาลน้ำโสม","0","0","0.00"
"11025  :  โรงพยาบาลเพ็ญ","0","1","0.00"
"11026  :  โรงพยาบาลสร้างคอม","0","0","0.00"
"11027  :  โรงพยาบาลหนองแสง","0","137","0.00"
"11028  :  โรงพยาบาลนายูง","0","0","0.00"
"11029  :  โรงพยาบาลพิบูลย์รักษ์","0","12","0.00"
"11446  :  โรงพยาบาลสมเด็จพระยุพราชบ้านดุง","0","367","0.00"
"11501  :  โรงพยาบาลค่ายประจักษ์ศิลปาคม","0","0","0.00"
"12276  :  โรงพยาบาลมะเร็งอุดรธานี","0","0","0.00"
"23951  :  โรงพยาบาลธัญญารักษ์อุดรธานี","0","0","0.00"
"25058  :  โรงพยาบาลกู่แก้ว","0","0","0.00"
"25059  :  โรงพยาบาลประจักษ์ศิลปาคม","0","0","0.00"
"10705  :  โรงพยาบาลเลย","0","570","0.00"
"11030  :  โรงพยาบาลนาด้วง","0","60","0.00"
"11031  :  โรงพยาบาลเชียงคาน","0","201","0.00"
"11032  :  โรงพยาบาลปากชม","0","75","0.00"
"11033  :  โรงพยาบาลนาแห้ว","0","24","0.00"
"11034  :  โรงพยาบาลภูเรือ","0","77","0.00"
"11035  :  โรงพยาบาลท่าลี่","0","1","0.00"
"11036  :  โรงพยาบาลวังสะพุง","0","0","0.00"
"11037  :  โรงพยาบาลภูกระดึง","0","0","0.00"
"11038  :  โรงพยาบาลภูหลวง","0","46","0.00"
"11039  :  โรงพยาบาลผาขาว","0","0","0.00"
"11447  :  โรงพยาบาลสมเด็จพระยุพราชด่านซ้าย","0","150","0.00"
"14133  :  โรงพยาบาลเอราวัณ","0","95","0.00"
"14644  :  โรงพยาบาลจิตเวชเลยราชนครินทร์","0","0","0.00"
"28861  :  โรงพยาบาลหนองหิน","0","2","0.00"
"10706  :  โรงพยาบาลหนองคาย","0","142","0.00"
"11042  :  โรงพยาบาลโพนพิสัย","0","0","0.00"
"11044  :  โรงพยาบาลศรีเชียงใหม่","0","0","0.00"
"11045  :  โรงพยาบาลสังคม","0","97","0.00"
"11448  :  โรงพยาบาลสมเด็จพระยุพราชท่าบ่อ","0","87","0.00"
"14558  :  โรงพยาบาลพิสัยเวช","0","0","0.00"
"21356  :  โรงพยาบาลสระใคร","0","21","0.00"
"28778  :  โรงพยาบาลโพธิ์ตาก","0","0","0.00"
"28811  :  โรงพยาบาลเฝ้าไร่","0","0","0.00"
"28815  :  โรงพยาบาลรัตนวาปี","0","0","0.00"
"10707  :  โรงพยาบาลมหาสารคาม","0","0","0.00"
"11051  :  โรงพยาบาลแกดำ","0","0","0.00"
"11052  :  โรงพยาบาลโกสุมพิสัย","0","307","0.00"
"11053  :  โรงพยาบาลกันทรวิชัย","0","0","0.00"
"11054  :  โรงพยาบาลเชียงยืน","0","0","0.00"
"11055  :  โรงพยาบาลบรบือ","0","252","0.00"
"11056  :  โรงพยาบาลนาเชือก","0","0","0.00"
"11057  :  โรงพยาบาลพยัคฆภูมิพิสัย","0","0","0.00"
"11058  :  โรงพยาบาลวาปีปทุม","0","429","0.00"
"11059  :  โรงพยาบาลนาดูน","0","0","0.00"
"11060  :  โรงพยาบาลยางสีสุราช","0","59","0.00"
"22953  :  โรงพยาบาลสุทธาเวช คณะแพทยศาสตร์ มหาวิทยาลัยมหาสารคาม","0","0","0.00"
"24704  :  โรงพยาบาลกุดรัง","0","12","0.00"
"28843  :  โรงพยาบาลชื่นชม","0","0","0.00"
"10708  :  โรงพยาบาลร้อยเอ็ด","0","0","0.00"
"11061  :  โรงพยาบาลเกษตรวิสัย","0","230","0.00"
"11062  :  โรงพยาบาลปทุมรัตต์","0","7","0.00"
"11063  :  โรงพยาบาลจตุรพักตรพิมาน","0","134","0.00"
"11064  :  โรงพยาบาลธวัชบุรี","0","0","0.00"
"11065  :  โรงพยาบาลพนมไพร","0","149","0.00"
"11066  :  โรงพยาบาลโพนทอง","0","220","0.00"
"11067  :  โรงพยาบาลโพธิ์ชัย","0","0","0.00"
"11068  :  โรงพยาบาลหนองพอก","0","0","0.00"
"11069  :  โรงพยาบาลเสลภูมิ","0","7","0.00"
"11070  :  โรงพยาบาลสุวรรณภูมิ","0","374","0.00"
"11071  :  โรงพยาบาลเมืองสรวง","0","0","0.00"
"11072  :  โรงพยาบาลโพนทราย","0","19","0.00"
"11073  :  โรงพยาบาลอาจสามารถ","0","187","0.00"
"11074  :  โรงพยาบาลเมยวดี","0","71","0.00"
"11075  :  โรงพยาบาลศรีสมเด็จ","0","0","0.00"
"11076  :  โรงพยาบาลจังหาร","0","16","0.00"
"11504  :  โรงพยาบาลค่ายสมเด็จพระพุทธยอดฟ้าจุฬาโลกมหาราช","0","0","0.00"
"11964  :  โรงพยาบาลทั่วไปขนาดใหญ่จุรีเวช","0","95","0.00"
"27988  :  โรงพยาบาลทุ่งเขาหลวง","0","7","0.00"
"27989  :  โรงพยาบาลเชียงขวัญ","0","3","0.00"
"27990  :  โรงพยาบาลหนองฮี","0","0","0.00"
"10709  :  โรงพยาบาลกาฬสินธุ์","0","79","0.00"
"11077  :  โรงพยาบาลนามน","0","114","0.00"
"11078  :  โรงพยาบาลกมลาไสย","0","0","0.00"
"11079  :  โรงพยาบาลร่องคำ","0","95","0.00"
"11080  :  โรงพยาบาลเขาวง","0","118","0.00"
"11081  :  โรงพยาบาลยางตลาด","0","0","0.00"
"11082  :  โรงพยาบาลห้วยเม็ก","0","0","0.00"
"11083  :  โรงพยาบาลสหัสขันธ์","0","43","0.00"
"11084  :  โรงพยาบาลคำม่วง","0","153","0.00"
"11085  :  โรงพยาบาลท่าคันโท","0","29","0.00"
"11086  :  โรงพยาบาลหนองกุงศรี","0","100","0.00"
"11087  :  โรงพยาบาลสมเด็จ","0","3","0.00"
"11088  :  โรงพยาบาลห้วยผึ้ง","0","0","0.00"
"11449  :  โรงพยาบาลสมเด็จพระยุพราชกุฉินารายณ์","0","0","0.00"
"11965  :  โรงพยาบาลธีรวัฒน์","0","0","0.00"
"28017  :  โรงพยาบาลนาคู","0","0","0.00"
"28789  :  โรงพยาบาลฆ้องชัย","0","0","0.00"
"28790  :  โรงพยาบาลดอนจาน","0","0","0.00"
"28791  :  โรงพยาบาลสามชัย","0","62","0.00"
"10710  :  โรงพยาบาลสกลนคร","0","0","0.00"
"11089  :  โรงพยาบาลกุสุมาลย์","0","0","0.00"
"11090  :  โรงพยาบาลกุดบาก","0","72","0.00"
"11091  :  โรงพยาบาลพระอาจารย์ฝั้นอาจาโร","0","0","0.00"
"11092  :  โรงพยาบาลพังโคน","0","0","0.00"
"11093  :  โรงพยาบาลวาริชภูมิ","0","0","0.00"
"11094  :  โรงพยาบาลนิคมน้ำอูน","0","42","0.00"
"11095  :  โรงพยาบาลวานรนิวาส","0","0","0.00"
"11096  :  โรงพยาบาลคำตากล้า","0","160","0.00"
"11097  :  โรงพยาบาลบ้านม่วง","0","0","0.00"
"11098  :  โรงพยาบาลอากาศอำนวย","0","0","0.00"
"11099  :  โรงพยาบาลส่องดาว","0","0","0.00"
"11100  :  โรงพยาบาลเต่างอย","0","0","0.00"
"11101  :  โรงพยาบาลโคกศรีสุพรรณ","0","107","0.00"
"11102  :  โรงพยาบาลเจริญศิลป์","0","112","0.00"
"11103  :  โรงพยาบาลโพนนาแก้ว","0","0","0.00"
"11450  :  โรงพยาบาลสมเด็จพระยุพราชสว่างแดนดิน","0","315","0.00"
"11505  :  โรงพยาบาลค่ายกฤษณ์สีวะรา","0","0","0.00"
"21323  :  โรงพยาบาลพระอาจารย์แบน  ธนากโร","0","0","0.00"
"24976  :  โรงพยาบาลการแพทย์แผนไทยสกลนคร หลวงปู่แฟ๊ป สุภัทโท","0","0","0.00"
"10711  :  โรงพยาบาลนครพนม","0","0","0.00"
"11104  :  โรงพยาบาลปลาปาก","0","0","0.00"
"11105  :  โรงพยาบาลท่าอุเทน","0","0","0.00"
"11106  :  โรงพยาบาลบ้านแพง","0","102","0.00"
"11107  :  โรงพยาบาลนาทม","0","0","0.00"
"11108  :  โรงพยาบาลเรณูนคร","0","0","0.00"
"11109  :  โรงพยาบาลนาแก","0","0","0.00"
"11110  :  โรงพยาบาลศรีสงคราม","0","197","0.00"
"11111  :  โรงพยาบาลนาหว้า","0","0","0.00"
"11112  :  โรงพยาบาลโพนสวรรค์","0","0","0.00"
"11451  :  โรงพยาบาลสมเด็จพระยุพราชธาตุพนม","0","0","0.00"
"12277  :  โรงพยาบาลจิตเวชนครพนมราชนครินทร์","0","0","0.00"
"40840  :  โรงพยาบาลวังยาง","0","0","0.00"
"10712  :  โรงพยาบาลมุกดาหาร","0","145","0.00"
"11113  :  โรงพยาบาลนิคมคำสร้อย","0","8","0.00"
"11114  :  โรงพยาบาลดอนตาล","0","43","0.00"
"11115  :  โรงพยาบาลดงหลวง","0","0","0.00"
"11116  :  โรงพยาบาลคำชะอี","0","70","0.00"
"11117  :  โรงพยาบาลหว้านใหญ่","0","17","0.00"
"11118  :  โรงพยาบาลหนองสูง","0","21","0.00"
"06009  :  โรงพยาบาลแม่ตื่น","0","0","0.00"
"10713  :  โรงพยาบาลนครพิงค์","0","0","0.00"
"11119  :  โรงพยาบาลจอมทอง","0","0","0.00"
"11120  :  โรงพยาบาลเทพรัตนเวชชานุกูล เฉลิมพระเกียรติ ๖๐ พรรษา","0","96","0.00"
"11121  :  โรงพยาบาลเชียงดาว","0","0","0.00"
"11122  :  โรงพยาบาลดอยสะเก็ด","0","0","0.00"
"11123  :  โรงพยาบาลแม่แตง","0","0","0.00"
"11124  :  โรงพยาบาลสะเมิง","0","17","0.00"
"11125  :  โรงพยาบาลฝาง","0","0","0.00"
"11126  :  โรงพยาบาลแม่อาย","0","0","0.00"
"11127  :  โรงพยาบาลพร้าว","0","0","0.00"
"11128  :  โรงพยาบาลสันป่าตอง","0","0","0.00"
"11129  :  โรงพยาบาลสันกำแพง","0","0","0.00"
"11130  :  โรงพยาบาลสันทราย","0","0","0.00"
"11131  :  โรงพยาบาลหางดง","0","0","0.00"
"11132  :  โรงพยาบาลฮอด","0","0","0.00"
"11133  :  โรงพยาบาลดอยเต่า","0","0","0.00"
"11134  :  โรงพยาบาลอมก๋อย","0","0","0.00"
"11135  :  โรงพยาบาลสารภี","0","0","0.00"
"11136  :  โรงพยาบาลเวียงแหง","0","0","0.00"
"11137  :  โรงพยาบาลไชยปราการ","0","0","0.00"
"11138  :  โรงพยาบาลแม่วาง","0","0","0.00"
"11139  :  โรงพยาบาลแม่ออน","0","1","0.00"
"11507  :  โรงพยาบาลกองบิน 41","0","0","0.00"
"11508  :  โรงพยาบาลค่ายกาวิละ เชียงใหม่","0","0","0.00"
"11643  :  โรงพยาบาลดอยหล่อ","0","0","0.00"
"11978  :  โรงพยาบาลดารารัศมี","0","0","0.00"
"11992  :  โรงพยาบาลเทพปัญญา 2 โรงพยาบาลทั่วไปขนาดกลาง","0","0","0.00"
"11995  :  โรงพยาบาลทั่วไปขนาดใหญ่เซ็นทรัลเชียงใหม่ เมโมเรียล","0","0","0.00"
"11999  :  โรงพยาบาลทั่วไปขนาดใหญ่เชียงใหม่เมดิคอลเซ็นเตอร์","0","0","0.00"
"12279  :  โรงพยาบาลส่งเสริมสุขภาพ ศูนย์อนามัยที่ 1","0","1","0.00"
"12280  :  โรงพยาบาลสวนปรุง","0","0","0.00"
"12281  :  โรงพยาบาลประสาทเชียงใหม่","0","0","0.00"
"13775  :  สถาบันพัฒนาการเด็กราชนครินทร์","0","0","0.00"
"13780  :  โรงพยาบาลมหาราชนครเชียงใหม่  มหาวิทยาลัยเชียงใหม่","0","0","0.00"
"13785  :  โรงพยาบาลธัญญารักษ์เชียงใหม่","0","0","0.00"
"14550  :  โรงพยาบาลทั่วไปขนาดใหญ่ เชียงใหม่ใกล้หมอ","0","0","0.00"
"14916  :  โรงพยาบาลทั่วไปขนาดกลางเชียงใหม่ฮอสพิทอล","0","0","0.00"
"23736  :  โรงพยาบาลวัดจันทร์ เฉลิมพระเกียรติ 80 พรรษา","0","0","0.00"
"10714  :  โรงพยาบาลลำพูน","0","172","0.00"
"11140  :  โรงพยาบาลแม่ทา","0","0","0.00"
"11141  :  โรงพยาบาลบ้านโฮ่ง","0","0","0.00"
"11142  :  โรงพยาบาลลี้","0","0","0.00"
"11143  :  โรงพยาบาลทุ่งหัวช้าง","0","0","0.00"
"11144  :  โรงพยาบาลป่าซาง","0","1","0.00"
"11145  :  โรงพยาบาลบ้านธิ","0","0","0.00"
"12000  :  โรงพยาบาลหริภุญชัยเมโมเรียล","0","0","0.00"
"14555  :  โรงพยาบาลทั่วไปขนาดกลางศิริเวช ลำพูน","0","0","0.00"
"24956  :  โรงพยาบาลเวียงหนองล่อง","0","19","0.00"
"10672  :  โรงพยาบาลลำปาง","0","0","0.00"
"11146  :  โรงพยาบาลแม่เมาะ","0","0","0.00"
"11147  :  โรงพยาบาลเกาะคา","0","26","0.00"
"11148  :  โรงพยาบาลเสริมงาม","0","6","0.00"
"11149  :  โรงพยาบาลงาว","0","227","0.00"
"11150  :  โรงพยาบาลแจ้ห่ม","0","0","0.00"
"11151  :  โรงพยาบาลวังเหนือ","0","60","0.00"
"11152  :  โรงพยาบาลเถิน","0","0","0.00"
"11153  :  โรงพยาบาลแม่พริก","0","0","0.00"
"11154  :  โรงพยาบาลแม่ทะ","0","0","0.00"
"11155  :  โรงพยาบาลสบปราบ","0","1","0.00"
"11156  :  โรงพยาบาลห้างฉัตร","0","0","0.00"
"11157  :  โรงพยาบาลเมืองปาน","0","25","0.00"
"11512  :  โรงพยาบาลค่ายสุรศักดิ์มนตรี","0","0","0.00"
"12283  :  โรงพยาบาลมะเร็งลำปาง","0","0","0.00"
"10673  :  โรงพยาบาลอุตรดิตถ์","0","168","0.00"
"11158  :  โรงพยาบาลตรอน","0","32","0.00"
"11159  :  โรงพยาบาลท่าปลา","0","116","0.00"
"11160  :  โรงพยาบาลน้ำปาด","0","49","0.00"
"11161  :  โรงพยาบาลฟากท่า","0","0","0.00"
"11162  :  โรงพยาบาลบ้านโคก","0","0","0.00"
"11163  :  โรงพยาบาลพิชัย","0","203","0.00"
"11164  :  โรงพยาบาลลับแล","0","1","0.00"
"11165  :  โรงพยาบาลทองแสนขัน","0","2","0.00"
"11509  :  โรงพยาบาลค่ายพิชัยดาบหัก","0","0","0.00"
"10715  :  โรงพยาบาลแพร่","0","0","0.00"
"11166  :  โรงพยาบาลร้องกวาง","0","0","0.00"
"11167  :  โรงพยาบาลลอง","0","0","0.00"
"11169  :  โรงพยาบาลสูงเม่น","0","0","0.00"
"11170  :  โรงพยาบาลสอง","0","135","0.00"
"11171  :  โรงพยาบาลวังชิ้น","0","0","0.00"
"11172  :  โรงพยาบาลหนองม่วงไข่","0","0","0.00"
"11452  :  โรงพยาบาลสมเด็จพระยุพราชเด่นชัย","0","118","0.00"
"10716  :  โรงพยาบาลน่าน","0","0","0.00"
"11173  :  โรงพยาบาลแม่จริม","0","0","0.00"
"11174  :  โรงพยาบาลบ้านหลวง","0","0","0.00"
"11175  :  โรงพยาบาลนาน้อย","0","0","0.00"
"11176  :  โรงพยาบาลท่าวังผา","0","0","0.00"
"11177  :  โรงพยาบาลเวียงสา","0","72","0.00"
"11178  :  โรงพยาบาลทุ่งช้าง","0","0","0.00"
"11179  :  โรงพยาบาลเชียงกลาง","0","0","0.00"
"11180  :  โรงพยาบาลนาหมื่น","0","0","0.00"
"11181  :  โรงพยาบาลสันติสุข","0","45","0.00"
"11182  :  โรงพยาบาลบ่อเกลือ","0","0","0.00"
"11183  :  โรงพยาบาลสองแคว","0","0","0.00"
"11453  :  โรงพยาบาลสมเด็จพระยุพราชปัว","0","0","0.00"
"11510  :  โรงพยาบาลค่ายสุริยพงษ์","0","0","0.00"
"11625  :  โรงพยาบาลเฉลิมพระเกียรติ","0","0","0.00"
"25017  :  โรงพยาบาลภูเพียง","0","0","0.00"
"10717  :  โรงพยาบาลพะเยา","0","0","0.00"
"10718  :  โรงพยาบาลเชียงคำ","0","0","0.00"
"11184  :  โรงพยาบาลจุน","0","0","0.00"
"11185  :  โรงพยาบาลเชียงม่วน","0","0","0.00"
"11186  :  โรงพยาบาลดอกคำใต้","0","0","0.00"
"11187  :  โรงพยาบาลปง","0","0","0.00"
"11188  :  โรงพยาบาลแม่ใจ","0","0","0.00"
"15140  :  โรงพยาบาลค่ายขุนเจืองธรรมิกราช","0","0","0.00"
"40744  :  โรงพยาบาลภูซาง","0","0","0.00"
"40745  :  โรงพยาบาลภูกามยาว","0","0","0.00"
"41347  :  โรงพยาบาลมหาวิทยาลัยพะเยา","0","0","0.00"
"10674  :  โรงพยาบาลเชียงรายประชานุเคราะห์","0","693","0.00"
"11189  :  โรงพยาบาลเทิง","0","0","0.00"
"11190  :  โรงพยาบาลพาน","0","0","0.00"
"11191  :  โรงพยาบาลป่าแดด","0","0","0.00"
"11192  :  โรงพยาบาลแม่จัน","0","0","0.00"
"11193  :  โรงพยาบาลเชียงแสน","0","1","0.00"
"11194  :  โรงพยาบาลแม่สาย","0","0","0.00"
"11195  :  โรงพยาบาลแม่สรวย","0","15","0.00"
"11196  :  โรงพยาบาลเวียงป่าเป้า","0","0","0.00"
"11197  :  โรงพยาบาลพญาเม็งราย","0","0","0.00"
"11198  :  โรงพยาบาลเวียงแก่น","0","0","0.00"
"11199  :  โรงพยาบาลขุนตาล","0","0","0.00"
"11200  :  โรงพยาบาลแม่ฟ้าหลวง","0","0","0.00"
"11201  :  โรงพยาบาลแม่ลาว","0","0","0.00"
"11202  :  โรงพยาบาลเวียงเชียงรุ้ง","0","1","0.00"
"11454  :  โรงพยาบาลสมเด็จพระยุพราชเชียงของ","0","0","0.00"
"15012  :  โรงพยาบาลสมเด็จพระญาณสังวร","0","0","0.00"
"23429  :  โรงพยาบาลมหาวิทยาลัยแม่ฟ้าหลวง","0","0","0.00"
"28823  :  โรงพยาบาลดอยหลวง","0","0","0.00"
"41509  :  โรงพยาบาลศูนย์การแพทย์มหาวิทยาลัยแม่ฟ้าหลวง","0","0","0.00"
"10719  :  โรงพยาบาลศรีสังวาลย์","0","0","0.00"
"11203  :  โรงพยาบาลขุนยวม","0","1","0.00"
"11204  :  โรงพยาบาลปาย","0","0","0.00"
"11205  :  โรงพยาบาลแม่สะเรียง","0","252","0.00"
"11206  :  โรงพยาบาลแม่ลาน้อย","0","0","0.00"
"11207  :  โรงพยาบาลสบเมย","0","0","0.00"
"11208  :  โรงพยาบาลปางมะผ้า","0","0","0.00"
"14197  :  โรงพยาบาลธัญญรักษ์แม่ฮ่องสอน","0","0","0.00"
"10675  :  โรงพยาบาลสวรรค์ประชารักษ์","0","0","0.00"
"11209  :  โรงพยาบาลโกรกพระ","0","66","0.00"
"11210  :  โรงพยาบาลชุมแสง","0","0","0.00"
"11211  :  โรงพยาบาลหนองบัว","0","151","0.00"
"11212  :  โรงพยาบาลบรรพตพิสัย","0","93","0.00"
"11213  :  โรงพยาบาลเก้าเลี้ยว","0","25","0.00"
"11214  :  โรงพยาบาลตาคลี","0","0","0.00"
"11215  :  โรงพยาบาลท่าตะโก","0","0","0.00"
"11216  :  โรงพยาบาลไพศาลี","0","0","0.00"
"11217  :  โรงพยาบาลพยุหะคีรี","0","0","0.00"
"11218  :  โรงพยาบาลลาดยาว","0","23","0.00"
"11219  :  โรงพยาบาลตากฟ้า","0","183","0.00"
"11220  :  โรงพยาบาลแม่วงก์","0","45","0.00"
"11513  :  โรงพยาบาลค่ายจิรประวัติ","0","0","0.00"
"12030  :  โรงพยาบาลพริ้นซ์ ปากน้ำโพ 1 โรงพยาบาลทั่วไปขนาดใหญ่","0","0","0.00"
"12033  :  โรงพยาบาลรวมแพทย์นครสวรรค์","0","0","0.00"
"12034  :  โรงพยาบาลพริ้นซ์ ปากน้ำโพ 2 โรงพยาบาลทั่วไปขนาดใหญ่","0","0","0.00"
"12042  :  โรงพยาบาลร่มฉัตร","0","0","0.00"
"12044  :  โรงพยาบาลศรีสวรรค์","0","0","0.00"
"12284  :  โรงพยาบาลส่งเสริมสุขภาพ ศูนย์อนามัยที่ 3","0","1","0.00"
"14171  :  โรงพยาบาลจิตเวชนครสวรรค์ราชนครินทร์","0","0","0.00"
"40749  :  โรงพยาบาลชุมตาบง","0","0","0.00"
"10720  :  โรงพยาบาลอุทัยธานี","0","0","0.00"
"11221  :  โรงพยาบาลทัพทัน","0","99","0.00"
"11222  :  โรงพยาบาลสว่างอารมณ์","0","54","0.00"
"11223  :  โรงพยาบาลหนองฉาง","0","88","0.00"
"11224  :  โรงพยาบาลหนองขาหย่าง","0","29","0.00"
"11225  :  โรงพยาบาลบ้านไร่","0","151","0.00"
"11226  :  โรงพยาบาลลานสัก","0","134","0.00"
"11227  :  โรงพยาบาลห้วยคต","0","99","0.00"
"10721  :  โรงพยาบาลกำแพงเพชร","0","0","0.00"
"11228  :  โรงพยาบาลทุ่งโพธิ์ทะเล","0","0","0.00"
"11229  :  โรงพยาบาลไทรงาม","0","110","0.00"
"11230  :  โรงพยาบาลคลองลาน","0","0","0.00"
"11231  :  โรงพยาบาลขาณุวรลักษบุรี","0","52","0.00"
"11232  :  โรงพยาบาลคลองขลุง","0","73","0.00"
"11233  :  โรงพยาบาลพรานกระต่าย","0","75","0.00"
"11234  :  โรงพยาบาลลานกระบือ","0","0","0.00"
"11235  :  โรงพยาบาลทรายทองวัฒนา","0","36","0.00"
"11236  :  โรงพยาบาลปางศิลาทอง","0","21","0.00"
"14135  :  โรงพยาบาลบึงสามัคคี","0","30","0.00"
"28010  :  โรงพยาบาลโกสัมพีนคร","0","20","0.00"
"10722  :  โรงพยาบาลสมเด็จพระเจ้าตากสินมหาราช","0","400","0.00"
"10723  :  โรงพยาบาลแม่สอด","0","0","0.00"
"11238  :  โรงพยาบาลบ้านตาก","0","0","0.00"
"11239  :  โรงพยาบาลสามเงา","0","92","0.00"
"11240  :  โรงพยาบาลแม่ระมาด","0","160","0.00"
"11241  :  โรงพยาบาลท่าสองยาง","0","0","0.00"
"11242  :  โรงพยาบาลพบพระ","0","0","0.00"
"11243  :  โรงพยาบาลอุ้มผาง","0","46","0.00"
"27443  :  โรงพยาบาลวังเจ้า","0","0","0.00"
"10724  :  โรงพยาบาลสุโขทัย","0","67","0.00"
"10725  :  โรงพยาบาลศรีสังวรสุโขทัย","0","0","0.00"
"11244  :  โรงพยาบาลบ้านด่านลานหอย","0","148","0.00"
"11245  :  โรงพยาบาลคีรีมาศ","0","65","0.00"
"11246  :  โรงพยาบาลกงไกรลาศ","0","33","0.00"
"11247  :  โรงพยาบาลศรีสัชนาลัย","0","134","0.00"
"11248  :  โรงพยาบาลสวรรคโลก","0","0","0.00"
"11249  :  โรงพยาบาลศรีนคร","0","0","0.00"
"11250  :  โรงพยาบาลทุ่งเสลี่ยม","0","177","0.00"
"10676  :  โรงพยาบาลพุทธชินราช","0","0","0.00"
"11251  :  โรงพยาบาลชาติตระการ","0","17","0.00"
"11252  :  โรงพยาบาลบางระกำ","0","207","0.00"
"11253  :  โรงพยาบาลบางกระทุ่ม","0","72","0.00"
"11254  :  โรงพยาบาลพรหมพิราม","0","119","0.00"
"11255  :  โรงพยาบาลวัดโบสถ์","0","113","0.00"
"11256  :  โรงพยาบาลวังทอง","0","0","0.00"
"11257  :  โรงพยาบาลเนินมะปราง","0","0","0.00"
"11455  :  โรงพยาบาลสมเด็จพระยุพราชนครไทย","0","53","0.00"
"11517  :  โรงพยาบาลค่ายสมเด็จพระนเรศวร","0","0","0.00"
"14972  :  โรงพยาบาลมหาวิทยาลัยนเรศวร","0","0","0.00"
"41429  :  โรงพยาบาลจิตเวชพิษณุโลก","0","0","0.00"
"10726  :  โรงพยาบาลพิจิตร","0","477","0.00"
"11258  :  โรงพยาบาลวังทรายพูน","0","32","0.00"
"11259  :  โรงพยาบาลโพธิ์ประทับช้าง","0","39","0.00"
"11260  :  โรงพยาบาลบางมูลนาก","0","0","0.00"
"11261  :  โรงพยาบาลโพทะเล","0","0","0.00"
"11262  :  โรงพยาบาลสามง่าม","0","4","0.00"
"11263  :  โรงพยาบาลทับคล้อ","0","63","0.00"
"11456  :  โรงพยาบาลสมเด็จพระยุพราชตะพานหิน","0","311","0.00"
"11631  :  โรงพยาบาลวชิรบารมี","0","0","0.00"
"27978  :  โรงพยาบาลสากเหล็ก","0","0","0.00"
"27979  :  โรงพยาบาลบึงนาราง","0","0","0.00"
"27980  :  โรงพยาบาลดงเจริญ","0","0","0.00"
"10727  :  โรงพยาบาลเพชรบูรณ์","0","0","0.00"
"11264  :  โรงพยาบาลชนแดน","0","56","0.00"
"11265  :  โรงพยาบาลหล่มสัก","0","0","0.00"
"11266  :  โรงพยาบาลวิเชียรบุรี","0","11","0.00"
"11267  :  โรงพยาบาลศรีเทพ","0","96","0.00"
"11268  :  โรงพยาบาลหนองไผ่","0","230","0.00"
"11269  :  โรงพยาบาลบึงสามพัน","0","0","0.00"
"11270  :  โรงพยาบาลน้ำหนาว","0","0","0.00"
"11271  :  โรงพยาบาลวังโป่ง","0","0","0.00"
"11272  :  โรงพยาบาลเขาค้อ","0","0","0.00"
"11457  :  โรงพยาบาลสมเด็จพระยุพราชหล่มเก่า","0","0","0.00"
"11946  :  โรงพยาบาลค่ายพ่อขุนผาเมือง","0","0","0.00"
"10677  :  โรงพยาบาลราชบุรี","0","0","0.00"
"10728  :  โรงพยาบาลดำเนินสะดวก","0","0","0.00"
"10729  :  โรงพยาบาลบ้านโป่ง","0","79","0.00"
"10730  :  โรงพยาบาลโพธาราม","0","0","0.00"
"11273  :  โรงพยาบาลสวนผึ้ง","0","0","0.00"
"11274  :  โรงพยาบาลบางแพ","0","0","0.00"
"11275  :  โรงพยาบาลเจ็ดเสมียน","0","0","0.00"
"11276  :  โรงพยาบาลปากท่อ","0","91","0.00"
"11277  :  โรงพยาบาลวัดเพลง","0","0","0.00"
"11458  :  โรงพยาบาลสมเด็จพระยุพราชจอมบึง","0","0","0.00"
"11519  :  โรงพยาบาลค่ายภาณุรังษี","0","0","0.00"
"12093  :  สถานพยาบาลแพทย์ประดิษฐ์","0","0","0.00"
"12097  :  มหาชัยพร้อมแพทย์โรงพยาบาลทั่วไปขนาดกลาง","0","0","0.00"
"12098  :  โรงพยาบาลกรุงเทพเมืองราชโรงพยาบาลทั่วไปขนาดใหญ่","0","0","0.00"
"12103  :  โรงพยาบาลซานคามิลโล","0","0","0.00"
"12286  :  โรงพยาบาลส่งเสริมสุขภาพ ศูนย์อนามัยที่ 5","0","0","0.00"
"28858  :  โรงพยาบาลบ้านคา","0","0","0.00"
"10731  :  โรงพยาบาลพหลพลพยุหเสนา","0","0","0.00"
"10732  :  โรงพยาบาลมะการักษ์","0","187","0.00"
"11278  :  โรงพยาบาลไทรโยค","0","0","0.00"
"11279  :  โรงพยาบาลสมเด็จพระปิยมหาราชรมณียเขต","0","0","0.00"
"11280  :  โรงพยาบาลบ่อพลอย","0","0","0.00"
"11281  :  โรงพยาบาลท่ากระดาน","0","0","0.00"
"11282  :  โรงพยาบาลสมเด็จพระสังฆราชองค์ที่ ๑๙","0","0","0.00"
"11283  :  โรงพยาบาลทองผาภูมิ","0","0","0.00"
"11284  :  โรงพยาบาลสังขละบุรี","0","1","0.00"
"11285  :  โรงพยาบาลเจ้าคุณไพบูลย์พนมทวน","0","0","0.00"
"11286  :  โรงพยาบาลเลาขวัญ","0","52","0.00"
"11287  :  โรงพยาบาลด่านมะขามเตี้ย","0","0","0.00"
"11288  :  โรงพยาบาลสถานพระบารมี","0","0","0.00"
"11520  :  โรงพยาบาลค่ายสุรสีห์","0","0","0.00"
"14136  :  โรงพยาบาลศุกร์ศิริศรีสวัสดิ์","0","0","0.00"
"21948  :  โรงพยาบาลห้วยกระเจา เฉลิมพระเกียรติ 80 พรรษา","0","31","0.00"
"41701  :  โรงพยาบาลหนองปรือ","0","0","0.00"
"10678  :  โรงพยาบาลเจ้าพระยายมราช","0","0","0.00"
"10733  :  โรงพยาบาลสมเด็จพระสังฆราชองค์ที่17","0","0","0.00"
"11289  :  โรงพยาบาลเดิมบางนางบวช","0","135","0.00"
"11290  :  โรงพยาบาลด่านช้าง","0","11","0.00"
"11291  :  โรงพยาบาลบางปลาม้า","0","0","0.00"
"11292  :  โรงพยาบาลศรีประจันต์","0","0","0.00"
"11293  :  โรงพยาบาลดอนเจดีย์","0","0","0.00"
"11294  :  โรงพยาบาลสามชุก","0","47","0.00"
"11295  :  โรงพยาบาลอู่ทอง","0","0","0.00"
"11296  :  โรงพยาบาลหนองหญ้าไซ","0","130","0.00"
"12123  :  โรงพยาบาลวิภาวดี-ปิยราษฎร์","0","0","0.00"
"10679  :  โรงพยาบาลนครปฐม","0","0","0.00"
"11297  :  โรงพยาบาลกำแพงแสน","0","0","0.00"
"11298  :  โรงพยาบาลนครชัยศรี","0","0","0.00"
"11299  :  โรงพยาบาลห้วยพลู","0","0","0.00"
"11300  :  โรงพยาบาลดอนตูม","0","124","0.00"
"11301  :  โรงพยาบาลบางเลน","0","26","0.00"
"11302  :  โรงพยาบาลสามพราน","0","0","0.00"
"11303  :  โรงพยาบาลพุทธมณฑล","0","0","0.00"
"11473  :  โรงพยาบาลเมตตาประชารักษ์(วัดไร่ขิง)","0","0","0.00"
"11521  :  โรงพยาบาลจันทรุเบกษา","0","0","0.00"
"13819  :  โรงพยาบาลหลวงพ่อเปิ่น","0","0","0.00"
"10734  :  โรงพยาบาลสมุทรสาคร","0","178","0.00"
"11304  :  โรงพยาบาลกระทุ่มแบน","0","0","0.00"
"11305  :  โรงพยาบาลบ้านแพ้ว","0","65","0.00"
"12137  :  โรงพยาบาลทั่วไปขนาดเล็กเจษฎา","0","0","0.00"
"10735  :  โรงพยาบาลสมเด็จพระพุทธเลิศหล้า","0","0","0.00"
"11306  :  โรงพยาบาลนภาลัย","0","1","0.00"
"11307  :  โรงพยาบาลอัมพวา","0","0","0.00"
"10736  :  โรงพยาบาลพระจอมเกล้า","0","14","0.00"
"11308  :  โรงพยาบาลเขาย้อย","0","0","0.00"
"11309  :  โรงพยาบาลหนองหญ้าปล้อง","0","0","0.00"
"11310  :  โรงพยาบาลชะอำ","0","0","0.00"
"11311  :  โรงพยาบาลท่ายาง","0","174","0.00"
"11312  :  โรงพยาบาลบ้านลาด","0","0","0.00"
"11313  :  โรงพยาบาลบ้านแหลม","0","104","0.00"
"11314  :  โรงพยาบาลแก่งกระจาน","0","2","0.00"
"10737  :  โรงพยาบาลประจวบคีรีขันธ์","0","0","0.00"
"11315  :  โรงพยาบาลกุยบุรี","0","127","0.00"
"11316  :  โรงพยาบาลทับสะแก","0","0","0.00"
"11317  :  โรงพยาบาลบางสะพาน","0","152","0.00"
"11318  :  โรงพยาบาลบางสะพานน้อย","0","1","0.00"
"11319  :  โรงพยาบาลปราณบุรี","0","0","0.00"
"11320  :  โรงพยาบาลหัวหิน","0","0","0.00"
"11321  :  โรงพยาบาลสามร้อยยอด","0","0","0.00"
"11500  :  โรงพยาบาลกองบิน 5","0","0","0.00"
"11522  :  โรงพยาบาลค่ายธนะรัชต์","0","0","0.00"
"12471  :  สถานีกาชาดหัวหินเฉลิมพระเกียรติ","0","0","0.00"
"10680  :  โรงพยาบาลมหาราชนครศรีธรรมราช","0","1","0.00"
"11322  :  โรงพยาบาลพรหมคีรี","0","1","0.00"
"11324  :  โรงพยาบาลลานสะกา","0","0","0.00"
"11325  :  โรงพยาบาลสมเด็จพระยุพราชฉวาง","0","168","0.00"
"11326  :  โรงพยาบาลพิปูน","0","0","0.00"
"11327  :  โรงพยาบาลเชียรใหญ่","0","0","0.00"
"11328  :  โรงพยาบาลชะอวด","0","223","0.00"
"11329  :  โรงพยาบาลท่าศาลา","0","307","0.00"
"11330  :  โรงพยาบาลทุ่งสง","0","1","0.00"
"11331  :  โรงพยาบาลนาบอน","0","0","0.00"
"11332  :  โรงพยาบาลทุ่งใหญ่","0","171","0.00"
"11333  :  โรงพยาบาลปากพนัง","0","0","0.00"
"11334  :  โรงพยาบาลร่อนพิบูลย์","0","0","0.00"
"11335  :  โรงพยาบาลสิชล","0","196","0.00"
"11336  :  โรงพยาบาลขนอม","0","0","0.00"
"11337  :  โรงพยาบาลหัวไทร","0","15","0.00"
"11338  :  โรงพยาบาลบางขัน","0","0","0.00"
"11339  :  โรงพยาบาลถ้ำพรรณรา","0","44","0.00"
"11523  :  โรงพยาบาลค่ายวชิราวุธ","0","68","0.00"
"11660  :  โรงพยาบาลจุฬาภรณ์","0","41","0.00"
"12287  :  โรงพยาบาลส่งเสริมสุขภาพ ศูนย์อนามัยที่ 11","0","0","0.00"
"12472  :  สถานีกาชาดสิริธร (สถานีกาชาดที่ 12 ทุ่งสง)","0","0","0.00"
"14918  :  โรงพยาบาลค่ายเทพสตรีศรีสุนทร","0","0","0.00"
"21771  :  โรงพยาบาลเทศบาลนครนครศรีธรรมราช","0","256","0.00"
"40491  :  โรงพยาบาลเฉลิมพระเกียรติ","0","0","0.00"
"40492  :  โรงพยาบาลพ่อท่านคล้ายวาจาสิทธิ์","0","0","0.00"
"40742  :  โรงพยาบาลนบพิตำ","0","26","0.00"
"40743  :  โรงพยาบาลพระพรหม","0","0","0.00"
"40970  :  โรงพยาบาลศูนย์การแพทย์มหาวิทยาลัยวลัยลักษณ์","0","0","0.00"
"10738  :  โรงพยาบาลกระบี่","0","0","0.00"
"11340  :  โรงพยาบาลเขาพนม","0","0","0.00"
"11341  :  โรงพยาบาลเกาะลันตา","0","0","0.00"
"11342  :  โรงพยาบาลคลองท่อม","0","0","0.00"
"11343  :  โรงพยาบาลอ่าวลึก","0","0","0.00"
"11344  :  โรงพยาบาลปลายพระยา","0","0","0.00"
"11345  :  โรงพยาบาลลำทับ","0","1","0.00"
"11346  :  โรงพยาบาลเหนือคลอง","0","0","0.00"
"77753  :  โรงพยาบาลเกาะพีพี","0","0","0.00"
"10739  :  โรงพยาบาลพังงา","0","0","0.00"
"10740  :  โรงพยาบาลตะกั่วป่า","0","1","0.00"
"11347  :  โรงพยาบาลเกาะยาวชัยพัฒน์","0","0","0.00"
"11348  :  โรงพยาบาลกะปงชัยพัฒน์","0","54","0.00"
"11349  :  โรงพยาบาลตะกั่วทุ่ง","0","145","0.00"
"11350  :  โรงพยาบาลบางไทร","0","0","0.00"
"11352  :  โรงพยาบาลคุระบุรีชัยพัฒน์","0","0","0.00"
"11353  :  โรงพยาบาลทับปุด","0","142","0.00"
"11354  :  โรงพยาบาลท้ายเหมืองชัยพัฒน์","0","124","0.00"
"10741  :  โรงพยาบาลวชิระภูเก็ต","0","0","0.00"
"11355  :  โรงพยาบาลป่าตอง","0","0","0.00"
"11356  :  โรงพยาบาลถลาง","0","0","0.00"
"24678  :  โรงพยาบาลองค์การบริหารส่วนจังหวัดภูเก็ต","0","56","0.00"
"41436  :  โรงพยาบาลฉลอง","0","0","0.00"
"09192  :  โรงพยาบาลเกาะเต่า","0","0","0.00"
"10681  :  โรงพยาบาลสุราษฎร์ธานี","0","0","0.00"
"10742  :  โรงพยาบาลเกาะสมุย","0","0","0.00"
"11357  :  โรงพยาบาลกาญจนดิษฐ์","0","0","0.00"
"11358  :  โรงพยาบาลดอนสัก","0","2","0.00"
"11359  :  โรงพยาบาลเกาะพงัน","0","0","0.00"
"11360  :  โรงพยาบาลไชยา","0","0","0.00"
"11361  :  โรงพยาบาลท่าชนะ","0","74","0.00"
"11362  :  โรงพยาบาลคีรีรัฐนิคม","0","0","0.00"
"11363  :  โรงพยาบาลบ้านตาขุน","0","61","0.00"
"11364  :  โรงพยาบาลพนม","0","78","0.00"
"11365  :  โรงพยาบาลท่าฉาง","0","0","0.00"
"11366  :  โรงพยาบาลบ้านนาสาร","0","0","0.00"
"11367  :  โรงพยาบาลบ้านนาเดิม","0","1","0.00"
"11368  :  โรงพยาบาลเคียนซา","0","207","0.00"
"11369  :  โรงพยาบาลพระแสง","0","76","0.00"
"11370  :  โรงพยาบาลพุนพิน","0","0","0.00"
"11371  :  โรงพยาบาลชัยบุรี","0","30","0.00"
"11459  :  โรงพยาบาลสมเด็จพระยุพราชเวียงสระ","0","44","0.00"
"11654  :  โรงพยาบาลวิภาวดี","0","0","0.00"
"12289  :  โรงพยาบาลสวนสราญรมย์","0","0","0.00"
"14138  :  โรงพยาบาลท่าโรงช้าง","0","25","0.00"
"14203  :  โรงพยาบาลมะเร็งสุราษฎร์ธานี","0","0","0.00"
"14862  :  โรงพยาบาลกองบิน7","0","0","0.00"
"14901  :  โรงพยาบาลค่ายวิภาวดีรังสิต","0","0","0.00"
"40915  :  สถาบันสุขภาพจิตเด็กและวัยรุ่นภาคใต้","0","0","0.00"
"10743  :  โรงพยาบาลระนอง","0","0","0.00"
"11323  :  โรงพยาบาลละอุ่น","0","0","0.00"
"11372  :  โรงพยาบาลกะเปอร์","0","105","0.00"
"11373  :  โรงพยาบาลกระบุรี","0","133","0.00"
"11374  :  โรงพยาบาลสุขสำราญ","0","40","0.00"
"10744  :  โรงพยาบาลชุมพรเขตรอุดมศักดิ์","0","0","0.00"
"11375  :  โรงพยาบาลปากน้ำชุมพร","0","60","0.00"
"11376  :  โรงพยาบาลท่าแซะ","0","0","0.00"
"11377  :  โรงพยาบาลปะทิว","0","0","0.00"
"11378  :  โรงพยาบาลมาบอำมฤต","0","181","0.00"
"11379  :  โรงพยาบาลหลังสวน","0","26","0.00"
"11380  :  โรงพยาบาลปากน้ำหลังสวน","0","0","0.00"
"11381  :  โรงพยาบาลละแม","0","0","0.00"
"11382  :  โรงพยาบาลพะโต๊ะ","0","0","0.00"
"11383  :  โรงพยาบาลสวี","0","0","0.00"
"11385  :  โรงพยาบาลทุ่งตะโก","0","0","0.00"
"11525  :  โรงพยาบาลค่ายเขตอุดมศักดิ์","0","0","0.00"
"10682  :  โรงพยาบาลหาดใหญ่","0","1","0.00"
"10745  :  โรงพยาบาลสงขลา","0","0","0.00"
"11386  :  โรงพยาบาลสทิงพระ","0","0","0.00"
"11387  :  โรงพยาบาลจะนะ","0","0","0.00"
"11388  :  โรงพยาบาลสมเด็จพระบรมราชินีนาถ ณ  อำเภอนาทวี","0","0","0.00"
"11390  :  โรงพยาบาลเทพา","0","0","0.00"
"11391  :  โรงพยาบาลสะบ้าย้อย","0","0","0.00"
"11392  :  โรงพยาบาลระโนด","0","0","0.00"
"11393  :  โรงพยาบาลกระแสสินธุ์","0","0","0.00"
"11394  :  โรงพยาบาลรัตภูมิ","0","0","0.00"
"11395  :  โรงพยาบาลสะเดา","0","0","0.00"
"11396  :  โรงพยาบาลนาหม่อม","0","0","0.00"
"11397  :  โรงพยาบาลควนเนียง","0","0","0.00"
"11398  :  โรงพยาบาลปาดังเบซาร์","0","0","0.00"
"11399  :  โรงพยาบาลบางกล่ำ","0","0","0.00"
"11400  :  โรงพยาบาลสิงหนคร","0","0","0.00"
"11401  :  โรงพยาบาลคลองหอยโข่ง","0","0","0.00"
"12290  :  โรงพยาบาลจิตเวชสงขลาราชนครินทร์","0","0","0.00"
"14194  :  โรงพยาบาลธัญญารักษ์สงขลา","0","0","0.00"
"10746  :  โรงพยาบาลสตูล","0","0","0.00"
"11402  :  โรงพยาบาลควนโดน","0","65","0.00"
"11403  :  โรงพยาบาลควนกาหลง","0","0","0.00"
"11404  :  โรงพยาบาลท่าแพ","0","0","0.00"
"11405  :  โรงพยาบาลละงู","0","0","0.00"
"11406  :  โรงพยาบาลทุ่งหว้า","0","69","0.00"
"28786  :  โรงพยาบาลมะนัง","0","25","0.00"
"10683  :  โรงพยาบาลตรัง","0","0","0.00"
"11407  :  โรงพยาบาลกันตัง","0","91","0.00"
"11408  :  โรงพยาบาลย่านตาขาว","0","0","0.00"
"11409  :  โรงพยาบาลปะเหลียน","0","0","0.00"
"11410  :  โรงพยาบาลสิเกา","0","0","0.00"
"11411  :  โรงพยาบาลห้วยยอด","0","0","0.00"
"11412  :  โรงพยาบาลวังวิเศษ","0","0","0.00"
"11413  :  โรงพยาบาลนาโยง","0","0","0.00"
"12226  :  โรงพยาบาลวัฒนแพทย์","0","0","0.00"
"12230  :  โรงพยาบาล ทีอาร์พีเอช โรงพยาบาลทั่วไปขนาดใหญ่","0","0","0.00"
"13755  :  โรงพยาบาลโรคผิวหนังเขตร้อนภาคใต้ จังหวัดตรัง","0","0","0.00"
"14139  :  โรงพยาบาลรัษฎา","0","1","0.00"
"28817  :  โรงพยาบาลหาดสำราญเฉลิมพระเกียรติ 80 พรรษา","0","0","0.00"
"10747  :  โรงพยาบาลพัทลุง","0","146","0.00"
"11414  :  โรงพยาบาลกงหรา","0","0","0.00"
"11415  :  โรงพยาบาลเขาชัยสน","0","0","0.00"
"11416  :  โรงพยาบาลตะโหมด","0","173","0.00"
"11417  :  โรงพยาบาลควนขนุน","0","0","0.00"
"11418  :  โรงพยาบาลปากพะยูน","0","3","0.00"
"11419  :  โรงพยาบาลศรีบรรพต","0","0","0.00"
"11420  :  โรงพยาบาลป่าบอน","0","0","0.00"
"11421  :  โรงพยาบาลบางแก้ว","0","0","0.00"
"11422  :  โรงพยาบาลป่าพะยอม","0","0","0.00"
"24673  :  โรงพยาบาลศรีนครินทร์(ปัญญานันทภิขุ)","0","0","0.00"
"10748  :  โรงพยาบาลปัตตานี","0","0","0.00"
"11423  :  โรงพยาบาลโคกโพธิ์","0","0","0.00"
"11424  :  โรงพยาบาลหนองจิก","0","0","0.00"
"11425  :  โรงพยาบาลปะนาเระ","0","0","0.00"
"11426  :  โรงพยาบาลมายอ","0","0","0.00"
"11427  :  โรงพยาบาลทุ่งยางแดง","0","0","0.00"
"11428  :  โรงพยาบาลไม้แก่น","0","0","0.00"
"11429  :  โรงพยาบาลยะหริ่ง","0","0","0.00"
"11430  :  โรงพยาบาลยะรัง","0","0","0.00"
"11431  :  โรงพยาบาลแม่ลาน","0","0","0.00"
"11460  :  โรงพยาบาลสมเด็จพระยุพราชสายบุรี","0","0","0.00"
"11464  :  โรงพยาบาลกะพ้อ","0","0","0.00"
"11529  :  โรงพยาบาลค่ายอิงคยุทธบริหาร","0","0","0.00"
"14195  :  โรงพยาบาลธัญญรักษ์ปัตตานี","0","0","0.00"
"10684  :  โรงพยาบาลยะลา","0","0","0.00"
"10749  :  โรงพยาบาลเบตง","0","0","0.00"
"11432  :  โรงพยาบาลบันนังสตา","0","0","0.00"
"11433  :  โรงพยาบาลธารโต","0","0","0.00"
"11434  :  โรงพยาบาลรามัน","0","0","0.00"
"11461  :  โรงพยาบาลสมเด็จพระยุพราชยะหา","0","0","0.00"
"12238  :  โรงพยาบาลสิโรรส","0","0","0.00"
"13806  :  โรงพยาบาลกาบัง","0","0","0.00"
"14663  :  โรงพยาบาลส่งเสริมสุขภาพ ศูนย์อนามัยที่ 12","0","0","0.00"
"24689  :  โรงพยาบาลกรงปินัง","0","0","0.00"
"10750  :  โรงพยาบาลนราธิวาสราชนครินทร์","0","0","0.00"
"10751  :  โรงพยาบาลสุไหงโก-ลก","0","0","0.00"
"11435  :  โรงพยาบาลตากใบ","0","0","0.00"
"11436  :  โรงพยาบาลบาเจาะ","0","0","0.00"
"11437  :  โรงพยาบาลระแงะ","0","0","0.00"
"11438  :  โรงพยาบาลรือเสาะ","0","0","0.00"
"11439  :  โรงพยาบาลศรีสาคร","0","0","0.00"
"11440  :  โรงพยาบาลแว้ง","0","0","0.00"
"11441  :  โรงพยาบาลสุคิริน","0","36","0.00"
"11442  :  โรงพยาบาลสุไหงปาดี","0","0","0.00"
"13818  :  โรงพยาบาลจะแนะ","0","0","0.00"
"15010  :  โรงพยาบาลเจาะไอร้อง","0","0","0.00"
"23771  :  โรงพยาบาลยี่งอเฉลิมพระเกียรติ 80 พรรษา","0","0","0.00"