"โรงพยาบาล","จำนวนผู้ป่วยที่ส่งต่อออกนอกเขตสุขภาพรายไตรมาสปี 
								2562 (A)","จำนวนผู้ป่วยที่ส่งต่อออกนอกเขตสุขภาพรายไตรมาสปี 
                                  2563 (B)","ผลการดำเนินงานในรอบปีงบประมาณ 2563 (A-B)/A*100"
"ไตรมาส 1","ไตรมาส 2","ไตรมาส 3","ไตรมาส 4","ไตรมาส 1","ไตรมาส 2","ไตรมาส 3","ไตรมาส 4","ไตรมาส 1","ไตรมาส 2","ไตรมาส 3","ไตรมาส 4"
"11468  :  ทัณฑสถานโรงพยาบาลราชทัณฑ์","0","0","0","0","0","0","0","0","0","0","0","0"
"11469  :  โรงพยาบาลเลิดสิน","0","1","0","0","0","0","1","0","0","100","0","0"
"11470  :  โรงพยาบาลนพรัตนราชธานี","9","8","4","7","12","8","5","15","-33","0","-25","-114"
"11471  :  โรงพยาบาลสงฆ์","0","0","0","0","0","0","0","0","0","0","0","0"
"11472  :  โรงพยาบาลราชวิถี","0","0","0","0","192","133","34","69","0","0","0","0"
"11477  :  โรงพยาบาลทหารผ่านศึก","0","0","0","0","0","0","0","0","0","0","0","0"
"11478  :  โรงพยาบาลสมเด็จพระปิ่นเกล้า","0","0","0","0","0","0","0","0","0","0","0","0"
"11481  :  โรงพยาบาลพระมงกุฎเกล้า","0","0","0","0","0","0","0","0","0","0","0","0"
"11482  :  โรงพยาบาลภูมิพลอดุลยเดช","0","0","0","0","0","0","0","0","0","0","0","0"
"11532  :  โรงพยาบาลสวนเบญจกิติเฉลิมพระเกียรติ84พรรษา","0","0","0","0","0","0","0","0","0","0","0","0"
"11534  :  โรงพยาบาลบุรฉัตรไชยากร (รถไฟ)","0","0","0","0","0","0","0","0","0","0","0","0"
"11535  :  คณะแพทย์ศาสตร์วชิรพยาบาล มหาวิทยาลัยกรุงเทพมหานคร","0","0","0","0","0","0","0","0","0","0","0","0"
"11536  :  โรงพยาบาลเวชการุณย์รัศมิ์","0","0","0","0","91","39","93","115","0","0","0","0"
"11537  :  โรงพยาบาลกลาง","0","1","1","1","0","0","0","0","0","100","100","100"
"11538  :  โรงพยาบาลลาดกระบังกรุงเทพมหานคร","0","0","0","0","215","212","202","73","0","0","0","0"
"11539  :  โรงพยาบาลตากสิน","0","0","0","0","0","0","0","0","0","0","0","0"
"11540  :  โรงพยาบาลหลวงพ่อทวีศักดิ์ฯ ชุตินธโร อุทิศ","0","0","0","0","12","20","16","52","0","0","0","0"
"11541  :  โรงพยาบาลเจริญกรุงประชารักษ์","0","0","0","0","1","4","2","5","0","0","0","0"
"11546  :  โรงพยาบาลบี เอ็น เอช","0","0","0","0","0","0","0","0","0","0","0","0"
"11548  :  โรงพยาบาลกรุงเทพคริสเตียน","0","0","0","0","0","0","0","0","0","0","0","0"
"11552  :  โรงพยาบาลมเหสักข์","0","0","0","0","0","0","0","0","0","0","0","0"
"11559  :  สถานพยาบาลชินเขตงามวงศ์วาน","0","0","0","0","0","0","0","0","0","0","0","0"
"11560  :  โรงพยาบาลทั่วไปขนาดใหญ่เปาโล เกษตร","0","0","0","0","0","0","0","0","0","0","0","0"
"11565  :  โรงพยาบาลรามคำแหง","0","0","0","0","0","0","0","0","0","0","0","0"
"11581  :  โรงพยาบาลผู้สูงอายุขนาดกลางกล้วยน้ำไท 2","0","0","0","0","0","0","0","0","0","0","0","0"
"11583  :  โรงพยาบาลกล้วยน้ำไท","0","0","0","0","0","0","0","0","0","0","0","0"
"11592  :  โรงพยาบาลบางนา1","0","0","0","0","0","0","0","0","0","0","0","0"
"11595  :  นวมินทร์โรงพยาบาลทั่วไปขนาดใหญ่","0","0","0","0","0","0","0","0","0","0","0","0"
"11597  :  สถาบันกัลยาณ์ราชนครินทร์","2","0","0","0","1","1","0","0","50","0","0","0"
"11600  :  โรงพยาบาลเซนต์หลุยส์","0","0","0","0","0","0","0","0","0","0","0","0"
"11603  :  โรงพยาบาลเทียนฟ้ามูลนิธิโรงพยาบาลทั่วไปขนาดกลาง","0","0","0","0","0","0","0","0","0","0","0","0"
"11607  :  โรงพยาบาลเปาโลเมโมเรียล","0","0","0","0","0","0","0","0","0","0","0","0"
"11609  :  โรงพยาบาลพญาไท 2","0","0","0","0","0","0","0","0","0","0","0","0"
"11616  :  โรงพยาบาลสมิติเวชธนบุรี","0","0","0","0","0","0","0","0","0","0","0","0"
"11621  :  โรงพยาบาลบางไผ่","0","0","0","0","0","0","0","0","0","0","0","0"
"11626  :  โรงพยาบาลคลองตัน","0","0","0","0","0","0","0","0","0","0","0","0"
"11628  :  โรงพยาบาลพระราม 9","0","0","0","0","0","0","0","0","0","0","0","0"
"11629  :  โรงพยาบาลเพชรเวช","0","0","0","0","0","0","0","0","0","0","0","0"
"11640  :  โรงพยาบาลธนบุรี 2","0","0","0","0","0","0","0","0","0","0","0","0"
"11641  :  โรงพยาบาลทั่วไปขนาดกลางโรงพยาบาลวิชัยเวช แยกไฟฉาย","0","0","0","0","0","0","0","0","0","0","0","0"
"11644  :  โรงพยาบาลเจ้าพระยา","0","0","0","0","0","0","0","0","0","0","0","0"
"11645  :  โรงพยาบาลทั่วไปขนาดใหญ่ธนบุรี","0","0","0","0","0","0","0","0","0","0","0","0"
"11656  :  โรงพยาบาลเกษมราษฎร์ บางแค","0","0","0","0","0","0","0","0","0","0","0","0"
"11661  :  โรงพยาบาลวิชัยเวช อินเตอร์เนชั่นแนล หนองแขม","0","0","0","0","0","0","0","0","0","0","0","0"
"11667  :  โรงพยาบาลประชาพัฒน์","0","0","0","0","0","0","0","0","0","0","0","0"
"11668  :  โรงพยาบาลสุขสวัสดิ์","0","0","0","0","0","0","0","0","0","0","0","0"
"11669  :  โรงพยาบาลราษฏร์บูรณะ","0","0","0","0","0","0","0","0","0","0","0","0"
"11670  :  โรงพยาบาลบางปะกอก 1","0","0","0","0","0","0","0","0","0","0","0","0"
"11676  :  โรงพยาบาลยันฮี","0","0","0","0","0","0","0","0","0","0","0","0"
"11686  :  โรงพยาบาลบางโพ","0","0","0","0","0","0","0","0","0","0","0","0"
"11687  :  โรงพยาบาลเกษมราษฎร์ประชาชื่น","0","0","0","0","0","0","0","0","0","0","0","0"
"11691  :  โรงพยาบาลวิภาวดี","0","0","0","0","0","0","0","0","0","0","0","0"
"11694  :  โรงพยาบาลจักษุรัตนิน","0","0","0","0","0","0","0","0","0","0","0","0"
"11697  :  โรงพยาบาลคามิลเลียน","0","0","0","0","0","0","0","0","0","0","0","0"
"11699  :  โรงพยาบาลบำรุงราษฎร์","0","0","0","0","0","0","0","0","0","0","0","0"
"11703  :  โรงพยาบาลแพทย์ปัญญา","0","0","0","0","0","0","0","0","0","0","0","0"
"11708  :  โรงพยาบาลบางมดโรงพยาบาลทั่วไปขนาดใหญ่","0","0","0","0","0","0","0","0","0","0","0","0"
"11715  :  โรงพยาบาลพญาไท 1","0","0","0","0","0","0","0","0","0","0","0","0"
"11721  :  โรงพยาบาลเปาโลเมโมเรียล โชคชัย 4","0","0","0","0","0","0","0","0","0","0","0","0"
"11729  :  โรงพยาบาลลาดพร้าว","0","0","0","0","0","0","0","0","0","0","0","0"
"11730  :  โรงพยาบาลไทยนครินทร์","0","0","0","0","0","0","0","0","0","0","0","0"
"11750  :  โรงพยาบาลหัวเฉียวโรงพยาบาลทั่วไปขนาดใหญ่","0","0","0","0","0","0","0","0","0","0","0","0"
"11811  :  โรงพยาบาลสมิติเวช","0","0","0","0","0","0","0","0","0","0","0","0"
"12243  :  สถาบันพัฒนาสุขภาวะเขตเมือง","0","0","0","0","0","0","0","0","0","0","0","0"
"12244  :  สถาบันจิตเวชศาสตร์สมเด็จเจ้าพระยา","0","0","0","0","0","0","0","0","0","0","0","0"
"12246  :  สถาบันราชานุกูล","0","0","0","0","0","0","0","0","0","0","0","0"
"12249  :  สถาบันโรคผิวหนัง","0","2","1","0","0","1","0","0","0","50","100","0"
"12250  :  สถาบันมะเร็งแห่งชาติ","0","0","0","0","0","0","0","0","0","0","0","0"
"12438  :  สถาบันสุขภาพเด็กแห่งชาติมหาราชินี","0","0","0","0","0","0","0","0","0","0","0","0"
"12439  :  สถาบันประสาทวิทยา","0","0","0","0","0","0","0","0","0","0","0","0"
"13756  :  โรงพยาบาลจุฬาลงกรณ์สภากาชาดไทย","0","0","0","0","0","0","0","0","0","0","0","0"
"13757  :  โรงพยาบาลเวชศาสตร์เขตร้อน มหาวิทยาลัยมหิดล","0","0","0","0","0","0","0","0","0","0","0","0"
"13814  :  โรงพยาบาลศิริราช","0","0","0","0","0","0","0","0","0","0","0","0"
"14173  :  โรงพยาบาลตำรวจ","0","0","0","0","0","0","0","0","0","0","0","0"
"14572  :  โรงพยาบาลบี.แคร์.เมดิคอลเซ็นเตอร์","0","0","0","0","0","0","0","0","0","0","0","0"
"14574  :  โรงพยาบาลพญาไท 3","0","0","0","0","0","0","0","0","0","0","0","0"
"14577  :  โรงพยาบาลวิภาราม","0","0","0","0","0","0","0","0","0","0","0","0"
"14641  :  โรงพยาบาลราชพิพัฒน์","0","0","0","0","33","15","23","0","0","0","0","0"
"14908  :  โรงพยาบาลการุญเวช สุขาภิบาล3","0","0","0","0","0","0","0","0","0","0","0","0"
"15049  :  โรงพยาบาลสิรินธร","0","0","0","0","36","31","40","55","0","0","0","0"
"15147  :  โรงพยาบาลบางปะกอก 8 โรงพยาบาลทั่วไปขนาดใหญ่","0","0","0","0","0","0","0","0","0","0","0","0"
"21673  :  โรงพยาบาลซีจีเอช สายไหม โรงพยาบาลทั่วไปขนาดใหญ่","0","0","0","0","0","0","0","0","0","0","0","0"
"22155  :  โรงพยาบาลครู","0","0","0","0","0","0","0","0","0","0","0","0"
"22737  :  โรงพยาบาลจุฬาภรณ์","0","0","0","0","0","0","0","0","0","0","0","0"
"23762  :  โรงพยาบาลนวุติสมเด็จย่า","0","0","0","0","0","0","0","0","0","0","0","0"
"23781  :  นวมินทร์ 9โรงพยาบาลทั่วไปขนาดใหญ่","0","0","0","0","0","0","0","0","0","0","0","0"
"23783  :  โรงพยาบาลเสรีรักษ์","0","0","0","0","0","0","0","0","0","0","0","0"
"24085  :  สถาบันวิจัยการแพทย์แผนไทย","0","0","0","0","0","0","0","0","0","0","0","0"
"24748  :  โรงพยาบาลศิริราช ปิยมหาราชการุณย์","0","0","0","0","0","0","0","0","0","0","0","0"
"25015  :  โรงพยาบาลทั่วไปขนาดใหญ่มิตรประชา","0","0","0","0","0","0","0","0","0","0","0","0"
"25060  :  โรงพยาบาลผู้สูงอายุบางขุนเทียน","0","0","0","0","0","0","0","0","0","0","0","0"
"41329  :  โรงพยาบาลเฉพาะประเภทผู้ป่วยสูงอายุ เฌ้อสเซอรี่โฮมขนาดเล็ก","0","0","0","0","0","0","0","0","0","0","0","0"
"41414  :  โรงพยาบาลทหารอากาศ (สีกัน)","0","0","0","0","0","0","0","0","0","0","0","0"
"77665  :  โรงพยาบาลการแพทย์แผนไทยและการแพทย์ผสมผสาน","0","0","0","0","0","0","0","0","0","0","0","0"
"10685  :  โรงพยาบาลสมุทรปราการ","0","0","0","0","0","734","526","602","0","0","0","0"
"10752  :  โรงพยาบาลบางบ่อ","0","0","0","0","0","0","0","0","0","0","0","0"
"10753  :  โรงพยาบาลบางพลี","209","86","117","284","420","219","110","187","-101","-155","6","34"
"10754  :  โรงพยาบาลบางจาก","812","797","744","827","745","737","644","446","8","8","13","46"
"10755  :  โรงพยาบาลพระสมุทรเจดีย์สวาทยานนท์","625","601","610","615","569","577","522","340","9","4","14","45"
"11769  :  โรงพยาบาลเซ็นทรัลปาร์ค","357","420","378","376","329","413","222","273","8","2","41","27"
"11775  :  โรงพยาบาลเมืองสมุทรปู่เจ้าสมิงพราย","0","0","0","0","0","0","0","0","0","0","0","0"
"12251  :  โรงพยาบาลยุวประสาทไวทโยปถัมภ์","0","0","0","0","0","0","0","0","0","0","0","0"
"15138  :  โรงพยาบาลเมืองสมุทรบางปูโรงพยาบาลทั่วไปขนาดเล็ก","0","0","0","0","0","0","0","0","0","0","0","0"
"28785  :  โรงพยาบาลบางเสาธง","99","113","68","107","135","144","103","164","-36","-27","-51","-53"
"10686  :  โรงพยาบาลพระนั่งเกล้า","96","85","84","176","353","489","224","315","-268","-475","-167","-79"
"10756  :  โรงพยาบาลบางกรวย","86","80","101","110","105","117","101","82","-22","-46","0","25"
"10757  :  โรงพยาบาลบางใหญ่","0","0","0","0","0","0","0","0","0","0","0","0"
"10758  :  โรงพยาบาลบางบัวทอง","276","262","253","220","273","274","266","133","1","-5","-5","40"
"10759  :  โรงพยาบาลไทรน้อย","158","169","166","195","187","178","191","140","-18","-5","-15","28"
"10760  :  โรงพยาบาลปากเกร็ด","0","0","0","0","0","0","0","0","0","0","0","0"
"11781  :  โรงพยาบาลนนทเวช","0","0","0","0","0","0","0","0","0","0","0","0"
"11786  :  โรงพยาบาลอนันต์พัฒนา 2","0","0","0","0","0","0","0","0","0","0","0","0"
"11787  :  โรงพยาบาลเกษมราษฎร์อินเตอร์เนชั่นแนล รัตนาธิเบศร์โรงพยาบาลทั่วไปขนาดใหญ่","0","0","0","0","0","0","0","0","0","0","0","0"
"12256  :  สถาบันโรคทรวงอก","0","0","0","0","0","0","1","0","0","0","0","0"
"12257  :  สถาบันบำราศนราดูร","0","0","0","0","0","0","0","0","0","0","0","0"
"12258  :  สถาบันสิรินธรเพื่อการฟื้นฟูสมรรถภาพทางการแพทย์แห่งชาติ","0","0","0","0","0","0","0","0","0","0","0","0"
"12260  :  โรงพยาบาลศรีธัญญา","15","15","17","15","16","25","12","24","-7","-67","29","-60"
"13815  :  ศูนย์การแพทย์ปัญญานันทภิกขุ ชลประทาน มหาวิทยาลัยศรีนครินทรวิโรฒ","0","0","0","0","0","0","0","0","0","0","0","0"
"22127  :  โรงพยาบาลชลลดา","0","0","0","0","0","0","0","0","0","0","0","0"
"28875  :  โรงพยาบาลบางบัวทอง ๒","0","0","0","0","0","0","0","0","0","0","0","0"
"10687  :  โรงพยาบาลปทุมธานี","904","717","661","672","743","702","453","692","18","2","31","-3"
"10761  :  โรงพยาบาลคลองหลวง","19","25","34","35","14","17","24","16","26","32","29","54"
"10762  :  โรงพยาบาลธัญบุรี","0","0","0","0","0","3","25","19","0","0","0","0"
"10763  :  โรงพยาบาลประชาธิปัตย์","63","53","49","45","51","35","13","35","19","34","73","22"
"10764  :  โรงพยาบาลหนองเสือ","7","14","11","3","13","10","3","1","-86","29","73","67"
"10765  :  โรงพยาบาลลาดหลุมแก้ว","12","20","11","19","10","7","3","11","17","65","73","42"
"10766  :  โรงพยาบาลลำลูกกา","0","0","0","0","15","16","9","8","0","0","0","0"
"10767  :  โรงพยาบาลสามโคก","0","0","0","0","0","0","0","0","0","0","0","0"
"12262  :  สถาบันบำบัดรักษาและฟื้นฟูผู้ติดยาเสพติดแห่งชาติบรมราชชนนี","0","0","0","0","0","0","0","0","0","0","0","0"
"14923  :  โรงพยาบาลมหาวชิราลงกรณ ธัญบุรี","0","0","0","0","0","0","2","0","0","0","0","0"
"10660  :  โรงพยาบาลพระนครศรีอยุธยา","1,128","675","505","1,031","1,083","767","269","1,079","4","-14","47","-5"
"10688  :  โรงพยาบาลเสนา","86","109","132","130","48","13","14","21","44","88","89","84"
"10768  :  โรงพยาบาลท่าเรือ","12","9","8","9","6","3","4","3","50","67","50","67"
"10769  :  โรงพยาบาลสมเด็จพระสังฆราชเจ้า กรมหลวงชินวราลงกรณ (วาสนมหาเถร)","25","7","2","14","14","13","7","1","44","-86","-250","93"
"10770  :  โรงพยาบาลบางไทร","90","55","32","38","97","41","20","74","-8","25","38","-95"
"10771  :  โรงพยาบาลบางบาล","17","8","2","19","18","11","1","0","-6","-38","50","100"
"10772  :  โรงพยาบาลบางปะอิน","255","80","44","90","104","5","2","5","59","94","95","94"
"10773  :  โรงพยาบาลบางปะหัน","48","9","12","18","0","0","0","0","100","100","100","100"
"10774  :  โรงพยาบาลผักไห่","83","47","31","62","57","34","27","45","31","28","13","27"
"10775  :  โรงพยาบาลภาชี","90","19","6","30","91","22","12","36","-1","-16","-100","-20"
"10776  :  โรงพยาบาลลาดบัวหลวง","42","22","16","4","0","1","2","0","100","95","88","100"
"10777  :  โรงพยาบาลวังน้อย","156","56","20","26","118","2","0","2","24","96","100","92"
"10778  :  โรงพยาบาลบางซ้าย","1","1","0","1","1","1","0","0","0","0","0","100"
"10779  :  โรงพยาบาลอุทัย","102","47","16","84","68","19","8","95","33","60","50","-13"
"10780  :  โรงพยาบาลมหาราช","41","8","10","5","1","0","0","0","98","100","100","100"
"10781  :  โรงพยาบาลบ้านแพรก","0","18","13","3","0","8","1","0","0","56","92","100"
"10689  :  โรงพยาบาลอ่างทอง","4","12","9","5","9","10","5","8","-125","17","44","-60"
"10782  :  โรงพยาบาลไชโย","31","15","9","20","35","10","4","12","-13","33","56","40"
"10784  :  โรงพยาบาลป่าโมก","17","18","9","6","3","4","3","7","82","78","67","-17"
"10785  :  โรงพยาบาลโพธิ์ทอง","187","79","59","70","159","77","37","51","15","3","37","27"
"10786  :  โรงพยาบาลแสวงหา","28","9","5","15","48","20","5","7","-71","-122","0","53"
"10787  :  โรงพยาบาลวิเศษชัยชาญ","0","0","0","0","0","0","0","0","0","0","0","0"
"10788  :  โรงพยาบาลสามโก้","0","0","0","0","0","0","0","0","0","0","0","0"
"10690  :  โรงพยาบาลพระนารายณ์มหาราช","0","0","0","0","0","0","0","0","0","0","0","0"
"10691  :  โรงพยาบาลบ้านหมี่","0","0","0","0","0","0","0","0","0","0","0","0"
"10789  :  โรงพยาบาลพัฒนานิคม","35","10","7","3","10","3","0","3","71","70","100","0"
"10790  :  โรงพยาบาลโคกสำโรง","0","0","1","2","0","3","0","0","0","0","100","100"
"10791  :  โรงพยาบาลชัยบาดาล","0","0","0","0","0","0","0","0","0","0","0","0"
"10792  :  โรงพยาบาลท่าวุ้ง","0","0","0","0","0","0","0","0","0","0","0","0"
"10793  :  โรงพยาบาลท่าหลวง","0","0","9","71","60","56","30","45","0","0","-233","37"
"10794  :  โรงพยาบาลสระโบสถ์","0","0","0","0","0","0","0","0","0","0","0","0"
"10795  :  โรงพยาบาลโคกเจริญ","48","12","6","17","29","16","7","13","40","-33","-17","24"
"10796  :  โรงพยาบาลลำสนธิ","0","0","0","0","0","0","0","0","0","0","0","0"
"10797  :  โรงพยาบาลหนองม่วง","0","0","0","0","0","0","0","0","0","0","0","0"
"14199  :  โรงพยาบาลมะเร็งลพบุรี","0","0","0","0","0","0","0","0","0","0","0","0"
"14928  :  โรงพยาบาลกองบิน 2","0","0","0","0","0","0","0","0","0","0","0","0"
"10692  :  โรงพยาบาลสิงห์บุรี","238","165","108","246","259","165","100","231","-9","0","7","6"
"10693  :  โรงพยาบาลอินทร์บุรี","28","23","16","23","16","38","24","31","43","-65","-50","-35"
"10798  :  โรงพยาบาลบางระจัน","73","66","54","49","41","62","50","92","44","6","7","-88"
"10799  :  โรงพยาบาลค่ายบางระจัน","14","14","10","5","2","4","3","5","86","71","70","0"
"10800  :  โรงพยาบาลพรหมบุรี","16","6","12","19","31","8","4","7","-94","-33","67","63"
"10801  :  โรงพยาบาลท่าช้าง","14","13","3","14","31","13","9","14","-121","0","-200","0"
"10694  :  โรงพยาบาลชัยนาทนเรนทร","500","419","178","97","115","104","74","108","77","75","58","-11"
"10802  :  โรงพยาบาลมโนรมย์","26","40","32","94","85","90","50","60","-227","-125","-56","36"
"10803  :  โรงพยาบาลวัดสิงห์","159","152","105","99","98","101","84","95","38","34","20","4"
"10804  :  โรงพยาบาลสรรพยา","137","180","176","166","179","173","142","120","-31","4","19","28"
"10805  :  โรงพยาบาลสรรคบุรี","6","8","4","8","12","6","18","11","-100","25","-350","-38"
"10806  :  โรงพยาบาลหันคา","326","321","342","305","304","300","239","211","7","7","30","31"
"27974  :  โรงพยาบาลหนองมะโมง","0","2","0","0","0","0","0","0","0","100","0","0"
"27975  :  โรงพยาบาลเนินขาม","75","68","69","74","78","76","54","58","-4","-12","22","22"
"10661  :  โรงพยาบาลสระบุรี","175","188","168","186","171","165","96","119","2","12","43","36"
"10695  :  โรงพยาบาลพระพุทธบาท","29","0","0","0","0","0","0","0","100","0","0","0"
"10807  :  โรงพยาบาลแก่งคอย","0","0","0","0","0","0","0","0","0","0","0","0"
"10808  :  โรงพยาบาลหนองแค","0","0","0","0","0","0","0","0","0","0","0","0"
"10809  :  โรงพยาบาลวิหารแดง","3","1","0","2","1","1","3","2","67","0","0","0"
"10810  :  โรงพยาบาลหนองแซง","0","0","0","0","0","0","0","0","0","0","0","0"
"10811  :  โรงพยาบาลบ้านหมอ","0","1","1","2","1","1","1","0","0","0","0","100"
"10812  :  โรงพยาบาลดอนพุด","0","0","0","0","0","0","0","0","0","0","0","0"
"10813  :  โรงพยาบาลหนองโดน","0","0","0","0","0","0","0","0","0","0","0","0"
"10814  :  โรงพยาบาลเสาไห้เฉลิมพระเกียรติ80พรรษา","1","2","0","1","1","0","1","1","0","100","0","0"
"10815  :  โรงพยาบาลมวกเหล็ก","39","36","38","41","39","35","22","35","0","3","42","15"
"10816  :  โรงพยาบาลวังม่วงสัทธรรม","1","0","0","0","2","1","0","3","-100","0","0","0"
"11485  :  โรงพยาบาลค่ายอดิศร","0","0","0","0","0","0","0","0","0","0","0","0"
"10662  :  โรงพยาบาลชลบุรี","207","198","193","221","260","278","195","265","-26","-40","-1","-20"
"10817  :  โรงพยาบาลบ้านบึง","117","74","94","117","117","110","90","112","0","-49","4","4"
"10818  :  โรงพยาบาลหนองใหญ่","1","2","2","2","0","1","4","1","100","50","-100","50"
"10819  :  โรงพยาบาลบางละมุง","314","285","270","286","305","265","203","196","3","7","25","31"
"10820  :  โรงพยาบาลวัดญาณสังวราราม","2","3","1","3","1","3","1","0","50","0","0","100"
"10821  :  โรงพยาบาลพานทอง","84","36","20","46","71","32","11","55","15","11","45","-20"
"10822  :  โรงพยาบาลพนัสนิคม","175","151","173","133","158","144","127","157","10","5","27","-18"
"10823  :  โรงพยาบาลแหลมฉบัง","30","10","16","21","31","26","12","28","-3","-160","25","-33"
"10824  :  โรงพยาบาลเกาะสีชัง","5","2","6","4","8","5","3","5","-60","-150","50","-25"
"10825  :  โรงพยาบาลสัตหีบกม10","184","81","40","64","96","70","49","56","48","14","-23","13"
"10826  :  โรงพยาบาลบ่อทอง","3","6","8","6","7","10","8","6","-133","-67","0","0"
"11486  :  โรงพยาบาลค่ายนวมินทราชินี","4","1","0","0","4","0","0","0","0","100","0","0"
"11487  :  โรงพยาบาลอาภากรเกียรติวงศ์","0","0","0","0","0","0","0","0","0","0","0","0"
"13754  :  โรงพยาบาลสมเด็จพระบรมราชเทวี ณ ศรีราชา","1","0","0","1","0","1","0","3","100","0","0","-200"
"13758  :  โรงพยาบาลสมเด็จพระนางเจ้าสิริกิติ์","0","0","0","0","0","0","0","0","0","0","0","0"
"13760  :  โรงพยาบาลมะเร็งชลบุรี","0","0","0","0","0","0","0","0","0","0","0","0"
"13766  :  โรงพยาบาลมหาวิทยาลัยบูรพา","21","22","36","21","34","30","26","15","-62","-36","28","29"
"28005  :  โรงพยาบาลเมืองพัทยา","0","0","0","0","0","0","0","0","0","0","0","0"
"28006  :  โรงพยาบาลเกาะจันทร์","12","18","14","18","16","7","18","15","-33","61","-29","17"
"10663  :  โรงพยาบาลระยอง","340","143","68","71","77","97","50","82","77","32","26","-15"
"10827  :  โรงพยาบาลเฉลิมพระเกียรติสมเด็จพระเทพรัตนราชสุดาฯ สยามบรมราชกุมารี ระยอง","83","46","34","73","84","32","17","65","-1","30","50","11"
"10828  :  โรงพยาบาลบ้านฉาง","102","55","66","47","64","56","32","37","37","-2","52","21"
"10829  :  โรงพยาบาลแกลง","281","67","36","75","236","86","27","96","16","-28","25","-28"
"10830  :  โรงพยาบาลวังจันทร์","68","24","13","21","70","19","8","17","-3","21","38","19"
"10831  :  โรงพยาบาลบ้านค่าย","120","40","22","43","112","28","7","42","7","30","68","2"
"10832  :  โรงพยาบาลปลวกแดง","102","34","21","25","89","31","15","21","13","9","29","16"
"22734  :  โรงพยาบาลเขาชะเมา เฉลิมพระเกียรติ 80 พรรษา","41","14","11","18","42","16","19","14","-2","-14","-73","22"
"23962  :  โรงพยาบาลนิคมพัฒนา","58","16","11","27","52","15","3","47","10","6","73","-74"
"10664  :  โรงพยาบาลพระปกเกล้า","1","0","0","0","28","318","20","243","-2,700","0","0","0"
"10834  :  โรงพยาบาลขลุง","0","0","0","0","6","15","7","6","0","0","0","0"
"10835  :  โรงพยาบาลท่าใหม่","0","0","0","0","4","2","2","1","0","0","0","0"
"10836  :  โรงพยาบาลเขาสุกิม","0","3","6","8","2","4","6","1","0","-33","0","88"
"10837  :  โรงพยาบาลสองพี่น้อง","0","0","0","0","23","4","2","4","0","0","0","0"
"10838  :  โรงพยาบาลโป่งน้ำร้อน","0","0","0","0","0","0","0","0","0","0","0","0"
"10839  :  โรงพยาบาลมะขาม","3","4","8","5","3","3","4","3","0","25","50","40"
"10840  :  โรงพยาบาลแหลมสิงห์","34","29","31","25","32","31","20","30","6","-7","35","-20"
"10841  :  โรงพยาบาลสอยดาว","3","17","4","9","1","11","8","9","67","35","-100","0"
"10842  :  โรงพยาบาลแก่งหางแมว","0","0","0","0","0","0","0","0","0","0","0","0"
"10843  :  โรงพยาบาลนายายอาม","0","0","0","0","0","1","4","4","0","0","0","0"
"10844  :  โรงพยาบาลเขาคิชฌกูฏ","2","1","5","1","0","5","4","1","100","-400","20","0"
"10696  :  โรงพยาบาลตราด","51","65","68","64","72","57","25","51","-41","12","63","20"
"10845  :  โรงพยาบาลคลองใหญ่","35","29","27","28","32","31","17","24","9","-7","37","14"
"10846  :  โรงพยาบาลเขาสมิง","9","14","13","16","19","7","1","9","-111","50","92","44"
"10847  :  โรงพยาบาลบ่อไร่","33","29","34","41","32","29","17","23","3","0","50","44"
"10848  :  โรงพยาบาลแหลมงอบ","29","30","23","26","38","34","12","11","-31","-13","48","58"
"10849  :  โรงพยาบาลเกาะกูด","0","0","1","0","0","0","0","0","0","0","100","0"
"13816  :  โรงพยาบาลเกาะช้าง","6","9","7","9","6","5","2","6","0","44","71","33"
"10697  :  โรงพยาบาลพุทธโสธร","83","44","34","104","92","29","19","17","-11","34","44","84"
"10833  :  โรงพยาบาลท่าตะเกียบ","52","53","67","58","67","44","46","36","-29","17","31","38"
"10850  :  โรงพยาบาลบางคล้า","57","104","94","61","50","60","65","62","12","42","31","-2"
"10851  :  โรงพยาบาลบางน้ำเปรี้ยว","0","0","0","0","0","0","0","0","0","0","0","0"
"10852  :  โรงพยาบาลบางปะกง","88","101","75","90","100","109","74","58","-14","-8","1","36"
"10853  :  โรงพยาบาลบ้านโพธิ์","4","8","13","10","5","11","6","2","-25","-38","54","80"
"10854  :  โรงพยาบาลพนมสารคาม","33","21","18","20","16","18","140","143","52","14","-678","-615"
"10855  :  โรงพยาบาลสนามชัยเขต","4","7","2","6","9","26","14","7","-125","-271","-600","-17"
"10856  :  โรงพยาบาลแปลงยาว","1","11","15","25","13","16","14","12","-1,200","-45","7","52"
"13747  :  โรงพยาบาลราชสาส์น","21","13","23","21","23","13","14","18","-10","0","39","14"
"31327  :  โรงพยาบาลคลองเขื่อน","16","16","24","9","2","16","28","34","88","0","-17","-278"
"10665  :  โรงพยาบาลเจ้าพระยาอภัยภูเบศร","0","0","0","0","0","0","0","0","0","0","0","0"
"10857  :  โรงพยาบาลกบินทร์บุรี","192","194","214","209","187","200","182","192","3","-3","15","8"
"10858  :  โรงพยาบาลนาดี","88","175","253","233","232","247","178","123","-164","-41","30","47"
"10859  :  โรงพยาบาลบ้านสร้าง","180","164","185","181","188","166","151","132","-4","-1","18","27"
"10860  :  โรงพยาบาลประจันตคาม","14","12","21","15","13","9","9","15","7","25","57","0"
"10861  :  โรงพยาบาลศรีมหาโพธิ","140","103","124","91","96","85","78","88","31","17","37","3"
"10862  :  โรงพยาบาลศรีมโหสถ","88","76","45","63","81","62","66","24","8","18","-47","62"
"11490  :  โรงพยาบาลค่ายจักรพงษ์","0","2","0","1","0","0","0","0","0","100","0","100"
"10698  :  โรงพยาบาลนครนายก","2","0","1","5","6","6","1","1","-200","0","0","80"
"10863  :  โรงพยาบาลปากพลี","102","34","30","40","99","49","17","33","3","-44","43","18"
"10864  :  โรงพยาบาลบ้านนา","183","98","77","76","152","98","73","99","17","0","5","-30"
"10865  :  โรงพยาบาลองครักษ์","178","79","53","80","200","75","44","53","-12","5","17","34"
"11491  :  โรงพยาบาลรร.นายร้อยพระจุลจอมเกล้า","0","0","0","0","0","0","0","0","0","0","0","0"
"14904  :  โรงพยาบาลศูนย์การแพทย์สมเด็จพระเทพรัตนราชสุดาฯ","0","0","0","0","2","4","25","141","0","0","0","0"
"10699  :  โรงพยาบาลสมเด็จพระยุพราชสระแก้ว","576","359","308","429","535","399","261","319","7","-11","15","26"
"10866  :  โรงพยาบาลคลองหาด","4","6","5","2","8","11","3","4","-100","-83","40","-100"
"10867  :  โรงพยาบาลตาพระยา","80","42","24","40","92","36","14","40","-15","14","42","0"
"10868  :  โรงพยาบาลวังน้ำเย็น","111","49","23","31","113","34","13","38","-2","31","43","-23"
"10869  :  โรงพยาบาลวัฒนานคร","171","60","49","46","162","54","25","36","5","10","49","22"
"10870  :  โรงพยาบาลอรัญประเทศ","360","167","155","166","352","106","81","187","2","37","48","-13"
"13817  :  โรงพยาบาลเขาฉกรรจ์","27","15","20","21","56","19","9","12","-107","-27","55","43"
"14717  :  โรงพยาบาลจิตเวชสระแก้วราชนครินทร์","0","0","0","0","0","1","0","0","0","0","0","0"
"10666  :  โรงพยาบาลมหาราชนครราชสีมา","4","3","4","10","5","2","3","5","-25","33","25","50"
"10871  :  โรงพยาบาลครบุรี","0","0","0","0","0","0","0","0","0","0","0","0"
"10872  :  โรงพยาบาลเสิงสาง","3","7","5","5","5","8","1","2","-67","-14","80","60"
"10873  :  โรงพยาบาลคง","0","0","0","0","51","28","8","21","0","0","0","0"
"10874  :  โรงพยาบาลบ้านเหลื่อม","7","8","1","11","10","1","1","2","-43","88","0","82"
"10875  :  โรงพยาบาลจักราช","0","0","0","0","0","0","0","0","0","0","0","0"
"10876  :  โรงพยาบาลโชคชัย","0","0","0","0","0","0","0","0","0","0","0","0"
"10877  :  โรงพยาบาลด่านขุนทด","2","2","2","1","2","3","2","2","0","-50","0","-100"
"10878  :  โรงพยาบาลโนนไทย","7","5","4","7","3","1","3","5","57","80","25","29"
"10879  :  โรงพยาบาลโนนสูง","0","0","0","0","0","0","0","0","0","0","0","0"
"10880  :  โรงพยาบาลขามสะแกแสง","0","0","0","0","0","0","0","0","0","0","0","0"
"10881  :  โรงพยาบาลบัวใหญ่","0","0","0","0","0","0","0","0","0","0","0","0"
"10882  :  โรงพยาบาลประทาย","0","0","0","0","0","0","0","0","0","0","0","0"
"10883  :  โรงพยาบาลปักธงชัย","10","4","0","2","4","5","2","3","60","-25","0","-50"
"10884  :  โรงพยาบาลพิมาย","0","0","0","0","24","0","8","14","0","0","0","0"
"10885  :  โรงพยาบาลห้วยแถลง","0","0","0","0","0","0","0","0","0","0","0","0"
"10886  :  โรงพยาบาลชุมพวง","0","0","0","0","0","0","0","0","0","0","0","0"
"10887  :  โรงพยาบาลสูงเนิน","0","0","0","0","0","0","0","0","0","0","0","0"
"10888  :  โรงพยาบาลขามทะเลสอ","0","1","0","0","0","0","0","0","0","100","0","0"
"10889  :  โรงพยาบาลสีคิ้ว","0","0","0","0","0","0","0","0","0","0","0","0"
"10890  :  โรงพยาบาลปากช่องนานา","0","0","0","0","0","0","0","0","0","0","0","0"
"10891  :  โรงพยาบาลหนองบุญมาก","0","0","0","0","0","0","0","0","0","0","0","0"
"10892  :  โรงพยาบาลแก้งสนามนาง","0","0","0","0","0","0","0","0","0","0","0","0"
"10893  :  โรงพยาบาลโนนแดง","0","0","0","0","0","0","0","0","0","0","0","0"
"10894  :  โรงพยาบาลวังน้ำเขียว","0","0","0","0","0","0","0","0","0","0","0","0"
"11492  :  โรงพยาบาลค่ายสุรนารี นครราชสีมา","22","18","17","14","14","17","17","10","36","6","0","29"
"11602  :  โรงพยาบาลเฉลิมพระเกียรติสมเด็จย่า 100 ปี","3","5","5","4","1","3","3","5","67","40","40","-25"
"11608  :  โรงพยาบาลลำทะเมนชัย","0","0","0","0","0","0","0","0","0","0","0","0"
"11885  :  โรงพยาบาลเดอะโกลเดนเกท","0","0","0","0","0","0","0","0","0","0","0","0"
"11891  :  โรงพยาบาลราชสีมาฮอสพิทอล","0","0","0","0","0","0","0","0","0","0","0","0"
"12267  :  ศูนย์อนามัยที่ 9 นครราชสีมา","0","0","0","0","0","0","0","0","0","0","0","0"
"12268  :  โรงพยาบาลจิตเวชนครราชสีมาราชนครินทร์","0","0","0","0","0","0","0","0","0","0","0","0"
"14161  :  โรงพยาบาลกองบิน กองบิน1","0","0","0","0","1","0","0","0","0","0","0","0"
"22456  :  โรงพยาบาลพระทองคำ เฉลิมพระเกียรติ 80 พรรษา","0","0","0","0","0","0","0","0","0","0","0","0"
"23839  :  โรงพยาบาลเทพรัตน์นครราชสีมา","4","8","6","7","4","5","9","3","0","38","-50","57"
"24060  :  โรงพยาบาลมหาวิทยาลัยเทคโนโลยีสุรนารี","0","0","0","0","0","0","0","0","0","0","0","0"
"24692  :  โรงพยาบาลเฉลิมพระเกียรติ","6","4","2","8","10","3","4","3","-67","25","-100","63"
"27839  :  โรงพยาบาลบัวลาย","0","0","0","0","0","0","0","0","0","0","0","0"
"27840  :  โรงพยาบาลสีดา","0","0","0","0","0","0","0","0","0","0","0","0"
"27841  :  โรงพยาบาลเทพารักษ์","0","0","0","0","0","0","0","0","0","0","0","0"
"10667  :  โรงพยาบาลบุรีรัมย์","0","0","0","0","15","14","12","7","0","0","0","0"
"10895  :  โรงพยาบาลคูเมือง","0","0","0","0","0","0","0","0","0","0","0","0"
"10896  :  โรงพยาบาลกระสัง","0","0","0","0","0","0","0","0","0","0","0","0"
"10897  :  โรงพยาบาลนางรอง","0","0","0","0","0","0","0","0","0","0","0","0"
"10898  :  โรงพยาบาลหนองกี่","0","0","0","0","0","0","0","0","0","0","0","0"
"10899  :  โรงพยาบาลละหานทราย","0","0","0","0","0","0","0","0","0","0","0","0"
"10900  :  โรงพยาบาลประโคนชัย","0","0","0","0","0","0","0","0","0","0","0","0"
"10901  :  โรงพยาบาลบ้านกรวด","0","0","0","0","0","0","0","0","0","0","0","0"
"10902  :  โรงพยาบาลพุทไธสง","0","0","0","0","0","0","0","0","0","0","0","0"
"10904  :  โรงพยาบาลลำปลายมาศ","0","0","0","0","0","0","0","0","0","0","0","0"
"10905  :  โรงพยาบาลสตึก","66","56","75","69","84","84","55","77","-27","-50","27","-12"
"10906  :  โรงพยาบาลปะคำ","14","10","8","10","7","14","4","8","50","-40","50","20"
"10907  :  โรงพยาบาลนาโพธิ์","0","0","0","0","0","0","0","0","0","0","0","0"
"10908  :  โรงพยาบาลหนองหงส์","2","3","4","1","2","2","1","2","0","33","75","-100"
"10909  :  โรงพยาบาลพลับพลาชัย","0","0","0","0","0","0","0","0","0","0","0","0"
"10910  :  โรงพยาบาลห้วยราช","0","0","0","0","0","0","0","0","0","0","0","0"
"10911  :  โรงพยาบาลโนนสุวรรณ","0","0","0","0","0","0","0","0","0","0","0","0"
"10912  :  โรงพยาบาลชำนิ","0","0","0","0","0","0","0","0","0","0","0","0"
"10913  :  โรงพยาบาลบ้านใหม่ไชยพจน์","0","0","0","0","0","0","0","0","0","0","0","0"
"10914  :  โรงพยาบาลโนนดินแดง","0","0","0","0","0","0","0","0","0","0","0","0"
"11493  :  โรงพยาบาลค่ายสมเด็จเจ้าพระยามหากษัตริย์ศึก","0","0","0","0","0","0","0","0","0","0","0","0"
"11619  :  โรงพยาบาลเฉลิมพระเกียรติ","0","0","0","0","0","0","0","0","0","0","0","0"
"23578  :  โรงพยาบาลแคนดง","18","15","21","11","16","11","17","12","11","27","19","-9"
"28020  :  โรงพยาบาลบ้านด่าน","0","0","0","0","0","0","0","0","0","0","0","0"
"10668  :  โรงพยาบาลสุรินทร์","13","68","43","118","144","113","83","76","-1,008","-66","-93","36"
"10915  :  โรงพยาบาลชุมพลบุรี","0","0","0","0","0","0","0","0","0","0","0","0"
"10916  :  โรงพยาบาลท่าตูม","0","0","0","0","0","0","0","0","0","0","0","0"
"10917  :  โรงพยาบาลจอมพระ","0","1","0","1","0","0","0","0","0","100","0","100"
"10918  :  โรงพยาบาลปราสาท","0","0","0","0","0","1","1","2","0","0","0","0"
"10919  :  โรงพยาบาลกาบเชิง","0","0","0","0","0","0","0","0","0","0","0","0"
"10920  :  โรงพยาบาลรัตนบุรี","1","1","1","1","0","1","0","0","100","0","100","100"
"10921  :  โรงพยาบาลสนม","0","0","0","0","0","0","1","0","0","0","0","0"
"10922  :  โรงพยาบาลศีขรภูมิ","0","0","0","0","0","0","0","0","0","0","0","0"
"10923  :  โรงพยาบาลสังขะ","8","10","7","2","4","3","2","3","50","70","71","-50"
"10924  :  โรงพยาบาลลำดวน","0","0","0","0","0","0","0","0","0","0","0","0"
"10925  :  โรงพยาบาลสำโรงทาบ","0","0","0","0","0","0","0","0","0","0","0","0"
"10926  :  โรงพยาบาลบัวเชด","0","0","2","1","0","0","0","1","0","0","100","0"
"11494  :  โรงพยาบาลค่ายวีรวัฒน์โยธิน","0","0","0","0","0","0","0","0","0","0","0","0"
"22302  :  โรงพยาบาลพนมดงรัก เฉลิมพระเกียรติ 80 พรรษา","0","0","0","0","0","0","0","0","0","0","0","0"
"27842  :  โรงพยาบาลเขวาสินรินทร์","4","1","3","3","1","1","0","1","75","0","100","67"
"27843  :  โรงพยาบาลศรีณรงค์","0","0","0","0","0","0","0","0","0","0","0","0"
"27844  :  โรงพยาบาลโนนนารายณ์","0","0","0","0","0","0","0","0","0","0","0","0"
"10700  :  โรงพยาบาลศรีสะเกษ","216","161","151","182","163","191","129","155","25","-19","15","15"
"10927  :  โรงพยาบาลยางชุมน้อย","2","6","11","5","8","10","5","8","-300","-67","55","-60"
"10928  :  โรงพยาบาลกันทรารมย์","29","12","14","11","11","8","5","9","62","33","64","18"
"10929  :  โรงพยาบาลกันทรลักษ์","29","25","16","22","33","18","16","20","-14","28","0","9"
"10930  :  โรงพยาบาลขุขันธ์","0","0","0","0","0","0","0","0","0","0","0","0"
"10931  :  โรงพยาบาลไพรบึง","6","6","6","2","2","2","2","0","67","67","67","100"
"10932  :  โรงพยาบาลปรางค์กู่","3","1","1","7","8","8","11","7","-167","-700","-1,000","0"
"10933  :  โรงพยาบาลขุนหาญ","18","10","10","11","13","10","9","9","28","0","10","18"
"10934  :  โรงพยาบาลราษีไศล","7","8","15","19","4","7","15","3","43","13","0","84"
"10935  :  โรงพยาบาลอุทุมพรพิสัย","69","45","41","32","71","52","38","37","-3","-16","7","-16"
"10936  :  โรงพยาบาลบึงบูรพ์","34","32","25","29","38","31","23","33","-12","3","8","-14"
"10937  :  โรงพยาบาลห้วยทับทัน","26","25","18","17","11","13","8","5","58","48","56","71"
"10938  :  โรงพยาบาลโนนคูณ","11","10","4","1","5","5","4","3","55","50","0","-200"
"10939  :  โรงพยาบาลศรีรัตนะ","27","23","16","8","27","11","7","12","0","52","56","-50"
"10940  :  โรงพยาบาลวังหิน","26","35","22","18","21","19","9","11","19","46","59","39"
"10941  :  โรงพยาบาลน้ำเกลี้ยง","14","12","9","8","9","9","3","7","36","25","67","13"
"10942  :  โรงพยาบาลภูสิงห์","11","7","15","12","19","10","5","7","-73","-43","67","42"
"10943  :  โรงพยาบาลเมืองจันทร์","4","3","2","4","4","6","6","2","0","-100","-200","50"
"23125  :  โรงพยาบาลเบญจลักษ์เฉลิมพระเกียรติ 80 พรรษา","5","5","8","6","8","10","3","4","-60","-100","63","33"
"28014  :  โรงพยาบาลพยุห์","16","9","13","3","11","8","9","7","31","11","31","-133"
"28015  :  โรงพยาบาลโพธิ์ศรีสุวรรณ","2","6","0","2","2","5","0","2","0","17","0","0"
"28016  :  โรงพยาบาลศิลาลาด","3","0","0","3","2","0","1","0","33","0","0","100"
"10669  :  โรงพยาบาลสรรพสิทธิประสงค์","32","40","29","17","32","41","5","8","0","-3","83","53"
"10944  :  โรงพยาบาลศรีเมืองใหม่","1","2","2","0","5","0","1","0","-400","100","50","0"
"10945  :  โรงพยาบาลโขงเจียม","0","0","1","1","0","0","1","0","0","0","0","100"
"10946  :  โรงพยาบาลเขื่องใน","1","0","3","0","1","2","0","0","0","0","100","0"
"10947  :  โรงพยาบาลเขมราฐ","0","0","6","3","1","3","0","0","0","0","100","100"
"10948  :  โรงพยาบาลนาจะหลวย","0","0","0","0","0","0","0","0","0","0","0","0"
"10949  :  โรงพยาบาลน้ำยืน","0","0","4","4","6","3","2","0","0","0","50","100"
"10950  :  โรงพยาบาลบุณฑริก","3","2","3","1","1","0","0","0","67","100","100","100"
"10951  :  โรงพยาบาลตระการพืชผล","0","1","2","0","0","0","0","0","0","100","100","0"
"10952  :  โรงพยาบาลกุดข้าวปุ้น","1","0","1","0","0","1","0","0","100","0","100","0"
"10953  :  โรงพยาบาลม่วงสามสิบ","0","1","3","1","1","1","0","0","0","0","100","100"
"10954  :  โรงพยาบาลวารินชำราบ","4","6","4","3","4","1","0","0","0","83","100","100"
"10956  :  โรงพยาบาลพิบูลมังสาหาร","0","0","0","4","4","2","2","2","0","0","0","50"
"10957  :  โรงพยาบาลตาลสุม","0","1","1","0","1","0","0","0","0","100","100","0"
"10958  :  โรงพยาบาลโพธิ์ไทร","0","0","0","0","0","0","0","0","0","0","0","0"
"10959  :  โรงพยาบาลสำโรง","0","1","0","0","0","0","0","0","0","100","0","0"
"10960  :  โรงพยาบาลดอนมดแดง","1","1","0","1","0","0","0","0","100","100","0","100"
"10961  :  โรงพยาบาลสิรินธร","4","2","2","0","0","3","1","0","100","-50","50","0"
"10962  :  โรงพยาบาลทุ่งศรีอุดม","0","1","2","0","0","0","0","1","0","100","100","0"
"11443  :  โรงพยาบาลสมเด็จพระยุพราชเดชอุดม","0","2","2","3","0","3","3","3","0","-50","-50","0"
"11495  :  โรงพยาบาลกองบิน 21","0","0","0","0","0","0","0","0","0","0","0","0"
"11496  :  โรงพยาบาลค่ายสรรพสิทธิประสงค์","0","0","0","0","0","0","1","2","0","0","0","0"
"11918  :  โรงพยาบาลเอกชนร่มเกล้า","0","0","0","0","0","0","0","0","0","0","0","0"
"12269  :  โรงพยาบาลพระศรีมหาโพธิ์","0","0","0","0","1","0","0","1","0","0","0","0"
"12270  :  โรงพยาบาลส่งเสริมสุขภาพ ศูนย์อนามัยที่ 10","0","0","0","0","0","0","0","0","0","0","0","0"
"21984  :  โรงพยาบาล 50 พรรษา มหาวชิราลงกรณ","11","3","3","5","0","2","1","3","100","33","67","40"
"24032  :  โรงพยาบาลนาตาล","0","0","0","0","0","0","1","0","0","0","0","0"
"24821  :  โรงพยาบาลนาเยีย","1","1","1","0","0","3","0","0","100","-200","100","0"
"27967  :  โรงพยาบาลสว่างวีระวงศ์","0","0","1","0","0","0","0","0","0","0","100","0"
"27968  :  โรงพยาบาลน้ำขุ่น","0","0","0","0","1","0","0","0","0","0","0","0"
"27976  :  โรงพยาบาลเหล่าเสือโก้ก","0","0","0","0","1","1","0","1","0","0","0","0"
"10701  :  โรงพยาบาลยโสธร","66","118","94","72","31","15","27","31","53","87","71","57"
"10963  :  โรงพยาบาลทรายมูล","1","0","0","0","0","0","0","1","100","0","0","0"
"10964  :  โรงพยาบาลกุดชุม","0","1","2","1","1","0","0","3","0","100","100","-200"
"10965  :  โรงพยาบาลคำเขื่อนแก้ว","8","5","3","5","4","0","1","1","50","100","67","80"
"10966  :  โรงพยาบาลป่าติ้ว","1","1","1","4","1","3","2","0","0","-200","-100","100"
"10967  :  โรงพยาบาลมหาชนะชัย","0","0","0","0","0","1","0","0","0","0","0","0"
"10968  :  โรงพยาบาลค้อวัง","1","0","0","0","0","1","1","0","100","0","0","0"
"10969  :  โรงพยาบาลไทยเจริญ","1","5","0","1","2","0","0","0","-100","100","0","100"
"11444  :  โรงพยาบาลสมเด็จพระยุพราชเลิงนกทา","11","20","27","21","29","27","14","22","-164","-35","48","-5"
"11921  :  โรงพยาบาลนายแพทย์หาญ","0","0","0","0","0","0","0","0","0","0","0","0"
"04007  :  โรงพยาบาลซับใหญ่","0","0","0","0","0","0","0","0","0","0","0","0"
"10702  :  โรงพยาบาลชัยภูมิ","26","27","25","13","38","28","22","36","-46","-4","12","-177"
"10970  :  โรงพยาบาลบ้านเขว้า","58","58","44","54","55","53","47","30","5","9","-7","44"
"10971  :  โรงพยาบาลคอนสวรรค์","217","172","195","222","280","264","187","242","-29","-53","4","-9"
"10972  :  โรงพยาบาลเกษตรสมบูรณ์","0","0","0","0","0","0","0","0","0","0","0","0"
"10973  :  โรงพยาบาลหนองบัวแดง","0","0","0","0","122","147","97","67","0","0","0","0"
"10974  :  โรงพยาบาลจัตุรัส","100","90","60","69","105","88","55","88","-5","2","8","-28"
"10975  :  โรงพยาบาลบำเหน็จณรงค์","3","8","6","5","1","1","3","6","67","88","50","-20"
"10976  :  โรงพยาบาลหนองบัวระเหว","0","1","1","0","0","1","1","1","0","0","0","0"
"10977  :  โรงพยาบาลเทพสถิต","0","0","0","0","0","0","0","0","0","0","0","0"
"10978  :  โรงพยาบาลภูเขียวเฉลิมพระเกียรติ","90","147","216","171","190","182","129","179","-111","-24","40","-5"
"10979  :  โรงพยาบาลบ้านแท่น","0","0","0","0","0","0","0","0","0","0","0","0"
"10980  :  โรงพยาบาลแก้งคร้อ","302","285","220","288","305","296","235","188","-1","-4","-7","35"
"10981  :  โรงพยาบาลคอนสาร","15","16","20","17","12","8","12","7","20","50","40","59"
"10982  :  โรงพยาบาลภักดีชุมพล","24","19","15","15","32","26","16","17","-33","-37","-7","-13"
"10983  :  โรงพยาบาลเนินสง่า","12","12","7","12","7","16","3","14","42","-33","57","-17"
"10703  :  โรงพยาบาลอำนาจเจริญ","120","57","62","65","111","75","33","91","8","-32","47","-40"
"10985  :  โรงพยาบาลชานุมาน","3","3","3","1","1","0","0","1","67","100","100","0"
"10986  :  โรงพยาบาลปทุมราชวงศา","1","1","1","0","0","0","0","0","100","100","100","0"
"10987  :  โรงพยาบาลพนา","1","0","0","1","1","0","0","0","0","0","0","100"
"10988  :  โรงพยาบาลเสนางคนิคม","6","3","4","2","2","4","0","2","67","-33","100","0"
"10989  :  โรงพยาบาลหัวตะพาน","18","15","5","3","23","11","5","4","-28","27","0","-33"
"10990  :  โรงพยาบาลลืออำนาจ","11","6","4","2","14","8","3","5","-27","-33","25","-150"
"11040  :  โรงพยาบาลบึงกาฬ","107","118","80","107","94","114","88","90","12","3","-10","16"
"11041  :  โรงพยาบาลพรเจริญ","59","53","52","49","42","35","26","36","29","34","50","27"
"11043  :  โรงพยาบาลโซ่พิสัย","31","28","52","25","23","27","27","37","26","4","48","-48"
"11046  :  โรงพยาบาลเซกา","89","70","92","85","81","79","47","61","9","-13","49","28"
"11047  :  โรงพยาบาลปากคาด","1","4","4","4","0","3","6","1","100","25","-50","75"
"11048  :  โรงพยาบาลบึงโขงหลง","2","14","13","23","37","44","37","16","-1,750","-214","-185","30"
"11049  :  โรงพยาบาลศรีวิไล","56","76","66","70","59","60","27","57","-5","21","59","19"
"11050  :  โรงพยาบาลบุ่งคล้า","17","21","14","13","18","11","8","8","-6","48","43","38"
"10704  :  โรงพยาบาลหนองบัวลำภู","191","195","229","206","164","106","69","67","14","46","70","67"
"10991  :  โรงพยาบาลนากลาง","0","0","0","0","0","0","0","0","0","0","0","0"
"10992  :  โรงพยาบาลโนนสัง","0","0","0","0","0","0","1","43","0","0","0","0"
"10993  :  โรงพยาบาลศรีบุญเรือง","0","0","0","0","0","0","0","0","0","0","0","0"
"10994  :  โรงพยาบาลสุวรรณคูหา","0","0","0","0","0","0","0","0","0","0","0","0"
"23367  :  โรงพยาบาลนาวัง เฉลิมพระเกียรติ 80 พรรษา","0","0","0","0","0","0","0","0","0","0","0","0"
"10670  :  โรงพยาบาลขอนแก่น","105","79","109","98","112","99","80","133","-7","-25","27","-36"
"10995  :  โรงพยาบาลบ้านฝาง","0","0","1","0","0","1","1","1","0","0","0","0"
"10996  :  โรงพยาบาลพระยืน","7","2","3","6","2","3","3","4","71","-50","0","33"
"10997  :  โรงพยาบาลหนองเรือ","2","1","1","0","1","0","0","0","50","100","100","0"
"10998  :  โรงพยาบาลชุมแพ","2","1","2","1","1","2","4","3","50","-100","-100","-200"
"10999  :  โรงพยาบาลสีชมพู","8","2","2","5","10","9","8","4","-25","-350","-300","20"
"11000  :  โรงพยาบาลน้ำพอง","1","0","0","0","0","2","0","0","100","0","0","0"
"11001  :  โรงพยาบาลอุบลรัตน์","1","3","1","0","1","0","1","1","0","100","0","0"
"11002  :  โรงพยาบาลบ้านไผ่","0","0","0","0","0","0","0","1","0","0","0","0"
"11003  :  โรงพยาบาลเปือยน้อย","0","0","0","0","0","0","0","0","0","0","0","0"
"11004  :  โรงพยาบาลพล","0","2","1","2","4","4","0","2","0","-100","100","0"
"11005  :  โรงพยาบาลแวงใหญ่","0","1","1","1","0","0","0","0","0","100","100","100"
"11006  :  โรงพยาบาลแวงน้อย","0","0","0","0","0","0","2","2","0","0","0","0"
"11007  :  โรงพยาบาลหนองสองห้อง","2","2","2","1","7","6","3","2","-250","-200","-50","-100"
"11008  :  โรงพยาบาลภูเวียง","0","0","2","1","1","2","1","1","0","0","50","0"
"11009  :  โรงพยาบาลมัญจาคีรี","4","2","1","3","3","2","0","1","25","0","100","67"
"11010  :  โรงพยาบาลชนบท","0","1","1","0","5","2","1","0","0","-100","0","0"
"11011  :  โรงพยาบาลเขาสวนกวาง","9","6","7","6","15","2","4","8","-67","67","43","-33"
"11012  :  โรงพยาบาลภูผาม่าน","0","0","0","0","0","0","0","0","0","0","0","0"
"11445  :  โรงพยาบาลสมเด็จพระยุพราชกระนวน","1","0","1","0","0","1","0","1","100","0","100","0"
"11497  :  โรงพยาบาลค่ายศรีพัชรินทร","0","0","0","0","0","0","0","0","0","0","0","0"
"11936  :  โรงพยาบาลขอนแก่นราม","0","0","0","0","0","0","0","0","0","0","0","0"
"12272  :  โรงพยาบาลจิตเวชขอนแก่นราชนครินทร์","0","0","0","0","0","0","0","0","0","0","0","0"
"12273  :  โรงพยาบาลส่งเสริมสุขภาพ ศูนย์อนามัยที่ 7","0","0","0","0","0","1","1","3","0","0","0","0"
"12275  :  โรงพยาบาลสิรินธร(ภาคตะวันออกเฉียงเหนือ)","2","1","1","3","4","1","1","3","-100","0","0","0"
"13777  :  โรงพยาบาลศรีนครินทร์ มหาวิทยาลัยขอนแก่น","203","205","189","219","151","170","171","218","26","17","10","0"
"14132  :  โรงพยาบาลซำสูง","1","0","1","1","0","0","1","0","100","0","0","100"
"14196  :  โรงพยาบาลธัญญรักษ์ขอนแก่น","0","0","0","0","0","0","0","0","0","0","0","0"
"24746  :  สถาบันสุขภาพจิตเด็กและวัยรุ่นภาคตะวันออกเฉียงเหนือ","0","0","0","0","0","0","0","0","0","0","0","0"
"77649  :  โรงพยาบาลหนองนาคำ","3","0","0","2","1","0","1","0","67","0","0","100"
"77650  :  โรงพยาบาลเวียงเก่า","0","0","1","0","0","0","0","0","0","0","100","0"
"77651  :  โรงพยาบาลโคกโพธิ์ไชย","1","0","0","0","0","0","0","0","100","0","0","0"
"77652  :  โรงพยาบาลโนนศิลา","0","0","0","0","0","0","0","0","0","0","0","0"
"10671  :  โรงพยาบาลอุดรธานี","0","0","0","1","0","0","0","0","0","0","0","100"
"11013  :  โรงพยาบาลกุดจับ","0","0","0","0","0","0","0","0","0","0","0","0"
"11014  :  โรงพยาบาลหนองวัวซอ","19","16","30","21","28","20","17","20","-47","-25","43","5"
"11015  :  โรงพยาบาลกุมภวาปี","0","0","0","0","0","0","0","0","0","0","0","0"
"11016  :  โรงพยาบาลห้วยเกิ้ง","0","0","0","0","0","0","0","0","0","0","0","0"
"11017  :  โรงพยาบาลโนนสะอาด","21","21","39","29","22","23","27","33","-5","-10","31","-14"
"11018  :  โรงพยาบาลหนองหาน","0","0","0","0","0","0","0","0","0","0","0","0"
"11019  :  โรงพยาบาลทุ่งฝน","0","0","0","0","0","0","0","0","0","0","0","0"
"11020  :  โรงพยาบาลไชยวาน","2","2","6","0","1","0","0","1","50","100","100","0"
"11021  :  โรงพยาบาลศรีธาตุ","22","32","29","32","37","28","22","30","-68","13","24","6"
"11022  :  โรงพยาบาลวังสามหมอ","0","2","3","2","0","2","0","2","0","0","100","0"
"11023  :  โรงพยาบาลบ้านผือ","3","6","16","6","2","5","4","2","33","17","75","67"
"11024  :  โรงพยาบาลน้ำโสม","32","38","40","45","39","45","30","37","-22","-18","25","18"
"11025  :  โรงพยาบาลเพ็ญ","0","0","0","0","0","0","0","0","0","0","0","0"
"11026  :  โรงพยาบาลสร้างคอม","12","15","16","15","11","11","9","11","8","27","44","27"
"11027  :  โรงพยาบาลหนองแสง","12","17","17","21","12","15","9","16","0","12","47","24"
"11028  :  โรงพยาบาลนายูง","2","5","1","11","11","4","2","3","-450","20","-100","73"
"11029  :  โรงพยาบาลพิบูลย์รักษ์","9","11","10","10","11","12","9","10","-22","-9","10","0"
"11446  :  โรงพยาบาลสมเด็จพระยุพราชบ้านดุง","3","1","0","0","1","0","0","0","67","100","0","0"
"11501  :  โรงพยาบาลค่ายประจักษ์ศิลปาคม","2","0","0","1","3","1","2","2","-50","0","0","-100"
"12276  :  โรงพยาบาลมะเร็งอุดรธานี","0","0","0","0","0","0","0","0","0","0","0","0"
"23951  :  โรงพยาบาลธัญญารักษ์อุดรธานี","0","0","0","0","0","0","0","0","0","0","0","0"
"25058  :  โรงพยาบาลกู่แก้ว","13","18","16","15","9","9","5","7","31","50","69","53"
"25059  :  โรงพยาบาลประจักษ์ศิลปาคม","13","11","18","9","3","5","9","8","77","55","50","11"
"10705  :  โรงพยาบาลเลย","695","622","583","522","952","706","515","534","-37","-14","12","-2"
"11030  :  โรงพยาบาลนาด้วง","0","0","0","0","0","0","0","0","0","0","0","0"
"11031  :  โรงพยาบาลเชียงคาน","2","4","1","1","1","2","0","2","50","50","100","-100"
"11032  :  โรงพยาบาลปากชม","43","62","52","51","42","39","33","23","2","37","37","55"
"11033  :  โรงพยาบาลนาแห้ว","12","15","16","17","10","7","12","3","17","53","25","82"
"11034  :  โรงพยาบาลภูเรือ","39","33","42","41","37","37","29","17","5","-12","31","59"
"11035  :  โรงพยาบาลท่าลี่","0","0","0","0","0","0","0","0","0","0","0","0"
"11036  :  โรงพยาบาลวังสะพุง","10","18","8","3","6","5","2","9","40","72","75","-200"
"11037  :  โรงพยาบาลภูกระดึง","3","3","3","1","3","2","1","0","0","33","67","100"
"11038  :  โรงพยาบาลภูหลวง","0","0","0","0","0","0","0","0","0","0","0","0"
"11039  :  โรงพยาบาลผาขาว","2","0","0","5","7","12","1","2","-250","0","0","60"
"11447  :  โรงพยาบาลสมเด็จพระยุพราชด่านซ้าย","36","60","31","30","31","24","22","23","14","60","29","23"
"14133  :  โรงพยาบาลเอราวัณ","0","5","3","5","2","1","0","2","0","80","100","60"
"14644  :  โรงพยาบาลจิตเวชเลยราชนครินทร์","0","0","0","0","0","0","0","0","0","0","0","0"
"28861  :  โรงพยาบาลหนองหิน","0","0","0","0","0","0","0","0","0","0","0","0"
"10706  :  โรงพยาบาลหนองคาย","109","127","189","193","179","180","133","133","-64","-42","30","31"
"11042  :  โรงพยาบาลโพนพิสัย","61","98","99","73","71","78","64","40","-16","20","35","45"
"11044  :  โรงพยาบาลศรีเชียงใหม่","40","48","59","49","38","49","41","28","5","-2","31","43"
"11045  :  โรงพยาบาลสังคม","3","11","6","7","16","8","4","17","-433","27","33","-143"
"11448  :  โรงพยาบาลสมเด็จพระยุพราชท่าบ่อ","135","119","116","112","122","113","87","108","10","5","25","4"
"14558  :  โรงพยาบาลพิสัยเวช","0","0","0","0","68","49","40","49","0","0","0","0"
"21356  :  โรงพยาบาลสระใคร","30","34","26","34","33","40","29","29","-10","-18","-12","15"
"28778  :  โรงพยาบาลโพธิ์ตาก","4","5","6","15","20","11","11","14","-400","-120","-83","7"
"28811  :  โรงพยาบาลเฝ้าไร่","0","1","23","2","1","0","1","1","0","100","96","50"
"28815  :  โรงพยาบาลรัตนวาปี","2","0","0","0","0","0","0","0","100","0","0","0"
"10707  :  โรงพยาบาลมหาสารคาม","60","48","43","44","53","48","25","32","12","0","42","27"
"11051  :  โรงพยาบาลแกดำ","0","2","1","2","0","1","1","0","0","50","0","100"
"11052  :  โรงพยาบาลโกสุมพิสัย","0","0","0","0","2","0","0","0","0","0","0","0"
"11053  :  โรงพยาบาลกันทรวิชัย","2","1","2","0","1","0","0","1","50","100","100","0"
"11054  :  โรงพยาบาลเชียงยืน","1","1","0","1","0","1","0","0","100","0","0","100"
"11055  :  โรงพยาบาลบรบือ","4","3","5","2","7","4","4","11","-75","-33","20","-450"
"11056  :  โรงพยาบาลนาเชือก","0","1","0","0","0","0","0","0","0","100","0","0"
"11057  :  โรงพยาบาลพยัคฆภูมิพิสัย","12","9","9","10","16","4","2","3","-33","56","78","70"
"11058  :  โรงพยาบาลวาปีปทุม","2","0","0","0","2","2","0","0","0","0","0","0"
"11059  :  โรงพยาบาลนาดูน","1","0","0","0","0","0","0","0","100","0","0","0"
"11060  :  โรงพยาบาลยางสีสุราช","0","2","0","1","0","1","1","2","0","50","0","-100"
"22953  :  โรงพยาบาลสุทธาเวช คณะแพทยศาสตร์ มหาวิทยาลัยมหาสารคาม","0","0","0","0","14","14","7","13","0","0","0","0"
"24704  :  โรงพยาบาลกุดรัง","0","0","0","0","1","0","1","2","0","0","0","0"
"28843  :  โรงพยาบาลชื่นชม","0","0","0","0","0","0","0","0","0","0","0","0"
"10708  :  โรงพยาบาลร้อยเอ็ด","32","54","55","80","50","59","28","30","-56","-9","49","63"
"11061  :  โรงพยาบาลเกษตรวิสัย","0","0","0","0","0","0","0","0","0","0","0","0"
"11062  :  โรงพยาบาลปทุมรัตต์","0","0","0","0","0","0","0","0","0","0","0","0"
"11063  :  โรงพยาบาลจตุรพักตรพิมาน","0","0","4","1","2","2","0","1","0","0","100","0"
"11064  :  โรงพยาบาลธวัชบุรี","0","0","0","2","0","1","0","0","0","0","0","100"
"11065  :  โรงพยาบาลพนมไพร","3","3","1","6","3","2","2","6","0","33","-100","0"
"11066  :  โรงพยาบาลโพนทอง","1","0","0","0","0","0","0","0","100","0","0","0"
"11067  :  โรงพยาบาลโพธิ์ชัย","0","0","0","0","0","0","0","0","0","0","0","0"
"11068  :  โรงพยาบาลหนองพอก","2","1","0","2","1","0","0","0","50","100","0","100"
"11069  :  โรงพยาบาลเสลภูมิ","2","0","1","0","1","0","2","1","50","0","-100","0"
"11070  :  โรงพยาบาลสุวรรณภูมิ","1","1","0","0","0","1","0","0","100","0","0","0"
"11071  :  โรงพยาบาลเมืองสรวง","0","0","0","0","0","0","0","0","0","0","0","0"
"11072  :  โรงพยาบาลโพนทราย","3","0","0","1","0","1","0","4","100","0","0","-300"
"11073  :  โรงพยาบาลอาจสามารถ","0","0","0","0","0","0","1","0","0","0","0","0"
"11074  :  โรงพยาบาลเมยวดี","0","0","0","0","0","0","0","0","0","0","0","0"
"11075  :  โรงพยาบาลศรีสมเด็จ","0","0","0","0","0","0","0","1","0","0","0","0"
"11076  :  โรงพยาบาลจังหาร","0","0","0","0","0","0","0","0","0","0","0","0"
"11504  :  โรงพยาบาลค่ายสมเด็จพระพุทธยอดฟ้าจุฬาโลกมหาราช","0","0","0","0","0","0","0","0","0","0","0","0"
"11964  :  โรงพยาบาลทั่วไปขนาดใหญ่จุรีเวช","0","0","0","2","0","0","0","1","0","0","0","50"
"27988  :  โรงพยาบาลทุ่งเขาหลวง","0","0","0","0","0","0","0","0","0","0","0","0"
"27989  :  โรงพยาบาลเชียงขวัญ","0","0","0","0","0","0","0","0","0","0","0","0"
"27990  :  โรงพยาบาลหนองฮี","0","0","0","0","0","0","0","0","0","0","0","0"
"10709  :  โรงพยาบาลกาฬสินธุ์","33","31","40","40","36","37","8","4","-9","-19","80","90"
"11077  :  โรงพยาบาลนามน","4","1","4","6","4","0","1","0","0","100","75","100"
"11078  :  โรงพยาบาลกมลาไสย","12","4","4","5","5","6","4","14","58","-50","0","-180"
"11079  :  โรงพยาบาลร่องคำ","3","1","1","0","0","0","0","0","100","100","100","0"
"11080  :  โรงพยาบาลเขาวง","2","2","3","2","1","1","4","2","50","50","-33","0"
"11081  :  โรงพยาบาลยางตลาด","1","8","1","5","3","2","1","1","-200","75","0","80"
"11082  :  โรงพยาบาลห้วยเม็ก","8","3","6","2","1","2","5","1","88","33","17","50"
"11083  :  โรงพยาบาลสหัสขันธ์","12","5","9","3","6","3","4","2","50","40","56","33"
"11084  :  โรงพยาบาลคำม่วง","4","6","5","2","4","0","1","0","0","100","80","100"
"11085  :  โรงพยาบาลท่าคันโท","1","0","0","1","3","7","2","3","-200","0","0","-200"
"11086  :  โรงพยาบาลหนองกุงศรี","0","2","2","3","0","1","1","0","0","50","50","100"
"11087  :  โรงพยาบาลสมเด็จ","5","7","2","2","2","5","1","1","60","29","50","50"
"11088  :  โรงพยาบาลห้วยผึ้ง","4","8","1","2","6","5","5","3","-50","38","-400","-50"
"11449  :  โรงพยาบาลสมเด็จพระยุพราชกุฉินารายณ์","2","3","3","1","6","1","1","1","-200","67","67","0"
"11965  :  โรงพยาบาลธีรวัฒน์","0","0","0","0","0","0","0","0","0","0","0","0"
"28017  :  โรงพยาบาลนาคู","50","43","39","41","32","52","27","21","36","-21","31","49"
"28789  :  โรงพยาบาลฆ้องชัย","0","0","0","0","0","0","0","0","0","0","0","0"
"28790  :  โรงพยาบาลดอนจาน","0","1","0","0","0","0","0","0","0","100","0","0"
"28791  :  โรงพยาบาลสามชัย","0","6","0","0","0","1","0","0","0","83","0","0"
"10710  :  โรงพยาบาลสกลนคร","630","671","648","610","563","504","382","443","11","25","41","27"
"11089  :  โรงพยาบาลกุสุมาลย์","28","30","35","41","43","30","17","24","-54","0","51","41"
"11090  :  โรงพยาบาลกุดบาก","0","0","0","0","0","0","0","0","0","0","0","0"
"11091  :  โรงพยาบาลพระอาจารย์ฝั้นอาจาโร","45","46","51","55","43","29","37","34","4","37","27","38"
"11092  :  โรงพยาบาลพังโคน","65","66","84","88","90","90","72","69","-38","-36","14","22"
"11093  :  โรงพยาบาลวาริชภูมิ","2","9","7","5","5","6","0","4","-150","33","100","20"
"11094  :  โรงพยาบาลนิคมน้ำอูน","10","11","11","15","9","13","7","12","10","-18","36","20"
"11095  :  โรงพยาบาลวานรนิวาส","0","0","0","0","0","0","0","0","0","0","0","0"
"11096  :  โรงพยาบาลคำตากล้า","0","0","0","0","0","0","0","0","0","0","0","0"
"11097  :  โรงพยาบาลบ้านม่วง","30","36","23","33","36","33","21","15","-20","8","9","55"
"11098  :  โรงพยาบาลอากาศอำนวย","0","0","0","0","0","0","0","0","0","0","0","0"
"11099  :  โรงพยาบาลส่องดาว","22","33","23","23","2","5","0","2","91","85","100","91"
"11100  :  โรงพยาบาลเต่างอย","24","23","23","12","22","13","14","11","8","43","39","8"
"11101  :  โรงพยาบาลโคกศรีสุพรรณ","0","0","0","0","0","0","0","0","0","0","0","0"
"11102  :  โรงพยาบาลเจริญศิลป์","59","55","51","59","63","49","37","18","-7","11","27","69"
"11103  :  โรงพยาบาลโพนนาแก้ว","10","16","7","14","14","11","5","11","-40","31","29","21"
"11450  :  โรงพยาบาลสมเด็จพระยุพราชสว่างแดนดิน","277","238","240","213","216","220","157","181","22","8","35","15"
"11505  :  โรงพยาบาลค่ายกฤษณ์สีวะรา","0","0","0","0","0","0","0","0","0","0","0","0"
"21323  :  โรงพยาบาลพระอาจารย์แบน  ธนากโร","0","0","0","2","0","0","1","1","0","0","0","50"
"24976  :  โรงพยาบาลการแพทย์แผนไทยสกลนคร หลวงปู่แฟ๊ป สุภัทโท","0","0","0","0","0","0","0","0","0","0","0","0"
"10711  :  โรงพยาบาลนครพนม","0","0","0","0","0","0","0","0","0","0","0","0"
"11104  :  โรงพยาบาลปลาปาก","0","0","0","0","0","0","0","0","0","0","0","0"
"11105  :  โรงพยาบาลท่าอุเทน","0","0","0","0","2","0","0","2","0","0","0","0"
"11106  :  โรงพยาบาลบ้านแพง","0","0","0","0","3","1","0","2","0","0","0","0"
"11107  :  โรงพยาบาลนาทม","0","0","0","0","0","0","0","0","0","0","0","0"
"11108  :  โรงพยาบาลเรณูนคร","0","0","0","0","0","0","0","0","0","0","0","0"
"11109  :  โรงพยาบาลนาแก","127","102","74","54","54","62","29","60","57","39","61","-11"
"11110  :  โรงพยาบาลศรีสงคราม","60","81","51","31","37","54","31","34","38","33","39","-10"
"11111  :  โรงพยาบาลนาหว้า","0","0","0","0","39","39","7","7","0","0","0","0"
"11112  :  โรงพยาบาลโพนสวรรค์","2","1","0","0","1","1","0","0","50","0","0","0"
"11451  :  โรงพยาบาลสมเด็จพระยุพราชธาตุพนม","2","66","399","19","43","50","51","52","-2,050","24","87","-174"
"12277  :  โรงพยาบาลจิตเวชนครพนมราชนครินทร์","0","0","0","0","0","0","0","0","0","0","0","0"
"40840  :  โรงพยาบาลวังยาง","0","0","0","0","0","0","0","8","0","0","0","0"
"10712  :  โรงพยาบาลมุกดาหาร","71","43","3","3","6","3","3","20","92","93","0","-567"
"11113  :  โรงพยาบาลนิคมคำสร้อย","1","0","0","1","4","0","0","2","-300","0","0","-100"
"11114  :  โรงพยาบาลดอนตาล","19","5","3","4","12","5","0","4","37","0","100","0"
"11115  :  โรงพยาบาลดงหลวง","14","3","6","4","8","3","10","7","43","0","-67","-75"
"11116  :  โรงพยาบาลคำชะอี","14","5","4","11","7","8","2","9","50","-60","50","18"
"11117  :  โรงพยาบาลหว้านใหญ่","0","0","0","0","0","0","0","0","0","0","0","0"
"11118  :  โรงพยาบาลหนองสูง","14","7","4","2","4","1","2","4","71","86","50","-100"
"06009  :  โรงพยาบาลแม่ตื่น","0","0","0","0","0","0","0","0","0","0","0","0"
"10713  :  โรงพยาบาลนครพิงค์","0","0","0","0","0","0","0","0","0","0","0","0"
"11119  :  โรงพยาบาลจอมทอง","3","5","2","1","2","1","0","1","33","80","100","0"
"11120  :  โรงพยาบาลเทพรัตนเวชชานุกูล เฉลิมพระเกียรติ ๖๐ พรรษา","2","1","0","2","0","3","0","3","100","-200","0","-50"
"11121  :  โรงพยาบาลเชียงดาว","4","3","5","6","6","0","0","2","-50","100","100","67"
"11122  :  โรงพยาบาลดอยสะเก็ด","1","2","4","7","8","2","3","1","-700","0","25","86"
"11123  :  โรงพยาบาลแม่แตง","1","0","1","4","1","2","0","0","0","0","100","100"
"11124  :  โรงพยาบาลสะเมิง","1","0","0","0","0","0","0","0","100","0","0","0"
"11125  :  โรงพยาบาลฝาง","1","0","1","2","4","1","1","1","-300","0","0","50"
"11126  :  โรงพยาบาลแม่อาย","0","0","0","0","0","0","0","0","0","0","0","0"
"11127  :  โรงพยาบาลพร้าว","3","2","7","5","2","3","3","3","33","-50","57","40"
"11128  :  โรงพยาบาลสันป่าตอง","0","0","0","0","0","0","0","0","0","0","0","0"
"11129  :  โรงพยาบาลสันกำแพง","0","2","0","0","0","0","0","0","0","100","0","0"
"11130  :  โรงพยาบาลสันทราย","1","1","6","4","6","11","9","2","-500","-1,000","-50","50"
"11131  :  โรงพยาบาลหางดง","1","7","3","1","2","0","3","3","-100","100","0","-200"
"11132  :  โรงพยาบาลฮอด","9","4","5","2","9","6","2","2","0","-50","60","0"
"11133  :  โรงพยาบาลดอยเต่า","5","1","0","3","4","3","2","2","20","-200","0","33"
"11134  :  โรงพยาบาลอมก๋อย","2","1","0","0","0","1","1","1","100","0","0","0"
"11135  :  โรงพยาบาลสารภี","4","2","2","0","1","0","1","0","75","100","50","0"
"11136  :  โรงพยาบาลเวียงแหง","6","5","5","6","3","2","2","3","50","60","60","50"
"11137  :  โรงพยาบาลไชยปราการ","1","2","0","0","1","3","0","1","0","-50","0","0"
"11138  :  โรงพยาบาลแม่วาง","0","0","0","0","0","0","0","0","0","0","0","0"
"11139  :  โรงพยาบาลแม่ออน","0","1","2","0","1","1","1","2","0","0","50","0"
"11507  :  โรงพยาบาลกองบิน 41","0","0","0","0","1","1","0","0","0","0","0","0"
"11508  :  โรงพยาบาลค่ายกาวิละ เชียงใหม่","0","0","0","0","0","0","0","0","0","0","0","0"
"11643  :  โรงพยาบาลดอยหล่อ","5","3","2","3","8","4","5","7","-60","-33","-150","-133"
"11978  :  โรงพยาบาลดารารัศมี","0","0","0","0","0","0","0","0","0","0","0","0"
"11992  :  โรงพยาบาลเทพปัญญา 2 โรงพยาบาลทั่วไปขนาดกลาง","0","0","0","0","0","0","0","0","0","0","0","0"
"11995  :  โรงพยาบาลทั่วไปขนาดใหญ่เซ็นทรัลเชียงใหม่ เมโมเรียล","0","0","0","0","0","0","2","4","0","0","0","0"
"11999  :  โรงพยาบาลทั่วไปขนาดใหญ่เชียงใหม่เมดิคอลเซ็นเตอร์","0","0","0","0","0","0","0","0","0","0","0","0"
"12279  :  โรงพยาบาลส่งเสริมสุขภาพ ศูนย์อนามัยที่ 1","0","0","0","0","0","0","0","0","0","0","0","0"
"12280  :  โรงพยาบาลสวนปรุง","0","0","0","0","13","0","0","0","0","0","0","0"
"12281  :  โรงพยาบาลประสาทเชียงใหม่","0","0","0","0","0","0","0","0","0","0","0","0"
"13775  :  สถาบันพัฒนาการเด็กราชนครินทร์","0","0","0","0","0","0","0","0","0","0","0","0"
"13780  :  โรงพยาบาลมหาราชนครเชียงใหม่  มหาวิทยาลัยเชียงใหม่","0","0","0","0","0","0","0","0","0","0","0","0"
"13785  :  โรงพยาบาลธัญญารักษ์เชียงใหม่","0","0","0","0","0","0","1","0","0","0","0","0"
"14550  :  โรงพยาบาลทั่วไปขนาดใหญ่ เชียงใหม่ใกล้หมอ","0","0","0","0","0","0","0","0","0","0","0","0"
"14916  :  โรงพยาบาลทั่วไปขนาดกลางเชียงใหม่ฮอสพิทอล","0","0","0","0","0","0","0","0","0","0","0","0"
"23736  :  โรงพยาบาลวัดจันทร์ เฉลิมพระเกียรติ 80 พรรษา","0","0","1","0","2","3","2","0","0","0","-100","0"
"10714  :  โรงพยาบาลลำพูน","7","10","9","3","1","2","1","3","86","80","89","0"
"11140  :  โรงพยาบาลแม่ทา","1","0","0","0","0","0","0","0","100","0","0","0"
"11141  :  โรงพยาบาลบ้านโฮ่ง","0","0","0","1","1","0","0","0","0","0","0","100"
"11142  :  โรงพยาบาลลี้","2","2","5","3","2","6","1","1","0","-200","80","67"
"11143  :  โรงพยาบาลทุ่งหัวช้าง","0","0","0","1","0","0","1","0","0","0","0","100"
"11144  :  โรงพยาบาลป่าซาง","1","1","3","1","0","1","1","2","100","0","67","-100"
"11145  :  โรงพยาบาลบ้านธิ","0","0","0","0","2","1","2","0","0","0","0","0"
"12000  :  โรงพยาบาลหริภุญชัยเมโมเรียล","0","0","0","0","0","0","0","0","0","0","0","0"
"14555  :  โรงพยาบาลทั่วไปขนาดกลางศิริเวช ลำพูน","0","0","0","0","0","0","0","0","0","0","0","0"
"24956  :  โรงพยาบาลเวียงหนองล่อง","0","0","0","0","1","0","1","0","0","0","0","0"
"10672  :  โรงพยาบาลลำปาง","0","0","0","0","0","0","0","0","0","0","0","0"
"11146  :  โรงพยาบาลแม่เมาะ","1","1","3","2","4","1","0","2","-300","0","100","0"
"11147  :  โรงพยาบาลเกาะคา","3","3","2","4","1","2","4","1","67","33","-100","75"
"11148  :  โรงพยาบาลเสริมงาม","0","0","1","0","0","0","0","0","0","0","100","0"
"11149  :  โรงพยาบาลงาว","0","0","0","0","1","1","0","1","0","0","0","0"
"11150  :  โรงพยาบาลแจ้ห่ม","0","0","0","0","0","0","2","0","0","0","0","0"
"11151  :  โรงพยาบาลวังเหนือ","1","1","2","2","0","0","1","0","100","100","50","100"
"11152  :  โรงพยาบาลเถิน","2","1","6","1","1","1","1","1","50","0","83","0"
"11153  :  โรงพยาบาลแม่พริก","0","0","0","0","0","0","0","0","0","0","0","0"
"11154  :  โรงพยาบาลแม่ทะ","0","0","1","0","0","0","0","1","0","0","100","0"
"11155  :  โรงพยาบาลสบปราบ","0","0","0","0","0","0","0","0","0","0","0","0"
"11156  :  โรงพยาบาลห้างฉัตร","0","0","0","0","0","0","0","0","0","0","0","0"
"11157  :  โรงพยาบาลเมืองปาน","3","7","7","10","5","4","1","4","-67","43","86","60"
"11512  :  โรงพยาบาลค่ายสุรศักดิ์มนตรี","0","0","0","0","0","0","0","0","0","0","0","0"
"12283  :  โรงพยาบาลมะเร็งลำปาง","0","0","0","0","0","0","0","0","0","0","0","0"
"10673  :  โรงพยาบาลอุตรดิตถ์","14","12","8","12","12","9","13","20","14","25","-63","-67"
"11158  :  โรงพยาบาลตรอน","1","2","1","2","1","0","1","0","0","100","0","100"
"11159  :  โรงพยาบาลท่าปลา","22","16","20","21","19","12","10","11","14","25","50","48"
"11160  :  โรงพยาบาลน้ำปาด","15","24","25","26","15","12","5","4","0","50","80","85"
"11161  :  โรงพยาบาลฟากท่า","0","0","0","0","1","0","0","1","0","0","0","0"
"11162  :  โรงพยาบาลบ้านโคก","0","0","0","0","0","0","0","0","0","0","0","0"
"11163  :  โรงพยาบาลพิชัย","19","14","5","17","9","14","4","9","53","0","20","47"
"11164  :  โรงพยาบาลลับแล","0","1","15","9","0","0","0","0","0","100","100","100"
"11165  :  โรงพยาบาลทองแสนขัน","1","3","0","0","13","13","8","9","-1,200","-333","0","0"
"11509  :  โรงพยาบาลค่ายพิชัยดาบหัก","0","0","0","0","1","0","0","0","0","0","0","0"
"10715  :  โรงพยาบาลแพร่","33","36","15","2","1","2","2","0","97","94","87","100"
"11166  :  โรงพยาบาลร้องกวาง","4","4","3","1","1","5","1","2","75","-25","67","-100"
"11167  :  โรงพยาบาลลอง","0","0","0","0","0","0","0","0","0","0","0","0"
"11169  :  โรงพยาบาลสูงเม่น","2","1","1","1","1","0","3","0","50","100","-200","100"
"11170  :  โรงพยาบาลสอง","2","1","0","0","0","1","0","1","100","0","0","0"
"11171  :  โรงพยาบาลวังชิ้น","0","0","0","0","0","0","0","0","0","0","0","0"
"11172  :  โรงพยาบาลหนองม่วงไข่","0","0","0","0","0","0","0","0","0","0","0","0"
"11452  :  โรงพยาบาลสมเด็จพระยุพราชเด่นชัย","0","0","0","0","0","0","0","0","0","0","0","0"
"10716  :  โรงพยาบาลน่าน","66","69","61","61","44","36","21","32","33","48","66","48"
"11173  :  โรงพยาบาลแม่จริม","0","0","0","0","0","0","0","0","0","0","0","0"
"11174  :  โรงพยาบาลบ้านหลวง","0","0","0","0","0","0","0","0","0","0","0","0"
"11175  :  โรงพยาบาลนาน้อย","0","0","0","0","0","0","0","0","0","0","0","0"
"11176  :  โรงพยาบาลท่าวังผา","0","2","0","1","0","0","0","0","0","100","0","100"
"11177  :  โรงพยาบาลเวียงสา","1","0","0","0","0","0","1","1","100","0","0","0"
"11178  :  โรงพยาบาลทุ่งช้าง","0","0","0","0","0","0","0","0","0","0","0","0"
"11179  :  โรงพยาบาลเชียงกลาง","1","1","1","2","1","2","1","3","0","-100","0","-50"
"11180  :  โรงพยาบาลนาหมื่น","0","0","0","0","0","0","0","0","0","0","0","0"
"11181  :  โรงพยาบาลสันติสุข","0","0","0","0","0","0","0","0","0","0","0","0"
"11182  :  โรงพยาบาลบ่อเกลือ","0","0","0","0","0","0","0","0","0","0","0","0"
"11183  :  โรงพยาบาลสองแคว","0","0","2","0","0","1","0","0","0","0","100","0"
"11453  :  โรงพยาบาลสมเด็จพระยุพราชปัว","3","3","7","6","5","5","2","2","-67","-67","71","67"
"11510  :  โรงพยาบาลค่ายสุริยพงษ์","0","0","0","0","0","0","0","0","0","0","0","0"
"11625  :  โรงพยาบาลเฉลิมพระเกียรติ","0","0","0","0","0","0","0","0","0","0","0","0"
"25017  :  โรงพยาบาลภูเพียง","0","0","0","1","1","0","0","0","0","0","0","100"
"10717  :  โรงพยาบาลพะเยา","12","11","17","6","14","17","8","19","-17","-55","53","-217"
"10718  :  โรงพยาบาลเชียงคำ","0","0","5","2","2","0","0","0","0","0","100","100"
"11184  :  โรงพยาบาลจุน","4","4","0","3","3","0","0","2","25","100","0","33"
"11185  :  โรงพยาบาลเชียงม่วน","0","0","0","0","1","1","0","2","0","0","0","0"
"11186  :  โรงพยาบาลดอกคำใต้","3","5","0","5","0","1","3","0","100","80","0","100"
"11187  :  โรงพยาบาลปง","1","1","2","0","2","0","0","0","-100","100","100","0"
"11188  :  โรงพยาบาลแม่ใจ","1","3","2","2","2","0","2","2","-100","100","0","0"
"15140  :  โรงพยาบาลค่ายขุนเจืองธรรมิกราช","0","0","0","0","0","0","0","0","0","0","0","0"
"40744  :  โรงพยาบาลภูซาง","0","0","0","0","0","0","0","0","0","0","0","0"
"40745  :  โรงพยาบาลภูกามยาว","0","0","0","0","0","0","0","0","0","0","0","0"
"41347  :  โรงพยาบาลมหาวิทยาลัยพะเยา","0","0","0","0","0","0","0","0","0","0","0","0"
"10674  :  โรงพยาบาลเชียงรายประชานุเคราะห์","29","23","20","18","23","33","20","17","21","-43","0","6"
"11189  :  โรงพยาบาลเทิง","12","5","6","4","7","5","2","2","42","0","67","50"
"11190  :  โรงพยาบาลพาน","12","12","12","15","6","9","3","6","50","25","75","60"
"11191  :  โรงพยาบาลป่าแดด","0","0","0","0","1","0","0","0","0","0","0","0"
"11192  :  โรงพยาบาลแม่จัน","0","0","0","0","0","0","0","0","0","0","0","0"
"11193  :  โรงพยาบาลเชียงแสน","0","0","0","0","0","0","0","0","0","0","0","0"
"11194  :  โรงพยาบาลแม่สาย","0","0","0","0","0","0","0","0","0","0","0","0"
"11195  :  โรงพยาบาลแม่สรวย","0","0","0","0","0","0","0","0","0","0","0","0"
"11196  :  โรงพยาบาลเวียงป่าเป้า","0","1","2","2","1","1","2","0","0","0","0","100"
"11197  :  โรงพยาบาลพญาเม็งราย","3","4","1","0","1","1","3","2","67","75","-200","0"
"11198  :  โรงพยาบาลเวียงแก่น","3","1","3","0","0","0","0","0","100","100","100","0"
"11199  :  โรงพยาบาลขุนตาล","0","0","0","0","0","1","0","1","0","0","0","0"
"11200  :  โรงพยาบาลแม่ฟ้าหลวง","0","0","0","0","0","0","0","0","0","0","0","0"
"11201  :  โรงพยาบาลแม่ลาว","0","0","0","0","0","0","0","0","0","0","0","0"
"11202  :  โรงพยาบาลเวียงเชียงรุ้ง","0","0","0","0","0","0","0","0","0","0","0","0"
"11454  :  โรงพยาบาลสมเด็จพระยุพราชเชียงของ","0","0","0","0","0","1","0","1","0","0","0","0"
"15012  :  โรงพยาบาลสมเด็จพระญาณสังวร","0","0","0","0","0","0","0","0","0","0","0","0"
"23429  :  โรงพยาบาลมหาวิทยาลัยแม่ฟ้าหลวง","0","0","0","0","0","0","0","0","0","0","0","0"
"28823  :  โรงพยาบาลดอยหลวง","0","0","0","0","0","0","0","0","0","0","0","0"
"41509  :  โรงพยาบาลศูนย์การแพทย์มหาวิทยาลัยแม่ฟ้าหลวง","0","0","0","0","0","0","0","0","0","0","0","0"
"10719  :  โรงพยาบาลศรีสังวาลย์","4","3","2","5","3","2","0","4","25","33","100","20"
"11203  :  โรงพยาบาลขุนยวม","1","0","2","1","0","4","1","1","100","0","50","0"
"11204  :  โรงพยาบาลปาย","0","0","0","0","0","0","0","0","0","0","0","0"
"11205  :  โรงพยาบาลแม่สะเรียง","5","2","4","2","4","3","4","4","20","-50","0","-100"
"11206  :  โรงพยาบาลแม่ลาน้อย","1","2","1","15","8","5","3","2","-700","-150","-200","87"
"11207  :  โรงพยาบาลสบเมย","0","0","0","1","0","2","2","9","0","0","0","-800"
"11208  :  โรงพยาบาลปางมะผ้า","0","0","0","0","0","0","0","0","0","0","0","0"
"14197  :  โรงพยาบาลธัญญรักษ์แม่ฮ่องสอน","0","0","0","0","0","0","0","0","0","0","0","0"
"10675  :  โรงพยาบาลสวรรค์ประชารักษ์","4","1","5","1","0","0","1","0","100","100","80","100"
"11209  :  โรงพยาบาลโกรกพระ","2","1","10","7","23","14","16","6","-1,050","-1,300","-60","14"
"11210  :  โรงพยาบาลชุมแสง","56","89","45","63","110","101","63","115","-96","-13","-40","-83"
"11211  :  โรงพยาบาลหนองบัว","175","174","163","189","160","172","135","115","9","1","17","39"
"11212  :  โรงพยาบาลบรรพตพิสัย","0","0","0","0","0","0","0","0","0","0","0","0"
"11213  :  โรงพยาบาลเก้าเลี้ยว","13","6","6","2","1","3","0","0","92","50","100","100"
"11214  :  โรงพยาบาลตาคลี","44","22","10","35","108","129","57","61","-145","-486","-470","-74"
"11215  :  โรงพยาบาลท่าตะโก","68","93","81","55","33","63","50","36","51","32","38","35"
"11216  :  โรงพยาบาลไพศาลี","64","38","56","30","25","37","33","29","61","3","41","3"
"11217  :  โรงพยาบาลพยุหะคีรี","0","0","4","12","17","22","8","9","0","0","-100","25"
"11218  :  โรงพยาบาลลาดยาว","138","126","110","115","130","147","77","63","6","-17","30","45"
"11219  :  โรงพยาบาลตากฟ้า","114","106","115","78","85","81","51","83","25","24","56","-6"
"11220  :  โรงพยาบาลแม่วงก์","39","46","40","51","49","46","1","0","-26","0","98","100"
"11513  :  โรงพยาบาลค่ายจิรประวัติ","0","0","0","0","0","0","0","0","0","0","0","0"
"12030  :  โรงพยาบาลพริ้นซ์ ปากน้ำโพ 1 โรงพยาบาลทั่วไปขนาดใหญ่","0","0","0","0","0","0","0","0","0","0","0","0"
"12033  :  โรงพยาบาลรวมแพทย์นครสวรรค์","0","0","0","0","0","0","0","0","0","0","0","0"
"12034  :  โรงพยาบาลพริ้นซ์ ปากน้ำโพ 2 โรงพยาบาลทั่วไปขนาดใหญ่","0","0","0","0","0","0","0","0","0","0","0","0"
"12042  :  โรงพยาบาลร่มฉัตร","0","0","0","0","0","0","0","0","0","0","0","0"
"12044  :  โรงพยาบาลศรีสวรรค์","0","0","0","0","0","0","0","0","0","0","0","0"
"12284  :  โรงพยาบาลส่งเสริมสุขภาพ ศูนย์อนามัยที่ 3","0","0","0","0","0","0","0","0","0","0","0","0"
"14171  :  โรงพยาบาลจิตเวชนครสวรรค์ราชนครินทร์","0","0","0","0","39","33","19","22","0","0","0","0"
"40749  :  โรงพยาบาลชุมตาบง","27","27","13","13","18","22","25","14","33","19","-92","-8"
"10720  :  โรงพยาบาลอุทัยธานี","1,230","646","570","567","1,071","714","454","232","13","-11","20","59"
"11221  :  โรงพยาบาลทัพทัน","0","0","0","0","0","0","0","0","0","0","0","0"
"11222  :  โรงพยาบาลสว่างอารมณ์","4","25","52","61","6","43","37","37","-50","-72","29","39"
"11223  :  โรงพยาบาลหนองฉาง","20","142","158","109","9","86","76","47","55","39","52","57"
"11224  :  โรงพยาบาลหนองขาหย่าง","0","0","0","0","0","0","0","0","0","0","0","0"
"11225  :  โรงพยาบาลบ้านไร่","0","0","0","0","7","26","27","11","0","0","0","0"
"11226  :  โรงพยาบาลลานสัก","0","0","0","0","0","0","0","0","0","0","0","0"
"11227  :  โรงพยาบาลห้วยคต","2","5","6","10","7","5","4","6","-250","0","33","40"
"10721  :  โรงพยาบาลกำแพงเพชร","1,390","1,349","1,064","633","497","606","615","578","64","55","42","9"
"11228  :  โรงพยาบาลทุ่งโพธิ์ทะเล","0","0","0","0","0","0","0","0","0","0","0","0"
"11229  :  โรงพยาบาลไทรงาม","161","185","156","167","152","149","145","99","6","19","7","41"
"11230  :  โรงพยาบาลคลองลาน","182","185","166","153","144","140","116","117","21","24","30","24"
"11231  :  โรงพยาบาลขาณุวรลักษบุรี","113","95","157","194","178","167","151","125","-58","-76","4","36"
"11232  :  โรงพยาบาลคลองขลุง","224","248","221","219","195","228","173","163","13","8","22","26"
"11233  :  โรงพยาบาลพรานกระต่าย","16","7","12","9","11","12","38","14","31","-71","-217","-56"
"11234  :  โรงพยาบาลลานกระบือ","0","0","0","0","0","0","0","0","0","0","0","0"
"11235  :  โรงพยาบาลทรายทองวัฒนา","52","41","53","58","34","40","22","23","35","2","58","60"
"11236  :  โรงพยาบาลปางศิลาทอง","6","13","24","16","16","20","12","12","-167","-54","50","25"
"14135  :  โรงพยาบาลบึงสามัคคี","0","0","0","0","1","1","1","1","0","0","0","0"
"28010  :  โรงพยาบาลโกสัมพีนคร","52","39","44","50","44","47","54","45","15","-21","-23","10"
"10722  :  โรงพยาบาลสมเด็จพระเจ้าตากสินมหาราช","330","287","234","254","266","234","150","241","19","18","36","5"
"10723  :  โรงพยาบาลแม่สอด","263","287","263","211","244","209","157","201","7","27","40","5"
"11238  :  โรงพยาบาลบ้านตาก","32","20","21","4","42","13","9","16","-31","35","57","-300"
"11239  :  โรงพยาบาลสามเงา","44","36","33","15","70","26","11","20","-59","28","67","-33"
"11240  :  โรงพยาบาลแม่ระมาด","24","21","12","18","5","3","0","1","79","86","100","94"
"11241  :  โรงพยาบาลท่าสองยาง","40","27","31","29","20","23","21","8","50","15","32","72"
"11242  :  โรงพยาบาลพบพระ","33","29","38","21","31","6","4","7","6","79","89","67"
"11243  :  โรงพยาบาลอุ้มผาง","13","11","8","10","13","14","6","5","0","-27","25","50"
"27443  :  โรงพยาบาลวังเจ้า","1","4","2","2","8","14","6","6","-700","-250","-200","-200"
"10724  :  โรงพยาบาลสุโขทัย","0","8","3","1","4","0","1","0","0","100","67","100"
"10725  :  โรงพยาบาลศรีสังวรสุโขทัย","12","9","10","7","13","11","7","12","-8","-22","30","-71"
"11244  :  โรงพยาบาลบ้านด่านลานหอย","35","24","23","6","32","19","14","13","9","21","39","-117"
"11245  :  โรงพยาบาลคีรีมาศ","5","0","2","0","4","4","1","1","20","0","50","0"
"11246  :  โรงพยาบาลกงไกรลาศ","56","42","27","36","35","33","15","11","38","21","44","69"
"11247  :  โรงพยาบาลศรีสัชนาลัย","0","0","0","0","0","0","0","0","0","0","0","0"
"11248  :  โรงพยาบาลสวรรคโลก","0","0","0","0","0","0","0","0","0","0","0","0"
"11249  :  โรงพยาบาลศรีนคร","31","22","11","18","26","15","10","6","16","32","9","67"
"11250  :  โรงพยาบาลทุ่งเสลี่ยม","0","0","0","0","0","0","0","0","0","0","0","0"
"10676  :  โรงพยาบาลพุทธชินราช","320","328","290","303","317","279","179","233","1","15","38","23"
"11251  :  โรงพยาบาลชาติตระการ","10","9","12","14","11","2","6","9","-10","78","50","36"
"11252  :  โรงพยาบาลบางระกำ","11","6","3","10","4","2","4","0","64","67","-33","100"
"11253  :  โรงพยาบาลบางกระทุ่ม","0","0","0","0","0","0","0","0","0","0","0","0"
"11254  :  โรงพยาบาลพรหมพิราม","0","0","0","0","0","0","0","0","0","0","0","0"
"11255  :  โรงพยาบาลวัดโบสถ์","4","3","5","3","7","12","3","4","-75","-300","40","-33"
"11256  :  โรงพยาบาลวังทอง","0","0","0","2","10","2","1","1","0","0","0","50"
"11257  :  โรงพยาบาลเนินมะปราง","0","0","0","0","0","0","0","0","0","0","0","0"
"11455  :  โรงพยาบาลสมเด็จพระยุพราชนครไทย","0","0","0","0","0","0","0","0","0","0","0","0"
"11517  :  โรงพยาบาลค่ายสมเด็จพระนเรศวร","0","0","0","0","0","0","0","0","0","0","0","0"
"14972  :  โรงพยาบาลมหาวิทยาลัยนเรศวร","0","0","0","0","6","2","8","8","0","0","0","0"
"41429  :  โรงพยาบาลจิตเวชพิษณุโลก","0","0","0","0","0","0","0","0","0","0","0","0"
"10726  :  โรงพยาบาลพิจิตร","263","251","299","293","374","615","380","363","-42","-145","-27","-24"
"11258  :  โรงพยาบาลวังทรายพูน","17","28","11","17","15","13","9","7","12","54","18","59"
"11259  :  โรงพยาบาลโพธิ์ประทับช้าง","106","81","10","20","25","13","0","8","76","84","100","60"
"11260  :  โรงพยาบาลบางมูลนาก","100","99","46","42","60","50","45","41","40","49","2","2"
"11261  :  โรงพยาบาลโพทะเล","1","6","6","2","1","4","2","1","0","33","67","50"
"11262  :  โรงพยาบาลสามง่าม","130","115","127","123","114","102","110","115","12","11","13","7"
"11263  :  โรงพยาบาลทับคล้อ","97","114","109","110","112","109","88","67","-15","4","19","39"
"11456  :  โรงพยาบาลสมเด็จพระยุพราชตะพานหิน","274","321","243","253","264","235","200","172","4","27","18","32"
"11631  :  โรงพยาบาลวชิรบารมี","0","0","0","0","17","16","6","11","0","0","0","0"
"27978  :  โรงพยาบาลสากเหล็ก","26","11","18","1","10","12","13","21","62","-9","28","-2,000"
"27979  :  โรงพยาบาลบึงนาราง","59","49","55","46","52","55","43","48","12","-12","22","-4"
"27980  :  โรงพยาบาลดงเจริญ","7","13","11","9","15","10","18","12","-114","23","-64","-33"
"10727  :  โรงพยาบาลเพชรบูรณ์","443","407","347","202","370","352","112","167","16","14","68","17"
"11264  :  โรงพยาบาลชนแดน","156","160","145","116","147","110","98","86","6","31","32","26"
"11265  :  โรงพยาบาลหล่มสัก","271","30","71","45","20","13","3","14","93","57","96","69"
"11266  :  โรงพยาบาลวิเชียรบุรี","0","0","0","0","0","14","3","6","0","0","0","0"
"11267  :  โรงพยาบาลศรีเทพ","14","9","2","3","6","2","2","2","57","78","0","33"
"11268  :  โรงพยาบาลหนองไผ่","212","220","204","207","202","188","134","162","5","15","34","22"
"11269  :  โรงพยาบาลบึงสามพัน","58","58","53","62","50","71","63","39","14","-22","-19","37"
"11270  :  โรงพยาบาลน้ำหนาว","18","14","18","19","15","20","80","190","17","-43","-344","-900"
"11271  :  โรงพยาบาลวังโป่ง","0","0","0","0","0","0","0","0","0","0","0","0"
"11272  :  โรงพยาบาลเขาค้อ","0","0","0","0","0","0","0","0","0","0","0","0"
"11457  :  โรงพยาบาลสมเด็จพระยุพราชหล่มเก่า","248","227","218","198","191","165","144","126","23","27","34","36"
"11946  :  โรงพยาบาลค่ายพ่อขุนผาเมือง","0","0","0","0","11","16","6","5","0","0","0","0"
"10677  :  โรงพยาบาลราชบุรี","789","806","384","282","245","278","175","245","69","66","54","13"
"10728  :  โรงพยาบาลดำเนินสะดวก","225","206","159","129","203","204","99","171","10","1","38","-33"
"10729  :  โรงพยาบาลบ้านโป่ง","725","738","712","740","716","680","532","493","1","8","25","33"
"10730  :  โรงพยาบาลโพธาราม","469","281","81","72","58","88","36","32","88","69","56","56"
"11273  :  โรงพยาบาลสวนผึ้ง","89","104","74","84","74","76","59","42","17","27","20","50"
"11274  :  โรงพยาบาลบางแพ","16","15","14","18","10","13","8","12","38","13","43","33"
"11275  :  โรงพยาบาลเจ็ดเสมียน","69","75","67","80","66","62","33","45","4","17","51","44"
"11276  :  โรงพยาบาลปากท่อ","138","121","150","117","141","125","82","94","-2","-3","45","20"
"11277  :  โรงพยาบาลวัดเพลง","15","21","24","14","12","18","24","18","20","14","0","-29"
"11458  :  โรงพยาบาลสมเด็จพระยุพราชจอมบึง","12","6","6","7","5","8","8","9","58","-33","-33","-29"
"11519  :  โรงพยาบาลค่ายภาณุรังษี","0","0","0","0","0","0","0","0","0","0","0","0"
"12093  :  สถานพยาบาลแพทย์ประดิษฐ์","0","0","0","0","0","0","0","0","0","0","0","0"
"12097  :  มหาชัยพร้อมแพทย์โรงพยาบาลทั่วไปขนาดกลาง","0","0","0","0","0","0","0","0","0","0","0","0"
"12098  :  โรงพยาบาลกรุงเทพเมืองราชโรงพยาบาลทั่วไปขนาดใหญ่","0","0","0","0","0","0","0","0","0","0","0","0"
"12103  :  โรงพยาบาลซานคามิลโล","0","0","0","0","0","0","0","0","0","0","0","0"
"12286  :  โรงพยาบาลส่งเสริมสุขภาพ ศูนย์อนามัยที่ 5","3","3","2","4","1","0","2","4","67","100","0","0"
"28858  :  โรงพยาบาลบ้านคา","4","4","1","3","6","2","2","2","-50","50","-100","33"
"10731  :  โรงพยาบาลพหลพลพยุหเสนา","5","6","18","12","7","5","1","8","-40","17","94","33"
"10732  :  โรงพยาบาลมะการักษ์","11","6","13","4","7","2","2","9","36","67","85","-125"
"11278  :  โรงพยาบาลไทรโยค","1","1","2","2","5","3","0","4","-400","-200","100","-100"
"11279  :  โรงพยาบาลสมเด็จพระปิยมหาราชรมณียเขต","1","0","2","1","0","0","0","1","100","0","100","0"
"11280  :  โรงพยาบาลบ่อพลอย","0","0","0","0","0","0","0","0","0","0","0","0"
"11281  :  โรงพยาบาลท่ากระดาน","0","0","0","0","1","2","0","0","0","0","0","0"
"11282  :  โรงพยาบาลสมเด็จพระสังฆราชองค์ที่ ๑๙","42","44","42","49","53","37","34","44","-26","16","19","10"
"11283  :  โรงพยาบาลทองผาภูมิ","65","68","62","55","74","76","59","58","-14","-12","5","-5"
"11284  :  โรงพยาบาลสังขละบุรี","0","0","0","0","0","1","0","0","0","0","0","0"
"11285  :  โรงพยาบาลเจ้าคุณไพบูลย์พนมทวน","0","0","0","0","0","0","0","0","0","0","0","0"
"11286  :  โรงพยาบาลเลาขวัญ","1","2","0","3","1","1","0","1","0","50","0","67"
"11287  :  โรงพยาบาลด่านมะขามเตี้ย","0","0","0","0","0","0","0","0","0","0","0","0"
"11288  :  โรงพยาบาลสถานพระบารมี","0","0","0","1","0","1","2","1","0","0","0","0"
"11520  :  โรงพยาบาลค่ายสุรสีห์","22","25","25","9","8","19","6","7","64","24","76","22"
"14136  :  โรงพยาบาลศุกร์ศิริศรีสวัสดิ์","0","0","0","0","0","0","0","0","0","0","0","0"
"21948  :  โรงพยาบาลห้วยกระเจา เฉลิมพระเกียรติ 80 พรรษา","1","1","3","3","0","2","0","0","100","-100","100","100"
"41701  :  โรงพยาบาลหนองปรือ","0","0","0","0","0","0","0","0","0","0","0","0"
"10678  :  โรงพยาบาลเจ้าพระยายมราช","311","444","441","575","553","539","424","514","-78","-21","4","11"
"10733  :  โรงพยาบาลสมเด็จพระสังฆราชองค์ที่17","246","289","316","271","265","255","158","210","-8","12","50","23"
"11289  :  โรงพยาบาลเดิมบางนางบวช","339","336","362","344","356","348","212","248","-5","-4","41","28"
"11290  :  โรงพยาบาลด่านช้าง","388","383","380","354","292","262","204","222","25","32","46","37"
"11291  :  โรงพยาบาลบางปลาม้า","241","260","254","223","230","230","190","231","5","12","25","-4"
"11292  :  โรงพยาบาลศรีประจันต์","388","386","362","389","354","353","219","194","9","9","40","50"
"11293  :  โรงพยาบาลดอนเจดีย์","102","96","108","99","96","81","67","25","6","16","38","75"
"11294  :  โรงพยาบาลสามชุก","209","193","192","199","169","169","149","137","19","12","22","31"
"11295  :  โรงพยาบาลอู่ทอง","304","290","229","237","285","337","224","296","6","-16","2","-25"
"11296  :  โรงพยาบาลหนองหญ้าไซ","0","0","4","3","7","0","3","1","0","0","25","67"
"12123  :  โรงพยาบาลวิภาวดี-ปิยราษฎร์","0","0","0","0","0","0","0","0","0","0","0","0"
"10679  :  โรงพยาบาลนครปฐม","38","243","20","2","42","29","28","18","-11","88","-40","-800"
"11297  :  โรงพยาบาลกำแพงแสน","224","201","208","191","211","202","135","208","6","-0","35","-9"
"11298  :  โรงพยาบาลนครชัยศรี","282","248","227","224","334","220","229","242","-18","11","-1","-8"
"11299  :  โรงพยาบาลห้วยพลู","429","438","414","462","421","437","233","378","2","0","44","18"
"11300  :  โรงพยาบาลดอนตูม","201","220","201","235","224","240","156","209","-11","-9","22","11"
"11301  :  โรงพยาบาลบางเลน","12","89","92","259","246","177","98","86","-1,950","-99","-7","67"
"11302  :  โรงพยาบาลสามพราน","1,574","1,822","1,864","1,604","1,640","1,676","1,142","1,410","-4","8","39","12"
"11303  :  โรงพยาบาลพุทธมณฑล","345","264","261","303","349","348","230","220","-1","-32","12","27"
"11473  :  โรงพยาบาลเมตตาประชารักษ์(วัดไร่ขิง)","0","0","0","0","28","20","18","17","0","0","0","0"
"11521  :  โรงพยาบาลจันทรุเบกษา","0","0","0","0","23","21","34","28","0","0","0","0"
"13819  :  โรงพยาบาลหลวงพ่อเปิ่น","92","98","98","90","103","107","83","101","-12","-9","15","-12"
"10734  :  โรงพยาบาลสมุทรสาคร","259","223","227","240","260","33","40","269","-0","85","82","-12"
"11304  :  โรงพยาบาลกระทุ่มแบน","0","0","0","0","0","0","0","0","0","0","0","0"
"11305  :  โรงพยาบาลบ้านแพ้ว","0","0","0","0","750","762","646","693","0","0","0","0"
"12137  :  โรงพยาบาลทั่วไปขนาดเล็กเจษฎา","0","0","0","0","0","0","0","0","0","0","0","0"
"10735  :  โรงพยาบาลสมเด็จพระพุทธเลิศหล้า","95","36","81","27","6","63","90","180","94","-75","-11","-567"
"11306  :  โรงพยาบาลนภาลัย","75","19","9","27","70","19","7","6","7","0","22","78"
"11307  :  โรงพยาบาลอัมพวา","2","0","1","2","1","1","0","2","50","0","100","0"
"10736  :  โรงพยาบาลพระจอมเกล้า","0","10","9","9","9","13","8","3","0","-30","11","67"
"11308  :  โรงพยาบาลเขาย้อย","149","134","128","131","129","119","79","91","13","11","38","31"
"11309  :  โรงพยาบาลหนองหญ้าปล้อง","48","60","50","67","49","55","40","52","-2","8","20","22"
"11310  :  โรงพยาบาลชะอำ","201","223","197","214","223","218","169","177","-11","2","14","17"
"11311  :  โรงพยาบาลท่ายาง","76","87","77","102","100","114","70","97","-32","-31","9","5"
"11312  :  โรงพยาบาลบ้านลาด","144","145","163","162","151","158","52","95","-5","-9","68","41"
"11313  :  โรงพยาบาลบ้านแหลม","1","4","7","2","5","6","4","3","-400","-50","43","-50"
"11314  :  โรงพยาบาลแก่งกระจาน","86","92","83","80","70","88","56","48","19","4","33","40"
"10737  :  โรงพยาบาลประจวบคีรีขันธ์","522","520","479","507","478","514","317","350","8","1","34","31"
"11315  :  โรงพยาบาลกุยบุรี","139","115","120","73","75","96","91","85","46","17","24","-16"
"11316  :  โรงพยาบาลทับสะแก","0","0","0","0","1","1","1","0","0","0","0","0"
"11317  :  โรงพยาบาลบางสะพาน","3","6","17","18","18","13","16","15","-500","-117","6","17"
"11318  :  โรงพยาบาลบางสะพานน้อย","131","132","123","147","161","151","106","107","-23","-14","14","27"
"11319  :  โรงพยาบาลปราณบุรี","36","32","47","51","41","21","28","33","-14","34","40","35"
"11320  :  โรงพยาบาลหัวหิน","0","0","0","0","0","0","0","0","0","0","0","0"
"11321  :  โรงพยาบาลสามร้อยยอด","139","125","91","79","84","46","54","73","40","63","41","8"
"11500  :  โรงพยาบาลกองบิน 5","0","0","0","0","0","0","0","0","0","0","0","0"
"11522  :  โรงพยาบาลค่ายธนะรัชต์","0","0","0","0","0","0","0","0","0","0","0","0"
"12471  :  สถานีกาชาดหัวหินเฉลิมพระเกียรติ","0","0","0","0","0","0","0","0","0","0","0","0"
"10680  :  โรงพยาบาลมหาราชนครศรีธรรมราช","16","11","7","30","51","58","14","34","-219","-427","-100","-13"
"11322  :  โรงพยาบาลพรหมคีรี","0","0","0","0","0","0","0","0","0","0","0","0"
"11324  :  โรงพยาบาลลานสะกา","0","0","0","0","0","0","0","0","0","0","0","0"
"11325  :  โรงพยาบาลสมเด็จพระยุพราชฉวาง","0","0","0","0","0","0","0","0","0","0","0","0"
"11326  :  โรงพยาบาลพิปูน","112","117","87","90","68","64","52","71","39","45","40","21"
"11327  :  โรงพยาบาลเชียรใหญ่","0","0","0","0","0","0","0","0","0","0","0","0"
"11328  :  โรงพยาบาลชะอวด","0","0","0","0","0","0","0","0","0","0","0","0"
"11329  :  โรงพยาบาลท่าศาลา","0","0","68","110","50","3","2","2","0","0","97","98"
"11330  :  โรงพยาบาลทุ่งสง","0","0","0","0","0","0","0","0","0","0","0","0"
"11331  :  โรงพยาบาลนาบอน","0","0","0","0","0","0","0","0","0","0","0","0"
"11332  :  โรงพยาบาลทุ่งใหญ่","0","0","3","3","1","0","0","1","0","0","100","67"
"11333  :  โรงพยาบาลปากพนัง","169","70","37","43","104","19","15","24","38","73","59","44"
"11334  :  โรงพยาบาลร่อนพิบูลย์","0","0","0","0","0","0","0","0","0","0","0","0"
"11335  :  โรงพยาบาลสิชล","207","155","158","140","187","179","95","125","10","-15","40","11"
"11336  :  โรงพยาบาลขนอม","0","0","0","0","0","0","0","0","0","0","0","0"
"11337  :  โรงพยาบาลหัวไทร","3","7","10","1","3","2","4","5","0","71","60","-400"
"11338  :  โรงพยาบาลบางขัน","0","0","0","0","0","0","0","0","0","0","0","0"
"11339  :  โรงพยาบาลถ้ำพรรณรา","0","0","0","0","0","0","0","0","0","0","0","0"
"11523  :  โรงพยาบาลค่ายวชิราวุธ","0","0","0","0","0","0","0","0","0","0","0","0"
"11660  :  โรงพยาบาลจุฬาภรณ์","0","0","0","0","0","0","0","0","0","0","0","0"
"12287  :  โรงพยาบาลส่งเสริมสุขภาพ ศูนย์อนามัยที่ 11","0","0","0","0","0","0","0","0","0","0","0","0"
"12472  :  สถานีกาชาดสิริธร (สถานีกาชาดที่ 12 ทุ่งสง)","0","0","0","0","0","0","0","0","0","0","0","0"
"14918  :  โรงพยาบาลค่ายเทพสตรีศรีสุนทร","0","0","0","0","0","0","0","0","0","0","0","0"
"21771  :  โรงพยาบาลเทศบาลนครนครศรีธรรมราช","0","0","0","0","0","0","0","0","0","0","0","0"
"40491  :  โรงพยาบาลเฉลิมพระเกียรติ","0","0","0","0","0","0","0","0","0","0","0","0"
"40492  :  โรงพยาบาลพ่อท่านคล้ายวาจาสิทธิ์","20","18","5","6","61","17","7","5","-205","6","-40","17"
"40742  :  โรงพยาบาลนบพิตำ","0","0","0","0","0","0","0","0","0","0","0","0"
"40743  :  โรงพยาบาลพระพรหม","0","0","0","0","0","0","0","0","0","0","0","0"
"40970  :  โรงพยาบาลศูนย์การแพทย์มหาวิทยาลัยวลัยลักษณ์","0","0","0","0","0","0","0","0","0","0","0","0"
"10738  :  โรงพยาบาลกระบี่","0","0","0","0","0","0","0","0","0","0","0","0"
"11340  :  โรงพยาบาลเขาพนม","28","4","2","4","7","2","5","2","75","50","-150","50"
"11341  :  โรงพยาบาลเกาะลันตา","0","0","0","0","51","2","0","0","0","0","0","0"
"11342  :  โรงพยาบาลคลองท่อม","271","307","315","289","300","294","229","196","-11","4","27","32"
"11343  :  โรงพยาบาลอ่าวลึก","41","32","26","4","16","29","18","4","61","9","31","0"
"11344  :  โรงพยาบาลปลายพระยา","32","42","44","37","55","60","28","21","-72","-43","36","43"
"11345  :  โรงพยาบาลลำทับ","68","65","33","20","25","27","8","4","63","58","76","80"
"11346  :  โรงพยาบาลเหนือคลอง","179","130","192","182","177","162","133","103","1","-25","31","43"
"77753  :  โรงพยาบาลเกาะพีพี","0","1","1","1","2","0","0","1","0","100","100","0"
"10739  :  โรงพยาบาลพังงา","0","0","0","0","0","0","0","0","0","0","0","0"
"10740  :  โรงพยาบาลตะกั่วป่า","0","0","0","0","0","0","0","0","0","0","0","0"
"11347  :  โรงพยาบาลเกาะยาวชัยพัฒน์","0","0","0","0","0","0","0","0","0","0","0","0"
"11348  :  โรงพยาบาลกะปงชัยพัฒน์","0","0","0","0","0","0","0","0","0","0","0","0"
"11349  :  โรงพยาบาลตะกั่วทุ่ง","14","13","12","11","10","8","7","11","29","38","42","0"
"11350  :  โรงพยาบาลบางไทร","0","0","0","0","1","1","0","0","0","0","0","0"
"11352  :  โรงพยาบาลคุระบุรีชัยพัฒน์","14","11","6","6","2","0","0","0","86","100","100","100"
"11353  :  โรงพยาบาลทับปุด","0","0","1","0","0","0","0","0","0","0","100","0"
"11354  :  โรงพยาบาลท้ายเหมืองชัยพัฒน์","13","12","11","11","19","10","9","6","-46","17","18","45"
"10741  :  โรงพยาบาลวชิระภูเก็ต","48","47","80","22","31","22","22","12","35","53","73","45"
"11355  :  โรงพยาบาลป่าตอง","1","0","3","2","0","1","0","0","100","0","100","100"
"11356  :  โรงพยาบาลถลาง","0","1","2","0","0","0","0","1","0","100","100","0"
"24678  :  โรงพยาบาลองค์การบริหารส่วนจังหวัดภูเก็ต","0","0","0","0","0","0","0","0","0","0","0","0"
"41436  :  โรงพยาบาลฉลอง","0","0","0","0","0","0","0","0","0","0","0","0"
"09192  :  โรงพยาบาลเกาะเต่า","0","0","0","0","0","0","0","0","0","0","0","0"
"10681  :  โรงพยาบาลสุราษฎร์ธานี","23","26","22","23","126","176","123","246","-448","-577","-459","-970"
"10742  :  โรงพยาบาลเกาะสมุย","118","132","121","139","143","102","72","134","-21","23","40","4"
"11357  :  โรงพยาบาลกาญจนดิษฐ์","0","0","0","0","4","1","3","0","0","0","0","0"
"11358  :  โรงพยาบาลดอนสัก","0","0","0","0","0","0","0","0","0","0","0","0"
"11359  :  โรงพยาบาลเกาะพงัน","1","1","0","1","0","0","0","0","100","100","0","100"
"11360  :  โรงพยาบาลไชยา","1","2","1","1","1","0","0","0","0","100","100","100"
"11361  :  โรงพยาบาลท่าชนะ","0","0","0","0","0","0","0","0","0","0","0","0"
"11362  :  โรงพยาบาลคีรีรัฐนิคม","1","1","0","0","0","0","1","0","100","100","0","0"
"11363  :  โรงพยาบาลบ้านตาขุน","0","0","0","0","0","1","0","0","0","0","0","0"
"11364  :  โรงพยาบาลพนม","0","0","0","0","0","0","0","0","0","0","0","0"
"11365  :  โรงพยาบาลท่าฉาง","1","0","2","0","0","0","0","0","100","0","100","0"
"11366  :  โรงพยาบาลบ้านนาสาร","2","1","2","2","0","1","0","1","100","0","100","50"
"11367  :  โรงพยาบาลบ้านนาเดิม","0","0","0","0","0","0","0","0","0","0","0","0"
"11368  :  โรงพยาบาลเคียนซา","0","1","0","0","0","0","0","0","0","100","0","0"
"11369  :  โรงพยาบาลพระแสง","1","0","1","2","0","0","0","0","100","0","100","100"
"11370  :  โรงพยาบาลพุนพิน","0","0","0","2","0","1","0","1","0","0","0","50"
"11371  :  โรงพยาบาลชัยบุรี","0","0","1","1","0","0","0","1","0","0","100","0"
"11459  :  โรงพยาบาลสมเด็จพระยุพราชเวียงสระ","0","3","0","0","0","0","0","0","0","100","0","0"
"11654  :  โรงพยาบาลวิภาวดี","1","1","1","0","1","0","0","0","0","100","100","0"
"12289  :  โรงพยาบาลสวนสราญรมย์","0","0","0","0","0","0","0","0","0","0","0","0"
"14138  :  โรงพยาบาลท่าโรงช้าง","5","3","1","7","3","4","3","5","40","-33","-200","29"
"14203  :  โรงพยาบาลมะเร็งสุราษฎร์ธานี","0","0","0","0","0","0","0","0","0","0","0","0"
"14862  :  โรงพยาบาลกองบิน7","0","0","0","0","0","0","0","0","0","0","0","0"
"14901  :  โรงพยาบาลค่ายวิภาวดีรังสิต","0","0","0","0","0","0","0","0","0","0","0","0"
"40915  :  สถาบันสุขภาพจิตเด็กและวัยรุ่นภาคใต้","0","0","0","1","0","0","0","0","0","0","0","100"
"10743  :  โรงพยาบาลระนอง","547","580","524","500","498","512","308","421","9","12","41","16"
"11323  :  โรงพยาบาลละอุ่น","6","4","6","4","13","11","10","12","-117","-175","-67","-200"
"11372  :  โรงพยาบาลกะเปอร์","40","20","26","11","9","8","4","1","78","60","85","91"
"11373  :  โรงพยาบาลกระบุรี","96","127","79","39","34","51","48","60","65","60","39","-54"
"11374  :  โรงพยาบาลสุขสำราญ","9","9","19","19","16","18","11","24","-78","-100","42","-26"
"10744  :  โรงพยาบาลชุมพรเขตรอุดมศักดิ์","50","41","31","36","25","36","33","49","50","12","-6","-36"
"11375  :  โรงพยาบาลปากน้ำชุมพร","28","27","4","11","26","18","6","12","7","33","-50","-9"
"11376  :  โรงพยาบาลท่าแซะ","0","0","0","0","0","0","0","0","0","0","0","0"
"11377  :  โรงพยาบาลปะทิว","0","0","0","0","0","0","0","0","0","0","0","0"
"11378  :  โรงพยาบาลมาบอำมฤต","0","0","0","0","0","0","0","0","0","0","0","0"
"11379  :  โรงพยาบาลหลังสวน","9","7","6","7","13","7","2","6","-44","0","67","14"
"11380  :  โรงพยาบาลปากน้ำหลังสวน","0","0","0","0","0","0","0","0","0","0","0","0"
"11381  :  โรงพยาบาลละแม","28","20","9","18","19","18","6","28","32","10","33","-56"
"11382  :  โรงพยาบาลพะโต๊ะ","2","1","0","0","4","1","0","3","-100","0","0","0"
"11383  :  โรงพยาบาลสวี","0","0","0","0","0","0","0","0","0","0","0","0"
"11385  :  โรงพยาบาลทุ่งตะโก","0","0","0","0","0","0","0","0","0","0","0","0"
"11525  :  โรงพยาบาลค่ายเขตอุดมศักดิ์","0","0","0","0","0","0","0","0","0","0","0","0"
"10682  :  โรงพยาบาลหาดใหญ่","28","18","30","34","53","37","32","39","-89","-106","-7","-15"
"10745  :  โรงพยาบาลสงขลา","25","32","21","23","30","16","11","19","-20","50","48","17"
"11386  :  โรงพยาบาลสทิงพระ","0","1","0","2","0","0","1","0","0","100","0","100"
"11387  :  โรงพยาบาลจะนะ","1","0","0","0","0","0","0","0","100","0","0","0"
"11388  :  โรงพยาบาลสมเด็จพระบรมราชินีนาถ ณ  อำเภอนาทวี","0","1","5","5","2","1","2","1","0","0","60","80"
"11390  :  โรงพยาบาลเทพา","0","1","0","0","3","1","0","1","0","0","0","0"
"11391  :  โรงพยาบาลสะบ้าย้อย","6","7","3","4","5","4","1","2","17","43","67","50"
"11392  :  โรงพยาบาลระโนด","9","11","11","6","9","9","6","12","0","18","45","-100"
"11393  :  โรงพยาบาลกระแสสินธุ์","0","0","1","0","1","2","0","4","0","0","100","0"
"11394  :  โรงพยาบาลรัตภูมิ","4","1","3","5","7","4","0","3","-75","-300","100","40"
"11395  :  โรงพยาบาลสะเดา","0","0","1","3","1","0","1","1","0","0","0","67"
"11396  :  โรงพยาบาลนาหม่อม","1","1","1","0","2","0","1","0","-100","100","0","0"
"11397  :  โรงพยาบาลควนเนียง","1","3","0","0","0","2","0","0","100","33","0","0"
"11398  :  โรงพยาบาลปาดังเบซาร์","4","2","0","1","1","1","1","4","75","50","0","-300"
"11399  :  โรงพยาบาลบางกล่ำ","5","1","0","1","1","2","0","5","80","-100","0","-400"
"11400  :  โรงพยาบาลสิงหนคร","1","6","5","3","3","3","4","3","-200","50","20","0"
"11401  :  โรงพยาบาลคลองหอยโข่ง","8","1","2","6","0","2","4","2","100","-100","-100","67"
"12290  :  โรงพยาบาลจิตเวชสงขลาราชนครินทร์","0","0","0","0","0","0","0","0","0","0","0","0"
"14194  :  โรงพยาบาลธัญญารักษ์สงขลา","0","0","0","0","0","0","0","0","0","0","0","0"
"10746  :  โรงพยาบาลสตูล","15","16","9","11","17","8","3","14","-13","50","67","-27"
"11402  :  โรงพยาบาลควนโดน","5","3","2","1","5","1","3","1","0","67","-50","0"
"11403  :  โรงพยาบาลควนกาหลง","0","1","2","0","4","0","1","2","0","100","50","0"
"11404  :  โรงพยาบาลท่าแพ","10","2","5","1","3","14","0","8","70","-600","100","-700"
"11405  :  โรงพยาบาลละงู","6","6","3","4","5","3","3","3","17","50","0","25"
"11406  :  โรงพยาบาลทุ่งหว้า","3","0","3","1","1","1","1","6","67","0","67","-500"
"28786  :  โรงพยาบาลมะนัง","0","0","0","1","2","0","1","0","0","0","0","100"
"10683  :  โรงพยาบาลตรัง","40","26","34","38","51","30","32","29","-28","-15","6","24"
"11407  :  โรงพยาบาลกันตัง","0","0","0","0","2","0","0","0","0","0","0","0"
"11408  :  โรงพยาบาลย่านตาขาว","4","0","1","2","0","0","1","2","100","0","0","0"
"11409  :  โรงพยาบาลปะเหลียน","7","0","0","0","13","1","0","0","-86","0","0","0"
"11410  :  โรงพยาบาลสิเกา","10","3","6","4","8","7","0","12","20","-133","100","-200"
"11411  :  โรงพยาบาลห้วยยอด","46","35","46","22","53","21","26","36","-15","40","43","-64"
"11412  :  โรงพยาบาลวังวิเศษ","8","5","3","7","6","4","4","8","25","20","-33","-14"
"11413  :  โรงพยาบาลนาโยง","1","0","1","2","1","0","0","0","0","0","100","100"
"12226  :  โรงพยาบาลวัฒนแพทย์","0","0","0","0","0","0","0","0","0","0","0","0"
"12230  :  โรงพยาบาล ทีอาร์พีเอช โรงพยาบาลทั่วไปขนาดใหญ่","0","0","0","0","0","0","0","0","0","0","0","0"
"13755  :  โรงพยาบาลโรคผิวหนังเขตร้อนภาคใต้ จังหวัดตรัง","0","0","0","0","0","0","0","0","0","0","0","0"
"14139  :  โรงพยาบาลรัษฎา","2","2","3","5","8","1","2","7","-300","50","33","-40"
"28817  :  โรงพยาบาลหาดสำราญเฉลิมพระเกียรติ 80 พรรษา","0","2","2","0","1","4","0","2","0","-100","100","0"
"10747  :  โรงพยาบาลพัทลุง","18","11","10","9","23","37","14","10","-28","-236","-40","-11"
"11414  :  โรงพยาบาลกงหรา","3","1","0","1","2","4","3","0","33","-300","0","100"
"11415  :  โรงพยาบาลเขาชัยสน","2","5","5","3","5","5","3","0","-150","0","40","100"
"11416  :  โรงพยาบาลตะโหมด","3","2","0","2","2","2","2","1","33","0","0","50"
"11417  :  โรงพยาบาลควนขนุน","18","4","0","0","0","0","0","1","100","100","0","0"
"11418  :  โรงพยาบาลปากพะยูน","4","6","2","1","2","6","2","1","50","0","0","0"
"11419  :  โรงพยาบาลศรีบรรพต","2","2","2","0","1","1","0","0","50","50","100","0"
"11420  :  โรงพยาบาลป่าบอน","3","1","2","1","4","1","1","1","-33","0","50","0"
"11421  :  โรงพยาบาลบางแก้ว","8","9","4","5","8","3","5","3","0","67","-25","40"
"11422  :  โรงพยาบาลป่าพะยอม","17","8","4","10","12","11","2","7","29","-38","50","30"
"24673  :  โรงพยาบาลศรีนครินทร์(ปัญญานันทภิขุ)","7","7","4","9","11","1","5","1","-57","86","-25","89"
"10748  :  โรงพยาบาลปัตตานี","3","3","2","7","4","5","2","7","-33","-67","0","0"
"11423  :  โรงพยาบาลโคกโพธิ์","0","0","0","2","0","0","0","1","0","0","0","50"
"11424  :  โรงพยาบาลหนองจิก","0","2","1","0","0","1","2","2","0","50","-100","0"
"11425  :  โรงพยาบาลปะนาเระ","1","0","1","0","0","0","0","0","100","0","100","0"
"11426  :  โรงพยาบาลมายอ","1","0","0","0","0","0","0","0","100","0","0","0"
"11427  :  โรงพยาบาลทุ่งยางแดง","0","0","0","0","0","0","0","1","0","0","0","0"
"11428  :  โรงพยาบาลไม้แก่น","0","0","0","0","0","0","0","0","0","0","0","0"
"11429  :  โรงพยาบาลยะหริ่ง","1","3","1","0","0","0","0","0","100","100","100","0"
"11430  :  โรงพยาบาลยะรัง","0","0","0","0","0","0","0","0","0","0","0","0"
"11431  :  โรงพยาบาลแม่ลาน","0","0","0","0","0","0","0","0","0","0","0","0"
"11460  :  โรงพยาบาลสมเด็จพระยุพราชสายบุรี","0","0","0","0","0","0","0","0","0","0","0","0"
"11464  :  โรงพยาบาลกะพ้อ","0","0","0","0","0","0","0","0","0","0","0","0"
"11529  :  โรงพยาบาลค่ายอิงคยุทธบริหาร","0","0","0","0","0","0","0","0","0","0","0","0"
"14195  :  โรงพยาบาลธัญญรักษ์ปัตตานี","0","0","0","0","0","0","0","0","0","0","0","0"
"10684  :  โรงพยาบาลยะลา","20","15","0","0","22","0","0","0","-10","100","0","0"
"10749  :  โรงพยาบาลเบตง","6","2","3","4","3","4","2","0","50","-100","33","100"
"11432  :  โรงพยาบาลบันนังสตา","0","0","1","0","0","1","0","0","0","0","100","0"
"11433  :  โรงพยาบาลธารโต","0","0","0","0","0","0","0","0","0","0","0","0"
"11434  :  โรงพยาบาลรามัน","3","0","1","1","6","1","0","2","-100","0","100","-100"
"11461  :  โรงพยาบาลสมเด็จพระยุพราชยะหา","1","0","0","0","1","1","0","1","0","0","0","0"
"12238  :  โรงพยาบาลสิโรรส","0","0","0","0","0","0","0","0","0","0","0","0"
"13806  :  โรงพยาบาลกาบัง","0","0","1","0","0","0","0","0","0","0","100","0"
"14663  :  โรงพยาบาลส่งเสริมสุขภาพ ศูนย์อนามัยที่ 12","0","0","0","0","0","0","0","0","0","0","0","0"
"24689  :  โรงพยาบาลกรงปินัง","0","0","0","1","1","0","0","2","0","0","0","-100"
"10750  :  โรงพยาบาลนราธิวาสราชนครินทร์","0","0","0","0","0","0","0","0","0","0","0","0"
"10751  :  โรงพยาบาลสุไหงโก-ลก","0","2","1","0","0","0","0","0","0","100","100","0"
"11435  :  โรงพยาบาลตากใบ","2","1","1","0","1","0","1","0","50","100","0","0"
"11436  :  โรงพยาบาลบาเจาะ","2","3","1","0","1","0","1","1","50","100","0","0"
"11437  :  โรงพยาบาลระแงะ","0","0","0","0","0","1","1","0","0","0","0","0"
"11438  :  โรงพยาบาลรือเสาะ","0","0","1","1","1","2","2","2","0","0","-100","-100"
"11439  :  โรงพยาบาลศรีสาคร","0","0","0","0","0","0","0","0","0","0","0","0"
"11440  :  โรงพยาบาลแว้ง","1","0","0","0","0","0","1","0","100","0","0","0"
"11441  :  โรงพยาบาลสุคิริน","0","1","1","2","0","0","0","0","0","100","100","100"
"11442  :  โรงพยาบาลสุไหงปาดี","1","1","1","1","0","1","0","0","100","0","100","100"
"13818  :  โรงพยาบาลจะแนะ","0","1","0","0","0","0","0","0","0","100","0","0"
"15010  :  โรงพยาบาลเจาะไอร้อง","0","1","0","0","0","2","0","0","0","-100","0","0"
"23771  :  โรงพยาบาลยี่งอเฉลิมพระเกียรติ 80 พรรษา","0","0","0","0","0","0","0","0","0","0","0","0"