"โรงพยาบาล","ประชากร อายุ 18 - 59 ปี","ประชากร อายุ 18 - 59 ปีที่วัดรอบเอวและส่วนสูง(B)","ความครอบคลุมร้อยละ","ประชากร อายุ 18 - 59 ปีรอบเอวปกติ","ร้อยละ"
"11468  :  ทัณฑสถานโรงพยาบาลราชทัณฑ์","0","0","0.00","0","0.00"
"11469  :  โรงพยาบาลเลิดสิน","0","0","0.00","0","0.00"
"11470  :  โรงพยาบาลนพรัตนราชธานี","0","0","0.00","0","0.00"
"11471  :  โรงพยาบาลสงฆ์","0","0","0.00","0","0.00"
"11472  :  โรงพยาบาลราชวิถี","0","0","0.00","0","0.00"
"11477  :  โรงพยาบาลทหารผ่านศึก","0","0","0.00","0","0.00"
"11478  :  โรงพยาบาลสมเด็จพระปิ่นเกล้า","0","0","0.00","0","0.00"
"11481  :  โรงพยาบาลพระมงกุฎเกล้า","0","0","0.00","0","0.00"
"11482  :  โรงพยาบาลภูมิพลอดุลยเดช","0","0","0.00","0","0.00"
"11532  :  โรงพยาบาลสวนเบญจกิติเฉลิมพระเกียรติ84พรรษา","0","0","0.00","0","0.00"
"11534  :  โรงพยาบาลบุรฉัตรไชยากร (รถไฟ)","0","0","0.00","0","0.00"
"11535  :  คณะแพทย์ศาสตร์วชิรพยาบาล มหาวิทยาลัยกรุงเทพมหานคร","0","0","0.00","0","0.00"
"11536  :  โรงพยาบาลเวชการุณย์รัศมิ์","0","0","0.00","0","0.00"
"11537  :  โรงพยาบาลกลาง","0","0","0.00","0","0.00"
"11538  :  โรงพยาบาลลาดกระบังกรุงเทพมหานคร","0","0","0.00","0","0.00"
"11539  :  โรงพยาบาลตากสิน","0","0","0.00","0","0.00"
"11540  :  โรงพยาบาลหลวงพ่อทวีศักดิ์ฯ ชุตินธโร อุทิศ","0","0","0.00","0","0.00"
"11541  :  โรงพยาบาลเจริญกรุงประชารักษ์","0","0","0.00","0","0.00"
"11546  :  โรงพยาบาลบี เอ็น เอช","0","0","0.00","0","0.00"
"11548  :  โรงพยาบาลกรุงเทพคริสเตียน","0","0","0.00","0","0.00"
"11552  :  โรงพยาบาลมเหสักข์","0","0","0.00","0","0.00"
"11559  :  สถานพยาบาลชินเขตงามวงศ์วาน","0","0","0.00","0","0.00"
"11560  :  โรงพยาบาลทั่วไปขนาดใหญ่เปาโล เกษตร","0","0","0.00","0","0.00"
"11565  :  โรงพยาบาลรามคำแหง","0","0","0.00","0","0.00"
"11581  :  โรงพยาบาลผู้สูงอายุขนาดกลางกล้วยน้ำไท 2","0","0","0.00","0","0.00"
"11583  :  โรงพยาบาลกล้วยน้ำไท","0","0","0.00","0","0.00"
"11592  :  โรงพยาบาลบางนา1","0","0","0.00","0","0.00"
"11595  :  นวมินทร์โรงพยาบาลทั่วไปขนาดใหญ่","0","0","0.00","0","0.00"
"11597  :  สถาบันกัลยาณ์ราชนครินทร์","0","0","0.00","0","0.00"
"11600  :  โรงพยาบาลเซนต์หลุยส์","0","0","0.00","0","0.00"
"11603  :  โรงพยาบาลเทียนฟ้ามูลนิธิโรงพยาบาลทั่วไปขนาดกลาง","0","0","0.00","0","0.00"
"11607  :  โรงพยาบาลเปาโลเมโมเรียล","0","0","0.00","0","0.00"
"11609  :  โรงพยาบาลพญาไท 2","0","0","0.00","0","0.00"
"11616  :  โรงพยาบาลสมิติเวชธนบุรี","0","0","0.00","0","0.00"
"11621  :  โรงพยาบาลบางไผ่","0","0","0.00","0","0.00"
"11626  :  โรงพยาบาลคลองตัน","0","0","0.00","0","0.00"
"11628  :  โรงพยาบาลพระราม 9","0","0","0.00","0","0.00"
"11629  :  โรงพยาบาลเพชรเวช","0","0","0.00","0","0.00"
"11640  :  โรงพยาบาลธนบุรี 2","0","0","0.00","0","0.00"
"11641  :  โรงพยาบาลทั่วไปขนาดกลางโรงพยาบาลวิชัยเวช แยกไฟฉาย","0","0","0.00","0","0.00"
"11644  :  โรงพยาบาลเจ้าพระยา","0","0","0.00","0","0.00"
"11645  :  โรงพยาบาลทั่วไปขนาดใหญ่ธนบุรี","0","0","0.00","0","0.00"
"11656  :  โรงพยาบาลเกษมราษฎร์ บางแค","0","0","0.00","0","0.00"
"11661  :  โรงพยาบาลวิชัยเวช อินเตอร์เนชั่นแนล หนองแขม","0","0","0.00","0","0.00"
"11667  :  โรงพยาบาลประชาพัฒน์","0","0","0.00","0","0.00"
"11668  :  โรงพยาบาลสุขสวัสดิ์","0","0","0.00","0","0.00"
"11669  :  โรงพยาบาลราษฏร์บูรณะ","0","0","0.00","0","0.00"
"11670  :  โรงพยาบาลบางปะกอก 1","0","0","0.00","0","0.00"
"11676  :  โรงพยาบาลยันฮี","0","0","0.00","0","0.00"
"11686  :  โรงพยาบาลบางโพ","0","0","0.00","0","0.00"
"11687  :  โรงพยาบาลเกษมราษฎร์ประชาชื่น","0","0","0.00","0","0.00"
"11691  :  โรงพยาบาลวิภาวดี","0","0","0.00","0","0.00"
"11694  :  โรงพยาบาลจักษุรัตนิน","0","0","0.00","0","0.00"
"11697  :  โรงพยาบาลคามิลเลียน","0","0","0.00","0","0.00"
"11699  :  โรงพยาบาลบำรุงราษฎร์","0","0","0.00","0","0.00"
"11703  :  โรงพยาบาลแพทย์ปัญญา","0","0","0.00","0","0.00"
"11708  :  โรงพยาบาลบางมดโรงพยาบาลทั่วไปขนาดใหญ่","0","0","0.00","0","0.00"
"11715  :  โรงพยาบาลพญาไท 1","0","0","0.00","0","0.00"
"11721  :  โรงพยาบาลเปาโลเมโมเรียล โชคชัย 4","0","0","0.00","0","0.00"
"11729  :  โรงพยาบาลลาดพร้าว","0","0","0.00","0","0.00"
"11730  :  โรงพยาบาลไทยนครินทร์","0","0","0.00","0","0.00"
"11750  :  โรงพยาบาลหัวเฉียวโรงพยาบาลทั่วไปขนาดใหญ่","0","0","0.00","0","0.00"
"11811  :  โรงพยาบาลสมิติเวช","0","0","0.00","0","0.00"
"12243  :  สถาบันพัฒนาสุขภาวะเขตเมือง","0","0","0.00","0","0.00"
"12244  :  สถาบันจิตเวชศาสตร์สมเด็จเจ้าพระยา","0","0","0.00","0","0.00"
"12246  :  สถาบันราชานุกูล","0","0","0.00","0","0.00"
"12249  :  สถาบันโรคผิวหนัง","0","0","0.00","0","0.00"
"12250  :  สถาบันมะเร็งแห่งชาติ","0","0","0.00","0","0.00"
"12438  :  สถาบันสุขภาพเด็กแห่งชาติมหาราชินี","0","0","0.00","0","0.00"
"12439  :  สถาบันประสาทวิทยา","0","0","0.00","0","0.00"
"13756  :  โรงพยาบาลจุฬาลงกรณ์สภากาชาดไทย","0","0","0.00","0","0.00"
"13757  :  โรงพยาบาลเวชศาสตร์เขตร้อน มหาวิทยาลัยมหิดล","0","0","0.00","0","0.00"
"13814  :  โรงพยาบาลศิริราช","0","0","0.00","0","0.00"
"14173  :  โรงพยาบาลตำรวจ","0","0","0.00","0","0.00"
"14572  :  โรงพยาบาลบี.แคร์.เมดิคอลเซ็นเตอร์","0","0","0.00","0","0.00"
"14574  :  โรงพยาบาลพญาไท 3","0","0","0.00","0","0.00"
"14577  :  โรงพยาบาลวิภาราม","0","0","0.00","0","0.00"
"14641  :  โรงพยาบาลราชพิพัฒน์","0","0","0.00","0","0.00"
"14908  :  โรงพยาบาลการุญเวช สุขาภิบาล3","0","0","0.00","0","0.00"
"15049  :  โรงพยาบาลสิรินธร","0","0","0.00","0","0.00"
"15147  :  โรงพยาบาลบางปะกอก 8 โรงพยาบาลทั่วไปขนาดใหญ่","0","0","0.00","0","0.00"
"21673  :  โรงพยาบาลซีจีเอช สายไหม โรงพยาบาลทั่วไปขนาดใหญ่","0","0","0.00","0","0.00"
"22155  :  โรงพยาบาลครู","0","0","0.00","0","0.00"
"22737  :  โรงพยาบาลจุฬาภรณ์","0","0","0.00","0","0.00"
"23762  :  โรงพยาบาลนวุติสมเด็จย่า","0","0","0.00","0","0.00"
"23781  :  นวมินทร์ 9โรงพยาบาลทั่วไปขนาดใหญ่","0","0","0.00","0","0.00"
"23783  :  โรงพยาบาลเสรีรักษ์","0","0","0.00","0","0.00"
"24085  :  สถาบันวิจัยการแพทย์แผนไทย","0","0","0.00","0","0.00"
"24748  :  โรงพยาบาลศิริราช ปิยมหาราชการุณย์","0","0","0.00","0","0.00"
"25015  :  โรงพยาบาลทั่วไปขนาดใหญ่มิตรประชา","0","0","0.00","0","0.00"
"25060  :  โรงพยาบาลผู้สูงอายุบางขุนเทียน","0","0","0.00","0","0.00"
"41329  :  โรงพยาบาลเฉพาะประเภทผู้ป่วยสูงอายุ เฌ้อสเซอรี่โฮมขนาดเล็ก","0","0","0.00","0","0.00"
"41414  :  โรงพยาบาลทหารอากาศ (สีกัน)","0","0","0.00","0","0.00"
"77665  :  โรงพยาบาลการแพทย์แผนไทยและการแพทย์ผสมผสาน","0","0","0.00","0","0.00"
"10685  :  โรงพยาบาลสมุทรปราการ","0","0","0.00","0","0.00"
"10752  :  โรงพยาบาลบางบ่อ","0","0","0.00","0","0.00"
"10753  :  โรงพยาบาลบางพลี","13","1","7.69","0","0.00"
"10754  :  โรงพยาบาลบางจาก","10,015","4,612","46.05","2,510","54.42"
"10755  :  โรงพยาบาลพระสมุทรเจดีย์สวาทยานนท์","7,866","425","5.40","297","69.88"
"11769  :  โรงพยาบาลเซ็นทรัลปาร์ค","5,057","1,540","30.45","978","63.51"
"11775  :  โรงพยาบาลเมืองสมุทรปู่เจ้าสมิงพราย","0","0","0.00","0","0.00"
"12251  :  โรงพยาบาลยุวประสาทไวทโยปถัมภ์","0","0","0.00","0","0.00"
"15138  :  โรงพยาบาลเมืองสมุทรบางปูโรงพยาบาลทั่วไปขนาดเล็ก","6,558","2,879","43.90","1,532","53.21"
"28785  :  โรงพยาบาลบางเสาธง","1,703","247","14.50","213","86.23"
"10686  :  โรงพยาบาลพระนั่งเกล้า","0","0","0.00","0","0.00"
"10756  :  โรงพยาบาลบางกรวย","3,967","1,292","32.57","505","39.09"
"10757  :  โรงพยาบาลบางใหญ่","5,886","912","15.49","422","46.27"
"10758  :  โรงพยาบาลบางบัวทอง","3,896","968","24.85","925","95.56"
"10759  :  โรงพยาบาลไทรน้อย","9,706","2,288","23.57","1,403","61.32"
"10760  :  โรงพยาบาลปากเกร็ด","7,935","2,843","35.83","2,427","85.37"
"11781  :  โรงพยาบาลนนทเวช","0","0","0.00","0","0.00"
"11786  :  โรงพยาบาลอนันต์พัฒนา 2","0","0","0.00","0","0.00"
"11787  :  โรงพยาบาลเกษมราษฎร์อินเตอร์เนชั่นแนล รัตนาธิเบศร์โรงพยาบาลทั่วไปขนาดใหญ่","0","0","0.00","0","0.00"
"12256  :  สถาบันโรคทรวงอก","0","0","0.00","0","0.00"
"12257  :  สถาบันบำราศนราดูร","0","0","0.00","0","0.00"
"12258  :  สถาบันสิรินธรเพื่อการฟื้นฟูสมรรถภาพทางการแพทย์แห่งชาติ","0","0","0.00","0","0.00"
"12260  :  โรงพยาบาลศรีธัญญา","0","0","0.00","0","0.00"
"13815  :  ศูนย์การแพทย์ปัญญานันทภิกขุ ชลประทาน มหาวิทยาลัยศรีนครินทรวิโรฒ","460","31","6.74","12","38.71"
"22127  :  โรงพยาบาลชลลดา","0","0","0.00","0","0.00"
"28875  :  โรงพยาบาลบางบัวทอง ๒","3,271","131","4.00","57","43.51"
"10687  :  โรงพยาบาลปทุมธานี","0","0","0.00","0","0.00"
"10761  :  โรงพยาบาลคลองหลวง","3,262","77","2.36","24","31.17"
"10762  :  โรงพยาบาลธัญบุรี","8,014","4,030","50.29","1,331","33.03"
"10763  :  โรงพยาบาลประชาธิปัตย์","4,681","2,308","49.31","1,838","79.64"
"10764  :  โรงพยาบาลหนองเสือ","3,319","1,050","31.64","281","26.76"
"10765  :  โรงพยาบาลลาดหลุมแก้ว","2,394","1,063","44.40","850","79.96"
"10766  :  โรงพยาบาลลำลูกกา","0","0","0.00","0","0.00"
"10767  :  โรงพยาบาลสามโคก","1,411","752","53.30","426","56.65"
"12262  :  สถาบันบำบัดรักษาและฟื้นฟูผู้ติดยาเสพติดแห่งชาติบรมราชชนนี","0","0","0.00","0","0.00"
"14923  :  โรงพยาบาลมหาวชิราลงกรณ ธัญบุรี","0","0","0.00","0","0.00"
"10660  :  โรงพยาบาลพระนครศรีอยุธยา","0","0","0.00","0","0.00"
"10688  :  โรงพยาบาลเสนา","0","0","0.00","0","0.00"
"10768  :  โรงพยาบาลท่าเรือ","5,461","545","9.98","205","37.61"
"10769  :  โรงพยาบาลสมเด็จพระสังฆราชเจ้า กรมหลวงชินวราลงกรณ (วาสนมหาเถร)","1,053","625","59.35","265","42.40"
"10770  :  โรงพยาบาลบางไทร","2,271","30","1.32","18","60.00"
"10771  :  โรงพยาบาลบางบาล","1,013","527","52.02","238","45.16"
"10772  :  โรงพยาบาลบางปะอิน","5,092","2,228","43.75","1,138","51.08"
"10773  :  โรงพยาบาลบางปะหัน","752","413","54.92","163","39.47"
"10774  :  โรงพยาบาลผักไห่","528","339","64.20","115","33.92"
"10775  :  โรงพยาบาลภาชี","3,197","1,245","38.94","442","35.50"
"10776  :  โรงพยาบาลลาดบัวหลวง","1,401","456","32.55","190","41.67"
"10777  :  โรงพยาบาลวังน้อย","5,357","2,471","46.13","758","30.68"
"10778  :  โรงพยาบาลบางซ้าย","2,103","1,132","53.83","581","51.33"
"10779  :  โรงพยาบาลอุทัย","331","96","29.00","35","36.46"
"10780  :  โรงพยาบาลมหาราช","703","224","31.86","100","44.64"
"10781  :  โรงพยาบาลบ้านแพรก","802","615","76.68","270","43.90"
"10689  :  โรงพยาบาลอ่างทอง","547","340","62.16","131","38.53"
"10782  :  โรงพยาบาลไชโย","1,306","776","59.42","444","57.22"
"10784  :  โรงพยาบาลป่าโมก","2,569","1,299","50.56","530","40.80"
"10785  :  โรงพยาบาลโพธิ์ทอง","1,539","1,025","66.60","386","37.66"
"10786  :  โรงพยาบาลแสวงหา","3,452","2,157","62.49","1,504","69.73"
"10787  :  โรงพยาบาลวิเศษชัยชาญ","3,437","1,944","56.56","836","43.00"
"10788  :  โรงพยาบาลสามโก้","874","527","60.30","183","34.72"
"10690  :  โรงพยาบาลพระนารายณ์มหาราช","0","0","0.00","0","0.00"
"10691  :  โรงพยาบาลบ้านหมี่","0","0","0.00","0","0.00"
"10789  :  โรงพยาบาลพัฒนานิคม","4,441","332","7.48","140","42.17"
"10790  :  โรงพยาบาลโคกสำโรง","4,087","1,906","46.64","867","45.49"
"10791  :  โรงพยาบาลชัยบาดาล","6,661","2,606","39.12","2,488","95.47"
"10792  :  โรงพยาบาลท่าวุ้ง","1,811","1,400","77.31","830","59.29"
"10793  :  โรงพยาบาลท่าหลวง","3,304","2,345","70.97","1,082","46.14"
"10794  :  โรงพยาบาลสระโบสถ์","4,510","2,110","46.78","755","35.78"
"10795  :  โรงพยาบาลโคกเจริญ","2,446","1,325","54.17","921","69.51"
"10796  :  โรงพยาบาลลำสนธิ","2,428","2,103","86.61","836","39.75"
"10797  :  โรงพยาบาลหนองม่วง","2,466","2,035","82.52","991","48.70"
"14199  :  โรงพยาบาลมะเร็งลพบุรี","0","0","0.00","0","0.00"
"14928  :  โรงพยาบาลกองบิน 2","0","0","0.00","0","0.00"
"10692  :  โรงพยาบาลสิงห์บุรี","5,067","2,864","56.52","1,406","49.09"
"10693  :  โรงพยาบาลอินทร์บุรี","1,051","762","72.50","417","54.72"
"10798  :  โรงพยาบาลบางระจัน","1,946","1,173","60.28","471","40.15"
"10799  :  โรงพยาบาลค่ายบางระจัน","3,111","1,671","53.71","788","47.16"
"10800  :  โรงพยาบาลพรหมบุรี","2,272","1,395","61.40","834","59.78"
"10801  :  โรงพยาบาลท่าช้าง","1,166","728","62.44","274","37.64"
"10694  :  โรงพยาบาลชัยนาทนเรนทร","0","0","0.00","0","0.00"
"10802  :  โรงพยาบาลมโนรมย์","2,218","1,671","75.34","691","41.35"
"10803  :  โรงพยาบาลวัดสิงห์","1,893","1,223","64.61","643","52.58"
"10804  :  โรงพยาบาลสรรพยา","1,089","533","48.94","185","34.71"
"10805  :  โรงพยาบาลสรรคบุรี","2,964","2,136","72.06","993","46.49"
"10806  :  โรงพยาบาลหันคา","3,303","2,377","71.96","943","39.67"
"27974  :  โรงพยาบาลหนองมะโมง","527","358","67.93","156","43.58"
"27975  :  โรงพยาบาลเนินขาม","0","0","0.00","0","0.00"
"10661  :  โรงพยาบาลสระบุรี","0","0","0.00","0","0.00"
"10695  :  โรงพยาบาลพระพุทธบาท","0","0","0.00","0","0.00"
"10807  :  โรงพยาบาลแก่งคอย","8,200","3,920","47.80","1,771","45.18"
"10808  :  โรงพยาบาลหนองแค","1,654","30","1.81","23","76.67"
"10809  :  โรงพยาบาลวิหารแดง","4","0","0.00","0","0.00"
"10810  :  โรงพยาบาลหนองแซง","1,795","791","44.07","458","57.90"
"10811  :  โรงพยาบาลบ้านหมอ","2,875","1,637","56.94","972","59.38"
"10812  :  โรงพยาบาลดอนพุด","0","0","0.00","0","0.00"
"10813  :  โรงพยาบาลหนองโดน","2,097","1,086","51.79","334","30.76"
"10814  :  โรงพยาบาลเสาไห้เฉลิมพระเกียรติ80พรรษา","1,573","868","55.18","643","74.08"
"10815  :  โรงพยาบาลมวกเหล็ก","3,982","2,165","54.37","1,830","84.53"
"10816  :  โรงพยาบาลวังม่วงสัทธรรม","2,264","1,072","47.35","376","35.07"
"11485  :  โรงพยาบาลค่ายอดิศร","4,392","246","5.60","123","50.00"
"10662  :  โรงพยาบาลชลบุรี","0","0","0.00","0","0.00"
"10817  :  โรงพยาบาลบ้านบึง","17,040","8,885","52.14","5,772","64.96"
"10818  :  โรงพยาบาลหนองใหญ่","3,839","2,236","58.24","2,139","95.66"
"10819  :  โรงพยาบาลบางละมุง","13,612","4,648","34.15","2,349","50.54"
"10820  :  โรงพยาบาลวัดญาณสังวราราม","1,696","785","46.29","352","44.84"
"10821  :  โรงพยาบาลพานทอง","6,218","2,138","34.38","878","41.07"
"10822  :  โรงพยาบาลพนัสนิคม","6,888","3,985","57.85","1,641","41.18"
"10823  :  โรงพยาบาลแหลมฉบัง","50,273","2,141","4.26","744","34.75"
"10824  :  โรงพยาบาลเกาะสีชัง","1,692","1,012","59.81","412","40.71"
"10825  :  โรงพยาบาลสัตหีบกม10","17,313","6,151","35.53","3,630","59.01"
"10826  :  โรงพยาบาลบ่อทอง","3,075","1,827","59.41","689","37.71"
"11486  :  โรงพยาบาลค่ายนวมินทราชินี","12,403","451","3.64","177","39.25"
"11487  :  โรงพยาบาลอาภากรเกียรติวงศ์","0","0","0.00","0","0.00"
"13754  :  โรงพยาบาลสมเด็จพระบรมราชเทวี ณ ศรีราชา","56,780","1,364","2.40","671","49.19"
"13758  :  โรงพยาบาลสมเด็จพระนางเจ้าสิริกิติ์","0","0","0.00","0","0.00"
"13760  :  โรงพยาบาลมะเร็งชลบุรี","0","0","0.00","0","0.00"
"13766  :  โรงพยาบาลมหาวิทยาลัยบูรพา","11,637","101","0.87","70","69.31"
"28005  :  โรงพยาบาลเมืองพัทยา","22,070","1,979","8.97","617","31.18"
"28006  :  โรงพยาบาลเกาะจันทร์","3,047","1,332","43.72","508","38.14"
"10663  :  โรงพยาบาลระยอง","0","0","0.00","0","0.00"
"10827  :  โรงพยาบาลเฉลิมพระเกียรติสมเด็จพระเทพรัตนราชสุดาฯ สยามบรมราชกุมารี ระยอง","1,254","624","49.76","213","34.13"
"10828  :  โรงพยาบาลบ้านฉาง","14,789","8,249","55.78","3,264","39.57"
"10829  :  โรงพยาบาลแกลง","2,647","35","1.32","15","42.86"
"10830  :  โรงพยาบาลวังจันทร์","2,563","1,530","59.70","1,472","96.21"
"10831  :  โรงพยาบาลบ้านค่าย","3,185","1,825","57.30","987","54.08"
"10832  :  โรงพยาบาลปลวกแดง","23,151","1,142","4.93","445","38.97"
"22734  :  โรงพยาบาลเขาชะเมา เฉลิมพระเกียรติ 80 พรรษา","1,187","733","61.75","52","7.09"
"23962  :  โรงพยาบาลนิคมพัฒนา","2,303","1,376","59.75","1,353","98.33"
"10664  :  โรงพยาบาลพระปกเกล้า","0","0","0.00","0","0.00"
"10834  :  โรงพยาบาลขลุง","6,221","3,283","52.77","3,230","98.39"
"10835  :  โรงพยาบาลท่าใหม่","0","0","0.00","0","0.00"
"10836  :  โรงพยาบาลเขาสุกิม","1,929","616","31.93","380","61.69"
"10837  :  โรงพยาบาลสองพี่น้อง","3,122","548","17.55","390","71.17"
"10838  :  โรงพยาบาลโป่งน้ำร้อน","6,484","3,607","55.63","1,890","52.40"
"10839  :  โรงพยาบาลมะขาม","0","0","0.00","0","0.00"
"10840  :  โรงพยาบาลแหลมสิงห์","0","0","0.00","0","0.00"
"10841  :  โรงพยาบาลสอยดาว","1","1","100.00","1","100.00"
"10842  :  โรงพยาบาลแก่งหางแมว","4,531","205","4.52","133","64.88"
"10843  :  โรงพยาบาลนายายอาม","1,581","824","52.12","309","37.50"
"10844  :  โรงพยาบาลเขาคิชฌกูฏ","3,076","68","2.21","43","63.24"
"10696  :  โรงพยาบาลตราด","2,319","930","40.10","376","40.43"
"10845  :  โรงพยาบาลคลองใหญ่","6,252","2,952","47.22","1,666","56.44"
"10846  :  โรงพยาบาลเขาสมิง","4,013","967","24.10","440","45.50"
"10847  :  โรงพยาบาลบ่อไร่","2,580","926","35.89","393","42.44"
"10848  :  โรงพยาบาลแหลมงอบ","2,283","1,161","50.85","514","44.27"
"10849  :  โรงพยาบาลเกาะกูด","892","443","49.66","144","32.51"
"13816  :  โรงพยาบาลเกาะช้าง","477","118","24.74","44","37.29"
"10697  :  โรงพยาบาลพุทธโสธร","0","0","0.00","0","0.00"
"10833  :  โรงพยาบาลท่าตะเกียบ","3,061","163","5.33","113","69.33"
"10850  :  โรงพยาบาลบางคล้า","9,281","683","7.36","664","97.22"
"10851  :  โรงพยาบาลบางน้ำเปรี้ยว","0","0","0.00","0","0.00"
"10852  :  โรงพยาบาลบางปะกง","0","0","0.00","0","0.00"
"10853  :  โรงพยาบาลบ้านโพธิ์","1,759","1,386","78.79","821","59.24"
"10854  :  โรงพยาบาลพนมสารคาม","5,821","3,606","61.95","1,689","46.84"
"10855  :  โรงพยาบาลสนามชัยเขต","2","0","0.00","0","0.00"
"10856  :  โรงพยาบาลแปลงยาว","5,484","2,033","37.07","1,363","67.04"
"13747  :  โรงพยาบาลราชสาส์น","3,631","3,311","91.19","1,688","50.98"
"31327  :  โรงพยาบาลคลองเขื่อน","0","0","0.00","0","0.00"
"10665  :  โรงพยาบาลเจ้าพระยาอภัยภูเบศร","563","303","53.82","155","51.16"
"10857  :  โรงพยาบาลกบินทร์บุรี","6,271","3,684","58.75","1,744","47.34"
"10858  :  โรงพยาบาลนาดี","3,437","2,162","62.90","839","38.81"
"10859  :  โรงพยาบาลบ้านสร้าง","2,368","1,135","47.93","421","37.09"
"10860  :  โรงพยาบาลประจันตคาม","3,629","29","0.80","14","48.28"
"10861  :  โรงพยาบาลศรีมหาโพธิ","5,252","3,225","61.41","1,137","35.26"
"10862  :  โรงพยาบาลศรีมโหสถ","4,432","834","18.82","329","39.45"
"11490  :  โรงพยาบาลค่ายจักรพงษ์","9,452","749","7.92","302","40.32"
"10698  :  โรงพยาบาลนครนายก","8,182","4,091","50.00","2,851","69.69"
"10863  :  โรงพยาบาลปากพลี","724","482","66.57","192","39.83"
"10864  :  โรงพยาบาลบ้านนา","2,639","1,543","58.47","863","55.93"
"10865  :  โรงพยาบาลองครักษ์","1,512","898","59.39","368","40.98"
"11491  :  โรงพยาบาลรร.นายร้อยพระจุลจอมเกล้า","0","0","0.00","0","0.00"
"14904  :  โรงพยาบาลศูนย์การแพทย์สมเด็จพระเทพรัตนราชสุดาฯ","0","0","0.00","0","0.00"
"10699  :  โรงพยาบาลสมเด็จพระยุพราชสระแก้ว","1","0","0.00","0","0.00"
"10866  :  โรงพยาบาลคลองหาด","4,567","2,446","53.56","1,173","47.96"
"10867  :  โรงพยาบาลตาพระยา","2,833","228","8.05","135","59.21"
"10868  :  โรงพยาบาลวังน้ำเย็น","10,298","4,883","47.42","1,864","38.17"
"10869  :  โรงพยาบาลวัฒนานคร","3,966","2,517","63.46","1,107","43.98"
"10870  :  โรงพยาบาลอรัญประเทศ","5,526","123","2.23","79","64.23"
"13817  :  โรงพยาบาลเขาฉกรรจ์","2,052","1,220","59.45","493","40.41"
"14717  :  โรงพยาบาลจิตเวชสระแก้วราชนครินทร์","0","0","0.00","0","0.00"
"10666  :  โรงพยาบาลมหาราชนครราชสีมา","0","0","0.00","0","0.00"
"10871  :  โรงพยาบาลครบุรี","4,238","2,783","65.67","1,307","46.96"
"10872  :  โรงพยาบาลเสิงสาง","4,884","3,072","62.90","1,450","47.20"
"10873  :  โรงพยาบาลคง","3,166","1,169","36.92","561","47.99"
"10874  :  โรงพยาบาลบ้านเหลื่อม","1,495","1,060","70.90","487","45.94"
"10875  :  โรงพยาบาลจักราช","4,053","2,141","52.83","1,480","69.13"
"10876  :  โรงพยาบาลโชคชัย","5,561","3,599","64.72","1,677","46.60"
"10877  :  โรงพยาบาลด่านขุนทด","5,740","3,631","63.26","1,792","49.35"
"10878  :  โรงพยาบาลโนนไทย","4,185","2,462","58.83","1,168","47.44"
"10879  :  โรงพยาบาลโนนสูง","4,600","2,577","56.02","1,366","53.01"
"10880  :  โรงพยาบาลขามสะแกแสง","3,793","2,428","64.01","1,078","44.40"
"10881  :  โรงพยาบาลบัวใหญ่","2,602","1,843","70.83","830","45.04"
"10882  :  โรงพยาบาลประทาย","3,412","1,896","55.57","729","38.45"
"10883  :  โรงพยาบาลปักธงชัย","3,579","761","21.26","318","41.79"
"10884  :  โรงพยาบาลพิมาย","4,324","2,754","63.69","1,209","43.90"
"10885  :  โรงพยาบาลห้วยแถลง","4,425","2,081","47.03","776","37.29"
"10886  :  โรงพยาบาลชุมพวง","3,977","2,463","61.93","961","39.02"
"10887  :  โรงพยาบาลสูงเนิน","11,478","7,022","61.18","4,113","58.57"
"10888  :  โรงพยาบาลขามทะเลสอ","2,701","1,096","40.58","445","40.60"
"10889  :  โรงพยาบาลสีคิ้ว","7,970","3,897","48.90","2,798","71.80"
"10890  :  โรงพยาบาลปากช่องนานา","6,651","3,935","59.16","3,572","90.78"
"10891  :  โรงพยาบาลหนองบุญมาก","2,476","1,421","57.39","853","60.03"
"10892  :  โรงพยาบาลแก้งสนามนาง","2,930","1,949","66.52","774","39.71"
"10893  :  โรงพยาบาลโนนแดง","2,255","1,526","67.67","716","46.92"
"10894  :  โรงพยาบาลวังน้ำเขียว","1,622","763","47.04","415","54.39"
"11492  :  โรงพยาบาลค่ายสุรนารี นครราชสีมา","0","0","0.00","0","0.00"
"11602  :  โรงพยาบาลเฉลิมพระเกียรติสมเด็จย่า 100 ปี","995","695","69.85","380","54.68"
"11608  :  โรงพยาบาลลำทะเมนชัย","2,125","1,330","62.59","1,063","79.92"
"11885  :  โรงพยาบาลเดอะโกลเดนเกท","9,407","4,896","52.05","3,427","70.00"
"11891  :  โรงพยาบาลราชสีมาฮอสพิทอล","8,967","2,565","28.60","2,107","82.14"
"12267  :  ศูนย์อนามัยที่ 9 นครราชสีมา","0","0","0.00","0","0.00"
"12268  :  โรงพยาบาลจิตเวชนครราชสีมาราชนครินทร์","0","0","0.00","0","0.00"
"14161  :  โรงพยาบาลกองบิน กองบิน1","1,581","609","38.52","325","53.37"
"22456  :  โรงพยาบาลพระทองคำ เฉลิมพระเกียรติ 80 พรรษา","2,263","1,416","62.57","654","46.19"
"23839  :  โรงพยาบาลเทพรัตน์นครราชสีมา","950","465","48.95","38","8.17"
"24060  :  โรงพยาบาลมหาวิทยาลัยเทคโนโลยีสุรนารี","8,646","153","1.77","98","64.05"
"24692  :  โรงพยาบาลเฉลิมพระเกียรติ","1,947","1,174","60.30","718","61.16"
"27839  :  โรงพยาบาลบัวลาย","1,259","883","70.14","454","51.42"
"27840  :  โรงพยาบาลสีดา","1,004","537","53.49","263","48.98"
"27841  :  โรงพยาบาลเทพารักษ์","3,819","2,153","56.38","1,897","88.11"
"10667  :  โรงพยาบาลบุรีรัมย์","0","0","0.00","0","0.00"
"10895  :  โรงพยาบาลคูเมือง","4,568","2,460","53.85","1,072","43.58"
"10896  :  โรงพยาบาลกระสัง","3,394","1,761","51.89","1,122","63.71"
"10897  :  โรงพยาบาลนางรอง","0","0","0.00","0","0.00"
"10898  :  โรงพยาบาลหนองกี่","3,711","2,234","60.20","1,007","45.08"
"10899  :  โรงพยาบาลละหานทราย","4,791","1,100","22.96","421","38.27"
"10900  :  โรงพยาบาลประโคนชัย","6,472","2,366","36.56","998","42.18"
"10901  :  โรงพยาบาลบ้านกรวด","6,007","2,201","36.64","697","31.67"
"10902  :  โรงพยาบาลพุทไธสง","3,690","2,177","59.00","1,232","56.59"
"10904  :  โรงพยาบาลลำปลายมาศ","0","0","0.00","0","0.00"
"10905  :  โรงพยาบาลสตึก","3,319","2,046","61.65","1,415","69.16"
"10906  :  โรงพยาบาลปะคำ","2,312","1,195","51.69","637","53.31"
"10907  :  โรงพยาบาลนาโพธิ์","1,510","1,057","70.00","476","45.03"
"10908  :  โรงพยาบาลหนองหงส์","2,171","1,431","65.91","675","47.17"
"10909  :  โรงพยาบาลพลับพลาชัย","3,090","397","12.85","313","78.84"
"10910  :  โรงพยาบาลห้วยราช","1,386","517","37.30","258","49.90"
"10911  :  โรงพยาบาลโนนสุวรรณ","2,087","1,289","61.76","619","48.02"
"10912  :  โรงพยาบาลชำนิ","1,062","778","73.26","306","39.33"
"10913  :  โรงพยาบาลบ้านใหม่ไชยพจน์","1,248","834","66.83","332","39.81"
"10914  :  โรงพยาบาลโนนดินแดง","3,209","2,045","63.73","967","47.29"
"11493  :  โรงพยาบาลค่ายสมเด็จเจ้าพระยามหากษัตริย์ศึก","339","17","5.01","17","100.00"
"11619  :  โรงพยาบาลเฉลิมพระเกียรติ","2,519","1,272","50.50","523","41.12"
"23578  :  โรงพยาบาลแคนดง","3,230","1,868","57.83","1,080","57.82"
"28020  :  โรงพยาบาลบ้านด่าน","3,035","1,921","63.29","1,007","52.42"
"10668  :  โรงพยาบาลสุรินทร์","146","50","34.25","45","90.00"
"10915  :  โรงพยาบาลชุมพลบุรี","3,731","2,023","54.22","1,021","50.47"
"10916  :  โรงพยาบาลท่าตูม","5,397","2,637","48.86","1,255","47.59"
"10917  :  โรงพยาบาลจอมพระ","4,054","2,698","66.55","1,624","60.19"
"10918  :  โรงพยาบาลปราสาท","5,163","2,053","39.76","981","47.78"
"10919  :  โรงพยาบาลกาบเชิง","2,524","1,984","78.61","1,438","72.48"
"10920  :  โรงพยาบาลรัตนบุรี","4,998","2,708","54.18","1,530","56.50"
"10921  :  โรงพยาบาลสนม","2,229","1,315","59.00","773","58.78"
"10922  :  โรงพยาบาลศีขรภูมิ","4,231","2,630","62.16","922","35.06"
"10923  :  โรงพยาบาลสังขะ","4,782","677","14.16","286","42.25"
"10924  :  โรงพยาบาลลำดวน","3,194","1,890","59.17","955","50.53"
"10925  :  โรงพยาบาลสำโรงทาบ","2,885","1,771","61.39","727","41.05"
"10926  :  โรงพยาบาลบัวเชด","3,182","1,065","33.47","744","69.86"
"11494  :  โรงพยาบาลค่ายวีรวัฒน์โยธิน","1,786","24","1.34","17","70.83"
"22302  :  โรงพยาบาลพนมดงรัก เฉลิมพระเกียรติ 80 พรรษา","1,196","701","58.61","596","85.02"
"27842  :  โรงพยาบาลเขวาสินรินทร์","1,133","685","60.46","380","55.47"
"27843  :  โรงพยาบาลศรีณรงค์","1,656","971","58.64","720","74.15"
"27844  :  โรงพยาบาลโนนนารายณ์","912","529","58.00","282","53.31"
"10700  :  โรงพยาบาลศรีสะเกษ","945","24","2.54","12","50.00"
"10927  :  โรงพยาบาลยางชุมน้อย","2,874","410","14.27","154","37.56"
"10928  :  โรงพยาบาลกันทรารมย์","4,627","1,979","42.77","770","38.91"
"10929  :  โรงพยาบาลกันทรลักษ์","4,737","25","0.53","6","24.00"
"10930  :  โรงพยาบาลขุขันธ์","5,257","9","0.17","8","88.89"
"10931  :  โรงพยาบาลไพรบึง","5,398","2,492","46.17","1,277","51.24"
"10932  :  โรงพยาบาลปรางค์กู่","2,167","987","45.55","535","54.20"
"10933  :  โรงพยาบาลขุนหาญ","3,599","623","17.31","304","48.80"
"10934  :  โรงพยาบาลราษีไศล","3,249","1,567","48.23","685","43.71"
"10935  :  โรงพยาบาลอุทุมพรพิสัย","3,080","189","6.14","84","44.44"
"10936  :  โรงพยาบาลบึงบูรพ์","1,892","786","41.54","370","47.07"
"10937  :  โรงพยาบาลห้วยทับทัน","2,083","699","33.56","313","44.78"
"10938  :  โรงพยาบาลโนนคูณ","982","407","41.45","151","37.10"
"10939  :  โรงพยาบาลศรีรัตนะ","1,827","589","32.24","283","48.05"
"10940  :  โรงพยาบาลวังหิน","1,237","649","52.47","274","42.22"
"10941  :  โรงพยาบาลน้ำเกลี้ยง","991","445","44.90","166","37.30"
"10942  :  โรงพยาบาลภูสิงห์","1,639","804","49.05","352","43.78"
"10943  :  โรงพยาบาลเมืองจันทร์","536","240","44.78","120","50.00"
"23125  :  โรงพยาบาลเบญจลักษ์เฉลิมพระเกียรติ 80 พรรษา","1,683","952","56.57","371","38.97"
"28014  :  โรงพยาบาลพยุห์","884","250","28.28","88","35.20"
"28015  :  โรงพยาบาลโพธิ์ศรีสุวรรณ","992","325","32.76","144","44.31"
"28016  :  โรงพยาบาลศิลาลาด","1,316","156","11.85","62","39.74"
"10669  :  โรงพยาบาลสรรพสิทธิประสงค์","0","0","0.00","0","0.00"
"10944  :  โรงพยาบาลศรีเมืองใหม่","4,230","1,999","47.26","1,445","72.29"
"10945  :  โรงพยาบาลโขงเจียม","3,881","1,934","49.83","1,428","73.84"
"10946  :  โรงพยาบาลเขื่องใน","0","0","0.00","0","0.00"
"10947  :  โรงพยาบาลเขมราฐ","8,130","1,010","12.42","732","72.48"
"10948  :  โรงพยาบาลนาจะหลวย","7,314","47","0.64","28","59.57"
"10949  :  โรงพยาบาลน้ำยืน","0","0","0.00","0","0.00"
"10950  :  โรงพยาบาลบุณฑริก","2,032","770","37.89","350","45.45"
"10951  :  โรงพยาบาลตระการพืชผล","2,800","1,640","58.57","908","55.37"
"10952  :  โรงพยาบาลกุดข้าวปุ้น","3,444","2,296","66.67","1,196","52.09"
"10953  :  โรงพยาบาลม่วงสามสิบ","3,207","2,222","69.29","875","39.38"
"10954  :  โรงพยาบาลวารินชำราบ","1,510","230","15.23","120","52.17"
"10956  :  โรงพยาบาลพิบูลมังสาหาร","3,457","355","10.27","150","42.25"
"10957  :  โรงพยาบาลตาลสุม","1,406","403","28.66","210","52.11"
"10958  :  โรงพยาบาลโพธิ์ไทร","2,434","1,409","57.89","917","65.08"
"10959  :  โรงพยาบาลสำโรง","2,919","1,333","45.67","674","50.56"
"10960  :  โรงพยาบาลดอนมดแดง","1,540","280","18.18","154","55.00"
"10961  :  โรงพยาบาลสิรินธร","2,528","1,273","50.36","412","32.36"
"10962  :  โรงพยาบาลทุ่งศรีอุดม","2,877","1,591","55.30","878","55.19"
"11443  :  โรงพยาบาลสมเด็จพระยุพราชเดชอุดม","0","0","0.00","0","0.00"
"11495  :  โรงพยาบาลกองบิน 21","0","0","0.00","0","0.00"
"11496  :  โรงพยาบาลค่ายสรรพสิทธิประสงค์","7,305","324","4.44","249","76.85"
"11918  :  โรงพยาบาลเอกชนร่มเกล้า","1,644","13","0.79","10","76.92"
"12269  :  โรงพยาบาลพระศรีมหาโพธิ์","0","0","0.00","0","0.00"
"12270  :  โรงพยาบาลส่งเสริมสุขภาพ ศูนย์อนามัยที่ 10","12","2","16.67","2","100.00"
"21984  :  โรงพยาบาล 50 พรรษา มหาวชิราลงกรณ","0","0","0.00","0","0.00"
"24032  :  โรงพยาบาลนาตาล","520","353","67.88","183","51.84"
"24821  :  โรงพยาบาลนาเยีย","0","0","0.00","0","0.00"
"27967  :  โรงพยาบาลสว่างวีระวงศ์","0","0","0.00","0","0.00"
"27968  :  โรงพยาบาลน้ำขุ่น","1,351","579","42.86","358","61.83"
"27976  :  โรงพยาบาลเหล่าเสือโก้ก","594","374","62.96","236","63.10"
"10701  :  โรงพยาบาลยโสธร","0","0","0.00","0","0.00"
"10963  :  โรงพยาบาลทรายมูล","0","0","0.00","0","0.00"
"10964  :  โรงพยาบาลกุดชุม","0","0","0.00","0","0.00"
"10965  :  โรงพยาบาลคำเขื่อนแก้ว","3,584","833","23.24","587","70.47"
"10966  :  โรงพยาบาลป่าติ้ว","3,579","2,120","59.23","892","42.08"
"10967  :  โรงพยาบาลมหาชนะชัย","2,232","1,272","56.99","332","26.10"
"10968  :  โรงพยาบาลค้อวัง","2,250","1,326","58.93","746","56.26"
"10969  :  โรงพยาบาลไทยเจริญ","1,864","1,246","66.85","524","42.05"
"11444  :  โรงพยาบาลสมเด็จพระยุพราชเลิงนกทา","5,382","2,684","49.87","1,662","61.92"
"11921  :  โรงพยาบาลนายแพทย์หาญ","552","304","55.07","177","58.22"
"04007  :  โรงพยาบาลซับใหญ่","1,461","793","54.28","707","89.16"
"10702  :  โรงพยาบาลชัยภูมิ","2","0","0.00","0","0.00"
"10970  :  โรงพยาบาลบ้านเขว้า","4,996","2,267","45.38","1,002","44.20"
"10971  :  โรงพยาบาลคอนสวรรค์","2,610","2,400","91.95","1,163","48.46"
"10972  :  โรงพยาบาลเกษตรสมบูรณ์","3,901","2,133","54.68","1,322","61.98"
"10973  :  โรงพยาบาลหนองบัวแดง","4,589","2,461","53.63","1,421","57.74"
"10974  :  โรงพยาบาลจัตุรัส","4,034","1,898","47.05","599","31.56"
"10975  :  โรงพยาบาลบำเหน็จณรงค์","5,203","2,374","45.63","964","40.61"
"10976  :  โรงพยาบาลหนองบัวระเหว","2,347","652","27.78","244","37.42"
"10977  :  โรงพยาบาลเทพสถิต","4,672","15","0.32","8","53.33"
"10978  :  โรงพยาบาลภูเขียวเฉลิมพระเกียรติ","9,360","5,083","54.31","1,664","32.74"
"10979  :  โรงพยาบาลบ้านแท่น","2,995","1,726","57.63","604","34.99"
"10980  :  โรงพยาบาลแก้งคร้อ","5,788","2,610","45.09","1,417","54.29"
"10981  :  โรงพยาบาลคอนสาร","2,502","1,586","63.39","636","40.10"
"10982  :  โรงพยาบาลภักดีชุมพล","1,822","1,147","62.95","1,137","99.13"
"10983  :  โรงพยาบาลเนินสง่า","1,304","775","59.43","276","35.61"
"10703  :  โรงพยาบาลอำนาจเจริญ","0","0","0.00","0","0.00"
"10985  :  โรงพยาบาลชานุมาน","3,032","1,606","52.97","895","55.73"
"10986  :  โรงพยาบาลปทุมราชวงศา","3,698","1,986","53.70","791","39.83"
"10987  :  โรงพยาบาลพนา","2,367","1,534","64.81","1,029","67.08"
"10988  :  โรงพยาบาลเสนางคนิคม","5,413","2,700","49.88","1,226","45.41"
"10989  :  โรงพยาบาลหัวตะพาน","1,887","1,137","60.25","510","44.85"
"10990  :  โรงพยาบาลลืออำนาจ","2,407","1,095","45.49","733","66.94"
"11040  :  โรงพยาบาลบึงกาฬ","4,632","2,870","61.96","1,455","50.70"
"11041  :  โรงพยาบาลพรเจริญ","3,245","2,172","66.93","868","39.96"
"11043  :  โรงพยาบาลโซ่พิสัย","6,609","3,412","51.63","1,756","51.47"
"11046  :  โรงพยาบาลเซกา","7,238","1,315","18.17","499","37.95"
"11047  :  โรงพยาบาลปากคาด","3,693","2,291","62.04","875","38.19"
"11048  :  โรงพยาบาลบึงโขงหลง","0","0","0.00","0","0.00"
"11049  :  โรงพยาบาลศรีวิไล","4,868","1,702","34.96","637","37.43"
"11050  :  โรงพยาบาลบุ่งคล้า","983","612","62.26","370","60.46"
"10704  :  โรงพยาบาลหนองบัวลำภู","0","0","0.00","0","0.00"
"10991  :  โรงพยาบาลนากลาง","0","0","0.00","0","0.00"
"10992  :  โรงพยาบาลโนนสัง","0","0","0.00","0","0.00"
"10993  :  โรงพยาบาลศรีบุญเรือง","0","0","0.00","0","0.00"
"10994  :  โรงพยาบาลสุวรรณคูหา","0","0","0.00","0","0.00"
"23367  :  โรงพยาบาลนาวัง เฉลิมพระเกียรติ 80 พรรษา","10","5","50.00","5","100.00"
"10670  :  โรงพยาบาลขอนแก่น","0","0","0.00","0","0.00"
"10995  :  โรงพยาบาลบ้านฝาง","0","0","0.00","0","0.00"
"10996  :  โรงพยาบาลพระยืน","0","0","0.00","0","0.00"
"10997  :  โรงพยาบาลหนองเรือ","0","0","0.00","0","0.00"
"10998  :  โรงพยาบาลชุมแพ","0","0","0.00","0","0.00"
"10999  :  โรงพยาบาลสีชมพู","3,492","2,515","72.02","891","35.43"
"11000  :  โรงพยาบาลน้ำพอง","3,177","1,478","46.52","539","36.47"
"11001  :  โรงพยาบาลอุบลรัตน์","2,271","1,379","60.72","882","63.96"
"11002  :  โรงพยาบาลบ้านไผ่","0","0","0.00","0","0.00"
"11003  :  โรงพยาบาลเปือยน้อย","1,606","1,094","68.12","587","53.66"
"11004  :  โรงพยาบาลพล","0","0","0.00","0","0.00"
"11005  :  โรงพยาบาลแวงใหญ่","1,510","802","53.11","516","64.34"
"11006  :  โรงพยาบาลแวงน้อย","2,963","1,936","65.34","1,717","88.69"
"11007  :  โรงพยาบาลหนองสองห้อง","0","0","0.00","0","0.00"
"11008  :  โรงพยาบาลภูเวียง","0","0","0.00","0","0.00"
"11009  :  โรงพยาบาลมัญจาคีรี","3,297","305","9.25","149","48.85"
"11010  :  โรงพยาบาลชนบท","0","0","0.00","0","0.00"
"11011  :  โรงพยาบาลเขาสวนกวาง","0","0","0.00","0","0.00"
"11012  :  โรงพยาบาลภูผาม่าน","2","0","0.00","0","0.00"
"11445  :  โรงพยาบาลสมเด็จพระยุพราชกระนวน","7,701","7,268","94.38","5,357","73.71"
"11497  :  โรงพยาบาลค่ายศรีพัชรินทร","0","0","0.00","0","0.00"
"11936  :  โรงพยาบาลขอนแก่นราม","0","0","0.00","0","0.00"
"12272  :  โรงพยาบาลจิตเวชขอนแก่นราชนครินทร์","0","0","0.00","0","0.00"
"12273  :  โรงพยาบาลส่งเสริมสุขภาพ ศูนย์อนามัยที่ 7","0","0","0.00","0","0.00"
"12275  :  โรงพยาบาลสิรินธร(ภาคตะวันออกเฉียงเหนือ)","0","0","0.00","0","0.00"
"13777  :  โรงพยาบาลศรีนครินทร์ มหาวิทยาลัยขอนแก่น","0","0","0.00","0","0.00"
"14132  :  โรงพยาบาลซำสูง","0","0","0.00","0","0.00"
"14196  :  โรงพยาบาลธัญญรักษ์ขอนแก่น","0","0","0.00","0","0.00"
"24746  :  สถาบันสุขภาพจิตเด็กและวัยรุ่นภาคตะวันออกเฉียงเหนือ","0","0","0.00","0","0.00"
"77649  :  โรงพยาบาลหนองนาคำ","371","259","69.81","249","96.14"
"77650  :  โรงพยาบาลเวียงเก่า","331","271","81.87","156","57.56"
"77651  :  โรงพยาบาลโคกโพธิ์ไชย","800","307","38.38","116","37.79"
"77652  :  โรงพยาบาลโนนศิลา","394","301","76.40","99","32.89"
"10671  :  โรงพยาบาลอุดรธานี","0","0","0.00","0","0.00"
"11013  :  โรงพยาบาลกุดจับ","2,854","1,723","60.37","669","38.83"
"11014  :  โรงพยาบาลหนองวัวซอ","3,931","2,201","55.99","709","32.21"
"11015  :  โรงพยาบาลกุมภวาปี","7,365","3,749","50.90","2,641","70.45"
"11016  :  โรงพยาบาลห้วยเกิ้ง","0","0","0.00","0","0.00"
"11017  :  โรงพยาบาลโนนสะอาด","4,393","3,279","74.64","2,877","87.74"
"11018  :  โรงพยาบาลหนองหาน","7,543","4,790","63.50","3,769","78.68"
"11019  :  โรงพยาบาลทุ่งฝน","4,199","3,909","93.09","2,184","55.87"
"11020  :  โรงพยาบาลไชยวาน","4,882","2,423","49.63","1,751","72.27"
"11021  :  โรงพยาบาลศรีธาตุ","1,875","1,291","68.85","834","64.60"
"11022  :  โรงพยาบาลวังสามหมอ","5,473","2,957","54.03","1,434","48.50"
"11023  :  โรงพยาบาลบ้านผือ","5,689","3,104","54.56","1,133","36.50"
"11024  :  โรงพยาบาลน้ำโสม","6,850","3,786","55.27","2,633","69.55"
"11025  :  โรงพยาบาลเพ็ญ","6,070","3,278","54.00","2,672","81.51"
"11026  :  โรงพยาบาลสร้างคอม","4,058","1,231","30.34","567","46.06"
"11027  :  โรงพยาบาลหนองแสง","3,560","3,275","91.99","2,614","79.82"
"11028  :  โรงพยาบาลนายูง","2,219","1,330","59.94","999","75.11"
"11029  :  โรงพยาบาลพิบูลย์รักษ์","2,534","1,537","60.66","1,406","91.48"
"11446  :  โรงพยาบาลสมเด็จพระยุพราชบ้านดุง","9,750","5,546","56.88","3,215","57.97"
"11501  :  โรงพยาบาลค่ายประจักษ์ศิลปาคม","285","41","14.39","37","90.24"
"12276  :  โรงพยาบาลมะเร็งอุดรธานี","0","0","0.00","0","0.00"
"23951  :  โรงพยาบาลธัญญารักษ์อุดรธานี","0","0","0.00","0","0.00"
"25058  :  โรงพยาบาลกู่แก้ว","0","0","0.00","0","0.00"
"25059  :  โรงพยาบาลประจักษ์ศิลปาคม","0","0","0.00","0","0.00"
"10705  :  โรงพยาบาลเลย","7,836","3,120","39.82","1,584","50.77"
"11030  :  โรงพยาบาลนาด้วง","4,184","1,593","38.07","994","62.40"
"11031  :  โรงพยาบาลเชียงคาน","4,951","2,643","53.38","1,783","67.46"
"11032  :  โรงพยาบาลปากชม","2,144","528","24.63","200","37.88"
"11033  :  โรงพยาบาลนาแห้ว","904","620","68.58","288","46.45"
"11034  :  โรงพยาบาลภูเรือ","2,535","1,602","63.20","482","30.09"
"11035  :  โรงพยาบาลท่าลี่","1,341","453","33.78","192","42.38"
"11036  :  โรงพยาบาลวังสะพุง","5,728","3,018","52.69","1,038","34.39"
"11037  :  โรงพยาบาลภูกระดึง","4,630","342","7.39","164","47.95"
"11038  :  โรงพยาบาลภูหลวง","2,335","1,418","60.73","595","41.96"
"11039  :  โรงพยาบาลผาขาว","4,330","2,311","53.37","1,413","61.14"
"11447  :  โรงพยาบาลสมเด็จพระยุพราชด่านซ้าย","3,996","1,905","47.67","662","34.75"
"14133  :  โรงพยาบาลเอราวัณ","3,148","845","26.84","302","35.74"
"14644  :  โรงพยาบาลจิตเวชเลยราชนครินทร์","0","0","0.00","0","0.00"
"28861  :  โรงพยาบาลหนองหิน","496","251","50.60","66","26.29"
"10706  :  โรงพยาบาลหนองคาย","12,267","6,798","55.42","3,816","56.13"
"11042  :  โรงพยาบาลโพนพิสัย","2,663","1,764","66.24","907","51.42"
"11044  :  โรงพยาบาลศรีเชียงใหม่","3,881","2,367","60.99","958","40.47"
"11045  :  โรงพยาบาลสังคม","1,685","1,180","70.03","490","41.53"
"11448  :  โรงพยาบาลสมเด็จพระยุพราชท่าบ่อ","8,646","4,304","49.78","1,961","45.56"
"14558  :  โรงพยาบาลพิสัยเวช","4,604","625","13.58","543","86.88"
"21356  :  โรงพยาบาลสระใคร","903","580","64.23","343","59.14"
"28778  :  โรงพยาบาลโพธิ์ตาก","474","315","66.46","266","84.44"
"28811  :  โรงพยาบาลเฝ้าไร่","1,873","1,071","57.18","493","46.03"
"28815  :  โรงพยาบาลรัตนวาปี","372","212","56.99","185","87.26"
"10707  :  โรงพยาบาลมหาสารคาม","0","0","0.00","0","0.00"
"11051  :  โรงพยาบาลแกดำ","2,314","1,378","59.55","658","47.75"
"11052  :  โรงพยาบาลโกสุมพิสัย","7,292","3,469","47.57","1,452","41.86"
"11053  :  โรงพยาบาลกันทรวิชัย","3,280","2,059","62.77","1,072","52.06"
"11054  :  โรงพยาบาลเชียงยืน","5,631","3,388","60.17","1,458","43.03"
"11055  :  โรงพยาบาลบรบือ","7,256","2,848","39.25","2,044","71.77"
"11056  :  โรงพยาบาลนาเชือก","1,900","1,212","63.79","691","57.01"
"11057  :  โรงพยาบาลพยัคฆภูมิพิสัย","5,497","3,232","58.80","1,778","55.01"
"11058  :  โรงพยาบาลวาปีปทุม","5,633","3,054","54.22","1,447","47.38"
"11059  :  โรงพยาบาลนาดูน","2,065","1,297","62.81","496","38.24"
"11060  :  โรงพยาบาลยางสีสุราช","1,819","1,157","63.61","1,074","92.83"
"22953  :  โรงพยาบาลสุทธาเวช คณะแพทยศาสตร์ มหาวิทยาลัยมหาสารคาม","20,385","1,773","8.70","1,378","77.72"
"24704  :  โรงพยาบาลกุดรัง","1,153","756","65.57","488","64.55"
"28843  :  โรงพยาบาลชื่นชม","76","46","60.53","42","91.30"
"10708  :  โรงพยาบาลร้อยเอ็ด","0","0","0.00","0","0.00"
"11061  :  โรงพยาบาลเกษตรวิสัย","5,602","3,357","59.93","1,278","38.07"
"11062  :  โรงพยาบาลปทุมรัตต์","2,991","2,090","69.88","771","36.89"
"11063  :  โรงพยาบาลจตุรพักตรพิมาน","5,780","3,493","60.43","2,004","57.37"
"11064  :  โรงพยาบาลธวัชบุรี","2,828","1,958","69.24","972","49.64"
"11065  :  โรงพยาบาลพนมไพร","3,770","2,047","54.30","923","45.09"
"11066  :  โรงพยาบาลโพนทอง","6,375","3,906","61.27","2,392","61.24"
"11067  :  โรงพยาบาลโพธิ์ชัย","3,594","1,791","49.83","646","36.07"
"11068  :  โรงพยาบาลหนองพอก","3,854","1,671","43.36","659","39.44"
"11069  :  โรงพยาบาลเสลภูมิ","5,342","3,255","60.93","1,927","59.20"
"11070  :  โรงพยาบาลสุวรรณภูมิ","8,448","5,140","60.84","2,958","57.55"
"11071  :  โรงพยาบาลเมืองสรวง","1,855","1,229","66.25","718","58.42"
"11072  :  โรงพยาบาลโพนทราย","2,623","1,727","65.84","1,207","69.89"
"11073  :  โรงพยาบาลอาจสามารถ","4,457","2,760","61.93","1,539","55.76"
"11074  :  โรงพยาบาลเมยวดี","1,840","1,155","62.77","792","68.57"
"11075  :  โรงพยาบาลศรีสมเด็จ","1,778","1,228","69.07","628","51.14"
"11076  :  โรงพยาบาลจังหาร","2,876","1,894","65.86","883","46.62"
"11504  :  โรงพยาบาลค่ายสมเด็จพระพุทธยอดฟ้าจุฬาโลกมหาราช","11,840","547","4.62","327","59.78"
"11964  :  โรงพยาบาลทั่วไปขนาดใหญ่จุรีเวช","1,604","815","50.81","447","54.85"
"27988  :  โรงพยาบาลทุ่งเขาหลวง","703","465","66.15","236","50.75"
"27989  :  โรงพยาบาลเชียงขวัญ","1,242","792","63.77","344","43.43"
"27990  :  โรงพยาบาลหนองฮี","1,045","714","68.33","323","45.24"
"10709  :  โรงพยาบาลกาฬสินธุ์","4,325","2,475","57.23","2,366","95.60"
"11077  :  โรงพยาบาลนามน","3,879","2,510","64.71","1,143","45.54"
"11078  :  โรงพยาบาลกมลาไสย","6,064","3,152","51.98","780","24.75"
"11079  :  โรงพยาบาลร่องคำ","1,952","1,278","65.47","508","39.75"
"11080  :  โรงพยาบาลเขาวง","5,565","3,455","62.08","1,796","51.98"
"11081  :  โรงพยาบาลยางตลาด","7,035","4,045","57.50","2,885","71.32"
"11082  :  โรงพยาบาลห้วยเม็ก","3,447","1,976","57.33","947","47.93"
"11083  :  โรงพยาบาลสหัสขันธ์","1,923","1,226","63.75","449","36.62"
"11084  :  โรงพยาบาลคำม่วง","3,967","2,676","67.46","1,163","43.46"
"11085  :  โรงพยาบาลท่าคันโท","4,959","2,881","58.10","1,958","67.96"
"11086  :  โรงพยาบาลหนองกุงศรี","3,554","2,017","56.75","980","48.59"
"11087  :  โรงพยาบาลสมเด็จ","4,762","1,982","41.62","1,448","73.06"
"11088  :  โรงพยาบาลห้วยผึ้ง","4,787","2,503","52.29","880","35.16"
"11449  :  โรงพยาบาลสมเด็จพระยุพราชกุฉินารายณ์","5,747","3,697","64.33","1,248","33.76"
"11965  :  โรงพยาบาลธีรวัฒน์","1","1","100.00","1","100.00"
"28017  :  โรงพยาบาลนาคู","1,615","969","60.00","434","44.79"
"28789  :  โรงพยาบาลฆ้องชัย","1,432","848","59.22","438","51.65"
"28790  :  โรงพยาบาลดอนจาน","1,805","1,150","63.71","642","55.83"
"28791  :  โรงพยาบาลสามชัย","766","470","61.36","221","47.02"
"10710  :  โรงพยาบาลสกลนคร","0","0","0.00","0","0.00"
"11089  :  โรงพยาบาลกุสุมาลย์","7,016","2,652","37.80","1,001","37.75"
"11090  :  โรงพยาบาลกุดบาก","2,464","1,584","64.29","577","36.43"
"11091  :  โรงพยาบาลพระอาจารย์ฝั้นอาจาโร","3,214","164","5.10","111","67.68"
"11092  :  โรงพยาบาลพังโคน","6,279","3,945","62.83","1,240","31.43"
"11093  :  โรงพยาบาลวาริชภูมิ","3,692","1,904","51.57","984","51.68"
"11094  :  โรงพยาบาลนิคมน้ำอูน","1,474","840","56.99","316","37.62"
"11095  :  โรงพยาบาลวานรนิวาส","6,187","2,789","45.08","1,926","69.06"
"11096  :  โรงพยาบาลคำตากล้า","7,596","4,338","57.11","2,617","60.33"
"11097  :  โรงพยาบาลบ้านม่วง","3,218","1,421","44.16","638","44.90"
"11098  :  โรงพยาบาลอากาศอำนวย","6,297","3,647","57.92","1,801","49.38"
"11099  :  โรงพยาบาลส่องดาว","2,655","1,477","55.63","551","37.31"
"11100  :  โรงพยาบาลเต่างอย","1,044","950","91.00","542","57.05"
"11101  :  โรงพยาบาลโคกศรีสุพรรณ","3,940","2,543","64.54","995","39.13"
"11102  :  โรงพยาบาลเจริญศิลป์","5,513","3,005","54.51","1,777","59.13"
"11103  :  โรงพยาบาลโพนนาแก้ว","1,651","910","55.12","581","63.85"
"11450  :  โรงพยาบาลสมเด็จพระยุพราชสว่างแดนดิน","13,110","4,413","33.66","2,586","58.60"
"11505  :  โรงพยาบาลค่ายกฤษณ์สีวะรา","7,323","635","8.67","486","76.54"
"21323  :  โรงพยาบาลพระอาจารย์แบน  ธนากโร","1,626","99","6.09","59","59.60"
"24976  :  โรงพยาบาลการแพทย์แผนไทยสกลนคร หลวงปู่แฟ๊ป สุภัทโท","0","0","0.00","0","0.00"
"10711  :  โรงพยาบาลนครพนม","2,040","866","42.45","333","38.45"
"11104  :  โรงพยาบาลปลาปาก","4,118","2,217","53.84","1,644","74.15"
"11105  :  โรงพยาบาลท่าอุเทน","1,769","940","53.14","669","71.17"
"11106  :  โรงพยาบาลบ้านแพง","3,456","1,909","55.24","757","39.65"
"11107  :  โรงพยาบาลนาทม","1,347","745","55.31","341","45.77"
"11108  :  โรงพยาบาลเรณูนคร","3,315","2,032","61.30","491","24.16"
"11109  :  โรงพยาบาลนาแก","3,218","1,761","54.72","934","53.04"
"11110  :  โรงพยาบาลศรีสงคราม","3,687","1,839","49.88","918","49.92"
"11111  :  โรงพยาบาลนาหว้า","3,958","2,669","67.43","1,898","71.11"
"11112  :  โรงพยาบาลโพนสวรรค์","3,948","2,673","67.71","1,290","48.26"
"11451  :  โรงพยาบาลสมเด็จพระยุพราชธาตุพนม","883","767","86.86","426","55.54"
"12277  :  โรงพยาบาลจิตเวชนครพนมราชนครินทร์","0","0","0.00","0","0.00"
"40840  :  โรงพยาบาลวังยาง","2,118","1,232","58.17","779","63.23"
"10712  :  โรงพยาบาลมุกดาหาร","11,784","6,210","52.70","3,220","51.85"
"11113  :  โรงพยาบาลนิคมคำสร้อย","2,282","1,350","59.16","564","41.78"
"11114  :  โรงพยาบาลดอนตาล","2,837","1,728","60.91","916","53.01"
"11115  :  โรงพยาบาลดงหลวง","4,137","2,286","55.26","1,130","49.43"
"11116  :  โรงพยาบาลคำชะอี","2,406","1,412","58.69","730","51.70"
"11117  :  โรงพยาบาลหว้านใหญ่","873","532","60.94","264","49.62"
"11118  :  โรงพยาบาลหนองสูง","1,005","694","69.05","325","46.83"
"06009  :  โรงพยาบาลแม่ตื่น","2,077","1,076","51.81","706","65.61"
"10713  :  โรงพยาบาลนครพิงค์","13","1","7.69","0","0.00"
"11119  :  โรงพยาบาลจอมทอง","7,199","4,249","59.02","1,788","42.08"
"11120  :  โรงพยาบาลเทพรัตนเวชชานุกูล เฉลิมพระเกียรติ ๖๐ พรรษา","4,257","2,947","69.23","1,601","54.33"
"11121  :  โรงพยาบาลเชียงดาว","4,795","1,100","22.94","302","27.45"
"11122  :  โรงพยาบาลดอยสะเก็ด","0","0","0.00","0","0.00"
"11123  :  โรงพยาบาลแม่แตง","0","0","0.00","0","0.00"
"11124  :  โรงพยาบาลสะเมิง","2,283","1,458","63.86","464","31.82"
"11125  :  โรงพยาบาลฝาง","2,124","440","20.72","165","37.50"
"11126  :  โรงพยาบาลแม่อาย","1,361","824","60.54","307","37.26"
"11127  :  โรงพยาบาลพร้าว","0","0","0.00","0","0.00"
"11128  :  โรงพยาบาลสันป่าตอง","2,516","732","29.09","338","46.17"
"11129  :  โรงพยาบาลสันกำแพง","0","0","0.00","0","0.00"
"11130  :  โรงพยาบาลสันทราย","0","0","0.00","0","0.00"
"11131  :  โรงพยาบาลหางดง","0","0","0.00","0","0.00"
"11132  :  โรงพยาบาลฮอด","4,423","1,466","33.14","823","56.14"
"11133  :  โรงพยาบาลดอยเต่า","1,414","940","66.48","502","53.40"
"11134  :  โรงพยาบาลอมก๋อย","5,019","955","19.03","287","30.05"
"11135  :  โรงพยาบาลสารภี","0","0","0.00","0","0.00"
"11136  :  โรงพยาบาลเวียงแหง","0","0","0.00","0","0.00"
"11137  :  โรงพยาบาลไชยปราการ","1,276","835","65.44","383","45.87"
"11138  :  โรงพยาบาลแม่วาง","2,060","1,076","52.23","435","40.43"
"11139  :  โรงพยาบาลแม่ออน","0","0","0.00","0","0.00"
"11507  :  โรงพยาบาลกองบิน 41","284","20","7.04","10","50.00"
"11508  :  โรงพยาบาลค่ายกาวิละ เชียงใหม่","0","0","0.00","0","0.00"
"11643  :  โรงพยาบาลดอยหล่อ","0","0","0.00","0","0.00"
"11978  :  โรงพยาบาลดารารัศมี","0","0","0.00","0","0.00"
"11992  :  โรงพยาบาลเทพปัญญา 2 โรงพยาบาลทั่วไปขนาดกลาง","0","0","0.00","0","0.00"
"11995  :  โรงพยาบาลทั่วไปขนาดใหญ่เซ็นทรัลเชียงใหม่ เมโมเรียล","956","9","0.94","4","44.44"
"11999  :  โรงพยาบาลทั่วไปขนาดใหญ่เชียงใหม่เมดิคอลเซ็นเตอร์","4,103","262","6.39","129","49.24"
"12279  :  โรงพยาบาลส่งเสริมสุขภาพ ศูนย์อนามัยที่ 1","0","0","0.00","0","0.00"
"12280  :  โรงพยาบาลสวนปรุง","0","0","0.00","0","0.00"
"12281  :  โรงพยาบาลประสาทเชียงใหม่","0","0","0.00","0","0.00"
"13775  :  สถาบันพัฒนาการเด็กราชนครินทร์","0","0","0.00","0","0.00"
"13780  :  โรงพยาบาลมหาราชนครเชียงใหม่  มหาวิทยาลัยเชียงใหม่","0","0","0.00","0","0.00"
"13785  :  โรงพยาบาลธัญญารักษ์เชียงใหม่","0","0","0.00","0","0.00"
"14550  :  โรงพยาบาลทั่วไปขนาดใหญ่ เชียงใหม่ใกล้หมอ","4,732","32","0.68","10","31.25"
"14916  :  โรงพยาบาลทั่วไปขนาดกลางเชียงใหม่ฮอสพิทอล","5,641","75","1.33","33","44.00"
"23736  :  โรงพยาบาลวัดจันทร์ เฉลิมพระเกียรติ 80 พรรษา","1,024","615","60.06","271","44.07"
"10714  :  โรงพยาบาลลำพูน","0","0","0.00","0","0.00"
"11140  :  โรงพยาบาลแม่ทา","3,297","1,759","53.35","773","43.95"
"11141  :  โรงพยาบาลบ้านโฮ่ง","2,676","1,305","48.77","530","40.61"
"11142  :  โรงพยาบาลลี้","0","0","0.00","0","0.00"
"11143  :  โรงพยาบาลทุ่งหัวช้าง","2,553","1,450","56.80","770","53.10"
"11144  :  โรงพยาบาลป่าซาง","3,727","147","3.94","45","30.61"
"11145  :  โรงพยาบาลบ้านธิ","5,092","3,102","60.92","1,720","55.45"
"12000  :  โรงพยาบาลหริภุญชัยเมโมเรียล","0","0","0.00","0","0.00"
"14555  :  โรงพยาบาลทั่วไปขนาดกลางศิริเวช ลำพูน","2,119","57","2.69","21","36.84"
"24956  :  โรงพยาบาลเวียงหนองล่อง","1,104","615","55.71","295","47.97"
"10672  :  โรงพยาบาลลำปาง","0","0","0.00","0","0.00"
"11146  :  โรงพยาบาลแม่เมาะ","5,660","5,147","90.94","2,128","41.34"
"11147  :  โรงพยาบาลเกาะคา","624","391","62.66","214","54.73"
"11148  :  โรงพยาบาลเสริมงาม","2,551","2,090","81.93","1,121","53.64"
"11149  :  โรงพยาบาลงาว","1,477","853","57.75","349","40.91"
"11150  :  โรงพยาบาลแจ้ห่ม","2,368","2,181","92.10","889","40.76"
"11151  :  โรงพยาบาลวังเหนือ","2,233","1,509","67.58","714","47.32"
"11152  :  โรงพยาบาลเถิน","2,267","1,051","46.36","468","44.53"
"11153  :  โรงพยาบาลแม่พริก","2,084","1,358","65.16","757","55.74"
"11154  :  โรงพยาบาลแม่ทะ","2,464","2,120","86.04","944","44.53"
"11155  :  โรงพยาบาลสบปราบ","3,610","2,249","62.30","811","36.06"
"11156  :  โรงพยาบาลห้างฉัตร","5,002","3,441","68.79","2,050","59.58"
"11157  :  โรงพยาบาลเมืองปาน","1,381","1,018","73.71","490","48.13"
"11512  :  โรงพยาบาลค่ายสุรศักดิ์มนตรี","0","0","0.00","0","0.00"
"12283  :  โรงพยาบาลมะเร็งลำปาง","0","0","0.00","0","0.00"
"10673  :  โรงพยาบาลอุตรดิตถ์","15,314","5,067","33.09","2,315","45.69"
"11158  :  โรงพยาบาลตรอน","2,666","1,578","59.19","701","44.42"
"11159  :  โรงพยาบาลท่าปลา","2,694","1,624","60.28","792","48.77"
"11160  :  โรงพยาบาลน้ำปาด","2,073","1,334","64.35","524","39.28"
"11161  :  โรงพยาบาลฟากท่า","1,779","1,200","67.45","572","47.67"
"11162  :  โรงพยาบาลบ้านโคก","1,672","938","56.10","489","52.13"
"11163  :  โรงพยาบาลพิชัย","2,480","1,690","68.15","667","39.47"
"11164  :  โรงพยาบาลลับแล","3,529","2,134","60.47","838","39.27"
"11165  :  โรงพยาบาลทองแสนขัน","2,636","1,795","68.10","688","38.33"
"11509  :  โรงพยาบาลค่ายพิชัยดาบหัก","2,401","48","2.00","31","64.58"
"10715  :  โรงพยาบาลแพร่","0","0","0.00","0","0.00"
"11166  :  โรงพยาบาลร้องกวาง","1,901","824","43.35","319","38.71"
"11167  :  โรงพยาบาลลอง","3,710","2,480","66.85","1,271","51.25"
"11169  :  โรงพยาบาลสูงเม่น","0","0","0.00","0","0.00"
"11170  :  โรงพยาบาลสอง","3,205","1,931","60.25","974","50.44"
"11171  :  โรงพยาบาลวังชิ้น","1,431","1,009","70.51","409","40.54"
"11172  :  โรงพยาบาลหนองม่วงไข่","1,202","879","73.13","394","44.82"
"11452  :  โรงพยาบาลสมเด็จพระยุพราชเด่นชัย","5,036","2,170","43.09","1,680","77.42"
"10716  :  โรงพยาบาลน่าน","9,525","114","1.20","61","53.51"
"11173  :  โรงพยาบาลแม่จริม","1,297","921","71.01","494","53.64"
"11174  :  โรงพยาบาลบ้านหลวง","968","787","81.30","394","50.06"
"11175  :  โรงพยาบาลนาน้อย","1,695","1,293","76.28","639","49.42"
"11176  :  โรงพยาบาลท่าวังผา","1,565","1,019","65.11","521","51.13"
"11177  :  โรงพยาบาลเวียงสา","3,893","1,625","41.74","799","49.17"
"11178  :  โรงพยาบาลทุ่งช้าง","1,232","775","62.91","315","40.65"
"11179  :  โรงพยาบาลเชียงกลาง","1,331","865","64.99","350","40.46"
"11180  :  โรงพยาบาลนาหมื่น","1,336","1,009","75.52","564","55.90"
"11181  :  โรงพยาบาลสันติสุข","1,506","1,068","70.92","409","38.30"
"11182  :  โรงพยาบาลบ่อเกลือ","1,403","721","51.39","470","65.19"
"11183  :  โรงพยาบาลสองแคว","1,012","365","36.07","156","42.74"
"11453  :  โรงพยาบาลสมเด็จพระยุพราชปัว","2,042","1,336","65.43","646","48.35"
"11510  :  โรงพยาบาลค่ายสุริยพงษ์","1,434","201","14.02","74","36.82"
"11625  :  โรงพยาบาลเฉลิมพระเกียรติ","602","197","32.72","89","45.18"
"25017  :  โรงพยาบาลภูเพียง","535","296","55.33","180","60.81"
"10717  :  โรงพยาบาลพะเยา","0","0","0.00","0","0.00"
"10718  :  โรงพยาบาลเชียงคำ","0","0","0.00","0","0.00"
"11184  :  โรงพยาบาลจุน","2,094","1,618","77.27","687","42.46"
"11185  :  โรงพยาบาลเชียงม่วน","0","0","0.00","0","0.00"
"11186  :  โรงพยาบาลดอกคำใต้","1,996","880","44.09","421","47.84"
"11187  :  โรงพยาบาลปง","1,327","1,080","81.39","450","41.67"
"11188  :  โรงพยาบาลแม่ใจ","0","0","0.00","0","0.00"
"15140  :  โรงพยาบาลค่ายขุนเจืองธรรมิกราช","36","1","2.78","1","100.00"
"40744  :  โรงพยาบาลภูซาง","0","0","0.00","0","0.00"
"40745  :  โรงพยาบาลภูกามยาว","0","0","0.00","0","0.00"
"41347  :  โรงพยาบาลมหาวิทยาลัยพะเยา","6,409","18","0.28","12","66.67"
"10674  :  โรงพยาบาลเชียงรายประชานุเคราะห์","12,647","1,537","12.15","579","37.67"
"11189  :  โรงพยาบาลเทิง","3,652","2,298","62.92","895","38.95"
"11190  :  โรงพยาบาลพาน","0","0","0.00","0","0.00"
"11191  :  โรงพยาบาลป่าแดด","936","648","69.23","286","44.14"
"11192  :  โรงพยาบาลแม่จัน","0","0","0.00","0","0.00"
"11193  :  โรงพยาบาลเชียงแสน","1,461","716","49.01","260","36.31"
"11194  :  โรงพยาบาลแม่สาย","10,146","1,037","10.22","620","59.79"
"11195  :  โรงพยาบาลแม่สรวย","2,375","997","41.98","449","45.04"
"11196  :  โรงพยาบาลเวียงป่าเป้า","4,109","2,392","58.21","906","37.88"
"11197  :  โรงพยาบาลพญาเม็งราย","1,463","780","53.32","333","42.69"
"11198  :  โรงพยาบาลเวียงแก่น","2,489","1,216","48.85","373","30.67"
"11199  :  โรงพยาบาลขุนตาล","1,399","1,009","72.12","400","39.64"
"11200  :  โรงพยาบาลแม่ฟ้าหลวง","1,562","637","40.78","190","29.83"
"11201  :  โรงพยาบาลแม่ลาว","934","509","54.50","176","34.58"
"11202  :  โรงพยาบาลเวียงเชียงรุ้ง","1,616","898","55.57","371","41.31"
"11454  :  โรงพยาบาลสมเด็จพระยุพราชเชียงของ","5,509","2,364","42.91","1,002","42.39"
"15012  :  โรงพยาบาลสมเด็จพระญาณสังวร","1,301","843","64.80","391","46.38"
"23429  :  โรงพยาบาลมหาวิทยาลัยแม่ฟ้าหลวง","1","0","0.00","0","0.00"
"28823  :  โรงพยาบาลดอยหลวง","353","234","66.29","113","48.29"
"41509  :  โรงพยาบาลศูนย์การแพทย์มหาวิทยาลัยแม่ฟ้าหลวง","0","0","0.00","0","0.00"
"10719  :  โรงพยาบาลศรีสังวาลย์","2,152","1,254","58.27","537","42.82"
"11203  :  โรงพยาบาลขุนยวม","2,211","1,256","56.81","565","44.98"
"11204  :  โรงพยาบาลปาย","2,410","1,381","57.30","518","37.51"
"11205  :  โรงพยาบาลแม่สะเรียง","5,727","3,284","57.34","1,350","41.11"
"11206  :  โรงพยาบาลแม่ลาน้อย","2,132","1,351","63.37","711","52.63"
"11207  :  โรงพยาบาลสบเมย","1,396","811","58.09","275","33.91"
"11208  :  โรงพยาบาลปางมะผ้า","1,408","723","51.35","262","36.24"
"14197  :  โรงพยาบาลธัญญรักษ์แม่ฮ่องสอน","43","1","2.33","0","0.00"
"10675  :  โรงพยาบาลสวรรค์ประชารักษ์","0","0","0.00","0","0.00"
"11209  :  โรงพยาบาลโกรกพระ","2,343","1,427","60.90","1,191","83.46"
"11210  :  โรงพยาบาลชุมแสง","1,705","1,059","62.11","393","37.11"
"11211  :  โรงพยาบาลหนองบัว","4,605","3,340","72.53","885","26.50"
"11212  :  โรงพยาบาลบรรพตพิสัย","1,411","508","36.00","120","23.62"
"11213  :  โรงพยาบาลเก้าเลี้ยว","2,038","1,883","92.39","1,154","61.29"
"11214  :  โรงพยาบาลตาคลี","4,373","2,596","59.36","1,156","44.53"
"11215  :  โรงพยาบาลท่าตะโก","3,192","1,302","40.79","637","48.92"
"11216  :  โรงพยาบาลไพศาลี","3,681","1,673","45.45","980","58.58"
"11217  :  โรงพยาบาลพยุหะคีรี","1,885","437","23.18","150","34.32"
"11218  :  โรงพยาบาลลาดยาว","2,389","1,244","52.07","447","35.93"
"11219  :  โรงพยาบาลตากฟ้า","3,907","1,940","49.65","909","46.86"
"11220  :  โรงพยาบาลแม่วงก์","1,230","739","60.08","302","40.87"
"11513  :  โรงพยาบาลค่ายจิรประวัติ","11,012","70","0.64","38","54.29"
"12030  :  โรงพยาบาลพริ้นซ์ ปากน้ำโพ 1 โรงพยาบาลทั่วไปขนาดใหญ่","0","0","0.00","0","0.00"
"12033  :  โรงพยาบาลรวมแพทย์นครสวรรค์","0","0","0.00","0","0.00"
"12034  :  โรงพยาบาลพริ้นซ์ ปากน้ำโพ 2 โรงพยาบาลทั่วไปขนาดใหญ่","0","0","0.00","0","0.00"
"12042  :  โรงพยาบาลร่มฉัตร","2,685","93","3.46","18","19.35"
"12044  :  โรงพยาบาลศรีสวรรค์","0","0","0.00","0","0.00"
"12284  :  โรงพยาบาลส่งเสริมสุขภาพ ศูนย์อนามัยที่ 3","0","0","0.00","0","0.00"
"14171  :  โรงพยาบาลจิตเวชนครสวรรค์ราชนครินทร์","0","0","0.00","0","0.00"
"40749  :  โรงพยาบาลชุมตาบง","922","518","56.18","226","43.63"
"10720  :  โรงพยาบาลอุทัยธานี","590","388","65.76","133","34.28"
"11221  :  โรงพยาบาลทัพทัน","2,160","1,418","65.65","875","61.71"
"11222  :  โรงพยาบาลสว่างอารมณ์","1,945","1,197","61.54","634","52.97"
"11223  :  โรงพยาบาลหนองฉาง","1,752","1,204","68.72","705","58.55"
"11224  :  โรงพยาบาลหนองขาหย่าง","870","564","64.83","352","62.41"
"11225  :  โรงพยาบาลบ้านไร่","4,439","2,829","63.73","1,313","46.41"
"11226  :  โรงพยาบาลลานสัก","3,218","1,834","56.99","936","51.04"
"11227  :  โรงพยาบาลห้วยคต","2,342","1,561","66.65","979","62.72"
"10721  :  โรงพยาบาลกำแพงเพชร","3","1","33.33","0","0.00"
"11228  :  โรงพยาบาลทุ่งโพธิ์ทะเล","4,268","2,588","60.64","837","32.34"
"11229  :  โรงพยาบาลไทรงาม","2,824","1,849","65.47","994","53.76"
"11230  :  โรงพยาบาลคลองลาน","5,455","3,099","56.81","1,850","59.70"
"11231  :  โรงพยาบาลขาณุวรลักษบุรี","2,351","1,227","52.19","562","45.80"
"11232  :  โรงพยาบาลคลองขลุง","2,319","1,395","60.16","652","46.74"
"11233  :  โรงพยาบาลพรานกระต่าย","4,822","2,934","60.85","1,364","46.49"
"11234  :  โรงพยาบาลลานกระบือ","4,761","1,531","32.16","1,262","82.43"
"11235  :  โรงพยาบาลทรายทองวัฒนา","2,169","1,465","67.54","854","58.29"
"11236  :  โรงพยาบาลปางศิลาทอง","807","470","58.24","210","44.68"
"14135  :  โรงพยาบาลบึงสามัคคี","2,588","1,441","55.68","679","47.12"
"28010  :  โรงพยาบาลโกสัมพีนคร","1,255","697","55.54","232","33.29"
"10722  :  โรงพยาบาลสมเด็จพระเจ้าตากสินมหาราช","7,851","5,794","73.80","1,225","21.14"
"10723  :  โรงพยาบาลแม่สอด","4,922","1,478","30.03","382","25.85"
"11238  :  โรงพยาบาลบ้านตาก","2,891","2,039","70.53","808","39.63"
"11239  :  โรงพยาบาลสามเงา","1,941","1,240","63.88","556","44.84"
"11240  :  โรงพยาบาลแม่ระมาด","3,930","2,196","55.88","823","37.48"
"11241  :  โรงพยาบาลท่าสองยาง","4,056","1,965","48.45","902","45.90"
"11242  :  โรงพยาบาลพบพระ","5,068","2,333","46.03","825","35.36"
"11243  :  โรงพยาบาลอุ้มผาง","1,457","779","53.47","282","36.20"
"27443  :  โรงพยาบาลวังเจ้า","518","276","53.28","109","39.49"
"10724  :  โรงพยาบาลสุโขทัย","1,582","892","56.38","369","41.37"
"10725  :  โรงพยาบาลศรีสังวรสุโขทัย","1,261","762","60.43","339","44.49"
"11244  :  โรงพยาบาลบ้านด่านลานหอย","2,509","2,225","88.68","1,107","49.75"
"11245  :  โรงพยาบาลคีรีมาศ","2,392","1,546","64.63","577","37.32"
"11246  :  โรงพยาบาลกงไกรลาศ","3,191","1,915","60.01","808","42.19"
"11247  :  โรงพยาบาลศรีสัชนาลัย","2,860","1,996","69.79","1,042","52.20"
"11248  :  โรงพยาบาลสวรรคโลก","0","0","0.00","0","0.00"
"11249  :  โรงพยาบาลศรีนคร","1,759","1,069","60.77","319","29.84"
"11250  :  โรงพยาบาลทุ่งเสลี่ยม","4,699","2,161","45.99","907","41.97"
"10676  :  โรงพยาบาลพุทธชินราช","0","0","0.00","0","0.00"
"11251  :  โรงพยาบาลชาติตระการ","2,398","1,669","69.60","720","43.14"
"11252  :  โรงพยาบาลบางระกำ","9,152","6,236","68.14","5,087","81.57"
"11253  :  โรงพยาบาลบางกระทุ่ม","2,293","2,258","98.47","1,015","44.95"
"11254  :  โรงพยาบาลพรหมพิราม","5,299","3,066","57.86","1,266","41.29"
"11255  :  โรงพยาบาลวัดโบสถ์","3,394","2,423","71.39","1,092","45.07"
"11256  :  โรงพยาบาลวังทอง","0","0","0.00","0","0.00"
"11257  :  โรงพยาบาลเนินมะปราง","0","0","0.00","0","0.00"
"11455  :  โรงพยาบาลสมเด็จพระยุพราชนครไทย","3,117","2,020","64.81","1,265","62.62"
"11517  :  โรงพยาบาลค่ายสมเด็จพระนเรศวร","6,020","1,123","18.65","530","47.20"
"14972  :  โรงพยาบาลมหาวิทยาลัยนเรศวร","0","0","0.00","0","0.00"
"41429  :  โรงพยาบาลจิตเวชพิษณุโลก","0","0","0.00","0","0.00"
"10726  :  โรงพยาบาลพิจิตร","6","1","16.67","1","100.00"
"11258  :  โรงพยาบาลวังทรายพูน","1,035","567","54.78","371","65.43"
"11259  :  โรงพยาบาลโพธิ์ประทับช้าง","1,831","1,272","69.47","542","42.61"
"11260  :  โรงพยาบาลบางมูลนาก","2,077","1,163","55.99","582","50.04"
"11261  :  โรงพยาบาลโพทะเล","2,150","1,563","72.70","783","50.10"
"11262  :  โรงพยาบาลสามง่าม","2,382","1,565","65.70","689","44.03"
"11263  :  โรงพยาบาลทับคล้อ","3,585","2,036","56.79","1,361","66.85"
"11456  :  โรงพยาบาลสมเด็จพระยุพราชตะพานหิน","4,947","2,753","55.65","824","29.93"
"11631  :  โรงพยาบาลวชิรบารมี","2,599","1,448","55.71","653","45.10"
"27978  :  โรงพยาบาลสากเหล็ก","1,826","962","52.68","400","41.58"
"27979  :  โรงพยาบาลบึงนาราง","121","93","76.86","43","46.24"
"27980  :  โรงพยาบาลดงเจริญ","164","98","59.76","10","10.20"
"10727  :  โรงพยาบาลเพชรบูรณ์","11,507","262","2.28","92","35.11"
"11264  :  โรงพยาบาลชนแดน","3,692","1,252","33.91","505","40.34"
"11265  :  โรงพยาบาลหล่มสัก","5,833","2,441","41.85","1,105","45.27"
"11266  :  โรงพยาบาลวิเชียรบุรี","2,344","1,237","52.77","683","55.21"
"11267  :  โรงพยาบาลศรีเทพ","3,010","1,409","46.81","835","59.26"
"11268  :  โรงพยาบาลหนองไผ่","4,956","2,213","44.65","1,284","58.02"
"11269  :  โรงพยาบาลบึงสามพัน","4,483","1,836","40.95","693","37.75"
"11270  :  โรงพยาบาลน้ำหนาว","1,890","1,200","63.49","646","53.83"
"11271  :  โรงพยาบาลวังโป่ง","4,137","2,368","57.24","1,123","47.42"
"11272  :  โรงพยาบาลเขาค้อ","1,050","522","49.71","234","44.83"
"11457  :  โรงพยาบาลสมเด็จพระยุพราชหล่มเก่า","5,015","2,030","40.48","1,145","56.40"
"11946  :  โรงพยาบาลค่ายพ่อขุนผาเมือง","11,748","72","0.61","48","66.67"
"10677  :  โรงพยาบาลราชบุรี","0","0","0.00","0","0.00"
"10728  :  โรงพยาบาลดำเนินสะดวก","0","0","0.00","0","0.00"
"10729  :  โรงพยาบาลบ้านโป่ง","6,217","3,781","60.82","2,533","66.99"
"10730  :  โรงพยาบาลโพธาราม","0","0","0.00","0","0.00"
"11273  :  โรงพยาบาลสวนผึ้ง","3,249","1,944","59.83","1,015","52.21"
"11274  :  โรงพยาบาลบางแพ","4,475","3,178","71.02","1,806","56.83"
"11275  :  โรงพยาบาลเจ็ดเสมียน","2,451","1,465","59.77","449","30.65"
"11276  :  โรงพยาบาลปากท่อ","2,898","507","17.49","190","37.48"
"11277  :  โรงพยาบาลวัดเพลง","1,904","1,258","66.07","601","47.77"
"11458  :  โรงพยาบาลสมเด็จพระยุพราชจอมบึง","6,619","3,588","54.21","3,081","85.87"
"11519  :  โรงพยาบาลค่ายภาณุรังษี","2,974","13","0.44","5","38.46"
"12093  :  สถานพยาบาลแพทย์ประดิษฐ์","0","0","0.00","0","0.00"
"12097  :  มหาชัยพร้อมแพทย์โรงพยาบาลทั่วไปขนาดกลาง","0","0","0.00","0","0.00"
"12098  :  โรงพยาบาลกรุงเทพเมืองราชโรงพยาบาลทั่วไปขนาดใหญ่","0","0","0.00","0","0.00"
"12103  :  โรงพยาบาลซานคามิลโล","0","0","0.00","0","0.00"
"12286  :  โรงพยาบาลส่งเสริมสุขภาพ ศูนย์อนามัยที่ 5","0","0","0.00","0","0.00"
"28858  :  โรงพยาบาลบ้านคา","354","237","66.95","118","49.79"
"10731  :  โรงพยาบาลพหลพลพยุหเสนา","4,846","1,556","32.11","719","46.21"
"10732  :  โรงพยาบาลมะการักษ์","6,850","3,973","58.00","3,011","75.79"
"11278  :  โรงพยาบาลไทรโยค","2,501","1,481","59.22","1,346","90.88"
"11279  :  โรงพยาบาลสมเด็จพระปิยมหาราชรมณียเขต","661","338","51.13","128","37.87"
"11280  :  โรงพยาบาลบ่อพลอย","5,427","3,166","58.34","2,318","73.22"
"11281  :  โรงพยาบาลท่ากระดาน","1,423","794","55.80","554","69.77"
"11282  :  โรงพยาบาลสมเด็จพระสังฆราชองค์ที่ ๑๙","5,577","3,626","65.02","1,801","49.67"
"11283  :  โรงพยาบาลทองผาภูมิ","6,158","3,411","55.39","2,454","71.94"
"11284  :  โรงพยาบาลสังขละบุรี","6,023","2,563","42.55","1,669","65.12"
"11285  :  โรงพยาบาลเจ้าคุณไพบูลย์พนมทวน","3,033","1,703","56.15","741","43.51"
"11286  :  โรงพยาบาลเลาขวัญ","1,988","954","47.99","300","31.45"
"11287  :  โรงพยาบาลด่านมะขามเตี้ย","3,300","2,372","71.88","1,069","45.07"
"11288  :  โรงพยาบาลสถานพระบารมี","1,357","666","49.08","461","69.22"
"11520  :  โรงพยาบาลค่ายสุรสีห์","17,907","1,619","9.04","833","51.45"
"14136  :  โรงพยาบาลศุกร์ศิริศรีสวัสดิ์","984","545","55.39","261","47.89"
"21948  :  โรงพยาบาลห้วยกระเจา เฉลิมพระเกียรติ 80 พรรษา","2,517","1,442","57.29","1,131","78.43"
"41701  :  โรงพยาบาลหนองปรือ","1,831","920","50.25","464","50.43"
"10678  :  โรงพยาบาลเจ้าพระยายมราช","12,136","6,410","52.82","5,830","90.95"
"10733  :  โรงพยาบาลสมเด็จพระสังฆราชองค์ที่17","5,469","2,322","42.46","935","40.27"
"11289  :  โรงพยาบาลเดิมบางนางบวช","2,394","837","34.96","334","39.90"
"11290  :  โรงพยาบาลด่านช้าง","5,959","2,814","47.22","2,114","75.12"
"11291  :  โรงพยาบาลบางปลาม้า","2,289","1,287","56.23","595","46.23"
"11292  :  โรงพยาบาลศรีประจันต์","3,258","1,557","47.79","553","35.52"
"11293  :  โรงพยาบาลดอนเจดีย์","4,112","2,280","55.45","751","32.94"
"11294  :  โรงพยาบาลสามชุก","5,305","2,556","48.18","2,259","88.38"
"11295  :  โรงพยาบาลอู่ทอง","9,830","5,066","51.54","2,344","46.27"
"11296  :  โรงพยาบาลหนองหญ้าไซ","4,581","1,157","25.26","389","33.62"
"12123  :  โรงพยาบาลวิภาวดี-ปิยราษฎร์","0","0","0.00","0","0.00"
"10679  :  โรงพยาบาลนครปฐม","0","0","0.00","0","0.00"
"11297  :  โรงพยาบาลกำแพงแสน","6,272","532","8.48","191","35.90"
"11298  :  โรงพยาบาลนครชัยศรี","4,579","111","2.42","52","46.85"
"11299  :  โรงพยาบาลห้วยพลู","2,895","1,176","40.62","765","65.05"
"11300  :  โรงพยาบาลดอนตูม","3,562","1,996","56.04","674","33.77"
"11301  :  โรงพยาบาลบางเลน","5,432","2,675","49.25","925","34.58"
"11302  :  โรงพยาบาลสามพราน","7,902","180","2.28","96","53.33"
"11303  :  โรงพยาบาลพุทธมณฑล","2,019","39","1.93","33","84.62"
"11473  :  โรงพยาบาลเมตตาประชารักษ์(วัดไร่ขิง)","0","0","0.00","0","0.00"
"11521  :  โรงพยาบาลจันทรุเบกษา","0","0","0.00","0","0.00"
"13819  :  โรงพยาบาลหลวงพ่อเปิ่น","943","549","58.22","206","37.52"
"10734  :  โรงพยาบาลสมุทรสาคร","23,411","682","2.91","252","36.95"
"11304  :  โรงพยาบาลกระทุ่มแบน","0","0","0.00","0","0.00"
"11305  :  โรงพยาบาลบ้านแพ้ว","7,357","3,550","48.25","1,852","52.17"
"12137  :  โรงพยาบาลทั่วไปขนาดเล็กเจษฎา","3,213","2,359","73.42","1,315","55.74"
"10735  :  โรงพยาบาลสมเด็จพระพุทธเลิศหล้า","0","0","0.00","0","0.00"
"11306  :  โรงพยาบาลนภาลัย","0","0","0.00","0","0.00"
"11307  :  โรงพยาบาลอัมพวา","893","13","1.46","7","53.85"
"10736  :  โรงพยาบาลพระจอมเกล้า","10,609","134","1.26","69","51.49"
"11308  :  โรงพยาบาลเขาย้อย","2,501","348","13.91","228","65.52"
"11309  :  โรงพยาบาลหนองหญ้าปล้อง","774","439","56.72","253","57.63"
"11310  :  โรงพยาบาลชะอำ","13,140","6,112","46.51","2,393","39.15"
"11311  :  โรงพยาบาลท่ายาง","5,703","3,029","53.11","1,476","48.73"
"11312  :  โรงพยาบาลบ้านลาด","494","336","68.02","135","40.18"
"11313  :  โรงพยาบาลบ้านแหลม","9,986","3,969","39.75","1,614","40.67"
"11314  :  โรงพยาบาลแก่งกระจาน","475","256","53.89","143","55.86"
"10737  :  โรงพยาบาลประจวบคีรีขันธ์","0","0","0.00","0","0.00"
"11315  :  โรงพยาบาลกุยบุรี","2,609","1,467","56.23","672","45.81"
"11316  :  โรงพยาบาลทับสะแก","2,481","1,656","66.75","869","52.48"
"11317  :  โรงพยาบาลบางสะพาน","3,960","2,340","59.09","914","39.06"
"11318  :  โรงพยาบาลบางสะพานน้อย","0","0","0.00","0","0.00"
"11319  :  โรงพยาบาลปราณบุรี","0","0","0.00","0","0.00"
"11320  :  โรงพยาบาลหัวหิน","0","0","0.00","0","0.00"
"11321  :  โรงพยาบาลสามร้อยยอด","4,108","2,384","58.03","1,210","50.76"
"11500  :  โรงพยาบาลกองบิน 5","0","0","0.00","0","0.00"
"11522  :  โรงพยาบาลค่ายธนะรัชต์","0","0","0.00","0","0.00"
"12471  :  สถานีกาชาดหัวหินเฉลิมพระเกียรติ","2,900","394","13.59","178","45.18"
"10680  :  โรงพยาบาลมหาราชนครศรีธรรมราช","0","0","0.00","0","0.00"
"11322  :  โรงพยาบาลพรหมคีรี","2,865","1,678","58.57","964","57.45"
"11324  :  โรงพยาบาลลานสะกา","2,997","2,684","89.56","1,587","59.13"
"11325  :  โรงพยาบาลสมเด็จพระยุพราชฉวาง","2,716","1,394","51.33","606","43.47"
"11326  :  โรงพยาบาลพิปูน","2,668","828","31.03","332","40.10"
"11327  :  โรงพยาบาลเชียรใหญ่","1,492","958","64.21","413","43.11"
"11328  :  โรงพยาบาลชะอวด","3,488","2,085","59.78","1,190","57.07"
"11329  :  โรงพยาบาลท่าศาลา","11,519","7,201","62.51","3,809","52.90"
"11330  :  โรงพยาบาลทุ่งสง","2,091","162","7.75","118","72.84"
"11331  :  โรงพยาบาลนาบอน","1,909","1,235","64.69","645","52.23"
"11332  :  โรงพยาบาลทุ่งใหญ่","6,669","1,061","15.91","588","55.42"
"11333  :  โรงพยาบาลปากพนัง","996","667","66.97","396","59.37"
"11334  :  โรงพยาบาลร่อนพิบูลย์","0","0","0.00","0","0.00"
"11335  :  โรงพยาบาลสิชล","8,769","3,076","35.08","1,155","37.55"
"11336  :  โรงพยาบาลขนอม","7,104","3,615","50.89","2,557","70.73"
"11337  :  โรงพยาบาลหัวไทร","2,037","1,033","50.71","577","55.86"
"11338  :  โรงพยาบาลบางขัน","4,731","47","0.99","34","72.34"
"11339  :  โรงพยาบาลถ้ำพรรณรา","1,640","1,029","62.74","307","29.83"
"11523  :  โรงพยาบาลค่ายวชิราวุธ","9,371","471","5.03","280","59.45"
"11660  :  โรงพยาบาลจุฬาภรณ์","2,648","2,025","76.47","1,122","55.41"
"12287  :  โรงพยาบาลส่งเสริมสุขภาพ ศูนย์อนามัยที่ 11","0","0","0.00","0","0.00"
"12472  :  สถานีกาชาดสิริธร (สถานีกาชาดที่ 12 ทุ่งสง)","1,477","855","57.89","313","36.61"
"14918  :  โรงพยาบาลค่ายเทพสตรีศรีสุนทร","10,032","380","3.79","164","43.16"
"21771  :  โรงพยาบาลเทศบาลนครนครศรีธรรมราช","18,066","279","1.54","170","60.93"
"40491  :  โรงพยาบาลเฉลิมพระเกียรติ","2,531","274","10.83","180","65.69"
"40492  :  โรงพยาบาลพ่อท่านคล้ายวาจาสิทธิ์","2,472","1,252","50.65","443","35.38"
"40742  :  โรงพยาบาลนบพิตำ","1,145","689","60.17","267","38.75"
"40743  :  โรงพยาบาลพระพรหม","2,622","1,377","52.52","496","36.02"
"40970  :  โรงพยาบาลศูนย์การแพทย์มหาวิทยาลัยวลัยลักษณ์","0","0","0.00","0","0.00"
"10738  :  โรงพยาบาลกระบี่","1","0","0.00","0","0.00"
"11340  :  โรงพยาบาลเขาพนม","1","0","0.00","0","0.00"
"11341  :  โรงพยาบาลเกาะลันตา","0","0","0.00","0","0.00"
"11342  :  โรงพยาบาลคลองท่อม","0","0","0.00","0","0.00"
"11343  :  โรงพยาบาลอ่าวลึก","1","0","0.00","0","0.00"
"11344  :  โรงพยาบาลปลายพระยา","0","0","0.00","0","0.00"
"11345  :  โรงพยาบาลลำทับ","0","0","0.00","0","0.00"
"11346  :  โรงพยาบาลเหนือคลอง","4","1","25.00","0","0.00"
"77753  :  โรงพยาบาลเกาะพีพี","410","19","4.63","10","52.63"
"10739  :  โรงพยาบาลพังงา","0","0","0.00","0","0.00"
"10740  :  โรงพยาบาลตะกั่วป่า","0","0","0.00","0","0.00"
"11347  :  โรงพยาบาลเกาะยาวชัยพัฒน์","2,487","1,467","58.99","1,028","70.07"
"11348  :  โรงพยาบาลกะปงชัยพัฒน์","1,677","868","51.76","404","46.54"
"11349  :  โรงพยาบาลตะกั่วทุ่ง","4,079","3,502","85.85","1,611","46.00"
"11350  :  โรงพยาบาลบางไทร","1,438","910","63.28","387","42.53"
"11352  :  โรงพยาบาลคุระบุรีชัยพัฒน์","2,705","2,139","79.08","1,350","63.11"
"11353  :  โรงพยาบาลทับปุด","2,479","1,920","77.45","991","51.61"
"11354  :  โรงพยาบาลท้ายเหมืองชัยพัฒน์","4,230","1,569","37.09","485","30.91"
"10741  :  โรงพยาบาลวชิระภูเก็ต","9,812","1,019","10.39","602","59.08"
"11355  :  โรงพยาบาลป่าตอง","11,281","3,592","31.84","1,660","46.21"
"11356  :  โรงพยาบาลถลาง","0","0","0.00","0","0.00"
"24678  :  โรงพยาบาลองค์การบริหารส่วนจังหวัดภูเก็ต","8,138","236","2.90","109","46.19"
"41436  :  โรงพยาบาลฉลอง","0","0","0.00","0","0.00"
"09192  :  โรงพยาบาลเกาะเต่า","1,217","552","45.36","334","60.51"
"10681  :  โรงพยาบาลสุราษฎร์ธานี","0","0","0.00","0","0.00"
"10742  :  โรงพยาบาลเกาะสมุย","1,342","717","53.43","442","61.65"
"11357  :  โรงพยาบาลกาญจนดิษฐ์","0","0","0.00","0","0.00"
"11358  :  โรงพยาบาลดอนสัก","5,168","3,069","59.38","2,363","77.00"
"11359  :  โรงพยาบาลเกาะพงัน","1,689","626","37.06","481","76.84"
"11360  :  โรงพยาบาลไชยา","2,109","823","39.02","298","36.21"
"11361  :  โรงพยาบาลท่าชนะ","3,819","46","1.20","30","65.22"
"11362  :  โรงพยาบาลคีรีรัฐนิคม","2","2","100.00","0","0.00"
"11363  :  โรงพยาบาลบ้านตาขุน","1,910","1,372","71.83","629","45.85"
"11364  :  โรงพยาบาลพนม","1,243","168","13.52","50","29.76"
"11365  :  โรงพยาบาลท่าฉาง","2,219","255","11.49","120","47.06"
"11366  :  โรงพยาบาลบ้านนาสาร","0","0","0.00","0","0.00"
"11367  :  โรงพยาบาลบ้านนาเดิม","2,231","1,377","61.72","540","39.22"
"11368  :  โรงพยาบาลเคียนซา","4,053","2,792","68.89","1,797","64.36"
"11369  :  โรงพยาบาลพระแสง","3,553","39","1.10","23","58.97"
"11370  :  โรงพยาบาลพุนพิน","9,701","7,331","75.57","3,896","53.14"
"11371  :  โรงพยาบาลชัยบุรี","825","532","64.48","229","43.05"
"11459  :  โรงพยาบาลสมเด็จพระยุพราชเวียงสระ","4,790","2,495","52.09","1,084","43.45"
"11654  :  โรงพยาบาลวิภาวดี","1,283","1,094","85.27","519","47.44"
"12289  :  โรงพยาบาลสวนสราญรมย์","0","0","0.00","0","0.00"
"14138  :  โรงพยาบาลท่าโรงช้าง","1,404","1,165","82.98","624","53.56"
"14203  :  โรงพยาบาลมะเร็งสุราษฎร์ธานี","0","0","0.00","0","0.00"
"14862  :  โรงพยาบาลกองบิน7","568","138","24.30","70","50.72"
"14901  :  โรงพยาบาลค่ายวิภาวดีรังสิต","2,737","233","8.51","116","49.79"
"40915  :  สถาบันสุขภาพจิตเด็กและวัยรุ่นภาคใต้","0","0","0.00","0","0.00"
"10743  :  โรงพยาบาลระนอง","0","0","0.00","0","0.00"
"11323  :  โรงพยาบาลละอุ่น","405","364","89.88","192","52.75"
"11372  :  โรงพยาบาลกะเปอร์","3,154","1,619","51.33","922","56.95"
"11373  :  โรงพยาบาลกระบุรี","2,782","1,750","62.90","738","42.17"
"11374  :  โรงพยาบาลสุขสำราญ","1,138","990","86.99","535","54.04"
"10744  :  โรงพยาบาลชุมพรเขตรอุดมศักดิ์","0","0","0.00","0","0.00"
"11375  :  โรงพยาบาลปากน้ำชุมพร","4,795","2,687","56.04","1,208","44.96"
"11376  :  โรงพยาบาลท่าแซะ","1,780","278","15.62","242","87.05"
"11377  :  โรงพยาบาลปะทิว","1,005","583","58.01","265","45.45"
"11378  :  โรงพยาบาลมาบอำมฤต","3,306","1,651","49.94","531","32.16"
"11379  :  โรงพยาบาลหลังสวน","3,363","2,153","64.02","1,072","49.79"
"11380  :  โรงพยาบาลปากน้ำหลังสวน","2,765","1,726","62.42","1,182","68.48"
"11381  :  โรงพยาบาลละแม","3,217","2,297","71.40","1,377","59.95"
"11382  :  โรงพยาบาลพะโต๊ะ","4,785","4,666","97.51","3,850","82.51"
"11383  :  โรงพยาบาลสวี","3,007","1,465","48.72","702","47.92"
"11385  :  โรงพยาบาลทุ่งตะโก","2,846","1,629","57.24","570","34.99"
"11525  :  โรงพยาบาลค่ายเขตอุดมศักดิ์","4,379","32","0.73","12","37.50"
"10682  :  โรงพยาบาลหาดใหญ่","0","0","0.00","0","0.00"
"10745  :  โรงพยาบาลสงขลา","0","0","0.00","0","0.00"
"11386  :  โรงพยาบาลสทิงพระ","0","0","0.00","0","0.00"
"11387  :  โรงพยาบาลจะนะ","0","0","0.00","0","0.00"
"11388  :  โรงพยาบาลสมเด็จพระบรมราชินีนาถ ณ  อำเภอนาทวี","0","0","0.00","0","0.00"
"11390  :  โรงพยาบาลเทพา","0","0","0.00","0","0.00"
"11391  :  โรงพยาบาลสะบ้าย้อย","0","0","0.00","0","0.00"
"11392  :  โรงพยาบาลระโนด","0","0","0.00","0","0.00"
"11393  :  โรงพยาบาลกระแสสินธุ์","0","0","0.00","0","0.00"
"11394  :  โรงพยาบาลรัตภูมิ","0","0","0.00","0","0.00"
"11395  :  โรงพยาบาลสะเดา","0","0","0.00","0","0.00"
"11396  :  โรงพยาบาลนาหม่อม","0","0","0.00","0","0.00"
"11397  :  โรงพยาบาลควนเนียง","0","0","0.00","0","0.00"
"11398  :  โรงพยาบาลปาดังเบซาร์","0","0","0.00","0","0.00"
"11399  :  โรงพยาบาลบางกล่ำ","0","0","0.00","0","0.00"
"11400  :  โรงพยาบาลสิงหนคร","0","0","0.00","0","0.00"
"11401  :  โรงพยาบาลคลองหอยโข่ง","0","0","0.00","0","0.00"
"12290  :  โรงพยาบาลจิตเวชสงขลาราชนครินทร์","0","0","0.00","0","0.00"
"14194  :  โรงพยาบาลธัญญารักษ์สงขลา","0","0","0.00","0","0.00"
"10746  :  โรงพยาบาลสตูล","0","0","0.00","0","0.00"
"11402  :  โรงพยาบาลควนโดน","3,106","1,640","52.80","733","44.70"
"11403  :  โรงพยาบาลควนกาหลง","2,514","1,315","52.31","373","28.37"
"11404  :  โรงพยาบาลท่าแพ","0","0","0.00","0","0.00"
"11405  :  โรงพยาบาลละงู","0","0","0.00","0","0.00"
"11406  :  โรงพยาบาลทุ่งหว้า","2,122","1,069","50.38","428","40.04"
"28786  :  โรงพยาบาลมะนัง","1,682","910","54.10","415","45.60"
"10683  :  โรงพยาบาลตรัง","0","0","0.00","0","0.00"
"11407  :  โรงพยาบาลกันตัง","1,900","1,096","57.68","363","33.12"
"11408  :  โรงพยาบาลย่านตาขาว","3,519","2,020","57.40","923","45.69"
"11409  :  โรงพยาบาลปะเหลียน","0","0","0.00","0","0.00"
"11410  :  โรงพยาบาลสิเกา","2,238","1,207","53.93","575","47.64"
"11411  :  โรงพยาบาลห้วยยอด","0","0","0.00","0","0.00"
"11412  :  โรงพยาบาลวังวิเศษ","3,148","1,452","46.12","629","43.32"
"11413  :  โรงพยาบาลนาโยง","0","0","0.00","0","0.00"
"12226  :  โรงพยาบาลวัฒนแพทย์","0","0","0.00","0","0.00"
"12230  :  โรงพยาบาล ทีอาร์พีเอช โรงพยาบาลทั่วไปขนาดใหญ่","0","0","0.00","0","0.00"
"13755  :  โรงพยาบาลโรคผิวหนังเขตร้อนภาคใต้ จังหวัดตรัง","0","0","0.00","0","0.00"
"14139  :  โรงพยาบาลรัษฎา","533","362","67.92","192","53.04"
"28817  :  โรงพยาบาลหาดสำราญเฉลิมพระเกียรติ 80 พรรษา","368","204","55.43","66","32.35"
"10747  :  โรงพยาบาลพัทลุง","0","0","0.00","0","0.00"
"11414  :  โรงพยาบาลกงหรา","1,698","1,157","68.14","567","49.01"
"11415  :  โรงพยาบาลเขาชัยสน","0","0","0.00","0","0.00"
"11416  :  โรงพยาบาลตะโหมด","4,327","2,274","52.55","1,045","45.95"
"11417  :  โรงพยาบาลควนขนุน","0","0","0.00","0","0.00"
"11418  :  โรงพยาบาลปากพะยูน","0","0","0.00","0","0.00"
"11419  :  โรงพยาบาลศรีบรรพต","1,526","900","58.98","397","44.11"
"11420  :  โรงพยาบาลป่าบอน","1,937","100","5.16","30","30.00"
"11421  :  โรงพยาบาลบางแก้ว","0","0","0.00","0","0.00"
"11422  :  โรงพยาบาลป่าพะยอม","0","0","0.00","0","0.00"
"24673  :  โรงพยาบาลศรีนครินทร์(ปัญญานันทภิขุ)","2,463","1,436","58.30","791","55.08"
"10748  :  โรงพยาบาลปัตตานี","4","0","0.00","0","0.00"
"11423  :  โรงพยาบาลโคกโพธิ์","0","0","0.00","0","0.00"
"11424  :  โรงพยาบาลหนองจิก","0","0","0.00","0","0.00"
"11425  :  โรงพยาบาลปะนาเระ","0","0","0.00","0","0.00"
"11426  :  โรงพยาบาลมายอ","0","0","0.00","0","0.00"
"11427  :  โรงพยาบาลทุ่งยางแดง","0","0","0.00","0","0.00"
"11428  :  โรงพยาบาลไม้แก่น","0","0","0.00","0","0.00"
"11429  :  โรงพยาบาลยะหริ่ง","0","0","0.00","0","0.00"
"11430  :  โรงพยาบาลยะรัง","0","0","0.00","0","0.00"
"11431  :  โรงพยาบาลแม่ลาน","0","0","0.00","0","0.00"
"11460  :  โรงพยาบาลสมเด็จพระยุพราชสายบุรี","0","0","0.00","0","0.00"
"11464  :  โรงพยาบาลกะพ้อ","0","0","0.00","0","0.00"
"11529  :  โรงพยาบาลค่ายอิงคยุทธบริหาร","0","0","0.00","0","0.00"
"14195  :  โรงพยาบาลธัญญรักษ์ปัตตานี","0","0","0.00","0","0.00"
"10684  :  โรงพยาบาลยะลา","0","0","0.00","0","0.00"
"10749  :  โรงพยาบาลเบตง","0","0","0.00","0","0.00"
"11432  :  โรงพยาบาลบันนังสตา","0","0","0.00","0","0.00"
"11433  :  โรงพยาบาลธารโต","371","57","15.36","29","50.88"
"11434  :  โรงพยาบาลรามัน","0","0","0.00","0","0.00"
"11461  :  โรงพยาบาลสมเด็จพระยุพราชยะหา","0","0","0.00","0","0.00"
"12238  :  โรงพยาบาลสิโรรส","0","0","0.00","0","0.00"
"13806  :  โรงพยาบาลกาบัง","0","0","0.00","0","0.00"
"14663  :  โรงพยาบาลส่งเสริมสุขภาพ ศูนย์อนามัยที่ 12","0","0","0.00","0","0.00"
"24689  :  โรงพยาบาลกรงปินัง","0","0","0.00","0","0.00"
"10750  :  โรงพยาบาลนราธิวาสราชนครินทร์","0","0","0.00","0","0.00"
"10751  :  โรงพยาบาลสุไหงโก-ลก","38","1","2.63","1","100.00"
"11435  :  โรงพยาบาลตากใบ","10,292","5,555","53.97","2,705","48.69"
"11436  :  โรงพยาบาลบาเจาะ","5,163","2,245","43.48","1,141","50.82"
"11437  :  โรงพยาบาลระแงะ","6,558","2,989","45.58","1,292","43.23"
"11438  :  โรงพยาบาลรือเสาะ","5,558","2,652","47.72","1,272","47.96"
"11439  :  โรงพยาบาลศรีสาคร","5,746","1,423","24.77","898","63.11"
"11440  :  โรงพยาบาลแว้ง","3,926","1,346","34.28","667","49.55"
"11441  :  โรงพยาบาลสุคิริน","2,532","1,094","43.21","470","42.96"
"11442  :  โรงพยาบาลสุไหงปาดี","6,394","2,205","34.49","821","37.23"
"13818  :  โรงพยาบาลจะแนะ","7,543","3,025","40.10","1,129","37.32"
"15010  :  โรงพยาบาลเจาะไอร้อง","4,931","1,854","37.60","848","45.74"
"23771  :  โรงพยาบาลยี่งอเฉลิมพระเกียรติ 80 พรรษา","2,988","1,384","46.32","646","46.68"