"โรงพยาบาล","ประชากรสัญชาติไทย PERSON จำแนกตาม TYPEAREA","ประชากรทะเบียนราษฏร์","ร้อยละของส่วนต่าง"
"1","2","3","1+3","1+2"
"11468  :  ทัณฑสถานโรงพยาบาลราชทัณฑ์","0","0","0","0","0","0","0.00"
"11469  :  โรงพยาบาลเลิดสิน","0","0","0","0","0","0","0.00"
"11470  :  โรงพยาบาลนพรัตนราชธานี","0","0","0","0","0","0","0.00"
"11471  :  โรงพยาบาลสงฆ์","0","0","0","0","0","0","0.00"
"11472  :  โรงพยาบาลราชวิถี","0","0","0","0","0","0","0.00"
"11477  :  โรงพยาบาลทหารผ่านศึก","0","0","0","0","0","0","0.00"
"11478  :  โรงพยาบาลสมเด็จพระปิ่นเกล้า","0","0","0","0","0","0","0.00"
"11481  :  โรงพยาบาลพระมงกุฎเกล้า","0","0","0","0","0","0","0.00"
"11482  :  โรงพยาบาลภูมิพลอดุลยเดช","0","0","0","0","0","0","0.00"
"11532  :  โรงพยาบาลสวนเบญจกิติเฉลิมพระเกียรติ84พรรษา","0","0","0","0","0","0","0.00"
"11534  :  โรงพยาบาลบุรฉัตรไชยากร (รถไฟ)","0","0","0","0","0","0","0.00"
"11535  :  คณะแพทย์ศาสตร์วชิรพยาบาล มหาวิทยาลัยกรุงเทพมหานคร","0","0","0","0","0","0","0.00"
"11536  :  โรงพยาบาลเวชการุณย์รัศมิ์","0","0","0","0","0","0","0.00"
"11537  :  โรงพยาบาลกลาง","0","0","0","0","0","0","0.00"
"11538  :  โรงพยาบาลลาดกระบังกรุงเทพมหานคร","0","0","0","0","0","0","0.00"
"11539  :  โรงพยาบาลตากสิน","0","0","0","0","0","0","0.00"
"11540  :  โรงพยาบาลหลวงพ่อทวีศักดิ์ฯ ชุตินธโร อุทิศ","0","0","0","0","0","0","0.00"
"11541  :  โรงพยาบาลเจริญกรุงประชารักษ์","0","0","0","0","0","0","0.00"
"11546  :  โรงพยาบาลบี เอ็น เอช","0","0","0","0","0","0","0.00"
"11548  :  โรงพยาบาลกรุงเทพคริสเตียน","0","0","0","0","0","0","0.00"
"11552  :  โรงพยาบาลมเหสักข์","0","0","0","0","0","0","0.00"
"11559  :  สถานพยาบาลชินเขตงามวงศ์วาน","0","0","0","0","0","0","0.00"
"11560  :  โรงพยาบาลทั่วไปขนาดใหญ่เปาโล เกษตร","0","0","0","0","0","0","0.00"
"11565  :  โรงพยาบาลรามคำแหง","0","0","0","0","0","0","0.00"
"11581  :  โรงพยาบาลผู้สูงอายุขนาดกลางกล้วยน้ำไท 2","0","0","0","0","0","0","0.00"
"11583  :  โรงพยาบาลกล้วยน้ำไท","0","0","0","0","0","0","0.00"
"11592  :  โรงพยาบาลบางนา1","0","0","0","0","0","0","0.00"
"11595  :  นวมินทร์โรงพยาบาลทั่วไปขนาดใหญ่","0","0","0","0","0","0","0.00"
"11597  :  สถาบันกัลยาณ์ราชนครินทร์","0","0","0","0","0","0","0.00"
"11600  :  โรงพยาบาลเซนต์หลุยส์","0","0","0","0","0","0","0.00"
"11603  :  โรงพยาบาลเทียนฟ้ามูลนิธิโรงพยาบาลทั่วไปขนาดกลาง","0","0","0","0","0","0","0.00"
"11607  :  โรงพยาบาลเปาโลเมโมเรียล","0","0","0","0","0","0","0.00"
"11609  :  โรงพยาบาลพญาไท 2","0","0","0","0","0","0","0.00"
"11616  :  โรงพยาบาลสมิติเวชธนบุรี","0","0","0","0","0","0","0.00"
"11621  :  โรงพยาบาลบางไผ่","0","0","0","0","0","0","0.00"
"11626  :  โรงพยาบาลคลองตัน","0","0","0","0","0","0","0.00"
"11628  :  โรงพยาบาลพระราม 9","0","0","0","0","0","0","0.00"
"11629  :  โรงพยาบาลเพชรเวช","0","0","0","0","0","0","0.00"
"11640  :  โรงพยาบาลธนบุรี 2","0","0","0","0","0","0","0.00"
"11641  :  โรงพยาบาลทั่วไปขนาดกลางโรงพยาบาลวิชัยเวช แยกไฟฉาย","0","0","0","0","0","0","0.00"
"11644  :  โรงพยาบาลเจ้าพระยา","0","0","0","0","0","0","0.00"
"11645  :  โรงพยาบาลทั่วไปขนาดใหญ่ธนบุรี","0","0","0","0","0","0","0.00"
"11656  :  โรงพยาบาลเกษมราษฎร์ บางแค","0","0","0","0","0","0","0.00"
"11661  :  โรงพยาบาลวิชัยเวช อินเตอร์เนชั่นแนล หนองแขม","0","0","0","0","0","0","0.00"
"11667  :  โรงพยาบาลประชาพัฒน์","0","0","0","0","0","0","0.00"
"11668  :  โรงพยาบาลสุขสวัสดิ์","0","0","0","0","0","0","0.00"
"11669  :  โรงพยาบาลราษฏร์บูรณะ","0","0","0","0","0","0","0.00"
"11670  :  โรงพยาบาลบางปะกอก 1","0","0","0","0","0","0","0.00"
"11676  :  โรงพยาบาลยันฮี","0","0","0","0","0","0","0.00"
"11686  :  โรงพยาบาลบางโพ","0","0","0","0","0","0","0.00"
"11687  :  โรงพยาบาลเกษมราษฎร์ประชาชื่น","0","0","0","0","0","0","0.00"
"11691  :  โรงพยาบาลวิภาวดี","0","0","0","0","0","0","0.00"
"11694  :  โรงพยาบาลจักษุรัตนิน","0","0","0","0","0","0","0.00"
"11697  :  โรงพยาบาลคามิลเลียน","0","0","0","0","0","0","0.00"
"11699  :  โรงพยาบาลบำรุงราษฎร์","0","0","0","0","0","0","0.00"
"11703  :  โรงพยาบาลแพทย์ปัญญา","0","0","0","0","0","0","0.00"
"11708  :  โรงพยาบาลบางมดโรงพยาบาลทั่วไปขนาดใหญ่","0","0","0","0","0","0","0.00"
"11715  :  โรงพยาบาลพญาไท 1","0","0","0","0","0","0","0.00"
"11721  :  โรงพยาบาลเปาโลเมโมเรียล โชคชัย 4","0","0","0","0","0","0","0.00"
"11729  :  โรงพยาบาลลาดพร้าว","0","0","0","0","0","0","0.00"
"11730  :  โรงพยาบาลไทยนครินทร์","0","0","0","0","0","0","0.00"
"11750  :  โรงพยาบาลหัวเฉียวโรงพยาบาลทั่วไปขนาดใหญ่","0","0","0","0","0","0","0.00"
"11811  :  โรงพยาบาลสมิติเวช","0","0","0","0","0","0","0.00"
"12243  :  สถาบันพัฒนาสุขภาวะเขตเมือง","0","0","0","0","0","0","0.00"
"12244  :  สถาบันจิตเวชศาสตร์สมเด็จเจ้าพระยา","0","0","0","0","0","0","0.00"
"12246  :  สถาบันราชานุกูล","0","0","0","0","0","0","0.00"
"12249  :  สถาบันโรคผิวหนัง","0","0","0","0","0","0","0.00"
"12250  :  สถาบันมะเร็งแห่งชาติ","0","0","0","0","0","0","0.00"
"12438  :  สถาบันสุขภาพเด็กแห่งชาติมหาราชินี","0","0","0","0","0","0","0.00"
"12439  :  สถาบันประสาทวิทยา","0","0","0","0","0","0","0.00"
"13756  :  โรงพยาบาลจุฬาลงกรณ์สภากาชาดไทย","0","0","0","0","0","0","0.00"
"13757  :  โรงพยาบาลเวชศาสตร์เขตร้อน มหาวิทยาลัยมหิดล","0","0","0","0","0","0","0.00"
"13814  :  โรงพยาบาลศิริราช","0","0","0","0","0","0","0.00"
"14173  :  โรงพยาบาลตำรวจ","0","0","0","0","0","0","0.00"
"14572  :  โรงพยาบาลบี.แคร์.เมดิคอลเซ็นเตอร์","0","0","0","0","0","0","0.00"
"14574  :  โรงพยาบาลพญาไท 3","0","0","0","0","0","0","0.00"
"14577  :  โรงพยาบาลวิภาราม","0","0","0","0","0","0","0.00"
"14641  :  โรงพยาบาลราชพิพัฒน์","0","0","0","0","0","0","0.00"
"14908  :  โรงพยาบาลการุญเวช สุขาภิบาล3","0","0","0","0","0","0","0.00"
"15049  :  โรงพยาบาลสิรินธร","0","0","0","0","0","0","0.00"
"15147  :  โรงพยาบาลบางปะกอก 8 โรงพยาบาลทั่วไปขนาดใหญ่","0","0","0","0","0","0","0.00"
"21673  :  โรงพยาบาลซีจีเอช สายไหม โรงพยาบาลทั่วไปขนาดใหญ่","0","0","0","0","0","0","0.00"
"22155  :  โรงพยาบาลครู","0","0","0","0","0","0","0.00"
"22737  :  โรงพยาบาลจุฬาภรณ์","0","0","0","0","0","0","0.00"
"23762  :  โรงพยาบาลนวุติสมเด็จย่า","0","0","0","0","0","0","0.00"
"23781  :  นวมินทร์ 9โรงพยาบาลทั่วไปขนาดใหญ่","0","0","0","0","0","0","0.00"
"23783  :  โรงพยาบาลเสรีรักษ์","0","0","0","0","0","0","0.00"
"24085  :  สถาบันวิจัยการแพทย์แผนไทย","0","0","0","0","0","0","0.00"
"24748  :  โรงพยาบาลศิริราช ปิยมหาราชการุณย์","0","0","0","0","0","0","0.00"
"25015  :  โรงพยาบาลทั่วไปขนาดใหญ่มิตรประชา","0","0","0","0","0","0","0.00"
"25060  :  โรงพยาบาลผู้สูงอายุบางขุนเทียน","0","0","0","0","0","0","0.00"
"41329  :  โรงพยาบาลเฉพาะประเภทผู้ป่วยสูงอายุ เฌ้อสเซอรี่โฮมขนาดเล็ก","0","0","0","0","0","0","0.00"
"41414  :  โรงพยาบาลทหารอากาศ (สีกัน)","0","0","0","0","0","0","0.00"
"77665  :  โรงพยาบาลการแพทย์แผนไทยและการแพทย์ผสมผสาน","0","0","0","0","0","0","0.00"
"10685  :  โรงพยาบาลสมุทรปราการ","0","0","0","0","0","0","0.00"
"10752  :  โรงพยาบาลบางบ่อ","0","0","0","0","0","0","0.00"
"10753  :  โรงพยาบาลบางพลี","0","0","0","0","0","0","0.00"
"10754  :  โรงพยาบาลบางจาก","0","0","0","0","0","0","0.00"
"10755  :  โรงพยาบาลพระสมุทรเจดีย์สวาทยานนท์","0","0","0","0","0","0","0.00"
"11769  :  โรงพยาบาลเซ็นทรัลปาร์ค","0","0","0","0","0","0","0.00"
"11775  :  โรงพยาบาลเมืองสมุทรปู่เจ้าสมิงพราย","0","0","0","0","0","0","0.00"
"12251  :  โรงพยาบาลยุวประสาทไวทโยปถัมภ์","0","0","0","0","0","0","0.00"
"15138  :  โรงพยาบาลเมืองสมุทรบางปูโรงพยาบาลทั่วไปขนาดเล็ก","0","0","0","0","0","0","0.00"
"28785  :  โรงพยาบาลบางเสาธง","0","0","0","0","0","0","0.00"
"10686  :  โรงพยาบาลพระนั่งเกล้า","0","0","0","0","0","0","0.00"
"10756  :  โรงพยาบาลบางกรวย","0","0","0","0","0","0","0.00"
"10757  :  โรงพยาบาลบางใหญ่","0","0","0","0","0","0","0.00"
"10758  :  โรงพยาบาลบางบัวทอง","0","0","0","0","0","0","0.00"
"10759  :  โรงพยาบาลไทรน้อย","0","0","0","0","0","0","0.00"
"10760  :  โรงพยาบาลปากเกร็ด","0","0","0","0","0","0","0.00"
"11781  :  โรงพยาบาลนนทเวช","0","0","0","0","0","0","0.00"
"11786  :  โรงพยาบาลอนันต์พัฒนา 2","0","0","0","0","0","0","0.00"
"11787  :  โรงพยาบาลเกษมราษฎร์อินเตอร์เนชั่นแนล รัตนาธิเบศร์โรงพยาบาลทั่วไปขนาดใหญ่","0","0","0","0","0","0","0.00"
"12256  :  สถาบันโรคทรวงอก","0","0","0","0","0","0","0.00"
"12257  :  สถาบันบำราศนราดูร","0","0","0","0","0","0","0.00"
"12258  :  สถาบันสิรินธรเพื่อการฟื้นฟูสมรรถภาพทางการแพทย์แห่งชาติ","0","0","0","0","0","0","0.00"
"12260  :  โรงพยาบาลศรีธัญญา","0","0","0","0","0","0","0.00"
"13815  :  ศูนย์การแพทย์ปัญญานันทภิกขุ ชลประทาน มหาวิทยาลัยศรีนครินทรวิโรฒ","0","0","0","0","0","0","0.00"
"22127  :  โรงพยาบาลชลลดา","0","0","0","0","0","0","0.00"
"28875  :  โรงพยาบาลบางบัวทอง ๒","0","0","0","0","0","0","0.00"
"10687  :  โรงพยาบาลปทุมธานี","0","0","0","0","0","0","0.00"
"10761  :  โรงพยาบาลคลองหลวง","0","0","0","0","0","0","0.00"
"10762  :  โรงพยาบาลธัญบุรี","0","0","0","0","0","0","0.00"
"10763  :  โรงพยาบาลประชาธิปัตย์","0","0","0","0","0","0","0.00"
"10764  :  โรงพยาบาลหนองเสือ","0","0","0","0","0","0","0.00"
"10765  :  โรงพยาบาลลาดหลุมแก้ว","0","0","0","0","0","0","0.00"
"10766  :  โรงพยาบาลลำลูกกา","0","0","0","0","0","0","0.00"
"10767  :  โรงพยาบาลสามโคก","0","0","0","0","0","0","0.00"
"12262  :  สถาบันบำบัดรักษาและฟื้นฟูผู้ติดยาเสพติดแห่งชาติบรมราชชนนี","0","0","0","0","0","0","0.00"
"14923  :  โรงพยาบาลมหาวชิราลงกรณ ธัญบุรี","0","0","0","0","0","0","0.00"
"10660  :  โรงพยาบาลพระนครศรีอยุธยา","0","0","0","0","0","0","0.00"
"10688  :  โรงพยาบาลเสนา","0","0","0","0","0","0","0.00"
"10768  :  โรงพยาบาลท่าเรือ","0","0","0","0","0","0","0.00"
"10769  :  โรงพยาบาลสมเด็จพระสังฆราชเจ้า กรมหลวงชินวราลงกรณ (วาสนมหาเถร)","0","0","0","0","0","0","0.00"
"10770  :  โรงพยาบาลบางไทร","0","0","0","0","0","0","0.00"
"10771  :  โรงพยาบาลบางบาล","0","0","0","0","0","0","0.00"
"10772  :  โรงพยาบาลบางปะอิน","0","0","0","0","0","0","0.00"
"10773  :  โรงพยาบาลบางปะหัน","0","0","0","0","0","0","0.00"
"10774  :  โรงพยาบาลผักไห่","0","0","0","0","0","0","0.00"
"10775  :  โรงพยาบาลภาชี","0","0","0","0","0","0","0.00"
"10776  :  โรงพยาบาลลาดบัวหลวง","0","0","0","0","0","0","0.00"
"10777  :  โรงพยาบาลวังน้อย","0","0","0","0","0","0","0.00"
"10778  :  โรงพยาบาลบางซ้าย","0","0","0","0","0","0","0.00"
"10779  :  โรงพยาบาลอุทัย","0","0","0","0","0","0","0.00"
"10780  :  โรงพยาบาลมหาราช","0","0","0","0","0","0","0.00"
"10781  :  โรงพยาบาลบ้านแพรก","0","0","0","0","0","0","0.00"
"10689  :  โรงพยาบาลอ่างทอง","3,717","425","525","4,242","4,142","5,775","28.28"
"10782  :  โรงพยาบาลไชโย","2,502","310","16","2,518","2,812","2,848","1.26"
"10784  :  โรงพยาบาลป่าโมก","3,009","110","370","3,379","3,119","5,315","41.32"
"10785  :  โรงพยาบาลโพธิ์ทอง","2,354","429","573","2,927","2,783","4,612","39.66"
"10786  :  โรงพยาบาลแสวงหา","6,403","2,545","126","6,529","8,948","8,934","0.16"
"10787  :  โรงพยาบาลวิเศษชัยชาญ","7,607","1,025","139","7,746","8,632","8,095","6.63"
"10788  :  โรงพยาบาลสามโก้","1,838","0","16","1,854","1,838","2,772","33.69"
"10690  :  โรงพยาบาลพระนารายณ์มหาราช","0","0","0","0","0","0","0.00"
"10691  :  โรงพยาบาลบ้านหมี่","0","0","0","0","0","0","0.00"
"10789  :  โรงพยาบาลพัฒนานิคม","0","0","0","0","0","0","0.00"
"10790  :  โรงพยาบาลโคกสำโรง","0","0","0","0","0","0","0.00"
"10791  :  โรงพยาบาลชัยบาดาล","0","0","0","0","0","0","0.00"
"10792  :  โรงพยาบาลท่าวุ้ง","0","0","0","0","0","0","0.00"
"10793  :  โรงพยาบาลท่าหลวง","0","0","0","0","0","0","0.00"
"10794  :  โรงพยาบาลสระโบสถ์","0","0","0","0","0","0","0.00"
"10795  :  โรงพยาบาลโคกเจริญ","0","0","0","0","0","0","0.00"
"10796  :  โรงพยาบาลลำสนธิ","0","0","0","0","0","0","0.00"
"10797  :  โรงพยาบาลหนองม่วง","0","0","0","0","0","0","0.00"
"14199  :  โรงพยาบาลมะเร็งลพบุรี","0","0","0","0","0","0","0.00"
"14928  :  โรงพยาบาลกองบิน 2","0","0","0","0","0","0","0.00"
"10692  :  โรงพยาบาลสิงห์บุรี","13,891","2,039","250","14,141","15,930","19,348","17.67"
"10693  :  โรงพยาบาลอินทร์บุรี","1,971","744","141","2,112","2,715","3,853","29.54"
"10798  :  โรงพยาบาลบางระจัน","3,753","593","82","3,835","4,346","4,700","7.53"
"10799  :  โรงพยาบาลค่ายบางระจัน","6,323","1,103","3","6,326","7,426","7,375","0.69"
"10800  :  โรงพยาบาลพรหมบุรี","4,481","1,530","15","4,496","6,011","6,171","2.59"
"10801  :  โรงพยาบาลท่าช้าง","2,870","666","116","2,986","3,536","3,554","0.51"
"10694  :  โรงพยาบาลชัยนาทนเรนทร","3,765","809","119","3,884","4,574","0","0.00"
"10802  :  โรงพยาบาลมโนรมย์","4,460","1,214","852","5,312","5,674","4,027","40.90"
"10803  :  โรงพยาบาลวัดสิงห์","5,736","670","112","5,848","6,406","5,279","21.35"
"10804  :  โรงพยาบาลสรรพยา","2,685","620","21","2,706","3,305","3,071","7.62"
"10805  :  โรงพยาบาลสรรคบุรี","7,936","228","53","7,989","8,164","6,351","28.55"
"10806  :  โรงพยาบาลหันคา","6,670","1,462","258","6,928","8,132","9,094","10.58"
"27974  :  โรงพยาบาลหนองมะโมง","1,788","293","120","1,908","2,081","0","0.00"
"27975  :  โรงพยาบาลเนินขาม","0","0","0","0","0","0","0.00"
"10661  :  โรงพยาบาลสระบุรี","0","0","0","0","0","0","0.00"
"10695  :  โรงพยาบาลพระพุทธบาท","0","0","0","0","0","0","0.00"
"10807  :  โรงพยาบาลแก่งคอย","0","0","0","0","0","0","0.00"
"10808  :  โรงพยาบาลหนองแค","0","0","0","0","0","0","0.00"
"10809  :  โรงพยาบาลวิหารแดง","0","0","0","0","0","0","0.00"
"10810  :  โรงพยาบาลหนองแซง","0","0","0","0","0","0","0.00"
"10811  :  โรงพยาบาลบ้านหมอ","0","0","0","0","0","0","0.00"
"10812  :  โรงพยาบาลดอนพุด","0","0","0","0","0","0","0.00"
"10813  :  โรงพยาบาลหนองโดน","0","0","0","0","0","0","0.00"
"10814  :  โรงพยาบาลเสาไห้เฉลิมพระเกียรติ80พรรษา","0","0","0","0","0","0","0.00"
"10815  :  โรงพยาบาลมวกเหล็ก","0","0","0","0","0","0","0.00"
"10816  :  โรงพยาบาลวังม่วงสัทธรรม","0","0","0","0","0","0","0.00"
"11485  :  โรงพยาบาลค่ายอดิศร","0","0","0","0","0","0","0.00"
"10662  :  โรงพยาบาลชลบุรี","0","0","0","0","0","0","0.00"
"10817  :  โรงพยาบาลบ้านบึง","0","0","0","0","0","0","0.00"
"10818  :  โรงพยาบาลหนองใหญ่","0","0","0","0","0","0","0.00"
"10819  :  โรงพยาบาลบางละมุง","0","0","0","0","0","0","0.00"
"10820  :  โรงพยาบาลวัดญาณสังวราราม","0","0","0","0","0","0","0.00"
"10821  :  โรงพยาบาลพานทอง","0","0","0","0","0","0","0.00"
"10822  :  โรงพยาบาลพนัสนิคม","0","0","0","0","0","0","0.00"
"10823  :  โรงพยาบาลแหลมฉบัง","0","0","0","0","0","0","0.00"
"10824  :  โรงพยาบาลเกาะสีชัง","0","0","0","0","0","0","0.00"
"10825  :  โรงพยาบาลสัตหีบกม10","0","0","0","0","0","0","0.00"
"10826  :  โรงพยาบาลบ่อทอง","0","0","0","0","0","0","0.00"
"11486  :  โรงพยาบาลค่ายนวมินทราชินี","0","0","0","0","0","0","0.00"
"11487  :  โรงพยาบาลอาภากรเกียรติวงศ์","0","0","0","0","0","0","0.00"
"13754  :  โรงพยาบาลสมเด็จพระบรมราชเทวี ณ ศรีราชา","0","0","0","0","0","0","0.00"
"13758  :  โรงพยาบาลสมเด็จพระนางเจ้าสิริกิติ์","0","0","0","0","0","0","0.00"
"13760  :  โรงพยาบาลมะเร็งชลบุรี","0","0","0","0","0","0","0.00"
"13766  :  โรงพยาบาลมหาวิทยาลัยบูรพา","0","0","0","0","0","0","0.00"
"28005  :  โรงพยาบาลเมืองพัทยา","0","0","0","0","0","0","0.00"
"28006  :  โรงพยาบาลเกาะจันทร์","0","0","0","0","0","0","0.00"
"10663  :  โรงพยาบาลระยอง","0","0","0","0","0","0","0.00"
"10827  :  โรงพยาบาลเฉลิมพระเกียรติสมเด็จพระเทพรัตนราชสุดาฯ สยามบรมราชกุมารี ระยอง","0","0","0","0","0","0","0.00"
"10828  :  โรงพยาบาลบ้านฉาง","0","0","0","0","0","0","0.00"
"10829  :  โรงพยาบาลแกลง","0","0","0","0","0","0","0.00"
"10830  :  โรงพยาบาลวังจันทร์","0","0","0","0","0","0","0.00"
"10831  :  โรงพยาบาลบ้านค่าย","0","0","0","0","0","0","0.00"
"10832  :  โรงพยาบาลปลวกแดง","0","0","0","0","0","0","0.00"
"22734  :  โรงพยาบาลเขาชะเมา เฉลิมพระเกียรติ 80 พรรษา","0","0","0","0","0","0","0.00"
"23962  :  โรงพยาบาลนิคมพัฒนา","0","0","0","0","0","0","0.00"
"10664  :  โรงพยาบาลพระปกเกล้า","0","0","0","0","0","0","0.00"
"10834  :  โรงพยาบาลขลุง","0","0","0","0","0","0","0.00"
"10835  :  โรงพยาบาลท่าใหม่","0","0","0","0","0","0","0.00"
"10836  :  โรงพยาบาลเขาสุกิม","0","0","0","0","0","0","0.00"
"10837  :  โรงพยาบาลสองพี่น้อง","0","0","0","0","0","0","0.00"
"10838  :  โรงพยาบาลโป่งน้ำร้อน","0","0","0","0","0","0","0.00"
"10839  :  โรงพยาบาลมะขาม","0","0","0","0","0","0","0.00"
"10840  :  โรงพยาบาลแหลมสิงห์","0","0","0","0","0","0","0.00"
"10841  :  โรงพยาบาลสอยดาว","0","0","0","0","0","0","0.00"
"10842  :  โรงพยาบาลแก่งหางแมว","0","0","0","0","0","0","0.00"
"10843  :  โรงพยาบาลนายายอาม","0","0","0","0","0","0","0.00"
"10844  :  โรงพยาบาลเขาคิชฌกูฏ","0","0","0","0","0","0","0.00"
"10696  :  โรงพยาบาลตราด","0","0","0","0","0","0","0.00"
"10845  :  โรงพยาบาลคลองใหญ่","0","0","0","0","0","0","0.00"
"10846  :  โรงพยาบาลเขาสมิง","0","0","0","0","0","0","0.00"
"10847  :  โรงพยาบาลบ่อไร่","0","0","0","0","0","0","0.00"
"10848  :  โรงพยาบาลแหลมงอบ","0","0","0","0","0","0","0.00"
"10849  :  โรงพยาบาลเกาะกูด","0","0","0","0","0","0","0.00"
"13816  :  โรงพยาบาลเกาะช้าง","0","0","0","0","0","0","0.00"
"10697  :  โรงพยาบาลพุทธโสธร","0","0","0","0","0","0","0.00"
"10833  :  โรงพยาบาลท่าตะเกียบ","0","0","0","0","0","0","0.00"
"10850  :  โรงพยาบาลบางคล้า","0","0","0","0","0","0","0.00"
"10851  :  โรงพยาบาลบางน้ำเปรี้ยว","0","0","0","0","0","0","0.00"
"10852  :  โรงพยาบาลบางปะกง","0","0","0","0","0","0","0.00"
"10853  :  โรงพยาบาลบ้านโพธิ์","0","0","0","0","0","0","0.00"
"10854  :  โรงพยาบาลพนมสารคาม","0","0","0","0","0","0","0.00"
"10855  :  โรงพยาบาลสนามชัยเขต","0","0","0","0","0","0","0.00"
"10856  :  โรงพยาบาลแปลงยาว","0","0","0","0","0","0","0.00"
"13747  :  โรงพยาบาลราชสาส์น","0","0","0","0","0","0","0.00"
"31327  :  โรงพยาบาลคลองเขื่อน","0","0","0","0","0","0","0.00"
"10665  :  โรงพยาบาลเจ้าพระยาอภัยภูเบศร","1,469","73","187","1,656","1,542","1,117","38.05"
"10857  :  โรงพยาบาลกบินทร์บุรี","10,347","259","758","11,105","10,606","15,599","32.01"
"10858  :  โรงพยาบาลนาดี","6,120","1,387","270","6,390","7,507","0","0.00"
"10859  :  โรงพยาบาลบ้านสร้าง","2,885","1,432","36","2,921","4,317","5,582","22.66"
"10860  :  โรงพยาบาลประจันตคาม","6,877","116","539","7,416","6,993","0","0.00"
"10861  :  โรงพยาบาลศรีมหาโพธิ","7,413","1,717","395","7,808","9,130","8,709","4.83"
"10862  :  โรงพยาบาลศรีมโหสถ","6,532","1,848","573","7,105","8,380","8,970","6.58"
"11490  :  โรงพยาบาลค่ายจักรพงษ์","5,308","1","176","5,484","5,309","4,387","21.02"
"10698  :  โรงพยาบาลนครนายก","0","0","0","0","0","0","0.00"
"10863  :  โรงพยาบาลปากพลี","0","0","0","0","0","0","0.00"
"10864  :  โรงพยาบาลบ้านนา","0","0","0","0","0","0","0.00"
"10865  :  โรงพยาบาลองครักษ์","0","0","0","0","0","0","0.00"
"11491  :  โรงพยาบาลรร.นายร้อยพระจุลจอมเกล้า","0","0","0","0","0","0","0.00"
"14904  :  โรงพยาบาลศูนย์การแพทย์สมเด็จพระเทพรัตนราชสุดาฯ","0","0","0","0","0","0","0.00"
"10699  :  โรงพยาบาลสมเด็จพระยุพราชสระแก้ว","14,966","4,076","366","15,332","19,042","4,433","329.55"
"10866  :  โรงพยาบาลคลองหาด","7,653","2,039","147","7,800","9,692","9,723","0.32"
"10867  :  โรงพยาบาลตาพระยา","4,910","1,690","106","5,016","6,600","6,673","1.09"
"10868  :  โรงพยาบาลวังน้ำเย็น","19,099","4,326","82","19,181","23,425","20,358","15.07"
"10869  :  โรงพยาบาลวัฒนานคร","8,361","4,749","236","8,597","13,110","13,082","0.21"
"10870  :  โรงพยาบาลอรัญประเทศ","9,722","280","529","10,251","10,002","0","0.00"
"13817  :  โรงพยาบาลเขาฉกรรจ์","3,900","2,315","179","4,079","6,215","6,188","0.44"
"14717  :  โรงพยาบาลจิตเวชสระแก้วราชนครินทร์","0","0","0","0","0","0","0.00"
"10666  :  โรงพยาบาลมหาราชนครราชสีมา","0","0","0","0","0","0","0.00"
"10871  :  โรงพยาบาลครบุรี","0","0","0","0","0","0","0.00"
"10872  :  โรงพยาบาลเสิงสาง","0","0","0","0","0","0","0.00"
"10873  :  โรงพยาบาลคง","0","0","0","0","0","0","0.00"
"10874  :  โรงพยาบาลบ้านเหลื่อม","0","0","0","0","0","0","0.00"
"10875  :  โรงพยาบาลจักราช","0","0","0","0","0","0","0.00"
"10876  :  โรงพยาบาลโชคชัย","0","0","0","0","0","0","0.00"
"10877  :  โรงพยาบาลด่านขุนทด","0","0","0","0","0","0","0.00"
"10878  :  โรงพยาบาลโนนไทย","0","0","0","0","0","0","0.00"
"10879  :  โรงพยาบาลโนนสูง","0","0","0","0","0","0","0.00"
"10880  :  โรงพยาบาลขามสะแกแสง","0","0","0","0","0","0","0.00"
"10881  :  โรงพยาบาลบัวใหญ่","0","0","0","0","0","0","0.00"
"10882  :  โรงพยาบาลประทาย","0","0","0","0","0","0","0.00"
"10883  :  โรงพยาบาลปักธงชัย","0","0","0","0","0","0","0.00"
"10884  :  โรงพยาบาลพิมาย","0","0","0","0","0","0","0.00"
"10885  :  โรงพยาบาลห้วยแถลง","0","0","0","0","0","0","0.00"
"10886  :  โรงพยาบาลชุมพวง","0","0","0","0","0","0","0.00"
"10887  :  โรงพยาบาลสูงเนิน","0","0","0","0","0","0","0.00"
"10888  :  โรงพยาบาลขามทะเลสอ","0","0","0","0","0","0","0.00"
"10889  :  โรงพยาบาลสีคิ้ว","0","0","0","0","0","0","0.00"
"10890  :  โรงพยาบาลปากช่องนานา","0","0","0","0","0","0","0.00"
"10891  :  โรงพยาบาลหนองบุญมาก","0","0","0","0","0","0","0.00"
"10892  :  โรงพยาบาลแก้งสนามนาง","0","0","0","0","0","0","0.00"
"10893  :  โรงพยาบาลโนนแดง","0","0","0","0","0","0","0.00"
"10894  :  โรงพยาบาลวังน้ำเขียว","0","0","0","0","0","0","0.00"
"11492  :  โรงพยาบาลค่ายสุรนารี นครราชสีมา","0","0","0","0","0","0","0.00"
"11602  :  โรงพยาบาลเฉลิมพระเกียรติสมเด็จย่า 100 ปี","0","0","0","0","0","0","0.00"
"11608  :  โรงพยาบาลลำทะเมนชัย","0","0","0","0","0","0","0.00"
"11885  :  โรงพยาบาลเดอะโกลเดนเกท","0","0","0","0","0","0","0.00"
"11891  :  โรงพยาบาลราชสีมาฮอสพิทอล","0","0","0","0","0","0","0.00"
"12267  :  ศูนย์อนามัยที่ 9 นครราชสีมา","0","0","0","0","0","0","0.00"
"12268  :  โรงพยาบาลจิตเวชนครราชสีมาราชนครินทร์","0","0","0","0","0","0","0.00"
"14161  :  โรงพยาบาลกองบิน กองบิน1","0","0","0","0","0","0","0.00"
"22456  :  โรงพยาบาลพระทองคำ เฉลิมพระเกียรติ 80 พรรษา","0","0","0","0","0","0","0.00"
"23839  :  โรงพยาบาลเทพรัตน์นครราชสีมา","0","0","0","0","0","0","0.00"
"24060  :  โรงพยาบาลมหาวิทยาลัยเทคโนโลยีสุรนารี","0","0","0","0","0","0","0.00"
"24692  :  โรงพยาบาลเฉลิมพระเกียรติ","0","0","0","0","0","0","0.00"
"27839  :  โรงพยาบาลบัวลาย","0","0","0","0","0","0","0.00"
"27840  :  โรงพยาบาลสีดา","0","0","0","0","0","0","0.00"
"27841  :  โรงพยาบาลเทพารักษ์","0","0","0","0","0","0","0.00"
"10667  :  โรงพยาบาลบุรีรัมย์","0","0","0","0","0","0","0.00"
"10895  :  โรงพยาบาลคูเมือง","0","0","0","0","0","0","0.00"
"10896  :  โรงพยาบาลกระสัง","0","0","0","0","0","0","0.00"
"10897  :  โรงพยาบาลนางรอง","0","0","0","0","0","0","0.00"
"10898  :  โรงพยาบาลหนองกี่","0","0","0","0","0","0","0.00"
"10899  :  โรงพยาบาลละหานทราย","0","0","0","0","0","0","0.00"
"10900  :  โรงพยาบาลประโคนชัย","0","0","0","0","0","0","0.00"
"10901  :  โรงพยาบาลบ้านกรวด","0","0","0","0","0","0","0.00"
"10902  :  โรงพยาบาลพุทไธสง","0","0","0","0","0","0","0.00"
"10904  :  โรงพยาบาลลำปลายมาศ","0","0","0","0","0","0","0.00"
"10905  :  โรงพยาบาลสตึก","0","0","0","0","0","0","0.00"
"10906  :  โรงพยาบาลปะคำ","0","0","0","0","0","0","0.00"
"10907  :  โรงพยาบาลนาโพธิ์","0","0","0","0","0","0","0.00"
"10908  :  โรงพยาบาลหนองหงส์","0","0","0","0","0","0","0.00"
"10909  :  โรงพยาบาลพลับพลาชัย","0","0","0","0","0","0","0.00"
"10910  :  โรงพยาบาลห้วยราช","0","0","0","0","0","0","0.00"
"10911  :  โรงพยาบาลโนนสุวรรณ","0","0","0","0","0","0","0.00"
"10912  :  โรงพยาบาลชำนิ","0","0","0","0","0","0","0.00"
"10913  :  โรงพยาบาลบ้านใหม่ไชยพจน์","0","0","0","0","0","0","0.00"
"10914  :  โรงพยาบาลโนนดินแดง","0","0","0","0","0","0","0.00"
"11493  :  โรงพยาบาลค่ายสมเด็จเจ้าพระยามหากษัตริย์ศึก","0","0","0","0","0","0","0.00"
"11619  :  โรงพยาบาลเฉลิมพระเกียรติ","0","0","0","0","0","0","0.00"
"23578  :  โรงพยาบาลแคนดง","0","0","0","0","0","0","0.00"
"28020  :  โรงพยาบาลบ้านด่าน","0","0","0","0","0","0","0.00"
"10668  :  โรงพยาบาลสุรินทร์","0","0","0","0","0","0","0.00"
"10915  :  โรงพยาบาลชุมพลบุรี","0","0","0","0","0","0","0.00"
"10916  :  โรงพยาบาลท่าตูม","0","0","0","0","0","0","0.00"
"10917  :  โรงพยาบาลจอมพระ","0","0","0","0","0","0","0.00"
"10918  :  โรงพยาบาลปราสาท","0","0","0","0","0","0","0.00"
"10919  :  โรงพยาบาลกาบเชิง","0","0","0","0","0","0","0.00"
"10920  :  โรงพยาบาลรัตนบุรี","0","0","0","0","0","0","0.00"
"10921  :  โรงพยาบาลสนม","0","0","0","0","0","0","0.00"
"10922  :  โรงพยาบาลศีขรภูมิ","0","0","0","0","0","0","0.00"
"10923  :  โรงพยาบาลสังขะ","0","0","0","0","0","0","0.00"
"10924  :  โรงพยาบาลลำดวน","0","0","0","0","0","0","0.00"
"10925  :  โรงพยาบาลสำโรงทาบ","0","0","0","0","0","0","0.00"
"10926  :  โรงพยาบาลบัวเชด","0","0","0","0","0","0","0.00"
"11494  :  โรงพยาบาลค่ายวีรวัฒน์โยธิน","0","0","0","0","0","0","0.00"
"22302  :  โรงพยาบาลพนมดงรัก เฉลิมพระเกียรติ 80 พรรษา","0","0","0","0","0","0","0.00"
"27842  :  โรงพยาบาลเขวาสินรินทร์","0","0","0","0","0","0","0.00"
"27843  :  โรงพยาบาลศรีณรงค์","0","0","0","0","0","0","0.00"
"27844  :  โรงพยาบาลโนนนารายณ์","0","0","0","0","0","0","0.00"
"10700  :  โรงพยาบาลศรีสะเกษ","0","0","0","0","0","0","0.00"
"10927  :  โรงพยาบาลยางชุมน้อย","0","0","0","0","0","0","0.00"
"10928  :  โรงพยาบาลกันทรารมย์","0","0","0","0","0","0","0.00"
"10929  :  โรงพยาบาลกันทรลักษ์","0","0","0","0","0","0","0.00"
"10930  :  โรงพยาบาลขุขันธ์","0","0","0","0","0","0","0.00"
"10931  :  โรงพยาบาลไพรบึง","0","0","0","0","0","0","0.00"
"10932  :  โรงพยาบาลปรางค์กู่","0","0","0","0","0","0","0.00"
"10933  :  โรงพยาบาลขุนหาญ","0","0","0","0","0","0","0.00"
"10934  :  โรงพยาบาลราษีไศล","0","0","0","0","0","0","0.00"
"10935  :  โรงพยาบาลอุทุมพรพิสัย","0","0","0","0","0","0","0.00"
"10936  :  โรงพยาบาลบึงบูรพ์","0","0","0","0","0","0","0.00"
"10937  :  โรงพยาบาลห้วยทับทัน","0","0","0","0","0","0","0.00"
"10938  :  โรงพยาบาลโนนคูณ","0","0","0","0","0","0","0.00"
"10939  :  โรงพยาบาลศรีรัตนะ","0","0","0","0","0","0","0.00"
"10940  :  โรงพยาบาลวังหิน","0","0","0","0","0","0","0.00"
"10941  :  โรงพยาบาลน้ำเกลี้ยง","0","0","0","0","0","0","0.00"
"10942  :  โรงพยาบาลภูสิงห์","0","0","0","0","0","0","0.00"
"10943  :  โรงพยาบาลเมืองจันทร์","0","0","0","0","0","0","0.00"
"23125  :  โรงพยาบาลเบญจลักษ์เฉลิมพระเกียรติ 80 พรรษา","0","0","0","0","0","0","0.00"
"28014  :  โรงพยาบาลพยุห์","0","0","0","0","0","0","0.00"
"28015  :  โรงพยาบาลโพธิ์ศรีสุวรรณ","0","0","0","0","0","0","0.00"
"28016  :  โรงพยาบาลศิลาลาด","0","0","0","0","0","0","0.00"
"10669  :  โรงพยาบาลสรรพสิทธิประสงค์","0","0","0","0","0","0","0.00"
"10944  :  โรงพยาบาลศรีเมืองใหม่","0","0","0","0","0","0","0.00"
"10945  :  โรงพยาบาลโขงเจียม","0","0","0","0","0","0","0.00"
"10946  :  โรงพยาบาลเขื่องใน","0","0","0","0","0","0","0.00"
"10947  :  โรงพยาบาลเขมราฐ","0","0","0","0","0","0","0.00"
"10948  :  โรงพยาบาลนาจะหลวย","0","0","0","0","0","0","0.00"
"10949  :  โรงพยาบาลน้ำยืน","0","0","0","0","0","0","0.00"
"10950  :  โรงพยาบาลบุณฑริก","0","0","0","0","0","0","0.00"
"10951  :  โรงพยาบาลตระการพืชผล","0","0","0","0","0","0","0.00"
"10952  :  โรงพยาบาลกุดข้าวปุ้น","0","0","0","0","0","0","0.00"
"10953  :  โรงพยาบาลม่วงสามสิบ","0","0","0","0","0","0","0.00"
"10954  :  โรงพยาบาลวารินชำราบ","0","0","0","0","0","0","0.00"
"10956  :  โรงพยาบาลพิบูลมังสาหาร","0","0","0","0","0","0","0.00"
"10957  :  โรงพยาบาลตาลสุม","0","0","0","0","0","0","0.00"
"10958  :  โรงพยาบาลโพธิ์ไทร","0","0","0","0","0","0","0.00"
"10959  :  โรงพยาบาลสำโรง","0","0","0","0","0","0","0.00"
"10960  :  โรงพยาบาลดอนมดแดง","0","0","0","0","0","0","0.00"
"10961  :  โรงพยาบาลสิรินธร","0","0","0","0","0","0","0.00"
"10962  :  โรงพยาบาลทุ่งศรีอุดม","0","0","0","0","0","0","0.00"
"11443  :  โรงพยาบาลสมเด็จพระยุพราชเดชอุดม","0","0","0","0","0","0","0.00"
"11495  :  โรงพยาบาลกองบิน 21","0","0","0","0","0","0","0.00"
"11496  :  โรงพยาบาลค่ายสรรพสิทธิประสงค์","0","0","0","0","0","0","0.00"
"11918  :  โรงพยาบาลเอกชนร่มเกล้า","0","0","0","0","0","0","0.00"
"12269  :  โรงพยาบาลพระศรีมหาโพธิ์","0","0","0","0","0","0","0.00"
"12270  :  โรงพยาบาลส่งเสริมสุขภาพ ศูนย์อนามัยที่ 10","0","0","0","0","0","0","0.00"
"21984  :  โรงพยาบาล 50 พรรษา มหาวชิราลงกรณ","0","0","0","0","0","0","0.00"
"24032  :  โรงพยาบาลนาตาล","0","0","0","0","0","0","0.00"
"24821  :  โรงพยาบาลนาเยีย","0","0","0","0","0","0","0.00"
"27967  :  โรงพยาบาลสว่างวีระวงศ์","0","0","0","0","0","0","0.00"
"27968  :  โรงพยาบาลน้ำขุ่น","0","0","0","0","0","0","0.00"
"27976  :  โรงพยาบาลเหล่าเสือโก้ก","0","0","0","0","0","0","0.00"
"10701  :  โรงพยาบาลยโสธร","0","0","0","0","0","0","0.00"
"10963  :  โรงพยาบาลทรายมูล","0","0","0","0","0","0","0.00"
"10964  :  โรงพยาบาลกุดชุม","0","0","0","0","0","0","0.00"
"10965  :  โรงพยาบาลคำเขื่อนแก้ว","7,794","304","17","7,811","8,098","12,813","36.80"
"10966  :  โรงพยาบาลป่าติ้ว","7,285","1,263","70","7,355","8,548","9,482","9.85"
"10967  :  โรงพยาบาลมหาชนะชัย","5,627","1,929","41","5,668","7,556","7,207","4.84"
"10968  :  โรงพยาบาลค้อวัง","4,045","1,662","122","4,167","5,707","5,441","4.89"
"10969  :  โรงพยาบาลไทยเจริญ","3,931","538","12","3,943","4,469","4,386","1.89"
"11444  :  โรงพยาบาลสมเด็จพระยุพราชเลิงนกทา","8,992","603","68","9,060","9,595","13,337","28.06"
"11921  :  โรงพยาบาลนายแพทย์หาญ","1,635","752","4","1,639","2,387","0","0.00"
"04007  :  โรงพยาบาลซับใหญ่","3,532","1,435","27","3,559","4,967","4,642","7.00"
"10702  :  โรงพยาบาลชัยภูมิ","6,396","1,222","224","6,620","7,618","14,287","46.68"
"10970  :  โรงพยาบาลบ้านเขว้า","12,035","4,525","92","12,127","16,560","17,205","3.75"
"10971  :  โรงพยาบาลคอนสวรรค์","6,082","2,938","0","6,082","9,020","10,407","13.33"
"10972  :  โรงพยาบาลเกษตรสมบูรณ์","7,717","3,453","222","7,939","11,170","12,021","7.08"
"10973  :  โรงพยาบาลหนองบัวแดง","12,291","3,987","378","12,669","16,278","17,708","8.08"
"10974  :  โรงพยาบาลจัตุรัส","9,675","2,492","520","10,195","12,167","11,984","1.53"
"10975  :  โรงพยาบาลบำเหน็จณรงค์","10,569","1,174","86","10,655","11,743","16,178","27.41"
"10976  :  โรงพยาบาลหนองบัวระเหว","4,271","53","32","4,303","4,324","6,026","28.24"
"10977  :  โรงพยาบาลเทพสถิต","12,359","1,997","640","12,999","14,356","15,011","4.36"
"10978  :  โรงพยาบาลภูเขียวเฉลิมพระเกียรติ","14,755","6,444","92","14,847","21,199","24,138","12.18"
"10979  :  โรงพยาบาลบ้านแท่น","7,930","3,683","146","8,076","11,613","12,904","10.00"
"10980  :  โรงพยาบาลแก้งคร้อ","12,689","3,252","31","12,720","15,941","19,207","17.00"
"10981  :  โรงพยาบาลคอนสาร","4,524","171","16","4,540","4,695","8,438","44.36"
"10982  :  โรงพยาบาลภักดีชุมพล","3,539","2,397","14","3,553","5,936","5,524","7.46"
"10983  :  โรงพยาบาลเนินสง่า","2,673","964","99","2,772","3,637","3,771","3.55"
"10703  :  โรงพยาบาลอำนาจเจริญ","0","0","0","0","0","0","0.00"
"10985  :  โรงพยาบาลชานุมาน","0","0","0","0","0","0","0.00"
"10986  :  โรงพยาบาลปทุมราชวงศา","0","0","0","0","0","0","0.00"
"10987  :  โรงพยาบาลพนา","0","0","0","0","0","0","0.00"
"10988  :  โรงพยาบาลเสนางคนิคม","0","0","0","0","0","0","0.00"
"10989  :  โรงพยาบาลหัวตะพาน","0","0","0","0","0","0","0.00"
"10990  :  โรงพยาบาลลืออำนาจ","0","0","0","0","0","0","0.00"
"11040  :  โรงพยาบาลบึงกาฬ","0","0","0","0","0","0","0.00"
"11041  :  โรงพยาบาลพรเจริญ","0","0","0","0","0","0","0.00"
"11043  :  โรงพยาบาลโซ่พิสัย","0","0","0","0","0","0","0.00"
"11046  :  โรงพยาบาลเซกา","0","0","0","0","0","0","0.00"
"11047  :  โรงพยาบาลปากคาด","0","0","0","0","0","0","0.00"
"11048  :  โรงพยาบาลบึงโขงหลง","0","0","0","0","0","0","0.00"
"11049  :  โรงพยาบาลศรีวิไล","0","0","0","0","0","0","0.00"
"11050  :  โรงพยาบาลบุ่งคล้า","0","0","0","0","0","0","0.00"
"10704  :  โรงพยาบาลหนองบัวลำภู","0","0","0","0","0","0","0.00"
"10991  :  โรงพยาบาลนากลาง","0","0","0","0","0","0","0.00"
"10992  :  โรงพยาบาลโนนสัง","0","0","0","0","0","0","0.00"
"10993  :  โรงพยาบาลศรีบุญเรือง","0","0","0","0","0","0","0.00"
"10994  :  โรงพยาบาลสุวรรณคูหา","0","0","0","0","0","0","0.00"
"23367  :  โรงพยาบาลนาวัง เฉลิมพระเกียรติ 80 พรรษา","0","0","0","0","0","0","0.00"
"10670  :  โรงพยาบาลขอนแก่น","0","0","0","0","0","0","0.00"
"10995  :  โรงพยาบาลบ้านฝาง","0","0","0","0","0","0","0.00"
"10996  :  โรงพยาบาลพระยืน","0","0","0","0","0","0","0.00"
"10997  :  โรงพยาบาลหนองเรือ","0","0","0","0","0","0","0.00"
"10998  :  โรงพยาบาลชุมแพ","0","0","0","0","0","0","0.00"
"10999  :  โรงพยาบาลสีชมพู","0","0","0","0","0","0","0.00"
"11000  :  โรงพยาบาลน้ำพอง","0","0","0","0","0","0","0.00"
"11001  :  โรงพยาบาลอุบลรัตน์","0","0","0","0","0","0","0.00"
"11002  :  โรงพยาบาลบ้านไผ่","0","0","0","0","0","0","0.00"
"11003  :  โรงพยาบาลเปือยน้อย","0","0","0","0","0","0","0.00"
"11004  :  โรงพยาบาลพล","0","0","0","0","0","0","0.00"
"11005  :  โรงพยาบาลแวงใหญ่","0","0","0","0","0","0","0.00"
"11006  :  โรงพยาบาลแวงน้อย","0","0","0","0","0","0","0.00"
"11007  :  โรงพยาบาลหนองสองห้อง","0","0","0","0","0","0","0.00"
"11008  :  โรงพยาบาลภูเวียง","0","0","0","0","0","0","0.00"
"11009  :  โรงพยาบาลมัญจาคีรี","0","0","0","0","0","0","0.00"
"11010  :  โรงพยาบาลชนบท","0","0","0","0","0","0","0.00"
"11011  :  โรงพยาบาลเขาสวนกวาง","0","0","0","0","0","0","0.00"
"11012  :  โรงพยาบาลภูผาม่าน","0","0","0","0","0","0","0.00"
"11445  :  โรงพยาบาลสมเด็จพระยุพราชกระนวน","0","0","0","0","0","0","0.00"
"11497  :  โรงพยาบาลค่ายศรีพัชรินทร","0","0","0","0","0","0","0.00"
"11936  :  โรงพยาบาลขอนแก่นราม","0","0","0","0","0","0","0.00"
"12272  :  โรงพยาบาลจิตเวชขอนแก่นราชนครินทร์","0","0","0","0","0","0","0.00"
"12273  :  โรงพยาบาลส่งเสริมสุขภาพ ศูนย์อนามัยที่ 7","0","0","0","0","0","0","0.00"
"12275  :  โรงพยาบาลสิรินธร(ภาคตะวันออกเฉียงเหนือ)","0","0","0","0","0","0","0.00"
"13777  :  โรงพยาบาลศรีนครินทร์ มหาวิทยาลัยขอนแก่น","0","0","0","0","0","0","0.00"
"14132  :  โรงพยาบาลซำสูง","0","0","0","0","0","0","0.00"
"14196  :  โรงพยาบาลธัญญรักษ์ขอนแก่น","0","0","0","0","0","0","0.00"
"24746  :  สถาบันสุขภาพจิตเด็กและวัยรุ่นภาคตะวันออกเฉียงเหนือ","0","0","0","0","0","0","0.00"
"77649  :  โรงพยาบาลหนองนาคำ","0","0","0","0","0","0","0.00"
"77650  :  โรงพยาบาลเวียงเก่า","0","0","0","0","0","0","0.00"
"77651  :  โรงพยาบาลโคกโพธิ์ไชย","0","0","0","0","0","0","0.00"
"77652  :  โรงพยาบาลโนนศิลา","0","0","0","0","0","0","0.00"
"10671  :  โรงพยาบาลอุดรธานี","0","0","0","0","0","0","0.00"
"11013  :  โรงพยาบาลกุดจับ","0","0","0","0","0","0","0.00"
"11014  :  โรงพยาบาลหนองวัวซอ","0","0","0","0","0","0","0.00"
"11015  :  โรงพยาบาลกุมภวาปี","0","0","0","0","0","0","0.00"
"11016  :  โรงพยาบาลห้วยเกิ้ง","0","0","0","0","0","0","0.00"
"11017  :  โรงพยาบาลโนนสะอาด","0","0","0","0","0","0","0.00"
"11018  :  โรงพยาบาลหนองหาน","0","0","0","0","0","0","0.00"
"11019  :  โรงพยาบาลทุ่งฝน","0","0","0","0","0","0","0.00"
"11020  :  โรงพยาบาลไชยวาน","0","0","0","0","0","0","0.00"
"11021  :  โรงพยาบาลศรีธาตุ","0","0","0","0","0","0","0.00"
"11022  :  โรงพยาบาลวังสามหมอ","0","0","0","0","0","0","0.00"
"11023  :  โรงพยาบาลบ้านผือ","0","0","0","0","0","0","0.00"
"11024  :  โรงพยาบาลน้ำโสม","0","0","0","0","0","0","0.00"
"11025  :  โรงพยาบาลเพ็ญ","0","0","0","0","0","0","0.00"
"11026  :  โรงพยาบาลสร้างคอม","0","0","0","0","0","0","0.00"
"11027  :  โรงพยาบาลหนองแสง","0","0","0","0","0","0","0.00"
"11028  :  โรงพยาบาลนายูง","0","0","0","0","0","0","0.00"
"11029  :  โรงพยาบาลพิบูลย์รักษ์","0","0","0","0","0","0","0.00"
"11446  :  โรงพยาบาลสมเด็จพระยุพราชบ้านดุง","0","0","0","0","0","0","0.00"
"11501  :  โรงพยาบาลค่ายประจักษ์ศิลปาคม","0","0","0","0","0","0","0.00"
"12276  :  โรงพยาบาลมะเร็งอุดรธานี","0","0","0","0","0","0","0.00"
"23951  :  โรงพยาบาลธัญญารักษ์อุดรธานี","0","0","0","0","0","0","0.00"
"25058  :  โรงพยาบาลกู่แก้ว","0","0","0","0","0","0","0.00"
"25059  :  โรงพยาบาลประจักษ์ศิลปาคม","0","0","0","0","0","0","0.00"
"10705  :  โรงพยาบาลเลย","12,554","3,474","1,671","14,225","16,028","22,020","27.21"
"11030  :  โรงพยาบาลนาด้วง","7,001","3,090","52","7,053","10,091","9,530","5.89"
"11031  :  โรงพยาบาลเชียงคาน","8,845","2,110","421","9,266","10,955","10,269","6.68"
"11032  :  โรงพยาบาลปากชม","4,114","804","168","4,282","4,918","5,008","1.80"
"11033  :  โรงพยาบาลนาแห้ว","1,424","490","88","1,512","1,914","2,024","5.43"
"11034  :  โรงพยาบาลภูเรือ","4,260","1,390","7","4,267","5,650","5,595","0.98"
"11035  :  โรงพยาบาลท่าลี่","2,701","492","77","2,778","3,193","3,687","13.40"
"11036  :  โรงพยาบาลวังสะพุง","10,381","188","249","10,630","10,569","15,794","33.08"
"11037  :  โรงพยาบาลภูกระดึง","8,823","5,172","62","8,885","13,995","10,661","31.27"
"11038  :  โรงพยาบาลภูหลวง","4,407","1,024","63","4,470","5,431","5,632","3.57"
"11039  :  โรงพยาบาลผาขาว","7,286","3,484","68","7,354","10,770","10,834","0.59"
"11447  :  โรงพยาบาลสมเด็จพระยุพราชด่านซ้าย","6,345","1,309","494","6,839","7,654","10,513","27.19"
"14133  :  โรงพยาบาลเอราวัณ","6,120","2,094","134","6,254","8,214","7,334","12.00"
"14644  :  โรงพยาบาลจิตเวชเลยราชนครินทร์","0","0","0","0","0","0","0.00"
"28861  :  โรงพยาบาลหนองหิน","712","256","11","723","968","0","0.00"
"10706  :  โรงพยาบาลหนองคาย","19,746","2,228","426","20,172","21,974","24,256","9.41"
"11042  :  โรงพยาบาลโพนพิสัย","4,584","2,149","142","4,726","6,733","7,584","11.22"
"11044  :  โรงพยาบาลศรีเชียงใหม่","7,779","3,559","14","7,793","11,338","13,513","16.10"
"11045  :  โรงพยาบาลสังคม","3,408","1,059","1","3,409","4,467","4,472","0.11"
"11448  :  โรงพยาบาลสมเด็จพระยุพราชท่าบ่อ","13,304","9,244","572","13,876","22,548","19,447","15.95"
"14558  :  โรงพยาบาลพิสัยเวช","11,382","2,218","38","11,420","13,600","12,354","10.09"
"21356  :  โรงพยาบาลสระใคร","1,912","967","21","1,933","2,879","3,127","7.93"
"28778  :  โรงพยาบาลโพธิ์ตาก","1,112","229","47","1,159","1,341","1,522","11.89"
"28811  :  โรงพยาบาลเฝ้าไร่","3,413","203","126","3,539","3,616","3,648","0.88"
"28815  :  โรงพยาบาลรัตนวาปี","2,533","36","17","2,550","2,569","2,277","12.82"
"10707  :  โรงพยาบาลมหาสารคาม","0","0","0","0","0","0","0.00"
"11051  :  โรงพยาบาลแกดำ","0","0","0","0","0","0","0.00"
"11052  :  โรงพยาบาลโกสุมพิสัย","0","0","0","0","0","0","0.00"
"11053  :  โรงพยาบาลกันทรวิชัย","0","0","0","0","0","0","0.00"
"11054  :  โรงพยาบาลเชียงยืน","0","0","0","0","0","0","0.00"
"11055  :  โรงพยาบาลบรบือ","0","0","0","0","0","0","0.00"
"11056  :  โรงพยาบาลนาเชือก","0","0","0","0","0","0","0.00"
"11057  :  โรงพยาบาลพยัคฆภูมิพิสัย","0","0","0","0","0","0","0.00"
"11058  :  โรงพยาบาลวาปีปทุม","0","0","0","0","0","0","0.00"
"11059  :  โรงพยาบาลนาดูน","0","0","0","0","0","0","0.00"
"11060  :  โรงพยาบาลยางสีสุราช","0","0","0","0","0","0","0.00"
"22953  :  โรงพยาบาลสุทธาเวช คณะแพทยศาสตร์ มหาวิทยาลัยมหาสารคาม","0","0","0","0","0","0","0.00"
"24704  :  โรงพยาบาลกุดรัง","0","0","0","0","0","0","0.00"
"28843  :  โรงพยาบาลชื่นชม","0","0","0","0","0","0","0.00"
"10708  :  โรงพยาบาลร้อยเอ็ด","0","0","0","0","0","0","0.00"
"11061  :  โรงพยาบาลเกษตรวิสัย","0","0","0","0","0","0","0.00"
"11062  :  โรงพยาบาลปทุมรัตต์","0","0","0","0","0","0","0.00"
"11063  :  โรงพยาบาลจตุรพักตรพิมาน","0","0","0","0","0","0","0.00"
"11064  :  โรงพยาบาลธวัชบุรี","0","0","0","0","0","0","0.00"
"11065  :  โรงพยาบาลพนมไพร","0","0","0","0","0","0","0.00"
"11066  :  โรงพยาบาลโพนทอง","0","0","0","0","0","0","0.00"
"11067  :  โรงพยาบาลโพธิ์ชัย","0","0","0","0","0","0","0.00"
"11068  :  โรงพยาบาลหนองพอก","0","0","0","0","0","0","0.00"
"11069  :  โรงพยาบาลเสลภูมิ","0","0","0","0","0","0","0.00"
"11070  :  โรงพยาบาลสุวรรณภูมิ","0","0","0","0","0","0","0.00"
"11071  :  โรงพยาบาลเมืองสรวง","0","0","0","0","0","0","0.00"
"11072  :  โรงพยาบาลโพนทราย","0","0","0","0","0","0","0.00"
"11073  :  โรงพยาบาลอาจสามารถ","0","0","0","0","0","0","0.00"
"11074  :  โรงพยาบาลเมยวดี","0","0","0","0","0","0","0.00"
"11075  :  โรงพยาบาลศรีสมเด็จ","0","0","0","0","0","0","0.00"
"11076  :  โรงพยาบาลจังหาร","0","0","0","0","0","0","0.00"
"11504  :  โรงพยาบาลค่ายสมเด็จพระพุทธยอดฟ้าจุฬาโลกมหาราช","0","0","0","0","0","0","0.00"
"11964  :  โรงพยาบาลทั่วไปขนาดใหญ่จุรีเวช","0","0","0","0","0","0","0.00"
"27988  :  โรงพยาบาลทุ่งเขาหลวง","0","0","0","0","0","0","0.00"
"27989  :  โรงพยาบาลเชียงขวัญ","0","0","0","0","0","0","0.00"
"27990  :  โรงพยาบาลหนองฮี","0","0","0","0","0","0","0.00"
"10709  :  โรงพยาบาลกาฬสินธุ์","0","0","0","0","0","0","0.00"
"11077  :  โรงพยาบาลนามน","0","0","0","0","0","0","0.00"
"11078  :  โรงพยาบาลกมลาไสย","0","0","0","0","0","0","0.00"
"11079  :  โรงพยาบาลร่องคำ","0","0","0","0","0","0","0.00"
"11080  :  โรงพยาบาลเขาวง","0","0","0","0","0","0","0.00"
"11081  :  โรงพยาบาลยางตลาด","0","0","0","0","0","0","0.00"
"11082  :  โรงพยาบาลห้วยเม็ก","0","0","0","0","0","0","0.00"
"11083  :  โรงพยาบาลสหัสขันธ์","0","0","0","0","0","0","0.00"
"11084  :  โรงพยาบาลคำม่วง","0","0","0","0","0","0","0.00"
"11085  :  โรงพยาบาลท่าคันโท","0","0","0","0","0","0","0.00"
"11086  :  โรงพยาบาลหนองกุงศรี","0","0","0","0","0","0","0.00"
"11087  :  โรงพยาบาลสมเด็จ","0","0","0","0","0","0","0.00"
"11088  :  โรงพยาบาลห้วยผึ้ง","0","0","0","0","0","0","0.00"
"11449  :  โรงพยาบาลสมเด็จพระยุพราชกุฉินารายณ์","0","0","0","0","0","0","0.00"
"11965  :  โรงพยาบาลธีรวัฒน์","0","0","0","0","0","0","0.00"
"28017  :  โรงพยาบาลนาคู","0","0","0","0","0","0","0.00"
"28789  :  โรงพยาบาลฆ้องชัย","0","0","0","0","0","0","0.00"
"28790  :  โรงพยาบาลดอนจาน","0","0","0","0","0","0","0.00"
"28791  :  โรงพยาบาลสามชัย","0","0","0","0","0","0","0.00"
"10710  :  โรงพยาบาลสกลนคร","0","0","0","0","0","0","0.00"
"11089  :  โรงพยาบาลกุสุมาลย์","0","0","0","0","0","0","0.00"
"11090  :  โรงพยาบาลกุดบาก","0","0","0","0","0","0","0.00"
"11091  :  โรงพยาบาลพระอาจารย์ฝั้นอาจาโร","0","0","0","0","0","0","0.00"
"11092  :  โรงพยาบาลพังโคน","0","0","0","0","0","0","0.00"
"11093  :  โรงพยาบาลวาริชภูมิ","0","0","0","0","0","0","0.00"
"11094  :  โรงพยาบาลนิคมน้ำอูน","0","0","0","0","0","0","0.00"
"11095  :  โรงพยาบาลวานรนิวาส","0","0","0","0","0","0","0.00"
"11096  :  โรงพยาบาลคำตากล้า","0","0","0","0","0","0","0.00"
"11097  :  โรงพยาบาลบ้านม่วง","0","0","0","0","0","0","0.00"
"11098  :  โรงพยาบาลอากาศอำนวย","0","0","0","0","0","0","0.00"
"11099  :  โรงพยาบาลส่องดาว","0","0","0","0","0","0","0.00"
"11100  :  โรงพยาบาลเต่างอย","0","0","0","0","0","0","0.00"
"11101  :  โรงพยาบาลโคกศรีสุพรรณ","0","0","0","0","0","0","0.00"
"11102  :  โรงพยาบาลเจริญศิลป์","0","0","0","0","0","0","0.00"
"11103  :  โรงพยาบาลโพนนาแก้ว","0","0","0","0","0","0","0.00"
"11450  :  โรงพยาบาลสมเด็จพระยุพราชสว่างแดนดิน","0","0","0","0","0","0","0.00"
"11505  :  โรงพยาบาลค่ายกฤษณ์สีวะรา","0","0","0","0","0","0","0.00"
"21323  :  โรงพยาบาลพระอาจารย์แบน  ธนากโร","0","0","0","0","0","0","0.00"
"24976  :  โรงพยาบาลการแพทย์แผนไทยสกลนคร หลวงปู่แฟ๊ป สุภัทโท","0","0","0","0","0","0","0.00"
"10711  :  โรงพยาบาลนครพนม","21,228","4,155","626","21,854","25,383","14,951","69.77"
"11104  :  โรงพยาบาลปลาปาก","12,721","4,409","142","12,863","17,130","11,549","48.32"
"11105  :  โรงพยาบาลท่าอุเทน","13,818","5,122","452","14,270","18,940","4,934","283.87"
"11106  :  โรงพยาบาลบ้านแพง","13,969","4,220","102","14,071","18,189","9,289","95.81"
"11107  :  โรงพยาบาลนาทม","3,013","803","20","3,033","3,816","3,076","24.06"
"11108  :  โรงพยาบาลเรณูนคร","11,124","2,353","70","11,194","13,477","9,363","43.94"
"11109  :  โรงพยาบาลนาแก","17,282","5,366","420","17,702","22,648","8,441","168.31"
"11110  :  โรงพยาบาลศรีสงคราม","14,992","4,581","280","15,272","19,573","9,333","109.72"
"11111  :  โรงพยาบาลนาหว้า","14,686","2,975","101","14,787","17,661","14,467","22.08"
"11112  :  โรงพยาบาลโพนสวรรค์","14,391","4,173","85","14,476","18,564","10,377","78.90"
"11451  :  โรงพยาบาลสมเด็จพระยุพราชธาตุพนม","12,204","4,064","152","12,356","16,268","2,870","466.83"
"12277  :  โรงพยาบาลจิตเวชนครพนมราชนครินทร์","323","90","4","327","413","0","0.00"
"40840  :  โรงพยาบาลวังยาง","3,221","218","112","3,333","3,439","3,542","2.91"
"10712  :  โรงพยาบาลมุกดาหาร","0","0","0","0","0","0","0.00"
"11113  :  โรงพยาบาลนิคมคำสร้อย","0","0","0","0","0","0","0.00"
"11114  :  โรงพยาบาลดอนตาล","0","0","0","0","0","0","0.00"
"11115  :  โรงพยาบาลดงหลวง","0","0","0","0","0","0","0.00"
"11116  :  โรงพยาบาลคำชะอี","0","0","0","0","0","0","0.00"
"11117  :  โรงพยาบาลหว้านใหญ่","0","0","0","0","0","0","0.00"
"11118  :  โรงพยาบาลหนองสูง","0","0","0","0","0","0","0.00"
"06009  :  โรงพยาบาลแม่ตื่น","0","0","0","0","0","0","0.00"
"10713  :  โรงพยาบาลนครพิงค์","0","0","0","0","0","0","0.00"
"11119  :  โรงพยาบาลจอมทอง","0","0","0","0","0","0","0.00"
"11120  :  โรงพยาบาลเทพรัตนเวชชานุกูล เฉลิมพระเกียรติ ๖๐ พรรษา","0","0","0","0","0","0","0.00"
"11121  :  โรงพยาบาลเชียงดาว","0","0","0","0","0","0","0.00"
"11122  :  โรงพยาบาลดอยสะเก็ด","0","0","0","0","0","0","0.00"
"11123  :  โรงพยาบาลแม่แตง","0","0","0","0","0","0","0.00"
"11124  :  โรงพยาบาลสะเมิง","0","0","0","0","0","0","0.00"
"11125  :  โรงพยาบาลฝาง","0","0","0","0","0","0","0.00"
"11126  :  โรงพยาบาลแม่อาย","0","0","0","0","0","0","0.00"
"11127  :  โรงพยาบาลพร้าว","0","0","0","0","0","0","0.00"
"11128  :  โรงพยาบาลสันป่าตอง","0","0","0","0","0","0","0.00"
"11129  :  โรงพยาบาลสันกำแพง","0","0","0","0","0","0","0.00"
"11130  :  โรงพยาบาลสันทราย","0","0","0","0","0","0","0.00"
"11131  :  โรงพยาบาลหางดง","0","0","0","0","0","0","0.00"
"11132  :  โรงพยาบาลฮอด","0","0","0","0","0","0","0.00"
"11133  :  โรงพยาบาลดอยเต่า","0","0","0","0","0","0","0.00"
"11134  :  โรงพยาบาลอมก๋อย","0","0","0","0","0","0","0.00"
"11135  :  โรงพยาบาลสารภี","0","0","0","0","0","0","0.00"
"11136  :  โรงพยาบาลเวียงแหง","0","0","0","0","0","0","0.00"
"11137  :  โรงพยาบาลไชยปราการ","0","0","0","0","0","0","0.00"
"11138  :  โรงพยาบาลแม่วาง","0","0","0","0","0","0","0.00"
"11139  :  โรงพยาบาลแม่ออน","0","0","0","0","0","0","0.00"
"11507  :  โรงพยาบาลกองบิน 41","0","0","0","0","0","0","0.00"
"11508  :  โรงพยาบาลค่ายกาวิละ เชียงใหม่","0","0","0","0","0","0","0.00"
"11643  :  โรงพยาบาลดอยหล่อ","0","0","0","0","0","0","0.00"
"11978  :  โรงพยาบาลดารารัศมี","0","0","0","0","0","0","0.00"
"11992  :  โรงพยาบาลเทพปัญญา 2 โรงพยาบาลทั่วไปขนาดกลาง","0","0","0","0","0","0","0.00"
"11995  :  โรงพยาบาลทั่วไปขนาดใหญ่เซ็นทรัลเชียงใหม่ เมโมเรียล","0","0","0","0","0","0","0.00"
"11999  :  โรงพยาบาลทั่วไปขนาดใหญ่เชียงใหม่เมดิคอลเซ็นเตอร์","0","0","0","0","0","0","0.00"
"12279  :  โรงพยาบาลส่งเสริมสุขภาพ ศูนย์อนามัยที่ 1","0","0","0","0","0","0","0.00"
"12280  :  โรงพยาบาลสวนปรุง","0","0","0","0","0","0","0.00"
"12281  :  โรงพยาบาลประสาทเชียงใหม่","0","0","0","0","0","0","0.00"
"13775  :  สถาบันพัฒนาการเด็กราชนครินทร์","0","0","0","0","0","0","0.00"
"13780  :  โรงพยาบาลมหาราชนครเชียงใหม่  มหาวิทยาลัยเชียงใหม่","0","0","0","0","0","0","0.00"
"13785  :  โรงพยาบาลธัญญารักษ์เชียงใหม่","0","0","0","0","0","0","0.00"
"14550  :  โรงพยาบาลทั่วไปขนาดใหญ่ เชียงใหม่ใกล้หมอ","0","0","0","0","0","0","0.00"
"14916  :  โรงพยาบาลทั่วไปขนาดกลางเชียงใหม่ฮอสพิทอล","0","0","0","0","0","0","0.00"
"23736  :  โรงพยาบาลวัดจันทร์ เฉลิมพระเกียรติ 80 พรรษา","0","0","0","0","0","0","0.00"
"10714  :  โรงพยาบาลลำพูน","0","0","0","0","0","0","0.00"
"11140  :  โรงพยาบาลแม่ทา","0","0","0","0","0","0","0.00"
"11141  :  โรงพยาบาลบ้านโฮ่ง","0","0","0","0","0","0","0.00"
"11142  :  โรงพยาบาลลี้","0","0","0","0","0","0","0.00"
"11143  :  โรงพยาบาลทุ่งหัวช้าง","0","0","0","0","0","0","0.00"
"11144  :  โรงพยาบาลป่าซาง","0","0","0","0","0","0","0.00"
"11145  :  โรงพยาบาลบ้านธิ","0","0","0","0","0","0","0.00"
"12000  :  โรงพยาบาลหริภุญชัยเมโมเรียล","0","0","0","0","0","0","0.00"
"14555  :  โรงพยาบาลทั่วไปขนาดกลางศิริเวช ลำพูน","0","0","0","0","0","0","0.00"
"24956  :  โรงพยาบาลเวียงหนองล่อง","0","0","0","0","0","0","0.00"
"10672  :  โรงพยาบาลลำปาง","0","0","0","0","0","0","0.00"
"11146  :  โรงพยาบาลแม่เมาะ","0","0","0","0","0","0","0.00"
"11147  :  โรงพยาบาลเกาะคา","0","0","0","0","0","0","0.00"
"11148  :  โรงพยาบาลเสริมงาม","0","0","0","0","0","0","0.00"
"11149  :  โรงพยาบาลงาว","0","0","0","0","0","0","0.00"
"11150  :  โรงพยาบาลแจ้ห่ม","0","0","0","0","0","0","0.00"
"11151  :  โรงพยาบาลวังเหนือ","0","0","0","0","0","0","0.00"
"11152  :  โรงพยาบาลเถิน","0","0","0","0","0","0","0.00"
"11153  :  โรงพยาบาลแม่พริก","0","0","0","0","0","0","0.00"
"11154  :  โรงพยาบาลแม่ทะ","0","0","0","0","0","0","0.00"
"11155  :  โรงพยาบาลสบปราบ","0","0","0","0","0","0","0.00"
"11156  :  โรงพยาบาลห้างฉัตร","0","0","0","0","0","0","0.00"
"11157  :  โรงพยาบาลเมืองปาน","0","0","0","0","0","0","0.00"
"11512  :  โรงพยาบาลค่ายสุรศักดิ์มนตรี","0","0","0","0","0","0","0.00"
"12283  :  โรงพยาบาลมะเร็งลำปาง","0","0","0","0","0","0","0.00"
"10673  :  โรงพยาบาลอุตรดิตถ์","18,226","2,522","462","18,688","20,748","0","0.00"
"11158  :  โรงพยาบาลตรอน","3,879","189","48","3,927","4,068","7,373","44.83"
"11159  :  โรงพยาบาลท่าปลา","6,928","787","24","6,952","7,715","8,269","6.70"
"11160  :  โรงพยาบาลน้ำปาด","5,063","258","26","5,089","5,321","6,146","13.42"
"11161  :  โรงพยาบาลฟากท่า","3,541","2,037","33","3,574","5,578","5,293","5.38"
"11162  :  โรงพยาบาลบ้านโคก","3,094","49","30","3,124","3,143","0","0.00"
"11163  :  โรงพยาบาลพิชัย","6,663","160","13","6,676","6,823","8,639","21.02"
"11164  :  โรงพยาบาลลับแล","5,831","745","64","5,895","6,576","4,841","35.84"
"11165  :  โรงพยาบาลทองแสนขัน","3,806","196","44","3,850","4,002","4,750","15.75"
"11509  :  โรงพยาบาลค่ายพิชัยดาบหัก","5,708","864","193","5,901","6,572","0","0.00"
"10715  :  โรงพยาบาลแพร่","0","0","0","0","0","0","0.00"
"11166  :  โรงพยาบาลร้องกวาง","0","0","0","0","0","0","0.00"
"11167  :  โรงพยาบาลลอง","0","0","0","0","0","0","0.00"
"11169  :  โรงพยาบาลสูงเม่น","0","0","0","0","0","0","0.00"
"11170  :  โรงพยาบาลสอง","0","0","0","0","0","0","0.00"
"11171  :  โรงพยาบาลวังชิ้น","0","0","0","0","0","0","0.00"
"11172  :  โรงพยาบาลหนองม่วงไข่","0","0","0","0","0","0","0.00"
"11452  :  โรงพยาบาลสมเด็จพระยุพราชเด่นชัย","0","0","0","0","0","0","0.00"
"10716  :  โรงพยาบาลน่าน","23,932","1,038","528","24,460","24,970","21,884","14.10"
"11173  :  โรงพยาบาลแม่จริม","2,342","784","66","2,408","3,126","3,544","11.79"
"11174  :  โรงพยาบาลบ้านหลวง","1,961","821","1","1,962","2,782","2,759","0.83"
"11175  :  โรงพยาบาลนาน้อย","4,311","1,836","55","4,366","6,147","6,309","2.57"
"11176  :  โรงพยาบาลท่าวังผา","3,221","1,074","34","3,255","4,295","5,334","19.48"
"11177  :  โรงพยาบาลเวียงสา","7,898","1,968","14","7,912","9,866","10,928","9.72"
"11178  :  โรงพยาบาลทุ่งช้าง","2,625","810","16","2,641","3,435","3,696","7.06"
"11179  :  โรงพยาบาลเชียงกลาง","2,956","1,224","12","2,968","4,180","4,814","13.17"
"11180  :  โรงพยาบาลนาหมื่น","2,811","732","25","2,836","3,543","4,650","23.81"
"11181  :  โรงพยาบาลสันติสุข","2,905","797","4","2,909","3,702","5,060","26.84"
"11182  :  โรงพยาบาลบ่อเกลือ","2,171","294","13","2,184","2,465","2,336","5.52"
"11183  :  โรงพยาบาลสองแคว","1,973","1,129","1","1,974","3,102","3,160","1.84"
"11453  :  โรงพยาบาลสมเด็จพระยุพราชปัว","2,447","1,495","45","2,492","3,942","5,871","32.86"
"11510  :  โรงพยาบาลค่ายสุริยพงษ์","1,705","22","122","1,827","1,727","0","0.00"
"11625  :  โรงพยาบาลเฉลิมพระเกียรติ","988","37","0","988","1,025","1,034","0.87"
"25017  :  โรงพยาบาลภูเพียง","0","0","0","0","0","0","0.00"
"10717  :  โรงพยาบาลพะเยา","30,923","8,948","70","30,993","39,871","15,389","159.09"
"10718  :  โรงพยาบาลเชียงคำ","16,250","3,945","205","16,455","20,195","0","0.00"
"11184  :  โรงพยาบาลจุน","4,634","848","22","4,656","5,482","8,573","36.06"
"11185  :  โรงพยาบาลเชียงม่วน","5,503","1,931","81","5,584","7,434","4,527","64.21"
"11186  :  โรงพยาบาลดอกคำใต้","4,936","700","14","4,950","5,636","5,758","2.12"
"11187  :  โรงพยาบาลปง","3,490","466","113","3,603","3,956","5,142","23.06"
"11188  :  โรงพยาบาลแม่ใจ","4,030","1,642","29","4,059","5,672","0","0.00"
"15140  :  โรงพยาบาลค่ายขุนเจืองธรรมิกราช","5,810","9","0","5,810","5,819","0","0.00"
"40744  :  โรงพยาบาลภูซาง","0","0","0","0","0","0","0.00"
"40745  :  โรงพยาบาลภูกามยาว","0","0","0","0","0","0","0.00"
"41347  :  โรงพยาบาลมหาวิทยาลัยพะเยา","0","0","0","0","0","0","0.00"
"10674  :  โรงพยาบาลเชียงรายประชานุเคราะห์","0","0","0","0","0","0","0.00"
"11189  :  โรงพยาบาลเทิง","0","0","0","0","0","0","0.00"
"11190  :  โรงพยาบาลพาน","0","0","0","0","0","0","0.00"
"11191  :  โรงพยาบาลป่าแดด","0","0","0","0","0","0","0.00"
"11192  :  โรงพยาบาลแม่จัน","0","0","0","0","0","0","0.00"
"11193  :  โรงพยาบาลเชียงแสน","0","0","0","0","0","0","0.00"
"11194  :  โรงพยาบาลแม่สาย","0","0","0","0","0","0","0.00"
"11195  :  โรงพยาบาลแม่สรวย","0","0","0","0","0","0","0.00"
"11196  :  โรงพยาบาลเวียงป่าเป้า","0","0","0","0","0","0","0.00"
"11197  :  โรงพยาบาลพญาเม็งราย","0","0","0","0","0","0","0.00"
"11198  :  โรงพยาบาลเวียงแก่น","0","0","0","0","0","0","0.00"
"11199  :  โรงพยาบาลขุนตาล","0","0","0","0","0","0","0.00"
"11200  :  โรงพยาบาลแม่ฟ้าหลวง","0","0","0","0","0","0","0.00"
"11201  :  โรงพยาบาลแม่ลาว","0","0","0","0","0","0","0.00"
"11202  :  โรงพยาบาลเวียงเชียงรุ้ง","0","0","0","0","0","0","0.00"
"11454  :  โรงพยาบาลสมเด็จพระยุพราชเชียงของ","0","0","0","0","0","0","0.00"
"15012  :  โรงพยาบาลสมเด็จพระญาณสังวร","0","0","0","0","0","0","0.00"
"23429  :  โรงพยาบาลมหาวิทยาลัยแม่ฟ้าหลวง","0","0","0","0","0","0","0.00"
"28823  :  โรงพยาบาลดอยหลวง","0","0","0","0","0","0","0.00"
"41509  :  โรงพยาบาลศูนย์การแพทย์มหาวิทยาลัยแม่ฟ้าหลวง","0","0","0","0","0","0","0.00"
"10719  :  โรงพยาบาลศรีสังวาลย์","0","0","0","0","0","0","0.00"
"11203  :  โรงพยาบาลขุนยวม","0","0","0","0","0","0","0.00"
"11204  :  โรงพยาบาลปาย","0","0","0","0","0","0","0.00"
"11205  :  โรงพยาบาลแม่สะเรียง","0","0","0","0","0","0","0.00"
"11206  :  โรงพยาบาลแม่ลาน้อย","0","0","0","0","0","0","0.00"
"11207  :  โรงพยาบาลสบเมย","0","0","0","0","0","0","0.00"
"11208  :  โรงพยาบาลปางมะผ้า","0","0","0","0","0","0","0.00"
"14197  :  โรงพยาบาลธัญญรักษ์แม่ฮ่องสอน","0","0","0","0","0","0","0.00"
"10675  :  โรงพยาบาลสวรรค์ประชารักษ์","0","0","0","0","0","0","0.00"
"11209  :  โรงพยาบาลโกรกพระ","0","0","0","0","0","0","0.00"
"11210  :  โรงพยาบาลชุมแสง","0","0","0","0","0","0","0.00"
"11211  :  โรงพยาบาลหนองบัว","0","0","0","0","0","0","0.00"
"11212  :  โรงพยาบาลบรรพตพิสัย","0","0","0","0","0","0","0.00"
"11213  :  โรงพยาบาลเก้าเลี้ยว","0","0","0","0","0","0","0.00"
"11214  :  โรงพยาบาลตาคลี","0","0","0","0","0","0","0.00"
"11215  :  โรงพยาบาลท่าตะโก","0","0","0","0","0","0","0.00"
"11216  :  โรงพยาบาลไพศาลี","0","0","0","0","0","0","0.00"
"11217  :  โรงพยาบาลพยุหะคีรี","0","0","0","0","0","0","0.00"
"11218  :  โรงพยาบาลลาดยาว","0","0","0","0","0","0","0.00"
"11219  :  โรงพยาบาลตากฟ้า","0","0","0","0","0","0","0.00"
"11220  :  โรงพยาบาลแม่วงก์","0","0","0","0","0","0","0.00"
"11513  :  โรงพยาบาลค่ายจิรประวัติ","0","0","0","0","0","0","0.00"
"12030  :  โรงพยาบาลพริ้นซ์ ปากน้ำโพ 1 โรงพยาบาลทั่วไปขนาดใหญ่","0","0","0","0","0","0","0.00"
"12033  :  โรงพยาบาลรวมแพทย์นครสวรรค์","0","0","0","0","0","0","0.00"
"12034  :  โรงพยาบาลพริ้นซ์ ปากน้ำโพ 2 โรงพยาบาลทั่วไปขนาดใหญ่","0","0","0","0","0","0","0.00"
"12042  :  โรงพยาบาลร่มฉัตร","0","0","0","0","0","0","0.00"
"12044  :  โรงพยาบาลศรีสวรรค์","0","0","0","0","0","0","0.00"
"12284  :  โรงพยาบาลส่งเสริมสุขภาพ ศูนย์อนามัยที่ 3","0","0","0","0","0","0","0.00"
"14171  :  โรงพยาบาลจิตเวชนครสวรรค์ราชนครินทร์","0","0","0","0","0","0","0.00"
"40749  :  โรงพยาบาลชุมตาบง","0","0","0","0","0","0","0.00"
"10720  :  โรงพยาบาลอุทัยธานี","704","293","427","1,131","997","0","0.00"
"11221  :  โรงพยาบาลทัพทัน","3,875","605","92","3,967","4,480","4,372","2.47"
"11222  :  โรงพยาบาลสว่างอารมณ์","3,314","1,184","67","3,381","4,498","4,898","8.17"
"11223  :  โรงพยาบาลหนองฉาง","3,324","1,392","120","3,444","4,716","4,942","4.57"
"11224  :  โรงพยาบาลหนองขาหย่าง","1,837","726","31","1,868","2,563","2,782","7.87"
"11225  :  โรงพยาบาลบ้านไร่","7,651","1,471","78","7,729","9,122","9,595","4.93"
"11226  :  โรงพยาบาลลานสัก","6,902","2,875","25","6,927","9,777","10,211","4.25"
"11227  :  โรงพยาบาลห้วยคต","5,034","767","104","5,138","5,801","6,258","7.30"
"10721  :  โรงพยาบาลกำแพงเพชร","3,361","150","71","3,432","3,511","29,117","87.94"
"11228  :  โรงพยาบาลทุ่งโพธิ์ทะเล","9,171","3,947","212","9,383","13,118","11,223","16.88"
"11229  :  โรงพยาบาลไทรงาม","6,371","3,788","70","6,441","10,159","9,400","8.07"
"11230  :  โรงพยาบาลคลองลาน","12,173","595","140","12,313","12,768","16,425","22.26"
"11231  :  โรงพยาบาลขาณุวรลักษบุรี","4,637","944","54","4,691","5,581","9,360","40.37"
"11232  :  โรงพยาบาลคลองขลุง","6,059","741","193","6,252","6,800","7,624","10.81"
"11233  :  โรงพยาบาลพรานกระต่าย","8,595","1,173","142","8,737","9,768","1,782","448.15"
"11234  :  โรงพยาบาลลานกระบือ","8,074","119","762","8,836","8,193","8,008","2.31"
"11235  :  โรงพยาบาลทรายทองวัฒนา","4,125","929","5","4,130","5,054","7,280","30.58"
"11236  :  โรงพยาบาลปางศิลาทอง","6,190","490","41","6,231","6,680","4,634","44.15"
"14135  :  โรงพยาบาลบึงสามัคคี","5,583","2,788","7","5,590","8,371","7,314","14.45"
"28010  :  โรงพยาบาลโกสัมพีนคร","3,174","480","28","3,202","3,654","3,248","12.50"
"10722  :  โรงพยาบาลสมเด็จพระเจ้าตากสินมหาราช","11,983","4,342","1,631","13,614","16,325","0","0.00"
"10723  :  โรงพยาบาลแม่สอด","6,535","1,534","277","6,812","8,069","0","0.00"
"11238  :  โรงพยาบาลบ้านตาก","6,105","2,485","34","6,139","8,590","0","0.00"
"11239  :  โรงพยาบาลสามเงา","0","0","0","0","0","0","0.00"
"11240  :  โรงพยาบาลแม่ระมาด","6,439","2,159","899","7,338","8,598","0","0.00"
"11241  :  โรงพยาบาลท่าสองยาง","6,243","556","185","6,428","6,799","0","0.00"
"11242  :  โรงพยาบาลพบพระ","7,443","1,004","73","7,516","8,447","11,687","27.72"
"11243  :  โรงพยาบาลอุ้มผาง","0","0","0","0","0","0","0.00"
"27443  :  โรงพยาบาลวังเจ้า","1,015","470","37","1,052","1,485","0","0.00"
"10724  :  โรงพยาบาลสุโขทัย","1,468","228","2","1,470","1,696","0","0.00"
"10725  :  โรงพยาบาลศรีสังวรสุโขทัย","2,271","1,113","112","2,383","3,384","3,677","7.97"
"11244  :  โรงพยาบาลบ้านด่านลานหอย","5,361","2,851","16","5,377","8,212","7,752","5.93"
"11245  :  โรงพยาบาลคีรีมาศ","5,022","1,745","82","5,104","6,767","6,921","2.23"
"11246  :  โรงพยาบาลกงไกรลาศ","0","0","0","0","0","0","0.00"
"11247  :  โรงพยาบาลศรีสัชนาลัย","5,676","4,761","221","5,897","10,437","8,831","18.19"
"11248  :  โรงพยาบาลสวรรคโลก","5,250","1,093","34","5,284","6,343","7,853","19.23"
"11249  :  โรงพยาบาลศรีนคร","3,618","110","241","3,859","3,728","6,219","40.05"
"11250  :  โรงพยาบาลทุ่งเสลี่ยม","9,931","4,167","226","10,157","14,098","14,237","0.98"
"10676  :  โรงพยาบาลพุทธชินราช","0","0","0","0","0","0","0.00"
"11251  :  โรงพยาบาลชาติตระการ","0","0","0","0","0","0","0.00"
"11252  :  โรงพยาบาลบางระกำ","0","0","0","0","0","0","0.00"
"11253  :  โรงพยาบาลบางกระทุ่ม","0","0","0","0","0","0","0.00"
"11254  :  โรงพยาบาลพรหมพิราม","0","0","0","0","0","0","0.00"
"11255  :  โรงพยาบาลวัดโบสถ์","0","0","0","0","0","0","0.00"
"11256  :  โรงพยาบาลวังทอง","0","0","0","0","0","0","0.00"
"11257  :  โรงพยาบาลเนินมะปราง","0","0","0","0","0","0","0.00"
"11455  :  โรงพยาบาลสมเด็จพระยุพราชนครไทย","0","0","0","0","0","0","0.00"
"11517  :  โรงพยาบาลค่ายสมเด็จพระนเรศวร","0","0","0","0","0","0","0.00"
"14972  :  โรงพยาบาลมหาวิทยาลัยนเรศวร","0","0","0","0","0","0","0.00"
"41429  :  โรงพยาบาลจิตเวชพิษณุโลก","0","0","0","0","0","0","0.00"
"10726  :  โรงพยาบาลพิจิตร","0","0","0","0","0","0","0.00"
"11258  :  โรงพยาบาลวังทรายพูน","0","0","0","0","0","0","0.00"
"11259  :  โรงพยาบาลโพธิ์ประทับช้าง","0","0","0","0","0","0","0.00"
"11260  :  โรงพยาบาลบางมูลนาก","0","0","0","0","0","0","0.00"
"11261  :  โรงพยาบาลโพทะเล","0","0","0","0","0","0","0.00"
"11262  :  โรงพยาบาลสามง่าม","0","0","0","0","0","0","0.00"
"11263  :  โรงพยาบาลทับคล้อ","0","0","0","0","0","0","0.00"
"11456  :  โรงพยาบาลสมเด็จพระยุพราชตะพานหิน","0","0","0","0","0","0","0.00"
"11631  :  โรงพยาบาลวชิรบารมี","0","0","0","0","0","0","0.00"
"27978  :  โรงพยาบาลสากเหล็ก","0","0","0","0","0","0","0.00"
"27979  :  โรงพยาบาลบึงนาราง","0","0","0","0","0","0","0.00"
"27980  :  โรงพยาบาลดงเจริญ","0","0","0","0","0","0","0.00"
"10727  :  โรงพยาบาลเพชรบูรณ์","0","0","0","0","0","0","0.00"
"11264  :  โรงพยาบาลชนแดน","0","0","0","0","0","0","0.00"
"11265  :  โรงพยาบาลหล่มสัก","0","0","0","0","0","0","0.00"
"11266  :  โรงพยาบาลวิเชียรบุรี","0","0","0","0","0","0","0.00"
"11267  :  โรงพยาบาลศรีเทพ","0","0","0","0","0","0","0.00"
"11268  :  โรงพยาบาลหนองไผ่","0","0","0","0","0","0","0.00"
"11269  :  โรงพยาบาลบึงสามพัน","0","0","0","0","0","0","0.00"
"11270  :  โรงพยาบาลน้ำหนาว","0","0","0","0","0","0","0.00"
"11271  :  โรงพยาบาลวังโป่ง","0","0","0","0","0","0","0.00"
"11272  :  โรงพยาบาลเขาค้อ","0","0","0","0","0","0","0.00"
"11457  :  โรงพยาบาลสมเด็จพระยุพราชหล่มเก่า","0","0","0","0","0","0","0.00"
"11946  :  โรงพยาบาลค่ายพ่อขุนผาเมือง","0","0","0","0","0","0","0.00"
"10677  :  โรงพยาบาลราชบุรี","0","0","0","0","0","0","0.00"
"10728  :  โรงพยาบาลดำเนินสะดวก","0","0","0","0","0","0","0.00"
"10729  :  โรงพยาบาลบ้านโป่ง","0","0","0","0","0","0","0.00"
"10730  :  โรงพยาบาลโพธาราม","0","0","0","0","0","0","0.00"
"11273  :  โรงพยาบาลสวนผึ้ง","0","0","0","0","0","0","0.00"
"11274  :  โรงพยาบาลบางแพ","0","0","0","0","0","0","0.00"
"11275  :  โรงพยาบาลเจ็ดเสมียน","0","0","0","0","0","0","0.00"
"11276  :  โรงพยาบาลปากท่อ","0","0","0","0","0","0","0.00"
"11277  :  โรงพยาบาลวัดเพลง","0","0","0","0","0","0","0.00"
"11458  :  โรงพยาบาลสมเด็จพระยุพราชจอมบึง","0","0","0","0","0","0","0.00"
"11519  :  โรงพยาบาลค่ายภาณุรังษี","0","0","0","0","0","0","0.00"
"12093  :  สถานพยาบาลแพทย์ประดิษฐ์","0","0","0","0","0","0","0.00"
"12097  :  มหาชัยพร้อมแพทย์โรงพยาบาลทั่วไปขนาดกลาง","0","0","0","0","0","0","0.00"
"12098  :  โรงพยาบาลกรุงเทพเมืองราชโรงพยาบาลทั่วไปขนาดใหญ่","0","0","0","0","0","0","0.00"
"12103  :  โรงพยาบาลซานคามิลโล","0","0","0","0","0","0","0.00"
"12286  :  โรงพยาบาลส่งเสริมสุขภาพ ศูนย์อนามัยที่ 5","0","0","0","0","0","0","0.00"
"28858  :  โรงพยาบาลบ้านคา","0","0","0","0","0","0","0.00"
"10731  :  โรงพยาบาลพหลพลพยุหเสนา","9,296","652","722","10,018","9,948","6,417","55.03"
"10732  :  โรงพยาบาลมะการักษ์","11,248","3,530","434","11,682","14,778","16,165","8.58"
"11278  :  โรงพยาบาลไทรโยค","6,381","1,753","275","6,656","8,134","6,611","23.04"
"11279  :  โรงพยาบาลสมเด็จพระปิยมหาราชรมณียเขต","825","554","720","1,545","1,379","1,619","14.82"
"11280  :  โรงพยาบาลบ่อพลอย","11,129","2,578","430","11,559","13,707","14,774","7.22"
"11281  :  โรงพยาบาลท่ากระดาน","2,364","639","75","2,439","3,003","3,208","6.39"
"11282  :  โรงพยาบาลสมเด็จพระสังฆราชองค์ที่ ๑๙","13,332","3,113","1,292","14,624","16,445","18,992","13.41"
"11283  :  โรงพยาบาลทองผาภูมิ","5,607","1,767","3,529","9,136","7,374","11,086","33.48"
"11284  :  โรงพยาบาลสังขละบุรี","6,145","1,187","2,178","8,323","7,332","16,405","55.31"
"11285  :  โรงพยาบาลเจ้าคุณไพบูลย์พนมทวน","5,191","2,485","976","6,167","7,676","7,665","0.14"
"11286  :  โรงพยาบาลเลาขวัญ","4,091","1,691","267","4,358","5,782","6,173","6.33"
"11287  :  โรงพยาบาลด่านมะขามเตี้ย","21,003","7,251","1,494","22,497","28,254","28,117","0.49"
"11288  :  โรงพยาบาลสถานพระบารมี","19,228","8,761","614","19,842","27,989","28,889","3.12"
"11520  :  โรงพยาบาลค่ายสุรสีห์","20,850","1,237","385","21,235","22,087","18,125","21.86"
"14136  :  โรงพยาบาลศุกร์ศิริศรีสวัสดิ์","1,588","696","100","1,688","2,284","2,924","21.89"
"21948  :  โรงพยาบาลห้วยกระเจา เฉลิมพระเกียรติ 80 พรรษา","4,626","1,644","54","4,680","6,270","6,004","4.43"
"41701  :  โรงพยาบาลหนองปรือ","0","0","0","0","0","0","0.00"
"10678  :  โรงพยาบาลเจ้าพระยายมราช","0","0","0","0","0","0","0.00"
"10733  :  โรงพยาบาลสมเด็จพระสังฆราชองค์ที่17","0","0","0","0","0","0","0.00"
"11289  :  โรงพยาบาลเดิมบางนางบวช","0","0","0","0","0","0","0.00"
"11290  :  โรงพยาบาลด่านช้าง","0","0","0","0","0","0","0.00"
"11291  :  โรงพยาบาลบางปลาม้า","0","0","0","0","0","0","0.00"
"11292  :  โรงพยาบาลศรีประจันต์","0","0","0","0","0","0","0.00"
"11293  :  โรงพยาบาลดอนเจดีย์","0","0","0","0","0","0","0.00"
"11294  :  โรงพยาบาลสามชุก","0","0","0","0","0","0","0.00"
"11295  :  โรงพยาบาลอู่ทอง","0","0","0","0","0","0","0.00"
"11296  :  โรงพยาบาลหนองหญ้าไซ","0","0","0","0","0","0","0.00"
"12123  :  โรงพยาบาลวิภาวดี-ปิยราษฎร์","0","0","0","0","0","0","0.00"
"10679  :  โรงพยาบาลนครปฐม","0","0","0","0","0","0","0.00"
"11297  :  โรงพยาบาลกำแพงแสน","0","0","0","0","0","0","0.00"
"11298  :  โรงพยาบาลนครชัยศรี","0","0","0","0","0","0","0.00"
"11299  :  โรงพยาบาลห้วยพลู","0","0","0","0","0","0","0.00"
"11300  :  โรงพยาบาลดอนตูม","0","0","0","0","0","0","0.00"
"11301  :  โรงพยาบาลบางเลน","0","0","0","0","0","0","0.00"
"11302  :  โรงพยาบาลสามพราน","0","0","0","0","0","0","0.00"
"11303  :  โรงพยาบาลพุทธมณฑล","0","0","0","0","0","0","0.00"
"11473  :  โรงพยาบาลเมตตาประชารักษ์(วัดไร่ขิง)","0","0","0","0","0","0","0.00"
"11521  :  โรงพยาบาลจันทรุเบกษา","0","0","0","0","0","0","0.00"
"13819  :  โรงพยาบาลหลวงพ่อเปิ่น","0","0","0","0","0","0","0.00"
"10734  :  โรงพยาบาลสมุทรสาคร","62,046","96","8","62,054","62,142","57,281","8.49"
"11304  :  โรงพยาบาลกระทุ่มแบน","0","0","0","0","0","0","0.00"
"11305  :  โรงพยาบาลบ้านแพ้ว","27,087","0","0","27,087","27,087","13,870","95.29"
"12137  :  โรงพยาบาลทั่วไปขนาดเล็กเจษฎา","626","4","5","631","630","0","0.00"
"10735  :  โรงพยาบาลสมเด็จพระพุทธเลิศหล้า","0","0","0","0","0","0","0.00"
"11306  :  โรงพยาบาลนภาลัย","0","0","0","0","0","0","0.00"
"11307  :  โรงพยาบาลอัมพวา","0","0","0","0","0","0","0.00"
"10736  :  โรงพยาบาลพระจอมเกล้า","0","0","0","0","0","0","0.00"
"11308  :  โรงพยาบาลเขาย้อย","0","0","0","0","0","0","0.00"
"11309  :  โรงพยาบาลหนองหญ้าปล้อง","0","0","0","0","0","0","0.00"
"11310  :  โรงพยาบาลชะอำ","0","0","0","0","0","0","0.00"
"11311  :  โรงพยาบาลท่ายาง","0","0","0","0","0","0","0.00"
"11312  :  โรงพยาบาลบ้านลาด","0","0","0","0","0","0","0.00"
"11313  :  โรงพยาบาลบ้านแหลม","0","0","0","0","0","0","0.00"
"11314  :  โรงพยาบาลแก่งกระจาน","0","0","0","0","0","0","0.00"
"10737  :  โรงพยาบาลประจวบคีรีขันธ์","0","0","0","0","0","0","0.00"
"11315  :  โรงพยาบาลกุยบุรี","5,224","1,877","172","5,396","7,101","5,975","18.85"
"11316  :  โรงพยาบาลทับสะแก","5,023","1,876","47","5,070","6,899","7,334","5.93"
"11317  :  โรงพยาบาลบางสะพาน","5,505","180","699","6,204","5,685","7,439","23.58"
"11318  :  โรงพยาบาลบางสะพานน้อย","0","0","0","0","0","0","0.00"
"11319  :  โรงพยาบาลปราณบุรี","0","0","0","0","0","0","0.00"
"11320  :  โรงพยาบาลหัวหิน","0","0","0","0","0","0","0.00"
"11321  :  โรงพยาบาลสามร้อยยอด","8,475","955","295","8,770","9,430","9,942","5.15"
"11500  :  โรงพยาบาลกองบิน 5","0","0","0","0","0","0","0.00"
"11522  :  โรงพยาบาลค่ายธนะรัชต์","0","0","0","0","0","10,542","100.00"
"12471  :  สถานีกาชาดหัวหินเฉลิมพระเกียรติ","5,320","1,806","736","6,056","7,126","0","0.00"
"10680  :  โรงพยาบาลมหาราชนครศรีธรรมราช","0","0","0","0","0","0","0.00"
"11322  :  โรงพยาบาลพรหมคีรี","0","0","0","0","0","0","0.00"
"11324  :  โรงพยาบาลลานสะกา","0","0","0","0","0","0","0.00"
"11325  :  โรงพยาบาลสมเด็จพระยุพราชฉวาง","0","0","0","0","0","0","0.00"
"11326  :  โรงพยาบาลพิปูน","0","0","0","0","0","0","0.00"
"11327  :  โรงพยาบาลเชียรใหญ่","0","0","0","0","0","0","0.00"
"11328  :  โรงพยาบาลชะอวด","0","0","0","0","0","0","0.00"
"11329  :  โรงพยาบาลท่าศาลา","0","0","0","0","0","0","0.00"
"11330  :  โรงพยาบาลทุ่งสง","0","0","0","0","0","0","0.00"
"11331  :  โรงพยาบาลนาบอน","0","0","0","0","0","0","0.00"
"11332  :  โรงพยาบาลทุ่งใหญ่","0","0","0","0","0","0","0.00"
"11333  :  โรงพยาบาลปากพนัง","0","0","0","0","0","0","0.00"
"11334  :  โรงพยาบาลร่อนพิบูลย์","0","0","0","0","0","0","0.00"
"11335  :  โรงพยาบาลสิชล","0","0","0","0","0","0","0.00"
"11336  :  โรงพยาบาลขนอม","0","0","0","0","0","0","0.00"
"11337  :  โรงพยาบาลหัวไทร","0","0","0","0","0","0","0.00"
"11338  :  โรงพยาบาลบางขัน","0","0","0","0","0","0","0.00"
"11339  :  โรงพยาบาลถ้ำพรรณรา","0","0","0","0","0","0","0.00"
"11523  :  โรงพยาบาลค่ายวชิราวุธ","0","0","0","0","0","0","0.00"
"11660  :  โรงพยาบาลจุฬาภรณ์","0","0","0","0","0","0","0.00"
"12287  :  โรงพยาบาลส่งเสริมสุขภาพ ศูนย์อนามัยที่ 11","0","0","0","0","0","0","0.00"
"12472  :  สถานีกาชาดสิริธร (สถานีกาชาดที่ 12 ทุ่งสง)","0","0","0","0","0","0","0.00"
"14918  :  โรงพยาบาลค่ายเทพสตรีศรีสุนทร","0","0","0","0","0","0","0.00"
"21771  :  โรงพยาบาลเทศบาลนครนครศรีธรรมราช","0","0","0","0","0","0","0.00"
"40491  :  โรงพยาบาลเฉลิมพระเกียรติ","0","0","0","0","0","0","0.00"
"40492  :  โรงพยาบาลพ่อท่านคล้ายวาจาสิทธิ์","0","0","0","0","0","0","0.00"
"40742  :  โรงพยาบาลนบพิตำ","0","0","0","0","0","0","0.00"
"40743  :  โรงพยาบาลพระพรหม","0","0","0","0","0","0","0.00"
"40970  :  โรงพยาบาลศูนย์การแพทย์มหาวิทยาลัยวลัยลักษณ์","0","0","0","0","0","0","0.00"
"10738  :  โรงพยาบาลกระบี่","0","0","0","0","0","0","0.00"
"11340  :  โรงพยาบาลเขาพนม","0","0","0","0","0","0","0.00"
"11341  :  โรงพยาบาลเกาะลันตา","0","0","0","0","0","0","0.00"
"11342  :  โรงพยาบาลคลองท่อม","0","0","0","0","0","0","0.00"
"11343  :  โรงพยาบาลอ่าวลึก","0","0","0","0","0","0","0.00"
"11344  :  โรงพยาบาลปลายพระยา","0","0","0","0","0","0","0.00"
"11345  :  โรงพยาบาลลำทับ","0","0","0","0","0","0","0.00"
"11346  :  โรงพยาบาลเหนือคลอง","0","0","0","0","0","0","0.00"
"77753  :  โรงพยาบาลเกาะพีพี","0","0","0","0","0","0","0.00"
"10739  :  โรงพยาบาลพังงา","0","0","0","0","0","0","0.00"
"10740  :  โรงพยาบาลตะกั่วป่า","0","0","0","0","0","0","0.00"
"11347  :  โรงพยาบาลเกาะยาวชัยพัฒน์","0","0","0","0","0","0","0.00"
"11348  :  โรงพยาบาลกะปงชัยพัฒน์","0","0","0","0","0","0","0.00"
"11349  :  โรงพยาบาลตะกั่วทุ่ง","0","0","0","0","0","0","0.00"
"11350  :  โรงพยาบาลบางไทร","0","0","0","0","0","0","0.00"
"11352  :  โรงพยาบาลคุระบุรีชัยพัฒน์","0","0","0","0","0","0","0.00"
"11353  :  โรงพยาบาลทับปุด","0","0","0","0","0","0","0.00"
"11354  :  โรงพยาบาลท้ายเหมืองชัยพัฒน์","0","0","0","0","0","0","0.00"
"10741  :  โรงพยาบาลวชิระภูเก็ต","27,019","2,948","9,089","36,108","29,967","54,041","44.55"
"11355  :  โรงพยาบาลป่าตอง","15,451","2,242","7,063","22,514","17,693","19,984","11.46"
"11356  :  โรงพยาบาลถลาง","5,596","1,124","43","5,639","6,720","0","0.00"
"24678  :  โรงพยาบาลองค์การบริหารส่วนจังหวัดภูเก็ต","9,018","13","64","9,082","9,031","9,038","0.08"
"41436  :  โรงพยาบาลฉลอง","0","0","0","0","0","0","0.00"
"09192  :  โรงพยาบาลเกาะเต่า","0","0","0","0","0","0","0.00"
"10681  :  โรงพยาบาลสุราษฎร์ธานี","0","0","0","0","0","0","0.00"
"10742  :  โรงพยาบาลเกาะสมุย","0","0","0","0","0","0","0.00"
"11357  :  โรงพยาบาลกาญจนดิษฐ์","0","0","0","0","0","0","0.00"
"11358  :  โรงพยาบาลดอนสัก","0","0","0","0","0","0","0.00"
"11359  :  โรงพยาบาลเกาะพงัน","0","0","0","0","0","0","0.00"
"11360  :  โรงพยาบาลไชยา","0","0","0","0","0","0","0.00"
"11361  :  โรงพยาบาลท่าชนะ","0","0","0","0","0","0","0.00"
"11362  :  โรงพยาบาลคีรีรัฐนิคม","0","0","0","0","0","0","0.00"
"11363  :  โรงพยาบาลบ้านตาขุน","0","0","0","0","0","0","0.00"
"11364  :  โรงพยาบาลพนม","0","0","0","0","0","0","0.00"
"11365  :  โรงพยาบาลท่าฉาง","0","0","0","0","0","0","0.00"
"11366  :  โรงพยาบาลบ้านนาสาร","0","0","0","0","0","0","0.00"
"11367  :  โรงพยาบาลบ้านนาเดิม","0","0","0","0","0","0","0.00"
"11368  :  โรงพยาบาลเคียนซา","0","0","0","0","0","0","0.00"
"11369  :  โรงพยาบาลพระแสง","0","0","0","0","0","0","0.00"
"11370  :  โรงพยาบาลพุนพิน","0","0","0","0","0","0","0.00"
"11371  :  โรงพยาบาลชัยบุรี","0","0","0","0","0","0","0.00"
"11459  :  โรงพยาบาลสมเด็จพระยุพราชเวียงสระ","0","0","0","0","0","0","0.00"
"11654  :  โรงพยาบาลวิภาวดี","0","0","0","0","0","0","0.00"
"12289  :  โรงพยาบาลสวนสราญรมย์","0","0","0","0","0","0","0.00"
"14138  :  โรงพยาบาลท่าโรงช้าง","0","0","0","0","0","0","0.00"
"14203  :  โรงพยาบาลมะเร็งสุราษฎร์ธานี","0","0","0","0","0","0","0.00"
"14862  :  โรงพยาบาลกองบิน7","0","0","0","0","0","0","0.00"
"14901  :  โรงพยาบาลค่ายวิภาวดีรังสิต","0","0","0","0","0","0","0.00"
"40915  :  สถาบันสุขภาพจิตเด็กและวัยรุ่นภาคใต้","0","0","0","0","0","0","0.00"
"10743  :  โรงพยาบาลระนอง","11,850","4,753","1,436","13,286","16,603","0","0.00"
"11323  :  โรงพยาบาลละอุ่น","650","50","86","736","700","982","28.72"
"11372  :  โรงพยาบาลกะเปอร์","5,273","1,334","226","5,499","6,607","7,319","9.73"
"11373  :  โรงพยาบาลกระบุรี","4,592","2,004","576","5,168","6,596","7,536","12.47"
"11374  :  โรงพยาบาลสุขสำราญ","4,712","669","390","5,102","5,381","3,693","45.71"
"10744  :  โรงพยาบาลชุมพรเขตรอุดมศักดิ์","0","0","0","0","0","0","0.00"
"11375  :  โรงพยาบาลปากน้ำชุมพร","9,472","1,249","471","9,943","10,721","13,643","21.42"
"11376  :  โรงพยาบาลท่าแซะ","4,247","0","26","4,273","4,247","3,250","30.68"
"11377  :  โรงพยาบาลปะทิว","2,062","10","80","2,142","2,072","2,872","27.86"
"11378  :  โรงพยาบาลมาบอำมฤต","9,972","376","1,702","11,674","10,348","9,794","5.66"
"11379  :  โรงพยาบาลหลังสวน","4,959","14","79","5,038","4,973","8,187","39.26"
"11380  :  โรงพยาบาลปากน้ำหลังสวน","5,454","935","20","5,474","6,389","6,753","5.39"
"11381  :  โรงพยาบาลละแม","5,736","1,631","1,255","6,991","7,367","8,494","13.27"
"11382  :  โรงพยาบาลพะโต๊ะ","7,901","179","1,175","9,076","8,080","8,861","8.81"
"11383  :  โรงพยาบาลสวี","6,091","128","453","6,544","6,219","7,919","21.47"
"11385  :  โรงพยาบาลทุ่งตะโก","2,829","311","23","2,852","3,140","5,911","46.88"
"11525  :  โรงพยาบาลค่ายเขตอุดมศักดิ์","4,193","1,412","192","4,385","5,605","2,719","106.14"
"10682  :  โรงพยาบาลหาดใหญ่","0","0","0","0","0","0","0.00"
"10745  :  โรงพยาบาลสงขลา","0","0","0","0","0","0","0.00"
"11386  :  โรงพยาบาลสทิงพระ","2,433","344","81","2,514","2,777","270","928.52"
"11387  :  โรงพยาบาลจะนะ","0","0","0","0","0","0","0.00"
"11388  :  โรงพยาบาลสมเด็จพระบรมราชินีนาถ ณ  อำเภอนาทวี","0","0","0","0","0","0","0.00"
"11390  :  โรงพยาบาลเทพา","0","0","0","0","0","0","0.00"
"11391  :  โรงพยาบาลสะบ้าย้อย","4,577","59","140","4,717","4,636","0","0.00"
"11392  :  โรงพยาบาลระโนด","15,602","921","367","15,969","16,523","0","0.00"
"11393  :  โรงพยาบาลกระแสสินธุ์","3,616","875","171","3,787","4,491","0","0.00"
"11394  :  โรงพยาบาลรัตภูมิ","2,561","47","243","2,804","2,608","0","0.00"
"11395  :  โรงพยาบาลสะเดา","1,746","3","303","2,049","1,749","20,836","91.61"
"11396  :  โรงพยาบาลนาหม่อม","4,069","340","219","4,288","4,409","0","0.00"
"11397  :  โรงพยาบาลควนเนียง","4,270","750","184","4,454","5,020","0","0.00"
"11398  :  โรงพยาบาลปาดังเบซาร์","19,835","789","619","20,454","20,624","0","0.00"
"11399  :  โรงพยาบาลบางกล่ำ","766","0","8","774","766","0","0.00"
"11400  :  โรงพยาบาลสิงหนคร","0","0","0","0","0","0","0.00"
"11401  :  โรงพยาบาลคลองหอยโข่ง","2,458","582","141","2,599","3,040","0","0.00"
"12290  :  โรงพยาบาลจิตเวชสงขลาราชนครินทร์","0","0","0","0","0","0","0.00"
"14194  :  โรงพยาบาลธัญญารักษ์สงขลา","0","0","0","0","0","0","0.00"
"10746  :  โรงพยาบาลสตูล","0","0","0","0","0","0","0.00"
"11402  :  โรงพยาบาลควนโดน","0","0","0","0","0","0","0.00"
"11403  :  โรงพยาบาลควนกาหลง","0","0","0","0","0","0","0.00"
"11404  :  โรงพยาบาลท่าแพ","0","0","0","0","0","0","0.00"
"11405  :  โรงพยาบาลละงู","0","0","0","0","0","0","0.00"
"11406  :  โรงพยาบาลทุ่งหว้า","0","0","0","0","0","0","0.00"
"28786  :  โรงพยาบาลมะนัง","0","0","0","0","0","0","0.00"
"10683  :  โรงพยาบาลตรัง","0","0","0","0","0","0","0.00"
"11407  :  โรงพยาบาลกันตัง","0","0","0","0","0","0","0.00"
"11408  :  โรงพยาบาลย่านตาขาว","0","0","0","0","0","0","0.00"
"11409  :  โรงพยาบาลปะเหลียน","0","0","0","0","0","0","0.00"
"11410  :  โรงพยาบาลสิเกา","0","0","0","0","0","0","0.00"
"11411  :  โรงพยาบาลห้วยยอด","0","0","0","0","0","0","0.00"
"11412  :  โรงพยาบาลวังวิเศษ","0","0","0","0","0","0","0.00"
"11413  :  โรงพยาบาลนาโยง","0","0","0","0","0","0","0.00"
"12226  :  โรงพยาบาลวัฒนแพทย์","0","0","0","0","0","0","0.00"
"12230  :  โรงพยาบาล ทีอาร์พีเอช โรงพยาบาลทั่วไปขนาดใหญ่","0","0","0","0","0","0","0.00"
"13755  :  โรงพยาบาลโรคผิวหนังเขตร้อนภาคใต้ จังหวัดตรัง","0","0","0","0","0","0","0.00"
"14139  :  โรงพยาบาลรัษฎา","0","0","0","0","0","0","0.00"
"28817  :  โรงพยาบาลหาดสำราญเฉลิมพระเกียรติ 80 พรรษา","0","0","0","0","0","0","0.00"
"10747  :  โรงพยาบาลพัทลุง","0","0","0","0","0","0","0.00"
"11414  :  โรงพยาบาลกงหรา","0","0","0","0","0","0","0.00"
"11415  :  โรงพยาบาลเขาชัยสน","0","0","0","0","0","0","0.00"
"11416  :  โรงพยาบาลตะโหมด","0","0","0","0","0","0","0.00"
"11417  :  โรงพยาบาลควนขนุน","0","0","0","0","0","0","0.00"
"11418  :  โรงพยาบาลปากพะยูน","0","0","0","0","0","0","0.00"
"11419  :  โรงพยาบาลศรีบรรพต","0","0","0","0","0","0","0.00"
"11420  :  โรงพยาบาลป่าบอน","0","0","0","0","0","0","0.00"
"11421  :  โรงพยาบาลบางแก้ว","0","0","0","0","0","0","0.00"
"11422  :  โรงพยาบาลป่าพะยอม","0","0","0","0","0","0","0.00"
"24673  :  โรงพยาบาลศรีนครินทร์(ปัญญานันทภิขุ)","0","0","0","0","0","0","0.00"
"10748  :  โรงพยาบาลปัตตานี","0","0","0","0","0","0","0.00"
"11423  :  โรงพยาบาลโคกโพธิ์","0","0","0","0","0","0","0.00"
"11424  :  โรงพยาบาลหนองจิก","0","0","0","0","0","0","0.00"
"11425  :  โรงพยาบาลปะนาเระ","0","0","0","0","0","0","0.00"
"11426  :  โรงพยาบาลมายอ","0","0","0","0","0","0","0.00"
"11427  :  โรงพยาบาลทุ่งยางแดง","0","0","0","0","0","0","0.00"
"11428  :  โรงพยาบาลไม้แก่น","0","0","0","0","0","0","0.00"
"11429  :  โรงพยาบาลยะหริ่ง","0","0","0","0","0","0","0.00"
"11430  :  โรงพยาบาลยะรัง","0","0","0","0","0","0","0.00"
"11431  :  โรงพยาบาลแม่ลาน","0","0","0","0","0","0","0.00"
"11460  :  โรงพยาบาลสมเด็จพระยุพราชสายบุรี","0","0","0","0","0","0","0.00"
"11464  :  โรงพยาบาลกะพ้อ","0","0","0","0","0","0","0.00"
"11529  :  โรงพยาบาลค่ายอิงคยุทธบริหาร","0","0","0","0","0","0","0.00"
"14195  :  โรงพยาบาลธัญญรักษ์ปัตตานี","0","0","0","0","0","0","0.00"
"10684  :  โรงพยาบาลยะลา","0","0","0","0","0","0","0.00"
"10749  :  โรงพยาบาลเบตง","0","0","0","0","0","0","0.00"
"11432  :  โรงพยาบาลบันนังสตา","0","0","0","0","0","0","0.00"
"11433  :  โรงพยาบาลธารโต","0","0","0","0","0","0","0.00"
"11434  :  โรงพยาบาลรามัน","0","0","0","0","0","0","0.00"
"11461  :  โรงพยาบาลสมเด็จพระยุพราชยะหา","0","0","0","0","0","0","0.00"
"12238  :  โรงพยาบาลสิโรรส","0","0","0","0","0","0","0.00"
"13806  :  โรงพยาบาลกาบัง","0","0","0","0","0","0","0.00"
"14663  :  โรงพยาบาลส่งเสริมสุขภาพ ศูนย์อนามัยที่ 12","0","0","0","0","0","0","0.00"
"24689  :  โรงพยาบาลกรงปินัง","0","0","0","0","0","0","0.00"
"10750  :  โรงพยาบาลนราธิวาสราชนครินทร์","0","0","0","0","0","0","0.00"
"10751  :  โรงพยาบาลสุไหงโก-ลก","0","0","0","0","0","0","0.00"
"11435  :  โรงพยาบาลตากใบ","0","0","0","0","0","0","0.00"
"11436  :  โรงพยาบาลบาเจาะ","0","0","0","0","0","0","0.00"
"11437  :  โรงพยาบาลระแงะ","0","0","0","0","0","0","0.00"
"11438  :  โรงพยาบาลรือเสาะ","0","0","0","0","0","0","0.00"
"11439  :  โรงพยาบาลศรีสาคร","0","0","0","0","0","0","0.00"
"11440  :  โรงพยาบาลแว้ง","0","0","0","0","0","0","0.00"
"11441  :  โรงพยาบาลสุคิริน","0","0","0","0","0","0","0.00"
"11442  :  โรงพยาบาลสุไหงปาดี","0","0","0","0","0","0","0.00"
"13818  :  โรงพยาบาลจะแนะ","0","0","0","0","0","0","0.00"
"15010  :  โรงพยาบาลเจาะไอร้อง","0","0","0","0","0","0","0.00"
"23771  :  โรงพยาบาลยี่งอเฉลิมพระเกียรติ 80 พรรษา","0","0","0","0","0","0","0.00"